#1
float Flowrates(17281,4)
0.00000000	0.11111111	0.84375000	96.00000000
300.00000000	0.11111111	0.84375000	96.00000000
600.00000000	0.11111111	0.84375000	96.00000000
900.00000000	0.11111111	0.84375000	96.00000000
1200.00000000	0.11111111	0.84375000	96.00000000
1500.00000000	0.11111111	0.84375000	96.00000000
1800.00000000	0.11111111	0.84375000	96.00000000
2100.00000000	0.11111111	0.84375000	96.00000000
2400.00000000	0.11111111	0.84375000	96.00000000
2700.00000000	0.11111111	0.84375000	96.00000000
3000.00000000	0.11111111	0.84375000	96.00000000
3300.00000000	0.11111111	0.84375000	96.00000000
3600.00000000	0.11111111	0.84375000	96.00000000
3900.00000000	0.11111111	0.84375000	96.00000000
4200.00000000	0.11111111	0.84375000	96.00000000
4500.00000000	0.11111111	0.84375000	96.00000000
4800.00000000	0.11111111	0.84375000	96.00000000
5100.00000000	0.11111111	0.84375000	96.00000000
5400.00000000	0.11111111	0.84375000	96.00000000
5700.00000000	0.11111111	0.84375000	96.00000000
6000.00000000	0.11111111	0.84375000	96.00000000
6300.00000000	0.11111111	0.84375000	96.00000000
6600.00000000	0.11111111	0.84375000	96.00000000
6900.00000000	0.11111111	0.84375000	96.00000000
7200.00000000	0.11111111	0.84375000	96.00000000
7500.00000000	0.11111111	0.84375000	96.00000000
7800.00000000	0.11111111	0.84375000	96.00000000
8100.00000000	0.11111111	0.84375000	96.00000000
8400.00000000	0.11111111	0.84375000	96.00000000
8700.00000000	0.11111111	0.84375000	96.00000000
9000.00000000	0.11111111	0.84375000	96.00000000
9300.00000000	0.11111111	0.84375000	96.00000000
9600.00000000	0.11111111	0.84375000	96.00000000
9900.00000000	0.11111111	0.84375000	96.00000000
10200.00000000	0.11111111	0.84375000	96.00000000
10500.00000000	0.11111111	0.84375000	96.00000000
10800.00000000	0.11111111	0.84375000	96.00000000
11100.00000000	0.11111111	0.84375000	96.00000000
11400.00000000	0.11111111	0.84375000	96.00000000
11700.00000000	0.11111111	0.84375000	96.00000000
12000.00000000	0.11111111	0.84375000	96.00000000
12300.00000000	0.11111111	0.84375000	96.00000000
12600.00000000	0.11111111	0.84375000	96.00000000
12900.00000000	0.11111111	0.84375000	96.00000000
13200.00000000	0.11111111	0.84375000	96.00000000
13500.00000000	0.11111111	0.84375000	96.00000000
13800.00000000	0.11111111	0.84375000	96.00000000
14100.00000000	0.11111111	0.84375000	96.00000000
14400.00000000	0.11111111	0.84375000	96.00000000
14700.00000000	0.11111111	0.84375000	96.00000000
15000.00000000	0.11111111	0.84375000	96.00000000
15300.00000000	0.11111111	0.84375000	96.00000000
15600.00000000	0.11111111	0.84375000	96.00000000
15900.00000000	0.11111111	0.84375000	96.00000000
16200.00000000	0.11111111	0.84375000	96.00000000
16500.00000000	0.11111111	0.84375000	96.00000000
16800.00000000	0.11111111	0.84375000	96.00000000
17100.00000000	0.11111111	0.84375000	96.00000000
17400.00000000	0.11111111	0.84375000	96.00000000
17700.00000000	0.11111111	0.84375000	96.00000000
18000.00000000	0.11111111	0.84375000	96.00000000
18300.00000000	0.11111111	0.84375000	96.00000000
18600.00000000	0.11111111	0.84375000	96.00000000
18900.00000000	0.11111111	0.84375000	96.00000000
19200.00000000	0.11111111	0.84375000	96.00000000
19500.00000000	0.11111111	0.84375000	96.00000000
19800.00000000	0.11111111	0.84375000	96.00000000
20100.00000000	0.11111111	0.84375000	96.00000000
20400.00000000	0.11111111	0.84375000	96.00000000
20700.00000000	0.11111111	0.84375000	96.00000000
21000.00000000	0.11111111	0.84375000	96.00000000
21300.00000000	0.11111111	0.84375000	96.00000000
21600.00000000	0.11111111	0.84375000	96.00000000
21900.00000000	0.11111111	0.84375000	96.00000000
22200.00000000	0.11111111	0.84375000	96.00000000
22500.00000000	0.11111111	0.84375000	96.00000000
22800.00000000	0.11111111	0.84375000	96.00000000
23100.00000000	0.11111111	0.84375000	96.00000000
23400.00000000	0.11111111	0.84375000	96.00000000
23700.00000000	0.11111111	0.84375000	96.00000000
24000.00000000	0.11111111	0.84375000	96.00000000
24300.00000000	0.11111111	0.84375000	96.00000000
24600.00000000	0.11111111	0.84375000	96.00000000
24900.00000000	0.11111111	0.84375000	96.00000000
25200.00000000	0.11111111	0.84375000	96.00000000
25500.00000000	0.11111111	0.84375000	96.00000000
25800.00000000	0.11111111	0.84375000	96.00000000
26100.00000000	0.11111111	0.84375000	96.00000000
26400.00000000	0.11111111	0.84375000	96.00000000
26700.00000000	0.11111111	0.84375000	96.00000000
27000.00000000	0.11111111	0.84375000	96.00000000
27300.00000000	0.11111111	0.84375000	96.00000000
27600.00000000	0.11111111	0.84375000	96.00000000
27900.00000000	0.11111111	0.84375000	96.00000000
28200.00000000	0.11111111	0.84375000	96.00000000
28500.00000000	0.11111111	0.84375000	96.00000000
28800.00000000	0.11111111	0.84375000	96.00000000
29100.00000000	0.11111111	0.84375000	96.00000000
29400.00000000	0.11111111	0.84375000	96.00000000
29700.00000000	0.11111111	0.84375000	96.00000000
30000.00000000	0.11111111	0.84375000	96.00000000
30300.00000000	0.11111111	0.84375000	96.00000000
30600.00000000	0.11111111	0.84375000	96.00000000
30900.00000000	0.11111111	0.84375000	96.00000000
31200.00000000	0.11111111	0.84375000	96.00000000
31500.00000000	0.11111111	0.84375000	96.00000000
31800.00000000	0.11111111	0.84375000	96.00000000
32100.00000000	0.11111111	0.84375000	96.00000000
32400.00000000	0.11111111	0.84375000	96.00000000
32700.00000000	0.11111111	0.84375000	96.00000000
33000.00000000	0.11111111	0.84375000	96.00000000
33300.00000000	0.11111111	0.84375000	96.00000000
33600.00000000	0.11111111	0.84375000	96.00000000
33900.00000000	0.11111111	0.84375000	96.00000000
34200.00000000	0.11111111	0.84375000	96.00000000
34500.00000000	0.11111111	0.84375000	96.00000000
34800.00000000	0.11111111	0.84375000	96.00000000
35100.00000000	0.11111111	0.84375000	96.00000000
35400.00000000	0.11111111	0.84375000	96.00000000
35700.00000000	0.11111111	0.84375000	96.00000000
36000.00000000	0.11111111	0.84375000	96.00000000
36300.00000000	0.11111111	0.84375000	96.00000000
36600.00000000	0.11111111	0.84375000	96.00000000
36900.00000000	0.11111111	0.84375000	96.00000000
37200.00000000	0.11111111	0.84375000	96.00000000
37500.00000000	0.11111111	0.84375000	96.00000000
37800.00000000	0.11111111	0.84375000	96.00000000
38100.00000000	0.11111111	0.84375000	96.00000000
38400.00000000	0.11111111	0.84375000	96.00000000
38700.00000000	0.11111111	0.84375000	96.00000000
39000.00000000	0.11111111	0.84375000	96.00000000
39300.00000000	0.11111111	0.84375000	96.00000000
39600.00000000	0.11111111	0.84375000	96.00000000
39900.00000000	0.11111111	0.84375000	96.00000000
40200.00000000	0.11111111	0.84375000	96.00000000
40500.00000000	0.11111111	0.84375000	96.00000000
40800.00000000	0.11111111	0.84375000	96.00000000
41100.00000000	0.11111111	0.84375000	96.00000000
41400.00000000	0.11111111	0.84375000	96.00000000
41700.00000000	0.11111111	0.84375000	96.00000000
42000.00000000	0.11111111	0.84375000	96.00000000
42300.00000000	0.11111111	0.84375000	96.00000000
42600.00000000	0.11111111	0.84375000	96.00000000
42900.00000000	0.11111111	0.84375000	96.00000000
43200.00000000	0.11111111	0.84375000	96.00000000
43500.00000000	0.11111111	0.84375000	96.00000000
43800.00000000	0.11111111	0.84375000	96.00000000
44100.00000000	0.11111111	0.84375000	96.00000000
44400.00000000	0.11111111	0.84375000	96.00000000
44700.00000000	0.11111111	0.84375000	96.00000000
45000.00000000	0.11111111	0.84375000	96.00000000
45300.00000000	0.11111111	0.84375000	96.00000000
45600.00000000	0.11111111	0.84375000	96.00000000
45900.00000000	0.11111111	0.84375000	96.00000000
46200.00000000	0.11111111	0.84375000	96.00000000
46500.00000000	0.11111111	0.84375000	96.00000000
46800.00000000	0.11111111	0.84375000	96.00000000
47100.00000000	0.11111111	0.84375000	96.00000000
47400.00000000	0.11111111	0.84375000	96.00000000
47700.00000000	0.11111111	0.84375000	96.00000000
48000.00000000	0.11111111	0.84375000	96.00000000
48300.00000000	0.11111111	0.84375000	96.00000000
48600.00000000	0.11111111	0.84375000	96.00000000
48900.00000000	0.11111111	0.84375000	96.00000000
49200.00000000	0.11111111	0.84375000	96.00000000
49500.00000000	0.11111111	0.84375000	96.00000000
49800.00000000	0.11111111	0.84375000	96.00000000
50100.00000000	0.11111111	0.84375000	96.00000000
50400.00000000	0.11111111	0.84375000	96.00000000
50700.00000000	0.11111111	0.84375000	96.00000000
51000.00000000	0.11111111	0.84375000	96.00000000
51300.00000000	0.11111111	0.84375000	96.00000000
51600.00000000	0.11111111	0.84375000	96.00000000
51900.00000000	0.11111111	0.84375000	96.00000000
52200.00000000	0.11111111	0.84375000	96.00000000
52500.00000000	0.11111111	0.84375000	96.00000000
52800.00000000	0.11111111	0.84375000	96.00000000
53100.00000000	0.11111111	0.84375000	96.00000000
53400.00000000	0.11111111	0.84375000	96.00000000
53700.00000000	0.11111111	0.84375000	96.00000000
54000.00000000	0.11111111	0.84375000	96.00000000
54300.00000000	0.11111111	0.84375000	96.00000000
54600.00000000	0.11111111	0.84375000	96.00000000
54900.00000000	0.11111111	0.84375000	96.00000000
55200.00000000	0.11111111	0.84375000	96.00000000
55500.00000000	0.11111111	0.84375000	96.00000000
55800.00000000	0.11111111	0.84375000	96.00000000
56100.00000000	0.11111111	0.84375000	96.00000000
56400.00000000	0.11111111	0.84375000	96.00000000
56700.00000000	0.11111111	0.84375000	96.00000000
57000.00000000	0.11111111	0.84375000	96.00000000
57300.00000000	0.11111111	0.84375000	96.00000000
57600.00000000	0.11111111	0.84375000	96.00000000
57900.00000000	0.11111111	0.84375000	96.00000000
58200.00000000	0.11111111	0.84375000	96.00000000
58500.00000000	0.11111111	0.84375000	96.00000000
58800.00000000	0.11111111	0.84375000	96.00000000
59100.00000000	0.11111111	0.84375000	96.00000000
59400.00000000	0.11111111	0.84375000	96.00000000
59700.00000000	0.11111111	0.84375000	96.00000000
60000.00000000	0.11111111	0.84375000	96.00000000
60300.00000000	0.11111111	0.84375000	96.00000000
60600.00000000	0.11111111	0.84375000	96.00000000
60900.00000000	0.11111111	0.84375000	96.00000000
61200.00000000	0.11111111	0.84375000	96.00000000
61500.00000000	0.11111111	0.84375000	96.00000000
61800.00000000	0.11111111	0.84375000	96.00000000
62100.00000000	0.11111111	0.84375000	96.00000000
62400.00000000	0.11111111	0.84375000	96.00000000
62700.00000000	0.11111111	0.84375000	96.00000000
63000.00000000	0.11111111	0.84375000	96.00000000
63300.00000000	0.11111111	0.84375000	96.00000000
63600.00000000	0.11111111	0.84375000	96.00000000
63900.00000000	0.11111111	0.84375000	96.00000000
64200.00000000	0.11111111	0.84375000	96.00000000
64500.00000000	0.11111111	0.84375000	96.00000000
64800.00000000	0.11111111	0.84375000	96.00000000
65100.00000000	0.11111111	0.84375000	96.00000000
65400.00000000	0.11111111	0.84375000	96.00000000
65700.00000000	0.11111111	0.84375000	96.00000000
66000.00000000	0.11111111	0.84375000	96.00000000
66300.00000000	0.11111111	0.84375000	96.00000000
66600.00000000	0.11111111	0.84375000	96.00000000
66900.00000000	0.11111111	0.84375000	96.00000000
67200.00000000	0.11111111	0.84375000	96.00000000
67500.00000000	0.11111111	0.84375000	96.00000000
67800.00000000	0.11111111	0.84375000	96.00000000
68100.00000000	0.11111111	0.84375000	96.00000000
68400.00000000	0.11111111	0.84375000	96.00000000
68700.00000000	0.11111111	0.84375000	96.00000000
69000.00000000	0.11111111	0.84375000	96.00000000
69300.00000000	0.11111111	0.84375000	96.00000000
69600.00000000	0.11111111	0.84375000	96.00000000
69900.00000000	0.11111111	0.84375000	96.00000000
70200.00000000	0.11111111	0.84375000	96.00000000
70500.00000000	0.11111111	0.84375000	96.00000000
70800.00000000	0.11111111	0.84375000	96.00000000
71100.00000000	0.11111111	0.84375000	96.00000000
71400.00000000	0.11111111	0.84375000	96.00000000
71700.00000000	0.11111111	0.84375000	96.00000000
72000.00000000	0.11111111	0.84375000	96.00000000
72300.00000000	0.11111111	0.84375000	96.00000000
72600.00000000	0.11111111	0.84375000	96.00000000
72900.00000000	0.11111111	0.84375000	96.00000000
73200.00000000	0.11111111	0.84375000	96.00000000
73500.00000000	0.11111111	0.84375000	96.00000000
73800.00000000	0.11111111	0.84375000	96.00000000
74100.00000000	0.11111111	0.84375000	96.00000000
74400.00000000	0.11111111	0.84375000	96.00000000
74700.00000000	0.11111111	0.84375000	96.00000000
75000.00000000	0.11111111	0.84375000	96.00000000
75300.00000000	0.11111111	0.84375000	96.00000000
75600.00000000	0.11111111	0.84375000	96.00000000
75900.00000000	0.11111111	0.84375000	96.00000000
76200.00000000	0.11111111	0.84375000	96.00000000
76500.00000000	0.11111111	0.84375000	96.00000000
76800.00000000	0.11111111	0.84375000	96.00000000
77100.00000000	0.11111111	0.84375000	96.00000000
77400.00000000	0.11111111	0.84375000	96.00000000
77700.00000000	0.11111111	0.84375000	96.00000000
78000.00000000	0.11111111	0.84375000	96.00000000
78300.00000000	0.11111111	0.84375000	96.00000000
78600.00000000	0.11111111	0.84375000	96.00000000
78900.00000000	0.11111111	0.84375000	96.00000000
79200.00000000	0.11111111	0.84375000	96.00000000
79500.00000000	0.11111111	0.84375000	96.00000000
79800.00000000	0.11111111	0.84375000	96.00000000
80100.00000000	0.11111111	0.84375000	96.00000000
80400.00000000	0.11111111	0.84375000	96.00000000
80700.00000000	0.11111111	0.84375000	96.00000000
81000.00000000	0.11111111	0.84375000	96.00000000
81300.00000000	0.11111111	0.84375000	96.00000000
81600.00000000	0.11111111	0.84375000	96.00000000
81900.00000000	0.11111111	0.84375000	96.00000000
82200.00000000	0.11111111	0.84375000	96.00000000
82500.00000000	0.11111111	0.84375000	96.00000000
82800.00000000	0.11111111	0.84375000	96.00000000
83100.00000000	0.11111111	0.84375000	96.00000000
83400.00000000	0.11111111	0.84375000	96.00000000
83700.00000000	0.11111111	0.84375000	96.00000000
84000.00000000	0.11111111	0.84375000	96.00000000
84300.00000000	0.11111111	0.84375000	96.00000000
84600.00000000	0.11111111	0.84375000	96.00000000
84900.00000000	0.11111111	0.84375000	96.00000000
85200.00000000	0.11111111	0.84375000	96.00000000
85500.00000000	0.11111111	0.84375000	96.00000000
85800.00000000	0.11111111	0.84375000	96.00000000
86100.00000000	0.11111111	0.84375000	96.00000000
86400.00000000	0.11111111	0.84375000	96.00000000
86700.00000000	0.11111111	0.84375000	96.00000000
87000.00000000	0.11111111	0.84375000	96.00000000
87300.00000000	0.11111111	0.84375000	96.00000000
87600.00000000	0.11111111	0.84375000	96.00000000
87900.00000000	0.11111111	0.84375000	96.00000000
88200.00000000	0.11111111	0.84375000	96.00000000
88500.00000000	0.11111111	0.84375000	96.00000000
88800.00000000	0.11111111	0.84375000	96.00000000
89100.00000000	0.11111111	0.84375000	96.00000000
89400.00000000	0.11111111	0.84375000	96.00000000
89700.00000000	0.11111111	0.84375000	96.00000000
90000.00000000	0.11111111	0.84375000	96.00000000
90300.00000000	0.11111111	0.84375000	96.00000000
90600.00000000	0.11111111	0.84375000	96.00000000
90900.00000000	0.11111111	0.84375000	96.00000000
91200.00000000	0.11111111	0.84375000	96.00000000
91500.00000000	0.11111111	0.84375000	96.00000000
91800.00000000	0.11111111	0.84375000	96.00000000
92100.00000000	0.11111111	0.84375000	96.00000000
92400.00000000	0.11111111	0.84375000	96.00000000
92700.00000000	0.11111111	0.84375000	96.00000000
93000.00000000	0.11111111	0.84375000	96.00000000
93300.00000000	0.11111111	0.84375000	96.00000000
93600.00000000	0.11111111	0.84375000	96.00000000
93900.00000000	0.11111111	0.84375000	96.00000000
94200.00000000	0.11111111	0.84375000	96.00000000
94500.00000000	0.11111111	0.84375000	96.00000000
94800.00000000	0.11111111	0.84375000	96.00000000
95100.00000000	0.11111111	0.84375000	96.00000000
95400.00000000	0.11111111	0.84375000	96.00000000
95700.00000000	0.11111111	0.84375000	96.00000000
96000.00000000	0.11111111	0.84375000	96.00000000
96300.00000000	0.11111111	0.84375000	96.00000000
96600.00000000	0.11111111	0.84375000	96.00000000
96900.00000000	0.11111111	0.84375000	96.00000000
97200.00000000	0.11111111	0.84375000	96.00000000
97500.00000000	0.11111111	0.84375000	96.00000000
97800.00000000	0.11111111	0.84375000	96.00000000
98100.00000000	0.11111111	0.84375000	96.00000000
98400.00000000	0.11111111	0.84375000	96.00000000
98700.00000000	0.11111111	0.84375000	96.00000000
99000.00000000	0.11111111	0.84375000	96.00000000
99300.00000000	0.11111111	0.84375000	96.00000000
99600.00000000	0.11111111	0.84375000	96.00000000
99900.00000000	0.11111111	0.84375000	96.00000000
100200.00000000	0.11111111	0.84375000	96.00000000
100500.00000000	0.11111111	0.84375000	96.00000000
100800.00000000	0.11111111	0.84375000	96.00000000
101100.00000000	0.11111111	0.84375000	96.00000000
101400.00000000	0.11111111	0.84375000	96.00000000
101700.00000000	0.11111111	0.84375000	96.00000000
102000.00000000	0.11111111	0.84375000	96.00000000
102300.00000000	0.11111111	0.84375000	96.00000000
102600.00000000	0.11111111	0.84375000	96.00000000
102900.00000000	0.11111111	0.84375000	96.00000000
103200.00000000	0.11111111	0.84375000	96.00000000
103500.00000000	0.11111111	0.84375000	96.00000000
103800.00000000	0.11111111	0.84375000	96.00000000
104100.00000000	0.11111111	0.84375000	96.00000000
104400.00000000	0.11111111	0.84375000	96.00000000
104700.00000000	0.11111111	0.84375000	96.00000000
105000.00000000	0.11111111	0.84375000	96.00000000
105300.00000000	0.11111111	0.84375000	96.00000000
105600.00000000	0.11111111	0.84375000	96.00000000
105900.00000000	0.11111111	0.84375000	96.00000000
106200.00000000	0.11111111	0.84375000	96.00000000
106500.00000000	0.11111111	0.84375000	96.00000000
106800.00000000	0.11111111	0.84375000	96.00000000
107100.00000000	0.11111111	0.84375000	96.00000000
107400.00000000	0.11111111	0.84375000	96.00000000
107700.00000000	0.11111111	0.84375000	96.00000000
108000.00000000	0.11111111	0.84375000	96.00000000
108300.00000000	0.11111111	0.84375000	96.00000000
108600.00000000	0.11111111	0.84375000	96.00000000
108900.00000000	0.11111111	0.84375000	96.00000000
109200.00000000	0.11111111	0.84375000	96.00000000
109500.00000000	0.11111111	0.84375000	96.00000000
109800.00000000	0.11111111	0.84375000	96.00000000
110100.00000000	0.11111111	0.84375000	96.00000000
110400.00000000	0.11111111	0.84375000	96.00000000
110700.00000000	0.11111111	0.84375000	96.00000000
111000.00000000	0.11111111	0.84375000	96.00000000
111300.00000000	0.11111111	0.84375000	96.00000000
111600.00000000	0.11111111	0.84375000	96.00000000
111900.00000000	0.11111111	0.84375000	96.00000000
112200.00000000	0.11111111	0.84375000	96.00000000
112500.00000000	0.11111111	0.84375000	96.00000000
112800.00000000	0.11111111	0.84375000	96.00000000
113100.00000000	0.11111111	0.84375000	96.00000000
113400.00000000	0.11111111	0.84375000	96.00000000
113700.00000000	0.11111111	0.84375000	96.00000000
114000.00000000	0.11111111	0.84375000	96.00000000
114300.00000000	0.11111111	0.84375000	96.00000000
114600.00000000	0.11111111	0.84375000	96.00000000
114900.00000000	0.11111111	0.84375000	96.00000000
115200.00000000	0.11111111	0.84375000	96.00000000
115500.00000000	0.11111111	0.84375000	96.00000000
115800.00000000	0.11111111	0.84375000	96.00000000
116100.00000000	0.11111111	0.84375000	96.00000000
116400.00000000	0.11111111	0.84375000	96.00000000
116700.00000000	0.11111111	0.84375000	96.00000000
117000.00000000	0.11111111	0.84375000	96.00000000
117300.00000000	0.11111111	0.84375000	96.00000000
117600.00000000	0.11111111	0.84375000	96.00000000
117900.00000000	0.11111111	0.84375000	96.00000000
118200.00000000	0.11111111	0.84375000	96.00000000
118500.00000000	0.11111111	0.84375000	96.00000000
118800.00000000	0.11111111	0.84375000	96.00000000
119100.00000000	0.11111111	0.84375000	96.00000000
119400.00000000	0.11111111	0.84375000	96.00000000
119700.00000000	0.11111111	0.84375000	96.00000000
120000.00000000	0.11111111	0.84375000	96.00000000
120300.00000000	0.11111111	0.84375000	96.00000000
120600.00000000	0.11111111	0.84375000	96.00000000
120900.00000000	0.11111111	0.84375000	96.00000000
121200.00000000	0.11111111	0.84375000	96.00000000
121500.00000000	0.11111111	0.84375000	96.00000000
121800.00000000	0.11111111	0.84375000	96.00000000
122100.00000000	0.11111111	0.84375000	96.00000000
122400.00000000	0.11111111	0.84375000	96.00000000
122700.00000000	0.11111111	0.84375000	96.00000000
123000.00000000	0.11111111	0.84375000	96.00000000
123300.00000000	0.11111111	0.84375000	96.00000000
123600.00000000	0.11111111	0.84375000	96.00000000
123900.00000000	0.11111111	0.84375000	96.00000000
124200.00000000	0.11111111	0.84375000	96.00000000
124500.00000000	0.11111111	0.84375000	96.00000000
124800.00000000	0.11111111	0.84375000	96.00000000
125100.00000000	0.11111111	0.84375000	96.00000000
125400.00000000	0.11111111	0.84375000	96.00000000
125700.00000000	0.11111111	0.84375000	96.00000000
126000.00000000	0.11111111	0.84375000	96.00000000
126300.00000000	0.11111111	0.84375000	96.00000000
126600.00000000	0.11111111	0.84375000	96.00000000
126900.00000000	0.11111111	0.84375000	96.00000000
127200.00000000	0.11111111	0.84375000	96.00000000
127500.00000000	0.11111111	0.84375000	96.00000000
127800.00000000	0.11111111	0.84375000	96.00000000
128100.00000000	0.11111111	0.84375000	96.00000000
128400.00000000	0.11111111	0.84375000	96.00000000
128700.00000000	0.11111111	0.84375000	96.00000000
129000.00000000	0.11111111	0.84375000	96.00000000
129300.00000000	0.11111111	0.84375000	96.00000000
129600.00000000	0.11111111	0.84375000	96.00000000
129900.00000000	0.11111111	0.84375000	96.00000000
130200.00000000	0.11111111	0.84375000	96.00000000
130500.00000000	0.11111111	0.84375000	96.00000000
130800.00000000	0.11111111	0.84375000	96.00000000
131100.00000000	0.11111111	0.84375000	96.00000000
131400.00000000	0.11111111	0.84375000	96.00000000
131700.00000000	0.11111111	0.84375000	96.00000000
132000.00000000	0.11111111	0.84375000	96.00000000
132300.00000000	0.11111111	0.84375000	96.00000000
132600.00000000	0.11111111	0.84375000	96.00000000
132900.00000000	0.11111111	0.84375000	96.00000000
133200.00000000	0.11111111	0.84375000	96.00000000
133500.00000000	0.11111111	0.84375000	96.00000000
133800.00000000	0.11111111	0.84375000	96.00000000
134100.00000000	0.11111111	0.84375000	96.00000000
134400.00000000	0.11111111	0.84375000	96.00000000
134700.00000000	0.11111111	0.84375000	96.00000000
135000.00000000	0.11111111	0.84375000	96.00000000
135300.00000000	0.11111111	0.84375000	96.00000000
135600.00000000	0.11111111	0.84375000	96.00000000
135900.00000000	0.11111111	0.84375000	96.00000000
136200.00000000	0.11111111	0.84375000	96.00000000
136500.00000000	0.11111111	0.84375000	96.00000000
136800.00000000	0.11111111	0.84375000	96.00000000
137100.00000000	0.11111111	0.84375000	96.00000000
137400.00000000	0.11111111	0.84375000	96.00000000
137700.00000000	0.11111111	0.84375000	96.00000000
138000.00000000	0.11111111	0.84375000	96.00000000
138300.00000000	0.11111111	0.84375000	96.00000000
138600.00000000	0.11111111	0.84375000	96.00000000
138900.00000000	0.11111111	0.84375000	96.00000000
139200.00000000	0.11111111	0.84375000	96.00000000
139500.00000000	0.11111111	0.84375000	96.00000000
139800.00000000	0.11111111	0.84375000	96.00000000
140100.00000000	0.11111111	0.84375000	96.00000000
140400.00000000	0.11111111	0.84375000	96.00000000
140700.00000000	0.11111111	0.84375000	96.00000000
141000.00000000	0.11111111	0.84375000	96.00000000
141300.00000000	0.11111111	0.84375000	96.00000000
141600.00000000	0.11111111	0.84375000	96.00000000
141900.00000000	0.11111111	0.84375000	96.00000000
142200.00000000	0.11111111	0.84375000	96.00000000
142500.00000000	0.11111111	0.84375000	96.00000000
142800.00000000	0.11111111	0.84375000	96.00000000
143100.00000000	0.11111111	0.84375000	96.00000000
143400.00000000	0.11111111	0.84375000	96.00000000
143700.00000000	0.11111111	0.84375000	96.00000000
144000.00000000	0.11111111	0.84375000	96.00000000
144300.00000000	0.11111111	0.84375000	96.00000000
144600.00000000	0.11111111	0.84375000	96.00000000
144900.00000000	0.11111111	0.84375000	96.00000000
145200.00000000	0.11111111	0.84375000	96.00000000
145500.00000000	0.11111111	0.84375000	96.00000000
145800.00000000	0.11111111	0.84375000	96.00000000
146100.00000000	0.11111111	0.84375000	96.00000000
146400.00000000	0.11111111	0.84375000	96.00000000
146700.00000000	0.11111111	0.84375000	96.00000000
147000.00000000	0.11111111	0.84375000	96.00000000
147300.00000000	0.11111111	0.84375000	96.00000000
147600.00000000	0.11111111	0.84375000	96.00000000
147900.00000000	0.11111111	0.84375000	96.00000000
148200.00000000	0.11111111	0.84375000	96.00000000
148500.00000000	0.11111111	0.84375000	96.00000000
148800.00000000	0.11111111	0.84375000	96.00000000
149100.00000000	0.11111111	0.84375000	96.00000000
149400.00000000	0.11111111	0.84375000	96.00000000
149700.00000000	0.11111111	0.84375000	96.00000000
150000.00000000	0.11111111	0.84375000	96.00000000
150300.00000000	0.11111111	0.84375000	96.00000000
150600.00000000	0.11111111	0.84375000	96.00000000
150900.00000000	0.11111111	0.84375000	96.00000000
151200.00000000	0.11111111	0.84375000	96.00000000
151500.00000000	0.11111111	0.84375000	96.00000000
151800.00000000	0.11111111	0.84375000	96.00000000
152100.00000000	0.11111111	0.84375000	96.00000000
152400.00000000	0.11111111	0.84375000	96.00000000
152700.00000000	0.11111111	0.84375000	96.00000000
153000.00000000	0.11111111	0.84375000	96.00000000
153300.00000000	0.11111111	0.84375000	96.00000000
153600.00000000	0.11111111	0.84375000	96.00000000
153900.00000000	0.11111111	0.84375000	96.00000000
154200.00000000	0.11111111	0.84375000	96.00000000
154500.00000000	0.11111111	0.84375000	96.00000000
154800.00000000	0.11111111	0.84375000	96.00000000
155100.00000000	0.11111111	0.84375000	96.00000000
155400.00000000	0.11111111	0.84375000	96.00000000
155700.00000000	0.11111111	0.84375000	96.00000000
156000.00000000	0.11111111	0.84375000	96.00000000
156300.00000000	0.11111111	0.84375000	96.00000000
156600.00000000	0.11111111	0.84375000	96.00000000
156900.00000000	0.11111111	0.84375000	96.00000000
157200.00000000	0.11111111	0.84375000	96.00000000
157500.00000000	0.11111111	0.84375000	96.00000000
157800.00000000	0.11111111	0.84375000	96.00000000
158100.00000000	0.11111111	0.84375000	96.00000000
158400.00000000	0.11111111	0.84375000	96.00000000
158700.00000000	0.11111111	0.84375000	96.00000000
159000.00000000	0.11111111	0.84375000	96.00000000
159300.00000000	0.11111111	0.84375000	96.00000000
159600.00000000	0.11111111	0.84375000	96.00000000
159900.00000000	0.11111111	0.84375000	96.00000000
160200.00000000	0.11111111	0.84375000	96.00000000
160500.00000000	0.11111111	0.84375000	96.00000000
160800.00000000	0.11111111	0.84375000	96.00000000
161100.00000000	0.11111111	0.84375000	96.00000000
161400.00000000	0.11111111	0.84375000	96.00000000
161700.00000000	0.11111111	0.84375000	96.00000000
162000.00000000	0.11111111	0.84375000	96.00000000
162300.00000000	0.11111111	0.84375000	96.00000000
162600.00000000	0.11111111	0.84375000	96.00000000
162900.00000000	0.11111111	0.84375000	96.00000000
163200.00000000	0.11111111	0.84375000	96.00000000
163500.00000000	0.11111111	0.84375000	96.00000000
163800.00000000	0.11111111	0.84375000	96.00000000
164100.00000000	0.11111111	0.84375000	96.00000000
164400.00000000	0.11111111	0.84375000	96.00000000
164700.00000000	0.11111111	0.84375000	96.00000000
165000.00000000	0.11111111	0.84375000	96.00000000
165300.00000000	0.11111111	0.84375000	96.00000000
165600.00000000	0.11111111	0.84375000	96.00000000
165900.00000000	0.11111111	0.84375000	96.00000000
166200.00000000	0.11111111	0.84375000	96.00000000
166500.00000000	0.11111111	0.84375000	96.00000000
166800.00000000	0.11111111	0.84375000	96.00000000
167100.00000000	0.11111111	0.84375000	96.00000000
167400.00000000	0.11111111	0.84375000	96.00000000
167700.00000000	0.11111111	0.84375000	96.00000000
168000.00000000	0.11111111	0.84375000	96.00000000
168300.00000000	0.11111111	0.84375000	96.00000000
168600.00000000	0.11111111	0.84375000	96.00000000
168900.00000000	0.11111111	0.84375000	96.00000000
169200.00000000	0.11111111	0.84375000	96.00000000
169500.00000000	0.11111111	0.84375000	96.00000000
169800.00000000	0.11111111	0.84375000	96.00000000
170100.00000000	0.11111111	0.84375000	96.00000000
170400.00000000	0.11111111	0.84375000	96.00000000
170700.00000000	0.11111111	0.84375000	96.00000000
171000.00000000	0.11111111	0.84375000	96.00000000
171300.00000000	0.11111111	0.84375000	96.00000000
171600.00000000	0.11111111	0.84375000	96.00000000
171900.00000000	0.11111111	0.84375000	96.00000000
172200.00000000	0.11111111	0.84375000	96.00000000
172500.00000000	0.11111111	0.84375000	96.00000000
172800.00000000	0.11111111	0.84375000	96.00000000
173100.00000000	0.11111111	0.84375000	96.00000000
173400.00000000	0.11111111	0.84375000	96.00000000
173700.00000000	0.11111111	0.84375000	96.00000000
174000.00000000	0.11111111	0.84375000	96.00000000
174300.00000000	0.11111111	0.84375000	96.00000000
174600.00000000	0.11111111	0.84375000	96.00000000
174900.00000000	0.11111111	0.84375000	96.00000000
175200.00000000	0.11111111	0.84375000	96.00000000
175500.00000000	0.11111111	0.84375000	96.00000000
175800.00000000	0.11111111	0.84375000	96.00000000
176100.00000000	0.11111111	0.84375000	96.00000000
176400.00000000	0.11111111	0.84375000	96.00000000
176700.00000000	0.11111111	0.84375000	96.00000000
177000.00000000	0.11111111	0.84375000	96.00000000
177300.00000000	0.11111111	0.84375000	96.00000000
177600.00000000	0.11111111	0.84375000	96.00000000
177900.00000000	0.11111111	0.84375000	96.00000000
178200.00000000	0.11111111	0.84375000	96.00000000
178500.00000000	0.11111111	0.84375000	96.00000000
178800.00000000	0.11111111	0.84375000	96.00000000
179100.00000000	0.11111111	0.84375000	96.00000000
179400.00000000	0.11111111	0.84375000	96.00000000
179700.00000000	0.11111111	0.84375000	96.00000000
180000.00000000	0.11111111	0.84375000	96.00000000
180300.00000000	0.11111111	0.84375000	96.00000000
180600.00000000	0.11111111	0.84375000	96.00000000
180900.00000000	0.11111111	0.84375000	96.00000000
181200.00000000	0.11111111	0.84375000	96.00000000
181500.00000000	0.11111111	0.84375000	96.00000000
181800.00000000	0.11111111	0.84375000	96.00000000
182100.00000000	0.11111111	0.84375000	96.00000000
182400.00000000	0.11111111	0.84375000	96.00000000
182700.00000000	0.11111111	0.84375000	96.00000000
183000.00000000	0.11111111	0.84375000	96.00000000
183300.00000000	0.11111111	0.84375000	96.00000000
183600.00000000	0.11111111	0.84375000	96.00000000
183900.00000000	0.11111111	0.84375000	96.00000000
184200.00000000	0.11111111	0.84375000	96.00000000
184500.00000000	0.11111111	0.84375000	96.00000000
184800.00000000	0.11111111	0.84375000	96.00000000
185100.00000000	0.11111111	0.84375000	96.00000000
185400.00000000	0.11111111	0.84375000	96.00000000
185700.00000000	0.11111111	0.84375000	96.00000000
186000.00000000	0.11111111	0.84375000	96.00000000
186300.00000000	0.11111111	0.84375000	96.00000000
186600.00000000	0.11111111	0.84375000	96.00000000
186900.00000000	0.11111111	0.84375000	96.00000000
187200.00000000	0.11111111	0.84375000	96.00000000
187500.00000000	0.11111111	0.84375000	96.00000000
187800.00000000	0.11111111	0.84375000	96.00000000
188100.00000000	0.11111111	0.84375000	96.00000000
188400.00000000	0.11111111	0.84375000	96.00000000
188700.00000000	0.11111111	0.84375000	96.00000000
189000.00000000	0.11111111	0.84375000	96.00000000
189300.00000000	0.11111111	0.84375000	96.00000000
189600.00000000	0.11111111	0.84375000	96.00000000
189900.00000000	0.11111111	0.84375000	96.00000000
190200.00000000	0.11111111	0.84375000	96.00000000
190500.00000000	0.11111111	0.84375000	96.00000000
190800.00000000	0.11111111	0.84375000	96.00000000
191100.00000000	0.11111111	0.84375000	96.00000000
191400.00000000	0.11111111	0.84375000	96.00000000
191700.00000000	0.11111111	0.84375000	96.00000000
192000.00000000	0.11111111	0.84375000	96.00000000
192300.00000000	0.11111111	0.84375000	96.00000000
192600.00000000	0.11111111	0.84375000	96.00000000
192900.00000000	0.11111111	0.84375000	96.00000000
193200.00000000	0.11111111	0.84375000	96.00000000
193500.00000000	0.11111111	0.84375000	96.00000000
193800.00000000	0.11111111	0.84375000	96.00000000
194100.00000000	0.11111111	0.84375000	96.00000000
194400.00000000	0.11111111	0.84375000	96.00000000
194700.00000000	0.11111111	0.84375000	96.00000000
195000.00000000	0.11111111	0.84375000	96.00000000
195300.00000000	0.11111111	0.84375000	96.00000000
195600.00000000	0.11111111	0.84375000	96.00000000
195900.00000000	0.11111111	0.84375000	96.00000000
196200.00000000	0.11111111	0.84375000	96.00000000
196500.00000000	0.11111111	0.84375000	96.00000000
196800.00000000	0.11111111	0.84375000	96.00000000
197100.00000000	0.11111111	0.84375000	96.00000000
197400.00000000	0.11111111	0.84375000	96.00000000
197700.00000000	0.11111111	0.84375000	96.00000000
198000.00000000	0.11111111	0.84375000	96.00000000
198300.00000000	0.11111111	0.84375000	96.00000000
198600.00000000	0.11111111	0.84375000	96.00000000
198900.00000000	0.11111111	0.84375000	96.00000000
199200.00000000	0.11111111	0.84375000	96.00000000
199500.00000000	0.11111111	0.84375000	96.00000000
199800.00000000	0.11111111	0.84375000	96.00000000
200100.00000000	0.11111111	0.84375000	96.00000000
200400.00000000	0.11111111	0.84375000	96.00000000
200700.00000000	0.11111111	0.84375000	96.00000000
201000.00000000	0.11111111	0.84375000	96.00000000
201300.00000000	0.11111111	0.84375000	96.00000000
201600.00000000	0.11111111	0.84375000	96.00000000
201900.00000000	0.11111111	0.84375000	96.00000000
202200.00000000	0.11111111	0.84375000	96.00000000
202500.00000000	0.11111111	0.84375000	96.00000000
202800.00000000	0.11111111	0.84375000	96.00000000
203100.00000000	0.11111111	0.84375000	96.00000000
203400.00000000	0.11111111	0.84375000	96.00000000
203700.00000000	0.11111111	0.84375000	96.00000000
204000.00000000	0.11111111	0.84375000	96.00000000
204300.00000000	0.11111111	0.84375000	96.00000000
204600.00000000	0.11111111	0.84375000	96.00000000
204900.00000000	0.11111111	0.84375000	96.00000000
205200.00000000	0.11111111	0.84375000	96.00000000
205500.00000000	0.11111111	0.84375000	96.00000000
205800.00000000	0.11111111	0.84375000	96.00000000
206100.00000000	0.11111111	0.84375000	96.00000000
206400.00000000	0.11111111	0.84375000	96.00000000
206700.00000000	0.11111111	0.84375000	96.00000000
207000.00000000	0.11111111	0.84375000	96.00000000
207300.00000000	0.11111111	0.84375000	96.00000000
207600.00000000	0.11111111	0.84375000	96.00000000
207900.00000000	0.11111111	0.84375000	96.00000000
208200.00000000	0.11111111	0.84375000	96.00000000
208500.00000000	0.11111111	0.84375000	96.00000000
208800.00000000	0.11111111	0.84375000	96.00000000
209100.00000000	0.11111111	0.84375000	96.00000000
209400.00000000	0.11111111	0.84375000	96.00000000
209700.00000000	0.11111111	0.84375000	96.00000000
210000.00000000	0.11111111	0.84375000	96.00000000
210300.00000000	0.11111111	0.84375000	96.00000000
210600.00000000	0.11111111	0.84375000	96.00000000
210900.00000000	0.11111111	0.84375000	96.00000000
211200.00000000	0.11111111	0.84375000	96.00000000
211500.00000000	0.11111111	0.84375000	96.00000000
211800.00000000	0.11111111	0.84375000	96.00000000
212100.00000000	0.11111111	0.84375000	96.00000000
212400.00000000	0.11111111	0.84375000	96.00000000
212700.00000000	0.11111111	0.84375000	96.00000000
213000.00000000	0.11111111	0.84375000	96.00000000
213300.00000000	0.11111111	0.84375000	96.00000000
213600.00000000	0.11111111	0.84375000	96.00000000
213900.00000000	0.11111111	0.84375000	96.00000000
214200.00000000	0.11111111	0.84375000	96.00000000
214500.00000000	0.11111111	0.84375000	96.00000000
214800.00000000	0.11111111	0.84375000	96.00000000
215100.00000000	0.11111111	0.84375000	96.00000000
215400.00000000	0.11111111	0.84375000	96.00000000
215700.00000000	0.11111111	0.84375000	96.00000000
216000.00000000	0.11111111	0.84375000	96.00000000
216300.00000000	0.11111111	0.84375000	96.00000000
216600.00000000	0.11111111	0.84375000	96.00000000
216900.00000000	0.11111111	0.84375000	96.00000000
217200.00000000	0.11111111	0.84375000	96.00000000
217500.00000000	0.11111111	0.84375000	96.00000000
217800.00000000	0.11111111	0.84375000	96.00000000
218100.00000000	0.11111111	0.84375000	96.00000000
218400.00000000	0.11111111	0.84375000	96.00000000
218700.00000000	0.11111111	0.84375000	96.00000000
219000.00000000	0.11111111	0.84375000	96.00000000
219300.00000000	0.11111111	0.84375000	96.00000000
219600.00000000	0.11111111	0.84375000	96.00000000
219900.00000000	0.11111111	0.84375000	96.00000000
220200.00000000	0.11111111	0.84375000	96.00000000
220500.00000000	0.11111111	0.84375000	96.00000000
220800.00000000	0.11111111	0.84375000	96.00000000
221100.00000000	0.11111111	0.84375000	96.00000000
221400.00000000	0.11111111	0.84375000	96.00000000
221700.00000000	0.11111111	0.84375000	96.00000000
222000.00000000	0.11111111	0.84375000	96.00000000
222300.00000000	0.11111111	0.84375000	96.00000000
222600.00000000	0.11111111	0.84375000	96.00000000
222900.00000000	0.11111111	0.84375000	96.00000000
223200.00000000	0.11111111	0.84375000	96.00000000
223500.00000000	0.11111111	0.84375000	96.00000000
223800.00000000	0.11111111	0.84375000	96.00000000
224100.00000000	0.11111111	0.84375000	96.00000000
224400.00000000	0.11111111	0.84375000	96.00000000
224700.00000000	0.11111111	0.84375000	96.00000000
225000.00000000	0.11111111	0.84375000	96.00000000
225300.00000000	0.11111111	0.84375000	96.00000000
225600.00000000	0.11111111	0.84375000	96.00000000
225900.00000000	0.11111111	0.84375000	96.00000000
226200.00000000	0.11111111	0.84375000	96.00000000
226500.00000000	0.11111111	0.84375000	96.00000000
226800.00000000	0.11111111	0.84375000	96.00000000
227100.00000000	0.11111111	0.84375000	96.00000000
227400.00000000	0.11111111	0.84375000	96.00000000
227700.00000000	0.11111111	0.84375000	96.00000000
228000.00000000	0.11111111	0.84375000	96.00000000
228300.00000000	0.11111111	0.84375000	96.00000000
228600.00000000	0.11111111	0.84375000	96.00000000
228900.00000000	0.11111111	0.84375000	96.00000000
229200.00000000	0.11111111	0.84375000	96.00000000
229500.00000000	0.11111111	0.84375000	96.00000000
229800.00000000	0.11111111	0.84375000	96.00000000
230100.00000000	0.11111111	0.84375000	96.00000000
230400.00000000	0.11111111	0.84375000	96.00000000
230700.00000000	0.11111111	0.84375000	96.00000000
231000.00000000	0.11111111	0.84375000	96.00000000
231300.00000000	0.11111111	0.84375000	96.00000000
231600.00000000	0.11111111	0.84375000	96.00000000
231900.00000000	0.11111111	0.84375000	96.00000000
232200.00000000	0.11111111	0.84375000	96.00000000
232500.00000000	0.11111111	0.84375000	96.00000000
232800.00000000	0.11111111	0.84375000	96.00000000
233100.00000000	0.11111111	0.84375000	96.00000000
233400.00000000	0.11111111	0.84375000	96.00000000
233700.00000000	0.11111111	0.84375000	96.00000000
234000.00000000	0.11111111	0.84375000	96.00000000
234300.00000000	0.11111111	0.84375000	96.00000000
234600.00000000	0.11111111	0.84375000	96.00000000
234900.00000000	0.11111111	0.84375000	96.00000000
235200.00000000	0.11111111	0.84375000	96.00000000
235500.00000000	0.11111111	0.84375000	96.00000000
235800.00000000	0.11111111	0.84375000	96.00000000
236100.00000000	0.11111111	0.84375000	96.00000000
236400.00000000	0.11111111	0.84375000	96.00000000
236700.00000000	0.11111111	0.84375000	96.00000000
237000.00000000	0.11111111	0.84375000	96.00000000
237300.00000000	0.11111111	0.84375000	96.00000000
237600.00000000	0.11111111	0.84375000	96.00000000
237900.00000000	0.11111111	0.84375000	96.00000000
238200.00000000	0.11111111	0.84375000	96.00000000
238500.00000000	0.11111111	0.84375000	96.00000000
238800.00000000	0.11111111	0.84375000	96.00000000
239100.00000000	0.11111111	0.84375000	96.00000000
239400.00000000	0.11111111	0.84375000	96.00000000
239700.00000000	0.11111111	0.84375000	96.00000000
240000.00000000	0.11111111	0.84375000	96.00000000
240300.00000000	0.11111111	0.84375000	96.00000000
240600.00000000	0.11111111	0.84375000	96.00000000
240900.00000000	0.11111111	0.84375000	96.00000000
241200.00000000	0.11111111	0.84375000	96.00000000
241500.00000000	0.11111111	0.84375000	96.00000000
241800.00000000	0.11111111	0.84375000	96.00000000
242100.00000000	0.11111111	0.84375000	96.00000000
242400.00000000	0.11111111	0.84375000	96.00000000
242700.00000000	0.11111111	0.84375000	96.00000000
243000.00000000	0.11111111	0.84375000	96.00000000
243300.00000000	0.11111111	0.84375000	96.00000000
243600.00000000	0.11111111	0.84375000	96.00000000
243900.00000000	0.11111111	0.84375000	96.00000000
244200.00000000	0.11111111	0.84375000	96.00000000
244500.00000000	0.11111111	0.84375000	96.00000000
244800.00000000	0.11111111	0.84375000	96.00000000
245100.00000000	0.11111111	0.84375000	96.00000000
245400.00000000	0.11111111	0.84375000	96.00000000
245700.00000000	0.11111111	0.84375000	96.00000000
246000.00000000	0.11111111	0.84375000	96.00000000
246300.00000000	0.11111111	0.84375000	96.00000000
246600.00000000	0.11111111	0.84375000	96.00000000
246900.00000000	0.11111111	0.84375000	96.00000000
247200.00000000	0.11111111	0.84375000	96.00000000
247500.00000000	0.11111111	0.84375000	96.00000000
247800.00000000	0.11111111	0.84375000	96.00000000
248100.00000000	0.11111111	0.84375000	96.00000000
248400.00000000	0.11111111	0.84375000	96.00000000
248700.00000000	0.11111111	0.84375000	96.00000000
249000.00000000	0.11111111	0.84375000	96.00000000
249300.00000000	0.11111111	0.84375000	96.00000000
249600.00000000	0.11111111	0.84375000	96.00000000
249900.00000000	0.11111111	0.84375000	96.00000000
250200.00000000	0.11111111	0.84375000	96.00000000
250500.00000000	0.11111111	0.84375000	96.00000000
250800.00000000	0.11111111	0.84375000	96.00000000
251100.00000000	0.11111111	0.84375000	96.00000000
251400.00000000	0.11111111	0.84375000	96.00000000
251700.00000000	0.11111111	0.84375000	96.00000000
252000.00000000	0.11111111	0.84375000	96.00000000
252300.00000000	0.11111111	0.84375000	96.00000000
252600.00000000	0.11111111	0.84375000	96.00000000
252900.00000000	0.11111111	0.84375000	96.00000000
253200.00000000	0.11111111	0.84375000	96.00000000
253500.00000000	0.11111111	0.84375000	96.00000000
253800.00000000	0.11111111	0.84375000	96.00000000
254100.00000000	0.11111111	0.84375000	96.00000000
254400.00000000	0.11111111	0.84375000	96.00000000
254700.00000000	0.11111111	0.84375000	96.00000000
255000.00000000	0.11111111	0.84375000	96.00000000
255300.00000000	0.11111111	0.84375000	96.00000000
255600.00000000	0.11111111	0.84375000	96.00000000
255900.00000000	0.11111111	0.84375000	96.00000000
256200.00000000	0.11111111	0.84375000	96.00000000
256500.00000000	0.11111111	0.84375000	96.00000000
256800.00000000	0.11111111	0.84375000	96.00000000
257100.00000000	0.11111111	0.84375000	96.00000000
257400.00000000	0.11111111	0.84375000	96.00000000
257700.00000000	0.11111111	0.84375000	96.00000000
258000.00000000	0.11111111	0.84375000	96.00000000
258300.00000000	0.11111111	0.84375000	96.00000000
258600.00000000	0.11111111	0.84375000	96.00000000
258900.00000000	0.11111111	0.84375000	96.00000000
259200.00000000	0.11111111	0.84375000	96.00000000
259500.00000000	0.11111111	0.84375000	96.00000000
259800.00000000	0.11111111	0.84375000	96.00000000
260100.00000000	0.11111111	0.84375000	96.00000000
260400.00000000	0.11111111	0.84375000	96.00000000
260700.00000000	0.11111111	0.84375000	96.00000000
261000.00000000	0.11111111	0.84375000	96.00000000
261300.00000000	0.11111111	0.84375000	96.00000000
261600.00000000	0.11111111	0.84375000	96.00000000
261900.00000000	0.11111111	0.84375000	96.00000000
262200.00000000	0.11111111	0.84375000	96.00000000
262500.00000000	0.11111111	0.84375000	96.00000000
262800.00000000	0.11111111	0.84375000	96.00000000
263100.00000000	0.11111111	0.84375000	96.00000000
263400.00000000	0.11111111	0.84375000	96.00000000
263700.00000000	0.11111111	0.84375000	96.00000000
264000.00000000	0.11111111	0.84375000	96.00000000
264300.00000000	0.11111111	0.84375000	96.00000000
264600.00000000	0.11111111	0.84375000	96.00000000
264900.00000000	0.11111111	0.84375000	96.00000000
265200.00000000	0.11111111	0.84375000	96.00000000
265500.00000000	0.11111111	0.84375000	96.00000000
265800.00000000	0.11111111	0.84375000	96.00000000
266100.00000000	0.11111111	0.84375000	96.00000000
266400.00000000	0.11111111	0.84375000	96.00000000
266700.00000000	0.11111111	0.84375000	96.00000000
267000.00000000	0.11111111	0.84375000	96.00000000
267300.00000000	0.11111111	0.84375000	96.00000000
267600.00000000	0.11111111	0.84375000	96.00000000
267900.00000000	0.11111111	0.84375000	96.00000000
268200.00000000	0.11111111	0.84375000	96.00000000
268500.00000000	0.11111111	0.84375000	96.00000000
268800.00000000	0.11111111	0.84375000	96.00000000
269100.00000000	0.11111111	0.84375000	96.00000000
269400.00000000	0.11111111	0.84375000	96.00000000
269700.00000000	0.11111111	0.84375000	96.00000000
270000.00000000	0.11111111	0.84375000	96.00000000
270300.00000000	0.11111111	0.84375000	96.00000000
270600.00000000	0.11111111	0.84375000	96.00000000
270900.00000000	0.11111111	0.84375000	96.00000000
271200.00000000	0.11111111	0.84375000	96.00000000
271500.00000000	0.11111111	0.84375000	96.00000000
271800.00000000	0.11111111	0.84375000	96.00000000
272100.00000000	0.11111111	0.84375000	96.00000000
272400.00000000	0.11111111	0.84375000	96.00000000
272700.00000000	0.11111111	0.84375000	96.00000000
273000.00000000	0.11111111	0.84375000	96.00000000
273300.00000000	0.11111111	0.84375000	96.00000000
273600.00000000	0.11111111	0.84375000	96.00000000
273900.00000000	0.11111111	0.84375000	96.00000000
274200.00000000	0.11111111	0.84375000	96.00000000
274500.00000000	0.11111111	0.84375000	96.00000000
274800.00000000	0.11111111	0.84375000	96.00000000
275100.00000000	0.11111111	0.84375000	96.00000000
275400.00000000	0.11111111	0.84375000	96.00000000
275700.00000000	0.11111111	0.84375000	96.00000000
276000.00000000	0.11111111	0.84375000	96.00000000
276300.00000000	0.11111111	0.84375000	96.00000000
276600.00000000	0.11111111	0.84375000	96.00000000
276900.00000000	0.11111111	0.84375000	96.00000000
277200.00000000	0.11111111	0.84375000	96.00000000
277500.00000000	0.11111111	0.84375000	96.00000000
277800.00000000	0.11111111	0.84375000	96.00000000
278100.00000000	0.11111111	0.84375000	96.00000000
278400.00000000	0.11111111	0.84375000	96.00000000
278700.00000000	0.11111111	0.84375000	96.00000000
279000.00000000	0.11111111	0.84375000	96.00000000
279300.00000000	0.11111111	0.84375000	96.00000000
279600.00000000	0.11111111	0.84375000	96.00000000
279900.00000000	0.11111111	0.84375000	96.00000000
280200.00000000	0.11111111	0.84375000	96.00000000
280500.00000000	0.11111111	0.84375000	96.00000000
280800.00000000	0.11111111	0.84375000	96.00000000
281100.00000000	0.11111111	0.84375000	96.00000000
281400.00000000	0.11111111	0.84375000	96.00000000
281700.00000000	0.11111111	0.84375000	96.00000000
282000.00000000	0.11111111	0.84375000	96.00000000
282300.00000000	0.11111111	0.84375000	96.00000000
282600.00000000	0.11111111	0.84375000	96.00000000
282900.00000000	0.11111111	0.84375000	96.00000000
283200.00000000	0.11111111	0.84375000	96.00000000
283500.00000000	0.11111111	0.84375000	96.00000000
283800.00000000	0.11111111	0.84375000	96.00000000
284100.00000000	0.11111111	0.84375000	96.00000000
284400.00000000	0.11111111	0.84375000	96.00000000
284700.00000000	0.11111111	0.84375000	96.00000000
285000.00000000	0.11111111	0.84375000	96.00000000
285300.00000000	0.11111111	0.84375000	96.00000000
285600.00000000	0.11111111	0.84375000	96.00000000
285900.00000000	0.11111111	0.84375000	96.00000000
286200.00000000	0.11111111	0.84375000	96.00000000
286500.00000000	0.11111111	0.84375000	96.00000000
286800.00000000	0.11111111	0.84375000	96.00000000
287100.00000000	0.11111111	0.84375000	96.00000000
287400.00000000	0.11111111	0.84375000	96.00000000
287700.00000000	0.11111111	0.84375000	96.00000000
288000.00000000	0.11111111	0.84375000	96.00000000
288300.00000000	0.11111111	0.84375000	96.00000000
288600.00000000	0.11111111	0.84375000	96.00000000
288900.00000000	0.11111111	0.84375000	96.00000000
289200.00000000	0.11111111	0.84375000	96.00000000
289500.00000000	0.11111111	0.84375000	96.00000000
289800.00000000	0.11111111	0.84375000	96.00000000
290100.00000000	0.11111111	0.84375000	96.00000000
290400.00000000	0.11111111	0.84375000	96.00000000
290700.00000000	0.11111111	0.84375000	96.00000000
291000.00000000	0.11111111	0.84375000	96.00000000
291300.00000000	0.11111111	0.84375000	96.00000000
291600.00000000	0.11111111	0.84375000	96.00000000
291900.00000000	0.11111111	0.84375000	96.00000000
292200.00000000	0.11111111	0.84375000	96.00000000
292500.00000000	0.11111111	0.84375000	96.00000000
292800.00000000	0.11111111	0.84375000	96.00000000
293100.00000000	0.11111111	0.84375000	96.00000000
293400.00000000	0.11111111	0.84375000	96.00000000
293700.00000000	0.11111111	0.84375000	96.00000000
294000.00000000	0.11111111	0.84375000	96.00000000
294300.00000000	0.11111111	0.84375000	96.00000000
294600.00000000	0.11111111	0.84375000	96.00000000
294900.00000000	0.11111111	0.84375000	96.00000000
295200.00000000	0.11111111	0.84375000	96.00000000
295500.00000000	0.11111111	0.84375000	96.00000000
295800.00000000	0.11111111	0.84375000	96.00000000
296100.00000000	0.11111111	0.84375000	96.00000000
296400.00000000	0.11111111	0.84375000	96.00000000
296700.00000000	0.11111111	0.84375000	96.00000000
297000.00000000	0.11111111	0.84375000	96.00000000
297300.00000000	0.11111111	0.84375000	96.00000000
297600.00000000	0.11111111	0.84375000	96.00000000
297900.00000000	0.11111111	0.84375000	96.00000000
298200.00000000	0.11111111	0.84375000	96.00000000
298500.00000000	0.11111111	0.84375000	96.00000000
298800.00000000	0.11111111	0.84375000	96.00000000
299100.00000000	0.11111111	0.84375000	96.00000000
299400.00000000	0.11111111	0.84375000	96.00000000
299700.00000000	0.11111111	0.84375000	96.00000000
300000.00000000	0.11111111	0.84375000	96.00000000
300300.00000000	0.11111111	0.84375000	96.00000000
300600.00000000	0.11111111	0.84375000	96.00000000
300900.00000000	0.11111111	0.84375000	96.00000000
301200.00000000	0.11111111	0.84375000	96.00000000
301500.00000000	0.11111111	0.84375000	96.00000000
301800.00000000	0.11111111	0.84375000	96.00000000
302100.00000000	0.11111111	0.84375000	96.00000000
302400.00000000	0.11111111	0.84375000	96.00000000
302700.00000000	0.11111111	0.84375000	96.00000000
303000.00000000	0.11111111	0.84375000	96.00000000
303300.00000000	0.11111111	0.84375000	96.00000000
303600.00000000	0.11111111	0.84375000	96.00000000
303900.00000000	0.11111111	0.84375000	96.00000000
304200.00000000	0.11111111	0.84375000	96.00000000
304500.00000000	0.11111111	0.84375000	96.00000000
304800.00000000	0.11111111	0.84375000	96.00000000
305100.00000000	0.11111111	0.84375000	96.00000000
305400.00000000	0.11111111	0.84375000	96.00000000
305700.00000000	0.11111111	0.84375000	96.00000000
306000.00000000	0.11111111	0.84375000	96.00000000
306300.00000000	0.11111111	0.84375000	96.00000000
306600.00000000	0.11111111	0.84375000	96.00000000
306900.00000000	0.11111111	0.84375000	96.00000000
307200.00000000	0.11111111	0.84375000	96.00000000
307500.00000000	0.11111111	0.84375000	96.00000000
307800.00000000	0.11111111	0.84375000	96.00000000
308100.00000000	0.11111111	0.84375000	96.00000000
308400.00000000	0.11111111	0.84375000	96.00000000
308700.00000000	0.11111111	0.84375000	96.00000000
309000.00000000	0.11111111	0.84375000	96.00000000
309300.00000000	0.11111111	0.84375000	96.00000000
309600.00000000	0.11111111	0.84375000	96.00000000
309900.00000000	0.11111111	0.84375000	96.00000000
310200.00000000	0.11111111	0.84375000	96.00000000
310500.00000000	0.11111111	0.84375000	96.00000000
310800.00000000	0.11111111	0.84375000	96.00000000
311100.00000000	0.11111111	0.84375000	96.00000000
311400.00000000	0.11111111	0.84375000	96.00000000
311700.00000000	0.11111111	0.84375000	96.00000000
312000.00000000	0.11111111	0.84375000	96.00000000
312300.00000000	0.11111111	0.84375000	96.00000000
312600.00000000	0.11111111	0.84375000	96.00000000
312900.00000000	0.11111111	0.84375000	96.00000000
313200.00000000	0.11111111	0.84375000	96.00000000
313500.00000000	0.11111111	0.84375000	96.00000000
313800.00000000	0.11111111	0.84375000	96.00000000
314100.00000000	0.11111111	0.84375000	96.00000000
314400.00000000	0.11111111	0.84375000	96.00000000
314700.00000000	0.11111111	0.84375000	96.00000000
315000.00000000	0.11111111	0.84375000	96.00000000
315300.00000000	0.11111111	0.84375000	96.00000000
315600.00000000	0.11111111	0.84375000	96.00000000
315900.00000000	0.11111111	0.84375000	96.00000000
316200.00000000	0.11111111	0.84375000	96.00000000
316500.00000000	0.11111111	0.84375000	96.00000000
316800.00000000	0.11111111	0.84375000	96.00000000
317100.00000000	0.11111111	0.84375000	96.00000000
317400.00000000	0.11111111	0.84375000	96.00000000
317700.00000000	0.11111111	0.84375000	96.00000000
318000.00000000	0.11111111	0.84375000	96.00000000
318300.00000000	0.11111111	0.84375000	96.00000000
318600.00000000	0.11111111	0.84375000	96.00000000
318900.00000000	0.11111111	0.84375000	96.00000000
319200.00000000	0.11111111	0.84375000	96.00000000
319500.00000000	0.11111111	0.84375000	96.00000000
319800.00000000	0.11111111	0.84375000	96.00000000
320100.00000000	0.11111111	0.84375000	96.00000000
320400.00000000	0.11111111	0.84375000	96.00000000
320700.00000000	0.11111111	0.84375000	96.00000000
321000.00000000	0.11111111	0.84375000	96.00000000
321300.00000000	0.11111111	0.84375000	96.00000000
321600.00000000	0.11111111	0.84375000	96.00000000
321900.00000000	0.11111111	0.84375000	96.00000000
322200.00000000	0.11111111	0.84375000	96.00000000
322500.00000000	0.11111111	0.84375000	96.00000000
322800.00000000	0.11111111	0.84375000	96.00000000
323100.00000000	0.11111111	0.84375000	96.00000000
323400.00000000	0.11111111	0.84375000	96.00000000
323700.00000000	0.11111111	0.84375000	96.00000000
324000.00000000	0.11111111	0.84375000	96.00000000
324300.00000000	0.11111111	0.84375000	96.00000000
324600.00000000	0.11111111	0.84375000	96.00000000
324900.00000000	0.11111111	0.84375000	96.00000000
325200.00000000	0.11111111	0.84375000	96.00000000
325500.00000000	0.11111111	0.84375000	96.00000000
325800.00000000	0.11111111	0.84375000	96.00000000
326100.00000000	0.11111111	0.84375000	96.00000000
326400.00000000	0.11111111	0.84375000	96.00000000
326700.00000000	0.11111111	0.84375000	96.00000000
327000.00000000	0.11111111	0.84375000	96.00000000
327300.00000000	0.11111111	0.84375000	96.00000000
327600.00000000	0.11111111	0.84375000	96.00000000
327900.00000000	0.11111111	0.84375000	96.00000000
328200.00000000	0.11111111	0.84375000	96.00000000
328500.00000000	0.11111111	0.84375000	96.00000000
328800.00000000	0.11111111	0.84375000	96.00000000
329100.00000000	0.11111111	0.84375000	96.00000000
329400.00000000	0.11111111	0.84375000	96.00000000
329700.00000000	0.11111111	0.84375000	96.00000000
330000.00000000	0.11111111	0.84375000	96.00000000
330300.00000000	0.11111111	0.84375000	96.00000000
330600.00000000	0.11111111	0.84375000	96.00000000
330900.00000000	0.11111111	0.84375000	96.00000000
331200.00000000	0.11111111	0.84375000	96.00000000
331500.00000000	0.11111111	0.84375000	96.00000000
331800.00000000	0.11111111	0.84375000	96.00000000
332100.00000000	0.11111111	0.84375000	96.00000000
332400.00000000	0.11111111	0.84375000	96.00000000
332700.00000000	0.11111111	0.84375000	96.00000000
333000.00000000	0.11111111	0.84375000	96.00000000
333300.00000000	0.11111111	0.84375000	96.00000000
333600.00000000	0.11111111	0.84375000	96.00000000
333900.00000000	0.11111111	0.84375000	96.00000000
334200.00000000	0.11111111	0.84375000	96.00000000
334500.00000000	0.11111111	0.84375000	96.00000000
334800.00000000	0.11111111	0.84375000	96.00000000
335100.00000000	0.11111111	0.84375000	96.00000000
335400.00000000	0.11111111	0.84375000	96.00000000
335700.00000000	0.11111111	0.84375000	96.00000000
336000.00000000	0.11111111	0.84375000	96.00000000
336300.00000000	0.11111111	0.84375000	96.00000000
336600.00000000	0.11111111	0.84375000	96.00000000
336900.00000000	0.11111111	0.84375000	96.00000000
337200.00000000	0.11111111	0.84375000	96.00000000
337500.00000000	0.11111111	0.84375000	96.00000000
337800.00000000	0.11111111	0.84375000	96.00000000
338100.00000000	0.11111111	0.84375000	96.00000000
338400.00000000	0.11111111	0.84375000	96.00000000
338700.00000000	0.11111111	0.84375000	96.00000000
339000.00000000	0.11111111	0.84375000	96.00000000
339300.00000000	0.11111111	0.84375000	96.00000000
339600.00000000	0.11111111	0.84375000	96.00000000
339900.00000000	0.11111111	0.84375000	96.00000000
340200.00000000	0.11111111	0.84375000	96.00000000
340500.00000000	0.11111111	0.84375000	96.00000000
340800.00000000	0.11111111	0.84375000	96.00000000
341100.00000000	0.11111111	0.84375000	96.00000000
341400.00000000	0.11111111	0.84375000	96.00000000
341700.00000000	0.11111111	0.84375000	96.00000000
342000.00000000	0.11111111	0.84375000	96.00000000
342300.00000000	0.11111111	0.84375000	96.00000000
342600.00000000	0.11111111	0.84375000	96.00000000
342900.00000000	0.11111111	0.84375000	96.00000000
343200.00000000	0.11111111	0.84375000	96.00000000
343500.00000000	0.11111111	0.84375000	96.00000000
343800.00000000	0.11111111	0.84375000	96.00000000
344100.00000000	0.11111111	0.84375000	96.00000000
344400.00000000	0.11111111	0.84375000	96.00000000
344700.00000000	0.11111111	0.84375000	96.00000000
345000.00000000	0.11111111	0.84375000	96.00000000
345300.00000000	0.11111111	0.84375000	96.00000000
345600.00000000	0.11111111	0.84375000	96.00000000
345900.00000000	0.11111111	0.84375000	96.00000000
346200.00000000	0.11111111	0.84375000	96.00000000
346500.00000000	0.11111111	0.84375000	96.00000000
346800.00000000	0.11111111	0.84375000	96.00000000
347100.00000000	0.11111111	0.84375000	96.00000000
347400.00000000	0.11111111	0.84375000	96.00000000
347700.00000000	0.11111111	0.84375000	96.00000000
348000.00000000	0.11111111	0.84375000	96.00000000
348300.00000000	0.11111111	0.84375000	96.00000000
348600.00000000	0.11111111	0.84375000	96.00000000
348900.00000000	0.11111111	0.84375000	96.00000000
349200.00000000	0.11111111	0.84375000	96.00000000
349500.00000000	0.11111111	0.84375000	96.00000000
349800.00000000	0.11111111	0.84375000	96.00000000
350100.00000000	0.11111111	0.84375000	96.00000000
350400.00000000	0.11111111	0.84375000	96.00000000
350700.00000000	0.11111111	0.84375000	96.00000000
351000.00000000	0.11111111	0.84375000	96.00000000
351300.00000000	0.11111111	0.84375000	96.00000000
351600.00000000	0.11111111	0.84375000	96.00000000
351900.00000000	0.11111111	0.84375000	96.00000000
352200.00000000	0.11111111	0.84375000	96.00000000
352500.00000000	0.11111111	0.84375000	96.00000000
352800.00000000	0.11111111	0.84375000	96.00000000
353100.00000000	0.11111111	0.84375000	96.00000000
353400.00000000	0.11111111	0.84375000	96.00000000
353700.00000000	0.11111111	0.84375000	96.00000000
354000.00000000	0.11111111	0.84375000	96.00000000
354300.00000000	0.11111111	0.84375000	96.00000000
354600.00000000	0.11111111	0.84375000	96.00000000
354900.00000000	0.11111111	0.84375000	96.00000000
355200.00000000	0.11111111	0.84375000	96.00000000
355500.00000000	0.11111111	0.84375000	96.00000000
355800.00000000	0.11111111	0.84375000	96.00000000
356100.00000000	0.11111111	0.84375000	96.00000000
356400.00000000	0.11111111	0.84375000	96.00000000
356700.00000000	0.11111111	0.84375000	96.00000000
357000.00000000	0.11111111	0.84375000	96.00000000
357300.00000000	0.11111111	0.84375000	96.00000000
357600.00000000	0.11111111	0.84375000	96.00000000
357900.00000000	0.11111111	0.84375000	96.00000000
358200.00000000	0.11111111	0.84375000	96.00000000
358500.00000000	0.11111111	0.84375000	96.00000000
358800.00000000	0.11111111	0.84375000	96.00000000
359100.00000000	0.11111111	0.84375000	96.00000000
359400.00000000	0.11111111	0.84375000	96.00000000
359700.00000000	0.11111111	0.84375000	96.00000000
360000.00000000	0.11111111	0.84375000	96.00000000
360300.00000000	0.11111111	0.84375000	96.00000000
360600.00000000	0.11111111	0.84375000	96.00000000
360900.00000000	0.11111111	0.84375000	96.00000000
361200.00000000	0.11111111	0.84375000	96.00000000
361500.00000000	0.11111111	0.84375000	96.00000000
361800.00000000	0.11111111	0.84375000	96.00000000
362100.00000000	0.11111111	0.84375000	96.00000000
362400.00000000	0.11111111	0.84375000	96.00000000
362700.00000000	0.11111111	0.84375000	96.00000000
363000.00000000	0.11111111	0.84375000	96.00000000
363300.00000000	0.11111111	0.84375000	96.00000000
363600.00000000	0.11111111	0.84375000	96.00000000
363900.00000000	0.11111111	0.84375000	96.00000000
364200.00000000	0.11111111	0.84375000	96.00000000
364500.00000000	0.11111111	0.84375000	96.00000000
364800.00000000	0.11111111	0.84375000	96.00000000
365100.00000000	0.11111111	0.84375000	96.00000000
365400.00000000	0.11111111	0.84375000	96.00000000
365700.00000000	0.11111111	0.84375000	96.00000000
366000.00000000	0.11111111	0.84375000	96.00000000
366300.00000000	0.11111111	0.84375000	96.00000000
366600.00000000	0.11111111	0.84375000	96.00000000
366900.00000000	0.11111111	0.84375000	96.00000000
367200.00000000	0.11111111	0.84375000	96.00000000
367500.00000000	0.11111111	0.84375000	96.00000000
367800.00000000	0.11111111	0.84375000	96.00000000
368100.00000000	0.11111111	0.84375000	96.00000000
368400.00000000	0.11111111	0.84375000	96.00000000
368700.00000000	0.11111111	0.84375000	96.00000000
369000.00000000	0.11111111	0.84375000	96.00000000
369300.00000000	0.11111111	0.84375000	96.00000000
369600.00000000	0.11111111	0.84375000	96.00000000
369900.00000000	0.11111111	0.84375000	96.00000000
370200.00000000	0.11111111	0.84375000	96.00000000
370500.00000000	0.11111111	0.84375000	96.00000000
370800.00000000	0.11111111	0.84375000	96.00000000
371100.00000000	0.11111111	0.84375000	96.00000000
371400.00000000	0.11111111	0.84375000	96.00000000
371700.00000000	0.11111111	0.84375000	96.00000000
372000.00000000	0.11111111	0.84375000	96.00000000
372300.00000000	0.11111111	0.84375000	96.00000000
372600.00000000	0.11111111	0.84375000	96.00000000
372900.00000000	0.11111111	0.84375000	96.00000000
373200.00000000	0.11111111	0.84375000	96.00000000
373500.00000000	0.11111111	0.84375000	96.00000000
373800.00000000	0.11111111	0.84375000	96.00000000
374100.00000000	0.11111111	0.84375000	96.00000000
374400.00000000	0.11111111	0.84375000	96.00000000
374700.00000000	0.11111111	0.84375000	96.00000000
375000.00000000	0.11111111	0.84375000	96.00000000
375300.00000000	0.11111111	0.84375000	96.00000000
375600.00000000	0.11111111	0.84375000	96.00000000
375900.00000000	0.11111111	0.84375000	96.00000000
376200.00000000	0.11111111	0.84375000	96.00000000
376500.00000000	0.11111111	0.84375000	96.00000000
376800.00000000	0.11111111	0.84375000	96.00000000
377100.00000000	0.11111111	0.84375000	96.00000000
377400.00000000	0.11111111	0.84375000	96.00000000
377700.00000000	0.11111111	0.84375000	96.00000000
378000.00000000	0.11111111	0.84375000	96.00000000
378300.00000000	0.11111111	0.84375000	96.00000000
378600.00000000	0.11111111	0.84375000	96.00000000
378900.00000000	0.11111111	0.84375000	96.00000000
379200.00000000	0.11111111	0.84375000	96.00000000
379500.00000000	0.11111111	0.84375000	96.00000000
379800.00000000	0.11111111	0.84375000	96.00000000
380100.00000000	0.11111111	0.84375000	96.00000000
380400.00000000	0.11111111	0.84375000	96.00000000
380700.00000000	0.11111111	0.84375000	96.00000000
381000.00000000	0.11111111	0.84375000	96.00000000
381300.00000000	0.11111111	0.84375000	96.00000000
381600.00000000	0.11111111	0.84375000	96.00000000
381900.00000000	0.11111111	0.84375000	96.00000000
382200.00000000	0.11111111	0.84375000	96.00000000
382500.00000000	0.11111111	0.84375000	96.00000000
382800.00000000	0.11111111	0.84375000	96.00000000
383100.00000000	0.11111111	0.84375000	96.00000000
383400.00000000	0.11111111	0.84375000	96.00000000
383700.00000000	0.11111111	0.84375000	96.00000000
384000.00000000	0.11111111	0.84375000	96.00000000
384300.00000000	0.11111111	0.84375000	96.00000000
384600.00000000	0.11111111	0.84375000	96.00000000
384900.00000000	0.11111111	0.84375000	96.00000000
385200.00000000	0.11111111	0.84375000	96.00000000
385500.00000000	0.11111111	0.84375000	96.00000000
385800.00000000	0.11111111	0.84375000	96.00000000
386100.00000000	0.11111111	0.84375000	96.00000000
386400.00000000	0.11111111	0.84375000	96.00000000
386700.00000000	0.11111111	0.84375000	96.00000000
387000.00000000	0.11111111	0.84375000	96.00000000
387300.00000000	0.11111111	0.84375000	96.00000000
387600.00000000	0.11111111	0.84375000	96.00000000
387900.00000000	0.11111111	0.84375000	96.00000000
388200.00000000	0.11111111	0.84375000	96.00000000
388500.00000000	0.11111111	0.84375000	96.00000000
388800.00000000	0.11111111	0.84375000	96.00000000
389100.00000000	0.11111111	0.84375000	96.00000000
389400.00000000	0.11111111	0.84375000	96.00000000
389700.00000000	0.11111111	0.84375000	96.00000000
390000.00000000	0.11111111	0.84375000	96.00000000
390300.00000000	0.11111111	0.84375000	96.00000000
390600.00000000	0.11111111	0.84375000	96.00000000
390900.00000000	0.11111111	0.84375000	96.00000000
391200.00000000	0.11111111	0.84375000	96.00000000
391500.00000000	0.11111111	0.84375000	96.00000000
391800.00000000	0.11111111	0.84375000	96.00000000
392100.00000000	0.11111111	0.84375000	96.00000000
392400.00000000	0.11111111	0.84375000	96.00000000
392700.00000000	0.11111111	0.84375000	96.00000000
393000.00000000	0.11111111	0.84375000	96.00000000
393300.00000000	0.11111111	0.84375000	96.00000000
393600.00000000	0.11111111	0.84375000	96.00000000
393900.00000000	0.11111111	0.84375000	96.00000000
394200.00000000	0.11111111	0.84375000	96.00000000
394500.00000000	0.11111111	0.84375000	96.00000000
394800.00000000	0.11111111	0.84375000	96.00000000
395100.00000000	0.11111111	0.84375000	96.00000000
395400.00000000	0.11111111	0.84375000	96.00000000
395700.00000000	0.11111111	0.84375000	96.00000000
396000.00000000	0.11111111	0.84375000	96.00000000
396300.00000000	0.11111111	0.84375000	96.00000000
396600.00000000	0.11111111	0.84375000	96.00000000
396900.00000000	0.11111111	0.84375000	96.00000000
397200.00000000	0.11111111	0.84375000	96.00000000
397500.00000000	0.11111111	0.84375000	96.00000000
397800.00000000	0.11111111	0.84375000	96.00000000
398100.00000000	0.11111111	0.84375000	96.00000000
398400.00000000	0.11111111	0.84375000	96.00000000
398700.00000000	0.11111111	0.84375000	96.00000000
399000.00000000	0.11111111	0.84375000	96.00000000
399300.00000000	0.11111111	0.84375000	96.00000000
399600.00000000	0.11111111	0.84375000	96.00000000
399900.00000000	0.11111111	0.84375000	96.00000000
400200.00000000	0.11111111	0.84375000	96.00000000
400500.00000000	0.11111111	0.84375000	96.00000000
400800.00000000	0.11111111	0.84375000	96.00000000
401100.00000000	0.11111111	0.84375000	96.00000000
401400.00000000	0.11111111	0.84375000	96.00000000
401700.00000000	0.11111111	0.84375000	96.00000000
402000.00000000	0.11111111	0.84375000	96.00000000
402300.00000000	0.11111111	0.84375000	96.00000000
402600.00000000	0.11111111	0.84375000	96.00000000
402900.00000000	0.11111111	0.84375000	96.00000000
403200.00000000	0.11111111	0.84375000	96.00000000
403500.00000000	0.11111111	0.84375000	96.00000000
403800.00000000	0.11111111	0.84375000	96.00000000
404100.00000000	0.11111111	0.84375000	96.00000000
404400.00000000	0.11111111	0.84375000	96.00000000
404700.00000000	0.11111111	0.84375000	96.00000000
405000.00000000	0.11111111	0.84375000	96.00000000
405300.00000000	0.11111111	0.84375000	96.00000000
405600.00000000	0.11111111	0.84375000	96.00000000
405900.00000000	0.11111111	0.84375000	96.00000000
406200.00000000	0.11111111	0.84375000	96.00000000
406500.00000000	0.11111111	0.84375000	96.00000000
406800.00000000	0.11111111	0.84375000	96.00000000
407100.00000000	0.11111111	0.84375000	96.00000000
407400.00000000	0.11111111	0.84375000	96.00000000
407700.00000000	0.11111111	0.84375000	96.00000000
408000.00000000	0.11111111	0.84375000	96.00000000
408300.00000000	0.11111111	0.84375000	96.00000000
408600.00000000	0.11111111	0.84375000	96.00000000
408900.00000000	0.11111111	0.84375000	96.00000000
409200.00000000	0.11111111	0.84375000	96.00000000
409500.00000000	0.11111111	0.84375000	96.00000000
409800.00000000	0.11111111	0.84375000	96.00000000
410100.00000000	0.11111111	0.84375000	96.00000000
410400.00000000	0.11111111	0.84375000	96.00000000
410700.00000000	0.11111111	0.84375000	96.00000000
411000.00000000	0.11111111	0.84375000	96.00000000
411300.00000000	0.11111111	0.84375000	96.00000000
411600.00000000	0.11111111	0.84375000	96.00000000
411900.00000000	0.11111111	0.84375000	96.00000000
412200.00000000	0.11111111	0.84375000	96.00000000
412500.00000000	0.11111111	0.84375000	96.00000000
412800.00000000	0.11111111	0.84375000	96.00000000
413100.00000000	0.11111111	0.84375000	96.00000000
413400.00000000	0.11111111	0.84375000	96.00000000
413700.00000000	0.11111111	0.84375000	96.00000000
414000.00000000	0.11111111	0.84375000	96.00000000
414300.00000000	0.11111111	0.84375000	96.00000000
414600.00000000	0.11111111	0.84375000	96.00000000
414900.00000000	0.11111111	0.84375000	96.00000000
415200.00000000	0.11111111	0.84375000	96.00000000
415500.00000000	0.11111111	0.84375000	96.00000000
415800.00000000	0.11111111	0.84375000	96.00000000
416100.00000000	0.11111111	0.84375000	96.00000000
416400.00000000	0.11111111	0.84375000	96.00000000
416700.00000000	0.11111111	0.84375000	96.00000000
417000.00000000	0.11111111	0.84375000	96.00000000
417300.00000000	0.11111111	0.84375000	96.00000000
417600.00000000	0.11111111	0.84375000	96.00000000
417900.00000000	0.11111111	0.84375000	96.00000000
418200.00000000	0.11111111	0.84375000	96.00000000
418500.00000000	0.11111111	0.84375000	96.00000000
418800.00000000	0.11111111	0.84375000	96.00000000
419100.00000000	0.11111111	0.84375000	96.00000000
419400.00000000	0.11111111	0.84375000	96.00000000
419700.00000000	0.11111111	0.84375000	96.00000000
420000.00000000	0.11111111	0.84375000	96.00000000
420300.00000000	0.11111111	0.84375000	96.00000000
420600.00000000	0.11111111	0.84375000	96.00000000
420900.00000000	0.11111111	0.84375000	96.00000000
421200.00000000	0.11111111	0.84375000	96.00000000
421500.00000000	0.11111111	0.84375000	96.00000000
421800.00000000	0.11111111	0.84375000	96.00000000
422100.00000000	0.11111111	0.84375000	96.00000000
422400.00000000	0.11111111	0.84375000	96.00000000
422700.00000000	0.11111111	0.84375000	96.00000000
423000.00000000	0.11111111	0.84375000	96.00000000
423300.00000000	0.11111111	0.84375000	96.00000000
423600.00000000	0.11111111	0.84375000	96.00000000
423900.00000000	0.11111111	0.84375000	96.00000000
424200.00000000	0.11111111	0.84375000	96.00000000
424500.00000000	0.11111111	0.84375000	96.00000000
424800.00000000	0.11111111	0.84375000	96.00000000
425100.00000000	0.11111111	0.84375000	96.00000000
425400.00000000	0.11111111	0.84375000	96.00000000
425700.00000000	0.11111111	0.84375000	96.00000000
426000.00000000	0.11111111	0.84375000	96.00000000
426300.00000000	0.11111111	0.84375000	96.00000000
426600.00000000	0.11111111	0.84375000	96.00000000
426900.00000000	0.11111111	0.84375000	96.00000000
427200.00000000	0.11111111	0.84375000	96.00000000
427500.00000000	0.11111111	0.84375000	96.00000000
427800.00000000	0.11111111	0.84375000	96.00000000
428100.00000000	0.11111111	0.84375000	96.00000000
428400.00000000	0.11111111	0.84375000	96.00000000
428700.00000000	0.11111111	0.84375000	96.00000000
429000.00000000	0.11111111	0.84375000	96.00000000
429300.00000000	0.11111111	0.84375000	96.00000000
429600.00000000	0.11111111	0.84375000	96.00000000
429900.00000000	0.11111111	0.84375000	96.00000000
430200.00000000	0.11111111	0.84375000	96.00000000
430500.00000000	0.11111111	0.84375000	96.00000000
430800.00000000	0.11111111	0.84375000	96.00000000
431100.00000000	0.11111111	0.84375000	96.00000000
431400.00000000	0.11111111	0.84375000	96.00000000
431700.00000000	0.11111111	0.84375000	96.00000000
432000.00000000	0.11111111	0.84375000	96.00000000
432300.00000000	0.11111111	0.84375000	96.00000000
432600.00000000	0.11111111	0.84375000	96.00000000
432900.00000000	0.11111111	0.84375000	96.00000000
433200.00000000	0.11111111	0.84375000	96.00000000
433500.00000000	0.11111111	0.84375000	96.00000000
433800.00000000	0.11111111	0.84375000	96.00000000
434100.00000000	0.11111111	0.84375000	96.00000000
434400.00000000	0.11111111	0.84375000	96.00000000
434700.00000000	0.11111111	0.84375000	96.00000000
435000.00000000	0.11111111	0.84375000	96.00000000
435300.00000000	0.11111111	0.84375000	96.00000000
435600.00000000	0.11111111	0.84375000	96.00000000
435900.00000000	0.11111111	0.84375000	96.00000000
436200.00000000	0.11111111	0.84375000	96.00000000
436500.00000000	0.11111111	0.84375000	96.00000000
436800.00000000	0.11111111	0.84375000	96.00000000
437100.00000000	0.11111111	0.84375000	96.00000000
437400.00000000	0.11111111	0.84375000	96.00000000
437700.00000000	0.11111111	0.84375000	96.00000000
438000.00000000	0.11111111	0.84375000	96.00000000
438300.00000000	0.11111111	0.84375000	96.00000000
438600.00000000	0.11111111	0.84375000	96.00000000
438900.00000000	0.11111111	0.84375000	96.00000000
439200.00000000	0.11111111	0.84375000	96.00000000
439500.00000000	0.11111111	0.84375000	96.00000000
439800.00000000	0.11111111	0.84375000	96.00000000
440100.00000000	0.11111111	0.84375000	96.00000000
440400.00000000	0.11111111	0.84375000	96.00000000
440700.00000000	0.11111111	0.84375000	96.00000000
441000.00000000	0.11111111	0.84375000	96.00000000
441300.00000000	0.11111111	0.84375000	96.00000000
441600.00000000	0.11111111	0.84375000	96.00000000
441900.00000000	0.11111111	0.84375000	96.00000000
442200.00000000	0.11111111	0.84375000	96.00000000
442500.00000000	0.11111111	0.84375000	96.00000000
442800.00000000	0.11111111	0.84375000	96.00000000
443100.00000000	0.11111111	0.84375000	96.00000000
443400.00000000	0.11111111	0.84375000	96.00000000
443700.00000000	0.11111111	0.84375000	96.00000000
444000.00000000	0.11111111	0.84375000	96.00000000
444300.00000000	0.11111111	0.84375000	96.00000000
444600.00000000	0.11111111	0.84375000	96.00000000
444900.00000000	0.11111111	0.84375000	96.00000000
445200.00000000	0.11111111	0.84375000	96.00000000
445500.00000000	0.11111111	0.84375000	96.00000000
445800.00000000	0.11111111	0.84375000	96.00000000
446100.00000000	0.11111111	0.84375000	96.00000000
446400.00000000	0.11111111	0.84375000	96.00000000
446700.00000000	0.11111111	0.84375000	96.00000000
447000.00000000	0.11111111	0.84375000	96.00000000
447300.00000000	0.11111111	0.84375000	96.00000000
447600.00000000	0.11111111	0.84375000	96.00000000
447900.00000000	0.11111111	0.84375000	96.00000000
448200.00000000	0.11111111	0.84375000	96.00000000
448500.00000000	0.11111111	0.84375000	96.00000000
448800.00000000	0.11111111	0.84375000	96.00000000
449100.00000000	0.11111111	0.84375000	96.00000000
449400.00000000	0.11111111	0.84375000	96.00000000
449700.00000000	0.11111111	0.84375000	96.00000000
450000.00000000	0.11111111	0.84375000	96.00000000
450300.00000000	0.11111111	0.84375000	96.00000000
450600.00000000	0.11111111	0.84375000	96.00000000
450900.00000000	0.11111111	0.84375000	96.00000000
451200.00000000	0.11111111	0.84375000	96.00000000
451500.00000000	0.11111111	0.84375000	96.00000000
451800.00000000	0.11111111	0.84375000	96.00000000
452100.00000000	0.11111111	0.84375000	96.00000000
452400.00000000	0.11111111	0.84375000	96.00000000
452700.00000000	0.11111111	0.84375000	96.00000000
453000.00000000	0.11111111	0.84375000	96.00000000
453300.00000000	0.11111111	0.84375000	96.00000000
453600.00000000	0.11111111	0.84375000	96.00000000
453900.00000000	0.11111111	0.84375000	96.00000000
454200.00000000	0.11111111	0.84375000	96.00000000
454500.00000000	0.11111111	0.84375000	96.00000000
454800.00000000	0.11111111	0.84375000	96.00000000
455100.00000000	0.11111111	0.84375000	96.00000000
455400.00000000	0.11111111	0.84375000	96.00000000
455700.00000000	0.11111111	0.84375000	96.00000000
456000.00000000	0.11111111	0.84375000	96.00000000
456300.00000000	0.11111111	0.84375000	96.00000000
456600.00000000	0.11111111	0.84375000	96.00000000
456900.00000000	0.11111111	0.84375000	96.00000000
457200.00000000	0.11111111	0.84375000	96.00000000
457500.00000000	0.11111111	0.84375000	96.00000000
457800.00000000	0.11111111	0.84375000	96.00000000
458100.00000000	0.11111111	0.84375000	96.00000000
458400.00000000	0.11111111	0.84375000	96.00000000
458700.00000000	0.11111111	0.84375000	96.00000000
459000.00000000	0.11111111	0.84375000	96.00000000
459300.00000000	0.11111111	0.84375000	96.00000000
459600.00000000	0.11111111	0.84375000	96.00000000
459900.00000000	0.11111111	0.84375000	96.00000000
460200.00000000	0.11111111	0.84375000	96.00000000
460500.00000000	0.11111111	0.84375000	96.00000000
460800.00000000	0.11111111	0.84375000	96.00000000
461100.00000000	0.11111111	0.84375000	96.00000000
461400.00000000	0.11111111	0.84375000	96.00000000
461700.00000000	0.11111111	0.84375000	96.00000000
462000.00000000	0.11111111	0.84375000	96.00000000
462300.00000000	0.11111111	0.84375000	96.00000000
462600.00000000	0.11111111	0.84375000	96.00000000
462900.00000000	0.11111111	0.84375000	96.00000000
463200.00000000	0.11111111	0.84375000	96.00000000
463500.00000000	0.11111111	0.84375000	96.00000000
463800.00000000	0.11111111	0.84375000	96.00000000
464100.00000000	0.11111111	0.84375000	96.00000000
464400.00000000	0.11111111	0.84375000	96.00000000
464700.00000000	0.11111111	0.84375000	96.00000000
465000.00000000	0.11111111	0.84375000	96.00000000
465300.00000000	0.11111111	0.84375000	96.00000000
465600.00000000	0.11111111	0.84375000	96.00000000
465900.00000000	0.11111111	0.84375000	96.00000000
466200.00000000	0.11111111	0.84375000	96.00000000
466500.00000000	0.11111111	0.84375000	96.00000000
466800.00000000	0.11111111	0.84375000	96.00000000
467100.00000000	0.11111111	0.84375000	96.00000000
467400.00000000	0.11111111	0.84375000	96.00000000
467700.00000000	0.11111111	0.84375000	96.00000000
468000.00000000	0.11111111	0.84375000	96.00000000
468300.00000000	0.11111111	0.84375000	96.00000000
468600.00000000	0.11111111	0.84375000	96.00000000
468900.00000000	0.11111111	0.84375000	96.00000000
469200.00000000	0.11111111	0.84375000	96.00000000
469500.00000000	0.11111111	0.84375000	96.00000000
469800.00000000	0.11111111	0.84375000	96.00000000
470100.00000000	0.11111111	0.84375000	96.00000000
470400.00000000	0.11111111	0.84375000	96.00000000
470700.00000000	0.11111111	0.84375000	96.00000000
471000.00000000	0.11111111	0.84375000	96.00000000
471300.00000000	0.11111111	0.84375000	96.00000000
471600.00000000	0.11111111	0.84375000	96.00000000
471900.00000000	0.11111111	0.84375000	96.00000000
472200.00000000	0.11111111	0.84375000	96.00000000
472500.00000000	0.11111111	0.84375000	96.00000000
472800.00000000	0.11111111	0.84375000	96.00000000
473100.00000000	0.11111111	0.84375000	96.00000000
473400.00000000	0.11111111	0.84375000	96.00000000
473700.00000000	0.11111111	0.84375000	96.00000000
474000.00000000	0.11111111	0.84375000	96.00000000
474300.00000000	0.11111111	0.84375000	96.00000000
474600.00000000	0.11111111	0.84375000	96.00000000
474900.00000000	0.11111111	0.84375000	96.00000000
475200.00000000	0.11111111	0.84375000	96.00000000
475500.00000000	0.11111111	0.84375000	96.00000000
475800.00000000	0.11111111	0.84375000	96.00000000
476100.00000000	0.11111111	0.84375000	96.00000000
476400.00000000	0.11111111	0.84375000	96.00000000
476700.00000000	0.11111111	0.84375000	96.00000000
477000.00000000	0.11111111	0.84375000	96.00000000
477300.00000000	0.11111111	0.84375000	96.00000000
477600.00000000	0.11111111	0.84375000	96.00000000
477900.00000000	0.11111111	0.84375000	96.00000000
478200.00000000	0.11111111	0.84375000	96.00000000
478500.00000000	0.11111111	0.84375000	96.00000000
478800.00000000	0.11111111	0.84375000	96.00000000
479100.00000000	0.11111111	0.84375000	96.00000000
479400.00000000	0.11111111	0.84375000	96.00000000
479700.00000000	0.11111111	0.84375000	96.00000000
480000.00000000	0.11111111	0.84375000	96.00000000
480300.00000000	0.11111111	0.84375000	96.00000000
480600.00000000	0.11111111	0.84375000	96.00000000
480900.00000000	0.11111111	0.84375000	96.00000000
481200.00000000	0.11111111	0.84375000	96.00000000
481500.00000000	0.11111111	0.84375000	96.00000000
481800.00000000	0.11111111	0.84375000	96.00000000
482100.00000000	0.11111111	0.84375000	96.00000000
482400.00000000	0.11111111	0.84375000	96.00000000
482700.00000000	0.11111111	0.84375000	96.00000000
483000.00000000	0.11111111	0.84375000	96.00000000
483300.00000000	0.11111111	0.84375000	96.00000000
483600.00000000	0.11111111	0.84375000	96.00000000
483900.00000000	0.11111111	0.84375000	96.00000000
484200.00000000	0.11111111	0.84375000	96.00000000
484500.00000000	0.11111111	0.84375000	96.00000000
484800.00000000	0.11111111	0.84375000	96.00000000
485100.00000000	0.11111111	0.84375000	96.00000000
485400.00000000	0.11111111	0.84375000	96.00000000
485700.00000000	0.11111111	0.84375000	96.00000000
486000.00000000	0.11111111	0.84375000	96.00000000
486300.00000000	0.11111111	0.84375000	96.00000000
486600.00000000	0.11111111	0.84375000	96.00000000
486900.00000000	0.11111111	0.84375000	96.00000000
487200.00000000	0.11111111	0.84375000	96.00000000
487500.00000000	0.11111111	0.84375000	96.00000000
487800.00000000	0.11111111	0.84375000	96.00000000
488100.00000000	0.11111111	0.84375000	96.00000000
488400.00000000	0.11111111	0.84375000	96.00000000
488700.00000000	0.11111111	0.84375000	96.00000000
489000.00000000	0.11111111	0.84375000	96.00000000
489300.00000000	0.11111111	0.84375000	96.00000000
489600.00000000	0.11111111	0.84375000	96.00000000
489900.00000000	0.11111111	0.84375000	96.00000000
490200.00000000	0.11111111	0.84375000	96.00000000
490500.00000000	0.11111111	0.84375000	96.00000000
490800.00000000	0.11111111	0.84375000	96.00000000
491100.00000000	0.11111111	0.84375000	96.00000000
491400.00000000	0.11111111	0.84375000	96.00000000
491700.00000000	0.11111111	0.84375000	96.00000000
492000.00000000	0.11111111	0.84375000	96.00000000
492300.00000000	0.11111111	0.84375000	96.00000000
492600.00000000	0.11111111	0.84375000	96.00000000
492900.00000000	0.11111111	0.84375000	96.00000000
493200.00000000	0.11111111	0.84375000	96.00000000
493500.00000000	0.11111111	0.84375000	96.00000000
493800.00000000	0.11111111	0.84375000	96.00000000
494100.00000000	0.11111111	0.84375000	96.00000000
494400.00000000	0.11111111	0.84375000	96.00000000
494700.00000000	0.11111111	0.84375000	96.00000000
495000.00000000	0.11111111	0.84375000	96.00000000
495300.00000000	0.11111111	0.84375000	96.00000000
495600.00000000	0.11111111	0.84375000	96.00000000
495900.00000000	0.11111111	0.84375000	96.00000000
496200.00000000	0.11111111	0.84375000	96.00000000
496500.00000000	0.11111111	0.84375000	96.00000000
496800.00000000	0.11111111	0.84375000	96.00000000
497100.00000000	0.11111111	0.84375000	96.00000000
497400.00000000	0.11111111	0.84375000	96.00000000
497700.00000000	0.11111111	0.84375000	96.00000000
498000.00000000	0.11111111	0.84375000	96.00000000
498300.00000000	0.11111111	0.84375000	96.00000000
498600.00000000	0.11111111	0.84375000	96.00000000
498900.00000000	0.11111111	0.84375000	96.00000000
499200.00000000	0.11111111	0.84375000	96.00000000
499500.00000000	0.11111111	0.84375000	96.00000000
499800.00000000	0.11111111	0.84375000	96.00000000
500100.00000000	0.11111111	0.84375000	96.00000000
500400.00000000	0.11111111	0.84375000	96.00000000
500700.00000000	0.11111111	0.84375000	96.00000000
501000.00000000	0.11111111	0.84375000	96.00000000
501300.00000000	0.11111111	0.84375000	96.00000000
501600.00000000	0.11111111	0.84375000	96.00000000
501900.00000000	0.11111111	0.84375000	96.00000000
502200.00000000	0.11111111	0.84375000	96.00000000
502500.00000000	0.11111111	0.84375000	96.00000000
502800.00000000	0.11111111	0.84375000	96.00000000
503100.00000000	0.11111111	0.84375000	96.00000000
503400.00000000	0.11111111	0.84375000	96.00000000
503700.00000000	0.11111111	0.84375000	96.00000000
504000.00000000	0.11111111	0.84375000	96.00000000
504300.00000000	0.11111111	0.84375000	96.00000000
504600.00000000	0.11111111	0.84375000	96.00000000
504900.00000000	0.11111111	0.84375000	96.00000000
505200.00000000	0.11111111	0.84375000	96.00000000
505500.00000000	0.11111111	0.84375000	96.00000000
505800.00000000	0.11111111	0.84375000	96.00000000
506100.00000000	0.11111111	0.84375000	96.00000000
506400.00000000	0.11111111	0.84375000	96.00000000
506700.00000000	0.11111111	0.84375000	96.00000000
507000.00000000	0.11111111	0.84375000	96.00000000
507300.00000000	0.11111111	0.84375000	96.00000000
507600.00000000	0.11111111	0.84375000	96.00000000
507900.00000000	0.11111111	0.84375000	96.00000000
508200.00000000	0.11111111	0.84375000	96.00000000
508500.00000000	0.11111111	0.84375000	96.00000000
508800.00000000	0.11111111	0.84375000	96.00000000
509100.00000000	0.11111111	0.84375000	96.00000000
509400.00000000	0.11111111	0.84375000	96.00000000
509700.00000000	0.11111111	0.84375000	96.00000000
510000.00000000	0.11111111	0.84375000	96.00000000
510300.00000000	0.11111111	0.84375000	96.00000000
510600.00000000	0.11111111	0.84375000	96.00000000
510900.00000000	0.11111111	0.84375000	96.00000000
511200.00000000	0.11111111	0.84375000	96.00000000
511500.00000000	0.11111111	0.84375000	96.00000000
511800.00000000	0.11111111	0.84375000	96.00000000
512100.00000000	0.11111111	0.84375000	96.00000000
512400.00000000	0.11111111	0.84375000	96.00000000
512700.00000000	0.11111111	0.84375000	96.00000000
513000.00000000	0.11111111	0.84375000	96.00000000
513300.00000000	0.11111111	0.84375000	96.00000000
513600.00000000	0.11111111	0.84375000	96.00000000
513900.00000000	0.11111111	0.84375000	96.00000000
514200.00000000	0.11111111	0.84375000	96.00000000
514500.00000000	0.11111111	0.84375000	96.00000000
514800.00000000	0.11111111	0.84375000	96.00000000
515100.00000000	0.11111111	0.84375000	96.00000000
515400.00000000	0.11111111	0.84375000	96.00000000
515700.00000000	0.11111111	0.84375000	96.00000000
516000.00000000	0.11111111	0.84375000	96.00000000
516300.00000000	0.11111111	0.84375000	96.00000000
516600.00000000	0.11111111	0.84375000	96.00000000
516900.00000000	0.11111111	0.84375000	96.00000000
517200.00000000	0.11111111	0.84375000	96.00000000
517500.00000000	0.11111111	0.84375000	96.00000000
517800.00000000	0.11111111	0.84375000	96.00000000
518100.00000000	0.11111111	0.84375000	96.00000000
518400.00000000	0.11111111	0.84375000	96.00000000
518700.00000000	0.11111111	0.84375000	96.00000000
519000.00000000	0.11111111	0.84375000	96.00000000
519300.00000000	0.11111111	0.84375000	96.00000000
519600.00000000	0.11111111	0.84375000	96.00000000
519900.00000000	0.11111111	0.84375000	96.00000000
520200.00000000	0.11111111	0.84375000	96.00000000
520500.00000000	0.11111111	0.84375000	96.00000000
520800.00000000	0.11111111	0.84375000	96.00000000
521100.00000000	0.11111111	0.84375000	96.00000000
521400.00000000	0.11111111	0.84375000	96.00000000
521700.00000000	0.11111111	0.84375000	96.00000000
522000.00000000	0.11111111	0.84375000	96.00000000
522300.00000000	0.11111111	0.84375000	96.00000000
522600.00000000	0.11111111	0.84375000	96.00000000
522900.00000000	0.11111111	0.84375000	96.00000000
523200.00000000	0.11111111	0.84375000	96.00000000
523500.00000000	0.11111111	0.84375000	96.00000000
523800.00000000	0.11111111	0.84375000	96.00000000
524100.00000000	0.11111111	0.84375000	96.00000000
524400.00000000	0.11111111	0.84375000	96.00000000
524700.00000000	0.11111111	0.84375000	96.00000000
525000.00000000	0.11111111	0.84375000	96.00000000
525300.00000000	0.11111111	0.84375000	96.00000000
525600.00000000	0.11111111	0.84375000	96.00000000
525900.00000000	0.11111111	0.84375000	96.00000000
526200.00000000	0.11111111	0.84375000	96.00000000
526500.00000000	0.11111111	0.84375000	96.00000000
526800.00000000	0.11111111	0.84375000	96.00000000
527100.00000000	0.11111111	0.84375000	96.00000000
527400.00000000	0.11111111	0.84375000	96.00000000
527700.00000000	0.11111111	0.84375000	96.00000000
528000.00000000	0.11111111	0.84375000	96.00000000
528300.00000000	0.11111111	0.84375000	96.00000000
528600.00000000	0.11111111	0.84375000	96.00000000
528900.00000000	0.11111111	0.84375000	96.00000000
529200.00000000	0.11111111	0.84375000	96.00000000
529500.00000000	0.11111111	0.84375000	96.00000000
529800.00000000	0.11111111	0.84375000	96.00000000
530100.00000000	0.11111111	0.84375000	96.00000000
530400.00000000	0.11111111	0.84375000	96.00000000
530700.00000000	0.11111111	0.84375000	96.00000000
531000.00000000	0.11111111	0.84375000	96.00000000
531300.00000000	0.11111111	0.84375000	96.00000000
531600.00000000	0.11111111	0.84375000	96.00000000
531900.00000000	0.11111111	0.84375000	96.00000000
532200.00000000	0.11111111	0.84375000	96.00000000
532500.00000000	0.11111111	0.84375000	96.00000000
532800.00000000	0.11111111	0.84375000	96.00000000
533100.00000000	0.11111111	0.84375000	96.00000000
533400.00000000	0.11111111	0.84375000	96.00000000
533700.00000000	0.11111111	0.84375000	96.00000000
534000.00000000	0.11111111	0.84375000	96.00000000
534300.00000000	0.11111111	0.84375000	96.00000000
534600.00000000	0.11111111	0.84375000	96.00000000
534900.00000000	0.11111111	0.84375000	96.00000000
535200.00000000	0.11111111	0.84375000	96.00000000
535500.00000000	0.11111111	0.84375000	96.00000000
535800.00000000	0.11111111	0.84375000	96.00000000
536100.00000000	0.11111111	0.84375000	96.00000000
536400.00000000	0.11111111	0.84375000	96.00000000
536700.00000000	0.11111111	0.84375000	96.00000000
537000.00000000	0.11111111	0.84375000	96.00000000
537300.00000000	0.11111111	0.84375000	96.00000000
537600.00000000	0.11111111	0.84375000	96.00000000
537900.00000000	0.11111111	0.84375000	96.00000000
538200.00000000	0.11111111	0.84375000	96.00000000
538500.00000000	0.11111111	0.84375000	96.00000000
538800.00000000	0.11111111	0.84375000	96.00000000
539100.00000000	0.11111111	0.84375000	96.00000000
539400.00000000	0.11111111	0.84375000	96.00000000
539700.00000000	0.11111111	0.84375000	96.00000000
540000.00000000	0.11111111	0.84375000	96.00000000
540300.00000000	0.11111111	0.84375000	96.00000000
540600.00000000	0.11111111	0.84375000	96.00000000
540900.00000000	0.11111111	0.84375000	96.00000000
541200.00000000	0.11111111	0.84375000	96.00000000
541500.00000000	0.11111111	0.84375000	96.00000000
541800.00000000	0.11111111	0.84375000	96.00000000
542100.00000000	0.11111111	0.84375000	96.00000000
542400.00000000	0.11111111	0.84375000	96.00000000
542700.00000000	0.11111111	0.84375000	96.00000000
543000.00000000	0.11111111	0.84375000	96.00000000
543300.00000000	0.11111111	0.84375000	96.00000000
543600.00000000	0.11111111	0.84375000	96.00000000
543900.00000000	0.11111111	0.84375000	96.00000000
544200.00000000	0.11111111	0.84375000	96.00000000
544500.00000000	0.11111111	0.84375000	96.00000000
544800.00000000	0.11111111	0.84375000	96.00000000
545100.00000000	0.11111111	0.84375000	96.00000000
545400.00000000	0.11111111	0.84375000	96.00000000
545700.00000000	0.11111111	0.84375000	96.00000000
546000.00000000	0.11111111	0.84375000	96.00000000
546300.00000000	0.11111111	0.84375000	96.00000000
546600.00000000	0.11111111	0.84375000	96.00000000
546900.00000000	0.11111111	0.84375000	96.00000000
547200.00000000	0.11111111	0.84375000	96.00000000
547500.00000000	0.11111111	0.84375000	96.00000000
547800.00000000	0.11111111	0.84375000	96.00000000
548100.00000000	0.11111111	0.84375000	96.00000000
548400.00000000	0.11111111	0.84375000	96.00000000
548700.00000000	0.11111111	0.84375000	96.00000000
549000.00000000	0.11111111	0.84375000	96.00000000
549300.00000000	0.11111111	0.84375000	96.00000000
549600.00000000	0.11111111	0.84375000	96.00000000
549900.00000000	0.11111111	0.84375000	96.00000000
550200.00000000	0.11111111	0.84375000	96.00000000
550500.00000000	0.11111111	0.84375000	96.00000000
550800.00000000	0.11111111	0.84375000	96.00000000
551100.00000000	0.11111111	0.84375000	96.00000000
551400.00000000	0.11111111	0.84375000	96.00000000
551700.00000000	0.11111111	0.84375000	96.00000000
552000.00000000	0.11111111	0.84375000	96.00000000
552300.00000000	0.11111111	0.84375000	96.00000000
552600.00000000	0.11111111	0.84375000	96.00000000
552900.00000000	0.11111111	0.84375000	96.00000000
553200.00000000	0.11111111	0.84375000	96.00000000
553500.00000000	0.11111111	0.84375000	96.00000000
553800.00000000	0.11111111	0.84375000	96.00000000
554100.00000000	0.11111111	0.84375000	96.00000000
554400.00000000	0.11111111	0.84375000	96.00000000
554700.00000000	0.11111111	0.84375000	96.00000000
555000.00000000	0.11111111	0.84375000	96.00000000
555300.00000000	0.11111111	0.84375000	96.00000000
555600.00000000	0.11111111	0.84375000	96.00000000
555900.00000000	0.11111111	0.84375000	96.00000000
556200.00000000	0.11111111	0.84375000	96.00000000
556500.00000000	0.11111111	0.84375000	96.00000000
556800.00000000	0.11111111	0.84375000	96.00000000
557100.00000000	0.11111111	0.84375000	96.00000000
557400.00000000	0.11111111	0.84375000	96.00000000
557700.00000000	0.11111111	0.84375000	96.00000000
558000.00000000	0.11111111	0.84375000	96.00000000
558300.00000000	0.11111111	0.84375000	96.00000000
558600.00000000	0.11111111	0.84375000	96.00000000
558900.00000000	0.11111111	0.84375000	96.00000000
559200.00000000	0.11111111	0.84375000	96.00000000
559500.00000000	0.11111111	0.84375000	96.00000000
559800.00000000	0.11111111	0.84375000	96.00000000
560100.00000000	0.11111111	0.84375000	96.00000000
560400.00000000	0.11111111	0.84375000	96.00000000
560700.00000000	0.11111111	0.84375000	96.00000000
561000.00000000	0.11111111	0.84375000	96.00000000
561300.00000000	0.11111111	0.84375000	96.00000000
561600.00000000	0.11111111	0.84375000	96.00000000
561900.00000000	0.11111111	0.84375000	96.00000000
562200.00000000	0.11111111	0.84375000	96.00000000
562500.00000000	0.11111111	0.84375000	96.00000000
562800.00000000	0.11111111	0.84375000	96.00000000
563100.00000000	0.11111111	0.84375000	96.00000000
563400.00000000	0.11111111	0.84375000	96.00000000
563700.00000000	0.11111111	0.84375000	96.00000000
564000.00000000	0.11111111	0.84375000	96.00000000
564300.00000000	0.11111111	0.84375000	96.00000000
564600.00000000	0.11111111	0.84375000	96.00000000
564900.00000000	0.11111111	0.84375000	96.00000000
565200.00000000	0.11111111	0.84375000	96.00000000
565500.00000000	0.11111111	0.84375000	96.00000000
565800.00000000	0.11111111	0.84375000	96.00000000
566100.00000000	0.11111111	0.84375000	96.00000000
566400.00000000	0.11111111	0.84375000	96.00000000
566700.00000000	0.11111111	0.84375000	96.00000000
567000.00000000	0.11111111	0.84375000	96.00000000
567300.00000000	0.11111111	0.84375000	96.00000000
567600.00000000	0.11111111	0.84375000	96.00000000
567900.00000000	0.11111111	0.84375000	96.00000000
568200.00000000	0.11111111	0.84375000	96.00000000
568500.00000000	0.11111111	0.84375000	96.00000000
568800.00000000	0.11111111	0.84375000	96.00000000
569100.00000000	0.11111111	0.84375000	96.00000000
569400.00000000	0.11111111	0.84375000	96.00000000
569700.00000000	0.11111111	0.84375000	96.00000000
570000.00000000	0.11111111	0.84375000	96.00000000
570300.00000000	0.11111111	0.84375000	96.00000000
570600.00000000	0.11111111	0.84375000	96.00000000
570900.00000000	0.11111111	0.84375000	96.00000000
571200.00000000	0.11111111	0.84375000	96.00000000
571500.00000000	0.11111111	0.84375000	96.00000000
571800.00000000	0.11111111	0.84375000	96.00000000
572100.00000000	0.11111111	0.84375000	96.00000000
572400.00000000	0.11111111	0.84375000	96.00000000
572700.00000000	0.11111111	0.84375000	96.00000000
573000.00000000	0.11111111	0.84375000	96.00000000
573300.00000000	0.11111111	0.84375000	96.00000000
573600.00000000	0.11111111	0.84375000	96.00000000
573900.00000000	0.11111111	0.84375000	96.00000000
574200.00000000	0.11111111	0.84375000	96.00000000
574500.00000000	0.11111111	0.84375000	96.00000000
574800.00000000	0.11111111	0.84375000	96.00000000
575100.00000000	0.11111111	0.84375000	96.00000000
575400.00000000	0.11111111	0.84375000	96.00000000
575700.00000000	0.11111111	0.84375000	96.00000000
576000.00000000	0.11111111	0.84375000	96.00000000
576300.00000000	0.11111111	0.84375000	96.00000000
576600.00000000	0.11111111	0.84375000	96.00000000
576900.00000000	0.11111111	0.84375000	96.00000000
577200.00000000	0.11111111	0.84375000	96.00000000
577500.00000000	0.11111111	0.84375000	96.00000000
577800.00000000	0.11111111	0.84375000	96.00000000
578100.00000000	0.11111111	0.84375000	96.00000000
578400.00000000	0.11111111	0.84375000	96.00000000
578700.00000000	0.11111111	0.84375000	96.00000000
579000.00000000	0.11111111	0.84375000	96.00000000
579300.00000000	0.11111111	0.84375000	96.00000000
579600.00000000	0.11111111	0.84375000	96.00000000
579900.00000000	0.11111111	0.84375000	96.00000000
580200.00000000	0.11111111	0.84375000	96.00000000
580500.00000000	0.11111111	0.84375000	96.00000000
580800.00000000	0.11111111	0.84375000	96.00000000
581100.00000000	0.11111111	0.84375000	96.00000000
581400.00000000	0.11111111	0.84375000	96.00000000
581700.00000000	0.11111111	0.84375000	96.00000000
582000.00000000	0.11111111	0.84375000	96.00000000
582300.00000000	0.11111111	0.84375000	96.00000000
582600.00000000	0.11111111	0.84375000	96.00000000
582900.00000000	0.11111111	0.84375000	96.00000000
583200.00000000	0.11111111	0.84375000	96.00000000
583500.00000000	0.11111111	0.84375000	96.00000000
583800.00000000	0.11111111	0.84375000	96.00000000
584100.00000000	0.11111111	0.84375000	96.00000000
584400.00000000	0.11111111	0.84375000	96.00000000
584700.00000000	0.11111111	0.84375000	96.00000000
585000.00000000	0.11111111	0.84375000	96.00000000
585300.00000000	0.11111111	0.84375000	96.00000000
585600.00000000	0.11111111	0.84375000	96.00000000
585900.00000000	0.11111111	0.84375000	96.00000000
586200.00000000	0.11111111	0.84375000	96.00000000
586500.00000000	0.11111111	0.84375000	96.00000000
586800.00000000	0.11111111	0.84375000	96.00000000
587100.00000000	0.11111111	0.84375000	96.00000000
587400.00000000	0.11111111	0.84375000	96.00000000
587700.00000000	0.11111111	0.84375000	96.00000000
588000.00000000	0.11111111	0.84375000	96.00000000
588300.00000000	0.11111111	0.84375000	96.00000000
588600.00000000	0.11111111	0.84375000	96.00000000
588900.00000000	0.11111111	0.84375000	96.00000000
589200.00000000	0.11111111	0.84375000	96.00000000
589500.00000000	0.11111111	0.84375000	96.00000000
589800.00000000	0.11111111	0.84375000	96.00000000
590100.00000000	0.11111111	0.84375000	96.00000000
590400.00000000	0.11111111	0.84375000	96.00000000
590700.00000000	0.11111111	0.84375000	96.00000000
591000.00000000	0.11111111	0.84375000	96.00000000
591300.00000000	0.11111111	0.84375000	96.00000000
591600.00000000	0.11111111	0.84375000	96.00000000
591900.00000000	0.11111111	0.84375000	96.00000000
592200.00000000	0.11111111	0.84375000	96.00000000
592500.00000000	0.11111111	0.84375000	96.00000000
592800.00000000	0.11111111	0.84375000	96.00000000
593100.00000000	0.11111111	0.84375000	96.00000000
593400.00000000	0.11111111	0.84375000	96.00000000
593700.00000000	0.11111111	0.84375000	96.00000000
594000.00000000	0.11111111	0.84375000	96.00000000
594300.00000000	0.11111111	0.84375000	96.00000000
594600.00000000	0.11111111	0.84375000	96.00000000
594900.00000000	0.11111111	0.84375000	96.00000000
595200.00000000	0.11111111	0.84375000	96.00000000
595500.00000000	0.11111111	0.84375000	96.00000000
595800.00000000	0.11111111	0.84375000	96.00000000
596100.00000000	0.11111111	0.84375000	96.00000000
596400.00000000	0.11111111	0.84375000	96.00000000
596700.00000000	0.11111111	0.84375000	96.00000000
597000.00000000	0.11111111	0.84375000	96.00000000
597300.00000000	0.11111111	0.84375000	96.00000000
597600.00000000	0.11111111	0.84375000	96.00000000
597900.00000000	0.11111111	0.84375000	96.00000000
598200.00000000	0.11111111	0.84375000	96.00000000
598500.00000000	0.11111111	0.84375000	96.00000000
598800.00000000	0.11111111	0.84375000	96.00000000
599100.00000000	0.11111111	0.84375000	96.00000000
599400.00000000	0.11111111	0.84375000	96.00000000
599700.00000000	0.11111111	0.84375000	96.00000000
600000.00000000	0.11111111	0.84375000	96.00000000
600300.00000000	0.11111111	0.84375000	96.00000000
600600.00000000	0.11111111	0.84375000	96.00000000
600900.00000000	0.11111111	0.84375000	96.00000000
601200.00000000	0.11111111	0.84375000	96.00000000
601500.00000000	0.11111111	0.84375000	96.00000000
601800.00000000	0.11111111	0.84375000	96.00000000
602100.00000000	0.11111111	0.84375000	96.00000000
602400.00000000	0.11111111	0.84375000	96.00000000
602700.00000000	0.11111111	0.84375000	96.00000000
603000.00000000	0.11111111	0.84375000	96.00000000
603300.00000000	0.11111111	0.84375000	96.00000000
603600.00000000	0.11111111	0.84375000	96.00000000
603900.00000000	0.11111111	0.84375000	96.00000000
604200.00000000	0.11111111	0.84375000	96.00000000
604500.00000000	0.11111111	0.84375000	96.00000000
604800.00000000	64.00000000	486.00000000	96.00000000
605100.00000000	0.00000000	0.00000000	96.00000000
605400.00000000	0.00000000	0.00000000	96.00000000
605700.00000000	0.00000000	0.00000000	96.00000000
606000.00000000	0.00000000	0.00000000	96.00000000
606300.00000000	0.00000000	0.00000000	96.00000000
606600.00000000	0.00000000	0.00000000	96.00000000
606900.00000000	0.00000000	0.00000000	96.00000000
607200.00000000	0.00000000	0.00000000	96.00000000
607500.00000000	0.00000000	0.00000000	96.00000000
607800.00000000	0.00000000	0.00000000	96.00000000
608100.00000000	0.00000000	0.00000000	96.00000000
608400.00000000	0.00000000	0.00000000	96.00000000
608700.00000000	0.00000000	0.00000000	96.00000000
609000.00000000	0.00000000	0.00000000	96.00000000
609300.00000000	0.00000000	0.00000000	96.00000000
609600.00000000	0.00000000	0.00000000	96.00000000
609900.00000000	0.00000000	0.00000000	96.00000000
610200.00000000	0.00000000	0.00000000	96.00000000
610500.00000000	0.00000000	0.00000000	96.00000000
610800.00000000	0.00000000	0.00000000	96.00000000
611100.00000000	0.00000000	0.00000000	96.00000000
611400.00000000	0.00000000	0.00000000	96.00000000
611700.00000000	0.00000000	0.00000000	96.00000000
612000.00000000	0.00000000	0.00000000	96.00000000
612300.00000000	0.00000000	0.00000000	96.00000000
612600.00000000	0.00000000	0.00000000	96.00000000
612900.00000000	0.00000000	0.00000000	96.00000000
613200.00000000	0.00000000	0.00000000	96.00000000
613500.00000000	0.00000000	0.00000000	96.00000000
613800.00000000	0.00000000	0.00000000	96.00000000
614100.00000000	0.00000000	0.00000000	96.00000000
614400.00000000	0.00000000	0.00000000	96.00000000
614700.00000000	0.00000000	0.00000000	96.00000000
615000.00000000	0.00000000	0.00000000	96.00000000
615300.00000000	0.00000000	0.00000000	96.00000000
615600.00000000	0.00000000	0.00000000	96.00000000
615900.00000000	0.00000000	0.00000000	96.00000000
616200.00000000	0.00000000	0.00000000	96.00000000
616500.00000000	0.00000000	0.00000000	96.00000000
616800.00000000	0.00000000	0.00000000	96.00000000
617100.00000000	0.00000000	0.00000000	96.00000000
617400.00000000	0.00000000	0.00000000	96.00000000
617700.00000000	0.00000000	0.00000000	96.00000000
618000.00000000	0.00000000	0.00000000	96.00000000
618300.00000000	0.00000000	0.00000000	96.00000000
618600.00000000	0.00000000	0.00000000	96.00000000
618900.00000000	0.00000000	0.00000000	96.00000000
619200.00000000	0.00000000	0.00000000	96.00000000
619500.00000000	0.00000000	0.00000000	96.00000000
619800.00000000	0.00000000	0.00000000	96.00000000
620100.00000000	0.00000000	0.00000000	96.00000000
620400.00000000	0.00000000	0.00000000	96.00000000
620700.00000000	0.00000000	0.00000000	96.00000000
621000.00000000	0.00000000	0.00000000	96.00000000
621300.00000000	0.00000000	0.00000000	96.00000000
621600.00000000	0.00000000	0.00000000	96.00000000
621900.00000000	0.00000000	0.00000000	96.00000000
622200.00000000	0.00000000	0.00000000	96.00000000
622500.00000000	0.00000000	0.00000000	96.00000000
622800.00000000	0.00000000	0.00000000	96.00000000
623100.00000000	0.00000000	0.00000000	96.00000000
623400.00000000	0.00000000	0.00000000	96.00000000
623700.00000000	0.00000000	0.00000000	96.00000000
624000.00000000	0.00000000	0.00000000	96.00000000
624300.00000000	0.00000000	0.00000000	96.00000000
624600.00000000	0.00000000	0.00000000	96.00000000
624900.00000000	0.00000000	0.00000000	96.00000000
625200.00000000	0.00000000	0.00000000	96.00000000
625500.00000000	0.00000000	0.00000000	96.00000000
625800.00000000	0.00000000	0.00000000	96.00000000
626100.00000000	0.00000000	0.00000000	96.00000000
626400.00000000	0.00000000	0.00000000	96.00000000
626700.00000000	0.00000000	0.00000000	96.00000000
627000.00000000	0.00000000	0.00000000	96.00000000
627300.00000000	0.00000000	0.00000000	96.00000000
627600.00000000	0.00000000	0.00000000	96.00000000
627900.00000000	0.00000000	0.00000000	96.00000000
628200.00000000	0.00000000	0.00000000	96.00000000
628500.00000000	0.00000000	0.00000000	96.00000000
628800.00000000	0.00000000	0.00000000	96.00000000
629100.00000000	0.00000000	0.00000000	96.00000000
629400.00000000	0.00000000	0.00000000	96.00000000
629700.00000000	0.00000000	0.00000000	96.00000000
630000.00000000	0.00000000	0.00000000	96.00000000
630300.00000000	0.00000000	0.00000000	96.00000000
630600.00000000	0.00000000	0.00000000	96.00000000
630900.00000000	0.00000000	0.00000000	96.00000000
631200.00000000	0.00000000	0.00000000	96.00000000
631500.00000000	0.00000000	0.00000000	96.00000000
631800.00000000	0.00000000	0.00000000	96.00000000
632100.00000000	0.00000000	0.00000000	96.00000000
632400.00000000	0.00000000	0.00000000	96.00000000
632700.00000000	0.00000000	0.00000000	96.00000000
633000.00000000	0.00000000	0.00000000	96.00000000
633300.00000000	0.00000000	0.00000000	96.00000000
633600.00000000	0.00000000	0.00000000	96.00000000
633900.00000000	0.00000000	0.00000000	96.00000000
634200.00000000	0.00000000	0.00000000	96.00000000
634500.00000000	0.00000000	0.00000000	96.00000000
634800.00000000	0.00000000	0.00000000	96.00000000
635100.00000000	0.00000000	0.00000000	96.00000000
635400.00000000	0.00000000	0.00000000	96.00000000
635700.00000000	0.00000000	0.00000000	96.00000000
636000.00000000	0.00000000	0.00000000	96.00000000
636300.00000000	0.00000000	0.00000000	96.00000000
636600.00000000	0.00000000	0.00000000	96.00000000
636900.00000000	0.00000000	0.00000000	96.00000000
637200.00000000	0.00000000	0.00000000	96.00000000
637500.00000000	0.00000000	0.00000000	96.00000000
637800.00000000	0.00000000	0.00000000	96.00000000
638100.00000000	0.00000000	0.00000000	96.00000000
638400.00000000	0.00000000	0.00000000	96.00000000
638700.00000000	0.00000000	0.00000000	96.00000000
639000.00000000	0.00000000	0.00000000	96.00000000
639300.00000000	0.00000000	0.00000000	96.00000000
639600.00000000	0.00000000	0.00000000	96.00000000
639900.00000000	0.00000000	0.00000000	96.00000000
640200.00000000	0.00000000	0.00000000	96.00000000
640500.00000000	0.00000000	0.00000000	96.00000000
640800.00000000	0.00000000	0.00000000	96.00000000
641100.00000000	0.00000000	0.00000000	96.00000000
641400.00000000	0.00000000	0.00000000	96.00000000
641700.00000000	0.00000000	0.00000000	96.00000000
642000.00000000	0.00000000	0.00000000	96.00000000
642300.00000000	0.00000000	0.00000000	96.00000000
642600.00000000	0.00000000	0.00000000	96.00000000
642900.00000000	0.00000000	0.00000000	96.00000000
643200.00000000	0.00000000	0.00000000	96.00000000
643500.00000000	0.00000000	0.00000000	96.00000000
643800.00000000	0.00000000	0.00000000	96.00000000
644100.00000000	0.00000000	0.00000000	96.00000000
644400.00000000	0.00000000	0.00000000	96.00000000
644700.00000000	0.00000000	0.00000000	96.00000000
645000.00000000	0.00000000	0.00000000	96.00000000
645300.00000000	0.00000000	0.00000000	96.00000000
645600.00000000	0.00000000	0.00000000	96.00000000
645900.00000000	0.00000000	0.00000000	96.00000000
646200.00000000	0.00000000	0.00000000	96.00000000
646500.00000000	0.00000000	0.00000000	96.00000000
646800.00000000	0.00000000	0.00000000	96.00000000
647100.00000000	0.00000000	0.00000000	96.00000000
647400.00000000	0.00000000	0.00000000	96.00000000
647700.00000000	0.00000000	0.00000000	96.00000000
648000.00000000	0.00000000	0.00000000	96.00000000
648300.00000000	0.00000000	0.00000000	96.00000000
648600.00000000	0.00000000	0.00000000	96.00000000
648900.00000000	0.00000000	0.00000000	96.00000000
649200.00000000	0.00000000	0.00000000	96.00000000
649500.00000000	0.00000000	0.00000000	96.00000000
649800.00000000	0.00000000	0.00000000	96.00000000
650100.00000000	0.00000000	0.00000000	96.00000000
650400.00000000	0.00000000	0.00000000	96.00000000
650700.00000000	0.00000000	0.00000000	96.00000000
651000.00000000	0.00000000	0.00000000	96.00000000
651300.00000000	0.00000000	0.00000000	96.00000000
651600.00000000	0.00000000	0.00000000	96.00000000
651900.00000000	0.00000000	0.00000000	96.00000000
652200.00000000	0.00000000	0.00000000	96.00000000
652500.00000000	0.00000000	0.00000000	96.00000000
652800.00000000	0.00000000	0.00000000	96.00000000
653100.00000000	0.00000000	0.00000000	96.00000000
653400.00000000	0.00000000	0.00000000	96.00000000
653700.00000000	0.00000000	0.00000000	96.00000000
654000.00000000	0.00000000	0.00000000	96.00000000
654300.00000000	0.00000000	0.00000000	96.00000000
654600.00000000	0.00000000	0.00000000	96.00000000
654900.00000000	0.00000000	0.00000000	96.00000000
655200.00000000	0.00000000	0.00000000	96.00000000
655500.00000000	0.00000000	0.00000000	96.00000000
655800.00000000	0.00000000	0.00000000	96.00000000
656100.00000000	0.00000000	0.00000000	96.00000000
656400.00000000	0.00000000	0.00000000	96.00000000
656700.00000000	0.00000000	0.00000000	96.00000000
657000.00000000	0.00000000	0.00000000	96.00000000
657300.00000000	0.00000000	0.00000000	96.00000000
657600.00000000	0.00000000	0.00000000	96.00000000
657900.00000000	0.00000000	0.00000000	96.00000000
658200.00000000	0.00000000	0.00000000	96.00000000
658500.00000000	0.00000000	0.00000000	96.00000000
658800.00000000	0.00000000	0.00000000	96.00000000
659100.00000000	0.00000000	0.00000000	96.00000000
659400.00000000	0.00000000	0.00000000	96.00000000
659700.00000000	0.00000000	0.00000000	96.00000000
660000.00000000	0.00000000	0.00000000	96.00000000
660300.00000000	0.00000000	0.00000000	96.00000000
660600.00000000	0.00000000	0.00000000	96.00000000
660900.00000000	0.00000000	0.00000000	96.00000000
661200.00000000	0.00000000	0.00000000	96.00000000
661500.00000000	0.00000000	0.00000000	96.00000000
661800.00000000	0.00000000	0.00000000	96.00000000
662100.00000000	0.00000000	0.00000000	96.00000000
662400.00000000	0.00000000	0.00000000	96.00000000
662700.00000000	0.00000000	0.00000000	96.00000000
663000.00000000	0.00000000	0.00000000	96.00000000
663300.00000000	0.00000000	0.00000000	96.00000000
663600.00000000	0.00000000	0.00000000	96.00000000
663900.00000000	0.00000000	0.00000000	96.00000000
664200.00000000	0.00000000	0.00000000	96.00000000
664500.00000000	0.00000000	0.00000000	96.00000000
664800.00000000	0.00000000	0.00000000	96.00000000
665100.00000000	0.00000000	0.00000000	96.00000000
665400.00000000	0.00000000	0.00000000	96.00000000
665700.00000000	0.00000000	0.00000000	96.00000000
666000.00000000	0.00000000	0.00000000	96.00000000
666300.00000000	0.00000000	0.00000000	96.00000000
666600.00000000	0.00000000	0.00000000	96.00000000
666900.00000000	0.00000000	0.00000000	96.00000000
667200.00000000	0.00000000	0.00000000	96.00000000
667500.00000000	0.00000000	0.00000000	96.00000000
667800.00000000	0.00000000	0.00000000	96.00000000
668100.00000000	0.00000000	0.00000000	96.00000000
668400.00000000	0.00000000	0.00000000	96.00000000
668700.00000000	0.00000000	0.00000000	96.00000000
669000.00000000	0.00000000	0.00000000	96.00000000
669300.00000000	0.00000000	0.00000000	96.00000000
669600.00000000	0.00000000	0.00000000	96.00000000
669900.00000000	0.00000000	0.00000000	96.00000000
670200.00000000	0.00000000	0.00000000	96.00000000
670500.00000000	0.00000000	0.00000000	96.00000000
670800.00000000	0.00000000	0.00000000	96.00000000
671100.00000000	0.00000000	0.00000000	96.00000000
671400.00000000	0.00000000	0.00000000	96.00000000
671700.00000000	0.00000000	0.00000000	96.00000000
672000.00000000	0.00000000	0.00000000	96.00000000
672300.00000000	0.00000000	0.00000000	96.00000000
672600.00000000	0.00000000	0.00000000	96.00000000
672900.00000000	0.00000000	0.00000000	96.00000000
673200.00000000	0.00000000	0.00000000	96.00000000
673500.00000000	0.00000000	0.00000000	96.00000000
673800.00000000	0.00000000	0.00000000	96.00000000
674100.00000000	0.00000000	0.00000000	96.00000000
674400.00000000	0.00000000	0.00000000	96.00000000
674700.00000000	0.00000000	0.00000000	96.00000000
675000.00000000	0.00000000	0.00000000	96.00000000
675300.00000000	0.00000000	0.00000000	96.00000000
675600.00000000	0.00000000	0.00000000	96.00000000
675900.00000000	0.00000000	0.00000000	96.00000000
676200.00000000	0.00000000	0.00000000	96.00000000
676500.00000000	0.00000000	0.00000000	96.00000000
676800.00000000	0.00000000	0.00000000	96.00000000
677100.00000000	0.00000000	0.00000000	96.00000000
677400.00000000	0.00000000	0.00000000	96.00000000
677700.00000000	0.00000000	0.00000000	96.00000000
678000.00000000	0.00000000	0.00000000	96.00000000
678300.00000000	0.00000000	0.00000000	96.00000000
678600.00000000	0.00000000	0.00000000	96.00000000
678900.00000000	0.00000000	0.00000000	96.00000000
679200.00000000	0.00000000	0.00000000	96.00000000
679500.00000000	0.00000000	0.00000000	96.00000000
679800.00000000	0.00000000	0.00000000	96.00000000
680100.00000000	0.00000000	0.00000000	96.00000000
680400.00000000	0.00000000	0.00000000	96.00000000
680700.00000000	0.00000000	0.00000000	96.00000000
681000.00000000	0.00000000	0.00000000	96.00000000
681300.00000000	0.00000000	0.00000000	96.00000000
681600.00000000	0.00000000	0.00000000	96.00000000
681900.00000000	0.00000000	0.00000000	96.00000000
682200.00000000	0.00000000	0.00000000	96.00000000
682500.00000000	0.00000000	0.00000000	96.00000000
682800.00000000	0.00000000	0.00000000	96.00000000
683100.00000000	0.00000000	0.00000000	96.00000000
683400.00000000	0.00000000	0.00000000	96.00000000
683700.00000000	0.00000000	0.00000000	96.00000000
684000.00000000	0.00000000	0.00000000	96.00000000
684300.00000000	0.00000000	0.00000000	96.00000000
684600.00000000	0.00000000	0.00000000	96.00000000
684900.00000000	0.00000000	0.00000000	96.00000000
685200.00000000	0.00000000	0.00000000	96.00000000
685500.00000000	0.00000000	0.00000000	96.00000000
685800.00000000	0.00000000	0.00000000	96.00000000
686100.00000000	0.00000000	0.00000000	96.00000000
686400.00000000	0.00000000	0.00000000	96.00000000
686700.00000000	0.00000000	0.00000000	96.00000000
687000.00000000	0.00000000	0.00000000	96.00000000
687300.00000000	0.00000000	0.00000000	96.00000000
687600.00000000	0.00000000	0.00000000	96.00000000
687900.00000000	0.00000000	0.00000000	96.00000000
688200.00000000	0.00000000	0.00000000	96.00000000
688500.00000000	0.00000000	0.00000000	96.00000000
688800.00000000	0.00000000	0.00000000	96.00000000
689100.00000000	0.00000000	0.00000000	96.00000000
689400.00000000	0.00000000	0.00000000	96.00000000
689700.00000000	0.00000000	0.00000000	96.00000000
690000.00000000	0.00000000	0.00000000	96.00000000
690300.00000000	0.00000000	0.00000000	96.00000000
690600.00000000	0.00000000	0.00000000	96.00000000
690900.00000000	0.00000000	0.00000000	96.00000000
691200.00000000	0.00000000	0.00000000	96.00000000
691500.00000000	0.00000000	0.00000000	96.00000000
691800.00000000	0.00000000	0.00000000	96.00000000
692100.00000000	0.00000000	0.00000000	96.00000000
692400.00000000	0.00000000	0.00000000	96.00000000
692700.00000000	0.00000000	0.00000000	96.00000000
693000.00000000	0.00000000	0.00000000	96.00000000
693300.00000000	0.00000000	0.00000000	96.00000000
693600.00000000	0.00000000	0.00000000	96.00000000
693900.00000000	0.00000000	0.00000000	96.00000000
694200.00000000	0.00000000	0.00000000	96.00000000
694500.00000000	0.00000000	0.00000000	96.00000000
694800.00000000	0.00000000	0.00000000	96.00000000
695100.00000000	0.00000000	0.00000000	96.00000000
695400.00000000	0.00000000	0.00000000	96.00000000
695700.00000000	0.00000000	0.00000000	96.00000000
696000.00000000	0.00000000	0.00000000	96.00000000
696300.00000000	0.00000000	0.00000000	96.00000000
696600.00000000	0.00000000	0.00000000	96.00000000
696900.00000000	0.00000000	0.00000000	96.00000000
697200.00000000	0.00000000	0.00000000	96.00000000
697500.00000000	0.00000000	0.00000000	96.00000000
697800.00000000	0.00000000	0.00000000	96.00000000
698100.00000000	0.00000000	0.00000000	96.00000000
698400.00000000	0.00000000	0.00000000	96.00000000
698700.00000000	0.00000000	0.00000000	96.00000000
699000.00000000	0.00000000	0.00000000	96.00000000
699300.00000000	0.00000000	0.00000000	96.00000000
699600.00000000	0.00000000	0.00000000	96.00000000
699900.00000000	0.00000000	0.00000000	96.00000000
700200.00000000	0.00000000	0.00000000	96.00000000
700500.00000000	0.00000000	0.00000000	96.00000000
700800.00000000	0.00000000	0.00000000	96.00000000
701100.00000000	0.00000000	0.00000000	96.00000000
701400.00000000	0.00000000	0.00000000	96.00000000
701700.00000000	0.00000000	0.00000000	96.00000000
702000.00000000	0.00000000	0.00000000	96.00000000
702300.00000000	0.00000000	0.00000000	96.00000000
702600.00000000	0.00000000	0.00000000	96.00000000
702900.00000000	0.00000000	0.00000000	96.00000000
703200.00000000	0.00000000	0.00000000	96.00000000
703500.00000000	0.00000000	0.00000000	96.00000000
703800.00000000	0.00000000	0.00000000	96.00000000
704100.00000000	0.00000000	0.00000000	96.00000000
704400.00000000	0.00000000	0.00000000	96.00000000
704700.00000000	0.00000000	0.00000000	96.00000000
705000.00000000	0.00000000	0.00000000	96.00000000
705300.00000000	0.00000000	0.00000000	96.00000000
705600.00000000	0.00000000	0.00000000	96.00000000
705900.00000000	0.00000000	0.00000000	96.00000000
706200.00000000	0.00000000	0.00000000	96.00000000
706500.00000000	0.00000000	0.00000000	96.00000000
706800.00000000	0.00000000	0.00000000	96.00000000
707100.00000000	0.00000000	0.00000000	96.00000000
707400.00000000	0.00000000	0.00000000	96.00000000
707700.00000000	0.00000000	0.00000000	96.00000000
708000.00000000	0.00000000	0.00000000	96.00000000
708300.00000000	0.00000000	0.00000000	96.00000000
708600.00000000	0.00000000	0.00000000	96.00000000
708900.00000000	0.00000000	0.00000000	96.00000000
709200.00000000	0.00000000	0.00000000	96.00000000
709500.00000000	0.00000000	0.00000000	96.00000000
709800.00000000	0.00000000	0.00000000	96.00000000
710100.00000000	0.00000000	0.00000000	96.00000000
710400.00000000	0.00000000	0.00000000	96.00000000
710700.00000000	0.00000000	0.00000000	96.00000000
711000.00000000	0.00000000	0.00000000	96.00000000
711300.00000000	0.00000000	0.00000000	96.00000000
711600.00000000	0.00000000	0.00000000	96.00000000
711900.00000000	0.00000000	0.00000000	96.00000000
712200.00000000	0.00000000	0.00000000	96.00000000
712500.00000000	0.00000000	0.00000000	96.00000000
712800.00000000	0.00000000	0.00000000	96.00000000
713100.00000000	0.00000000	0.00000000	96.00000000
713400.00000000	0.00000000	0.00000000	96.00000000
713700.00000000	0.00000000	0.00000000	96.00000000
714000.00000000	0.00000000	0.00000000	96.00000000
714300.00000000	0.00000000	0.00000000	96.00000000
714600.00000000	0.00000000	0.00000000	96.00000000
714900.00000000	0.00000000	0.00000000	96.00000000
715200.00000000	0.00000000	0.00000000	96.00000000
715500.00000000	0.00000000	0.00000000	96.00000000
715800.00000000	0.00000000	0.00000000	96.00000000
716100.00000000	0.00000000	0.00000000	96.00000000
716400.00000000	0.00000000	0.00000000	96.00000000
716700.00000000	0.00000000	0.00000000	96.00000000
717000.00000000	0.00000000	0.00000000	96.00000000
717300.00000000	0.00000000	0.00000000	96.00000000
717600.00000000	0.00000000	0.00000000	96.00000000
717900.00000000	0.00000000	0.00000000	96.00000000
718200.00000000	0.00000000	0.00000000	96.00000000
718500.00000000	0.00000000	0.00000000	96.00000000
718800.00000000	0.00000000	0.00000000	96.00000000
719100.00000000	0.00000000	0.00000000	96.00000000
719400.00000000	0.00000000	0.00000000	96.00000000
719700.00000000	0.00000000	0.00000000	96.00000000
720000.00000000	0.00000000	0.00000000	96.00000000
720300.00000000	0.00000000	0.00000000	96.00000000
720600.00000000	0.00000000	0.00000000	96.00000000
720900.00000000	0.00000000	0.00000000	96.00000000
721200.00000000	0.00000000	0.00000000	96.00000000
721500.00000000	0.00000000	0.00000000	96.00000000
721800.00000000	0.00000000	0.00000000	96.00000000
722100.00000000	0.00000000	0.00000000	96.00000000
722400.00000000	0.00000000	0.00000000	96.00000000
722700.00000000	0.00000000	0.00000000	96.00000000
723000.00000000	0.00000000	0.00000000	96.00000000
723300.00000000	0.00000000	0.00000000	96.00000000
723600.00000000	0.00000000	0.00000000	96.00000000
723900.00000000	0.00000000	0.00000000	96.00000000
724200.00000000	0.00000000	0.00000000	96.00000000
724500.00000000	0.00000000	0.00000000	96.00000000
724800.00000000	0.00000000	0.00000000	96.00000000
725100.00000000	0.00000000	0.00000000	96.00000000
725400.00000000	0.00000000	0.00000000	96.00000000
725700.00000000	0.00000000	0.00000000	96.00000000
726000.00000000	0.00000000	0.00000000	96.00000000
726300.00000000	0.00000000	0.00000000	96.00000000
726600.00000000	0.00000000	0.00000000	96.00000000
726900.00000000	0.00000000	0.00000000	96.00000000
727200.00000000	0.00000000	0.00000000	96.00000000
727500.00000000	0.00000000	0.00000000	96.00000000
727800.00000000	0.00000000	0.00000000	96.00000000
728100.00000000	0.00000000	0.00000000	96.00000000
728400.00000000	0.00000000	0.00000000	96.00000000
728700.00000000	0.00000000	0.00000000	96.00000000
729000.00000000	0.00000000	0.00000000	96.00000000
729300.00000000	0.00000000	0.00000000	96.00000000
729600.00000000	0.00000000	0.00000000	96.00000000
729900.00000000	0.00000000	0.00000000	96.00000000
730200.00000000	0.00000000	0.00000000	96.00000000
730500.00000000	0.00000000	0.00000000	96.00000000
730800.00000000	0.00000000	0.00000000	96.00000000
731100.00000000	0.00000000	0.00000000	96.00000000
731400.00000000	0.00000000	0.00000000	96.00000000
731700.00000000	0.00000000	0.00000000	96.00000000
732000.00000000	0.00000000	0.00000000	96.00000000
732300.00000000	0.00000000	0.00000000	96.00000000
732600.00000000	0.00000000	0.00000000	96.00000000
732900.00000000	0.00000000	0.00000000	96.00000000
733200.00000000	0.00000000	0.00000000	96.00000000
733500.00000000	0.00000000	0.00000000	96.00000000
733800.00000000	0.00000000	0.00000000	96.00000000
734100.00000000	0.00000000	0.00000000	96.00000000
734400.00000000	0.00000000	0.00000000	96.00000000
734700.00000000	0.00000000	0.00000000	96.00000000
735000.00000000	0.00000000	0.00000000	96.00000000
735300.00000000	0.00000000	0.00000000	96.00000000
735600.00000000	0.00000000	0.00000000	96.00000000
735900.00000000	0.00000000	0.00000000	96.00000000
736200.00000000	0.00000000	0.00000000	96.00000000
736500.00000000	0.00000000	0.00000000	96.00000000
736800.00000000	0.00000000	0.00000000	96.00000000
737100.00000000	0.00000000	0.00000000	96.00000000
737400.00000000	0.00000000	0.00000000	96.00000000
737700.00000000	0.00000000	0.00000000	96.00000000
738000.00000000	0.00000000	0.00000000	96.00000000
738300.00000000	0.00000000	0.00000000	96.00000000
738600.00000000	0.00000000	0.00000000	96.00000000
738900.00000000	0.00000000	0.00000000	96.00000000
739200.00000000	0.00000000	0.00000000	96.00000000
739500.00000000	0.00000000	0.00000000	96.00000000
739800.00000000	0.00000000	0.00000000	96.00000000
740100.00000000	0.00000000	0.00000000	96.00000000
740400.00000000	0.00000000	0.00000000	96.00000000
740700.00000000	0.00000000	0.00000000	96.00000000
741000.00000000	0.00000000	0.00000000	96.00000000
741300.00000000	0.00000000	0.00000000	96.00000000
741600.00000000	0.00000000	0.00000000	96.00000000
741900.00000000	0.00000000	0.00000000	96.00000000
742200.00000000	0.00000000	0.00000000	96.00000000
742500.00000000	0.00000000	0.00000000	96.00000000
742800.00000000	0.00000000	0.00000000	96.00000000
743100.00000000	0.00000000	0.00000000	96.00000000
743400.00000000	0.00000000	0.00000000	96.00000000
743700.00000000	0.00000000	0.00000000	96.00000000
744000.00000000	0.00000000	0.00000000	96.00000000
744300.00000000	0.00000000	0.00000000	96.00000000
744600.00000000	0.00000000	0.00000000	96.00000000
744900.00000000	0.00000000	0.00000000	96.00000000
745200.00000000	0.00000000	0.00000000	96.00000000
745500.00000000	0.00000000	0.00000000	96.00000000
745800.00000000	0.00000000	0.00000000	96.00000000
746100.00000000	0.00000000	0.00000000	96.00000000
746400.00000000	0.00000000	0.00000000	96.00000000
746700.00000000	0.00000000	0.00000000	96.00000000
747000.00000000	0.00000000	0.00000000	96.00000000
747300.00000000	0.00000000	0.00000000	96.00000000
747600.00000000	0.00000000	0.00000000	96.00000000
747900.00000000	0.00000000	0.00000000	96.00000000
748200.00000000	0.00000000	0.00000000	96.00000000
748500.00000000	0.00000000	0.00000000	96.00000000
748800.00000000	0.00000000	0.00000000	96.00000000
749100.00000000	0.00000000	0.00000000	96.00000000
749400.00000000	0.00000000	0.00000000	96.00000000
749700.00000000	0.00000000	0.00000000	96.00000000
750000.00000000	0.00000000	0.00000000	96.00000000
750300.00000000	0.00000000	0.00000000	96.00000000
750600.00000000	0.00000000	0.00000000	96.00000000
750900.00000000	0.00000000	0.00000000	96.00000000
751200.00000000	0.00000000	0.00000000	96.00000000
751500.00000000	0.00000000	0.00000000	96.00000000
751800.00000000	0.00000000	0.00000000	96.00000000
752100.00000000	0.00000000	0.00000000	96.00000000
752400.00000000	0.00000000	0.00000000	96.00000000
752700.00000000	0.00000000	0.00000000	96.00000000
753000.00000000	0.00000000	0.00000000	96.00000000
753300.00000000	0.00000000	0.00000000	96.00000000
753600.00000000	0.00000000	0.00000000	96.00000000
753900.00000000	0.00000000	0.00000000	96.00000000
754200.00000000	0.00000000	0.00000000	96.00000000
754500.00000000	0.00000000	0.00000000	96.00000000
754800.00000000	0.00000000	0.00000000	96.00000000
755100.00000000	0.00000000	0.00000000	96.00000000
755400.00000000	0.00000000	0.00000000	96.00000000
755700.00000000	0.00000000	0.00000000	96.00000000
756000.00000000	0.00000000	0.00000000	96.00000000
756300.00000000	0.00000000	0.00000000	96.00000000
756600.00000000	0.00000000	0.00000000	96.00000000
756900.00000000	0.00000000	0.00000000	96.00000000
757200.00000000	0.00000000	0.00000000	96.00000000
757500.00000000	0.00000000	0.00000000	96.00000000
757800.00000000	0.00000000	0.00000000	96.00000000
758100.00000000	0.00000000	0.00000000	96.00000000
758400.00000000	0.00000000	0.00000000	96.00000000
758700.00000000	0.00000000	0.00000000	96.00000000
759000.00000000	0.00000000	0.00000000	96.00000000
759300.00000000	0.00000000	0.00000000	96.00000000
759600.00000000	0.00000000	0.00000000	96.00000000
759900.00000000	0.00000000	0.00000000	96.00000000
760200.00000000	0.00000000	0.00000000	96.00000000
760500.00000000	0.00000000	0.00000000	96.00000000
760800.00000000	0.00000000	0.00000000	96.00000000
761100.00000000	0.00000000	0.00000000	96.00000000
761400.00000000	0.00000000	0.00000000	96.00000000
761700.00000000	0.00000000	0.00000000	96.00000000
762000.00000000	0.00000000	0.00000000	96.00000000
762300.00000000	0.00000000	0.00000000	96.00000000
762600.00000000	0.00000000	0.00000000	96.00000000
762900.00000000	0.00000000	0.00000000	96.00000000
763200.00000000	0.00000000	0.00000000	96.00000000
763500.00000000	0.00000000	0.00000000	96.00000000
763800.00000000	0.00000000	0.00000000	96.00000000
764100.00000000	0.00000000	0.00000000	96.00000000
764400.00000000	0.00000000	0.00000000	96.00000000
764700.00000000	0.00000000	0.00000000	96.00000000
765000.00000000	0.00000000	0.00000000	96.00000000
765300.00000000	0.00000000	0.00000000	96.00000000
765600.00000000	0.00000000	0.00000000	96.00000000
765900.00000000	0.00000000	0.00000000	96.00000000
766200.00000000	0.00000000	0.00000000	96.00000000
766500.00000000	0.00000000	0.00000000	96.00000000
766800.00000000	0.00000000	0.00000000	96.00000000
767100.00000000	0.00000000	0.00000000	96.00000000
767400.00000000	0.00000000	0.00000000	96.00000000
767700.00000000	0.00000000	0.00000000	96.00000000
768000.00000000	0.00000000	0.00000000	96.00000000
768300.00000000	0.00000000	0.00000000	96.00000000
768600.00000000	0.00000000	0.00000000	96.00000000
768900.00000000	0.00000000	0.00000000	96.00000000
769200.00000000	0.00000000	0.00000000	96.00000000
769500.00000000	0.00000000	0.00000000	96.00000000
769800.00000000	0.00000000	0.00000000	96.00000000
770100.00000000	0.00000000	0.00000000	96.00000000
770400.00000000	0.00000000	0.00000000	96.00000000
770700.00000000	0.00000000	0.00000000	96.00000000
771000.00000000	0.00000000	0.00000000	96.00000000
771300.00000000	0.00000000	0.00000000	96.00000000
771600.00000000	0.00000000	0.00000000	96.00000000
771900.00000000	0.00000000	0.00000000	96.00000000
772200.00000000	0.00000000	0.00000000	96.00000000
772500.00000000	0.00000000	0.00000000	96.00000000
772800.00000000	0.00000000	0.00000000	96.00000000
773100.00000000	0.00000000	0.00000000	96.00000000
773400.00000000	0.00000000	0.00000000	96.00000000
773700.00000000	0.00000000	0.00000000	96.00000000
774000.00000000	0.00000000	0.00000000	96.00000000
774300.00000000	0.00000000	0.00000000	96.00000000
774600.00000000	0.00000000	0.00000000	96.00000000
774900.00000000	0.00000000	0.00000000	96.00000000
775200.00000000	0.00000000	0.00000000	96.00000000
775500.00000000	0.00000000	0.00000000	96.00000000
775800.00000000	0.00000000	0.00000000	96.00000000
776100.00000000	0.00000000	0.00000000	96.00000000
776400.00000000	0.00000000	0.00000000	96.00000000
776700.00000000	0.00000000	0.00000000	96.00000000
777000.00000000	0.00000000	0.00000000	96.00000000
777300.00000000	0.00000000	0.00000000	96.00000000
777600.00000000	64.00000000	486.00000000	96.00000000
777900.00000000	0.00000000	0.00000000	96.00000000
778200.00000000	0.00000000	0.00000000	96.00000000
778500.00000000	0.00000000	0.00000000	96.00000000
778800.00000000	0.00000000	0.00000000	96.00000000
779100.00000000	0.00000000	0.00000000	96.00000000
779400.00000000	0.00000000	0.00000000	96.00000000
779700.00000000	0.00000000	0.00000000	96.00000000
780000.00000000	0.00000000	0.00000000	96.00000000
780300.00000000	0.00000000	0.00000000	96.00000000
780600.00000000	0.00000000	0.00000000	96.00000000
780900.00000000	0.00000000	0.00000000	96.00000000
781200.00000000	0.00000000	0.00000000	96.00000000
781500.00000000	0.00000000	0.00000000	96.00000000
781800.00000000	0.00000000	0.00000000	96.00000000
782100.00000000	0.00000000	0.00000000	96.00000000
782400.00000000	0.00000000	0.00000000	96.00000000
782700.00000000	0.00000000	0.00000000	96.00000000
783000.00000000	0.00000000	0.00000000	96.00000000
783300.00000000	0.00000000	0.00000000	96.00000000
783600.00000000	0.00000000	0.00000000	96.00000000
783900.00000000	0.00000000	0.00000000	96.00000000
784200.00000000	0.00000000	0.00000000	96.00000000
784500.00000000	0.00000000	0.00000000	96.00000000
784800.00000000	0.00000000	0.00000000	96.00000000
785100.00000000	0.00000000	0.00000000	96.00000000
785400.00000000	0.00000000	0.00000000	96.00000000
785700.00000000	0.00000000	0.00000000	96.00000000
786000.00000000	0.00000000	0.00000000	96.00000000
786300.00000000	0.00000000	0.00000000	96.00000000
786600.00000000	0.00000000	0.00000000	96.00000000
786900.00000000	0.00000000	0.00000000	96.00000000
787200.00000000	0.00000000	0.00000000	96.00000000
787500.00000000	0.00000000	0.00000000	96.00000000
787800.00000000	0.00000000	0.00000000	96.00000000
788100.00000000	0.00000000	0.00000000	96.00000000
788400.00000000	0.00000000	0.00000000	96.00000000
788700.00000000	0.00000000	0.00000000	96.00000000
789000.00000000	0.00000000	0.00000000	96.00000000
789300.00000000	0.00000000	0.00000000	96.00000000
789600.00000000	0.00000000	0.00000000	96.00000000
789900.00000000	0.00000000	0.00000000	96.00000000
790200.00000000	0.00000000	0.00000000	96.00000000
790500.00000000	0.00000000	0.00000000	96.00000000
790800.00000000	0.00000000	0.00000000	96.00000000
791100.00000000	0.00000000	0.00000000	96.00000000
791400.00000000	0.00000000	0.00000000	96.00000000
791700.00000000	0.00000000	0.00000000	96.00000000
792000.00000000	0.00000000	0.00000000	96.00000000
792300.00000000	0.00000000	0.00000000	96.00000000
792600.00000000	0.00000000	0.00000000	96.00000000
792900.00000000	0.00000000	0.00000000	96.00000000
793200.00000000	0.00000000	0.00000000	96.00000000
793500.00000000	0.00000000	0.00000000	96.00000000
793800.00000000	0.00000000	0.00000000	96.00000000
794100.00000000	0.00000000	0.00000000	96.00000000
794400.00000000	0.00000000	0.00000000	96.00000000
794700.00000000	0.00000000	0.00000000	96.00000000
795000.00000000	0.00000000	0.00000000	96.00000000
795300.00000000	0.00000000	0.00000000	96.00000000
795600.00000000	0.00000000	0.00000000	96.00000000
795900.00000000	0.00000000	0.00000000	96.00000000
796200.00000000	0.00000000	0.00000000	96.00000000
796500.00000000	0.00000000	0.00000000	96.00000000
796800.00000000	0.00000000	0.00000000	96.00000000
797100.00000000	0.00000000	0.00000000	96.00000000
797400.00000000	0.00000000	0.00000000	96.00000000
797700.00000000	0.00000000	0.00000000	96.00000000
798000.00000000	0.00000000	0.00000000	96.00000000
798300.00000000	0.00000000	0.00000000	96.00000000
798600.00000000	0.00000000	0.00000000	96.00000000
798900.00000000	0.00000000	0.00000000	96.00000000
799200.00000000	0.00000000	0.00000000	96.00000000
799500.00000000	0.00000000	0.00000000	96.00000000
799800.00000000	0.00000000	0.00000000	96.00000000
800100.00000000	0.00000000	0.00000000	96.00000000
800400.00000000	0.00000000	0.00000000	96.00000000
800700.00000000	0.00000000	0.00000000	96.00000000
801000.00000000	0.00000000	0.00000000	96.00000000
801300.00000000	0.00000000	0.00000000	96.00000000
801600.00000000	0.00000000	0.00000000	96.00000000
801900.00000000	0.00000000	0.00000000	96.00000000
802200.00000000	0.00000000	0.00000000	96.00000000
802500.00000000	0.00000000	0.00000000	96.00000000
802800.00000000	0.00000000	0.00000000	96.00000000
803100.00000000	0.00000000	0.00000000	96.00000000
803400.00000000	0.00000000	0.00000000	96.00000000
803700.00000000	0.00000000	0.00000000	96.00000000
804000.00000000	0.00000000	0.00000000	96.00000000
804300.00000000	0.00000000	0.00000000	96.00000000
804600.00000000	0.00000000	0.00000000	96.00000000
804900.00000000	0.00000000	0.00000000	96.00000000
805200.00000000	0.00000000	0.00000000	96.00000000
805500.00000000	0.00000000	0.00000000	96.00000000
805800.00000000	0.00000000	0.00000000	96.00000000
806100.00000000	0.00000000	0.00000000	96.00000000
806400.00000000	0.00000000	0.00000000	96.00000000
806700.00000000	0.00000000	0.00000000	96.00000000
807000.00000000	0.00000000	0.00000000	96.00000000
807300.00000000	0.00000000	0.00000000	96.00000000
807600.00000000	0.00000000	0.00000000	96.00000000
807900.00000000	0.00000000	0.00000000	96.00000000
808200.00000000	0.00000000	0.00000000	96.00000000
808500.00000000	0.00000000	0.00000000	96.00000000
808800.00000000	0.00000000	0.00000000	96.00000000
809100.00000000	0.00000000	0.00000000	96.00000000
809400.00000000	0.00000000	0.00000000	96.00000000
809700.00000000	0.00000000	0.00000000	96.00000000
810000.00000000	0.00000000	0.00000000	96.00000000
810300.00000000	0.00000000	0.00000000	96.00000000
810600.00000000	0.00000000	0.00000000	96.00000000
810900.00000000	0.00000000	0.00000000	96.00000000
811200.00000000	0.00000000	0.00000000	96.00000000
811500.00000000	0.00000000	0.00000000	96.00000000
811800.00000000	0.00000000	0.00000000	96.00000000
812100.00000000	0.00000000	0.00000000	96.00000000
812400.00000000	0.00000000	0.00000000	96.00000000
812700.00000000	0.00000000	0.00000000	96.00000000
813000.00000000	0.00000000	0.00000000	96.00000000
813300.00000000	0.00000000	0.00000000	96.00000000
813600.00000000	0.00000000	0.00000000	96.00000000
813900.00000000	0.00000000	0.00000000	96.00000000
814200.00000000	0.00000000	0.00000000	96.00000000
814500.00000000	0.00000000	0.00000000	96.00000000
814800.00000000	0.00000000	0.00000000	96.00000000
815100.00000000	0.00000000	0.00000000	96.00000000
815400.00000000	0.00000000	0.00000000	96.00000000
815700.00000000	0.00000000	0.00000000	96.00000000
816000.00000000	0.00000000	0.00000000	96.00000000
816300.00000000	0.00000000	0.00000000	96.00000000
816600.00000000	0.00000000	0.00000000	96.00000000
816900.00000000	0.00000000	0.00000000	96.00000000
817200.00000000	0.00000000	0.00000000	96.00000000
817500.00000000	0.00000000	0.00000000	96.00000000
817800.00000000	0.00000000	0.00000000	96.00000000
818100.00000000	0.00000000	0.00000000	96.00000000
818400.00000000	0.00000000	0.00000000	96.00000000
818700.00000000	0.00000000	0.00000000	96.00000000
819000.00000000	0.00000000	0.00000000	96.00000000
819300.00000000	0.00000000	0.00000000	96.00000000
819600.00000000	0.00000000	0.00000000	96.00000000
819900.00000000	0.00000000	0.00000000	96.00000000
820200.00000000	0.00000000	0.00000000	96.00000000
820500.00000000	0.00000000	0.00000000	96.00000000
820800.00000000	0.00000000	0.00000000	96.00000000
821100.00000000	0.00000000	0.00000000	96.00000000
821400.00000000	0.00000000	0.00000000	96.00000000
821700.00000000	0.00000000	0.00000000	96.00000000
822000.00000000	0.00000000	0.00000000	96.00000000
822300.00000000	0.00000000	0.00000000	96.00000000
822600.00000000	0.00000000	0.00000000	96.00000000
822900.00000000	0.00000000	0.00000000	96.00000000
823200.00000000	0.00000000	0.00000000	96.00000000
823500.00000000	0.00000000	0.00000000	96.00000000
823800.00000000	0.00000000	0.00000000	96.00000000
824100.00000000	0.00000000	0.00000000	96.00000000
824400.00000000	0.00000000	0.00000000	96.00000000
824700.00000000	0.00000000	0.00000000	96.00000000
825000.00000000	0.00000000	0.00000000	96.00000000
825300.00000000	0.00000000	0.00000000	96.00000000
825600.00000000	0.00000000	0.00000000	96.00000000
825900.00000000	0.00000000	0.00000000	96.00000000
826200.00000000	0.00000000	0.00000000	96.00000000
826500.00000000	0.00000000	0.00000000	96.00000000
826800.00000000	0.00000000	0.00000000	96.00000000
827100.00000000	0.00000000	0.00000000	96.00000000
827400.00000000	0.00000000	0.00000000	96.00000000
827700.00000000	0.00000000	0.00000000	96.00000000
828000.00000000	0.00000000	0.00000000	96.00000000
828300.00000000	0.00000000	0.00000000	96.00000000
828600.00000000	0.00000000	0.00000000	96.00000000
828900.00000000	0.00000000	0.00000000	96.00000000
829200.00000000	0.00000000	0.00000000	96.00000000
829500.00000000	0.00000000	0.00000000	96.00000000
829800.00000000	0.00000000	0.00000000	96.00000000
830100.00000000	0.00000000	0.00000000	96.00000000
830400.00000000	0.00000000	0.00000000	96.00000000
830700.00000000	0.00000000	0.00000000	96.00000000
831000.00000000	0.00000000	0.00000000	96.00000000
831300.00000000	0.00000000	0.00000000	96.00000000
831600.00000000	0.00000000	0.00000000	96.00000000
831900.00000000	0.00000000	0.00000000	96.00000000
832200.00000000	0.00000000	0.00000000	96.00000000
832500.00000000	0.00000000	0.00000000	96.00000000
832800.00000000	0.00000000	0.00000000	96.00000000
833100.00000000	0.00000000	0.00000000	96.00000000
833400.00000000	0.00000000	0.00000000	96.00000000
833700.00000000	0.00000000	0.00000000	96.00000000
834000.00000000	0.00000000	0.00000000	96.00000000
834300.00000000	0.00000000	0.00000000	96.00000000
834600.00000000	0.00000000	0.00000000	96.00000000
834900.00000000	0.00000000	0.00000000	96.00000000
835200.00000000	0.00000000	0.00000000	96.00000000
835500.00000000	0.00000000	0.00000000	96.00000000
835800.00000000	0.00000000	0.00000000	96.00000000
836100.00000000	0.00000000	0.00000000	96.00000000
836400.00000000	0.00000000	0.00000000	96.00000000
836700.00000000	0.00000000	0.00000000	96.00000000
837000.00000000	0.00000000	0.00000000	96.00000000
837300.00000000	0.00000000	0.00000000	96.00000000
837600.00000000	0.00000000	0.00000000	96.00000000
837900.00000000	0.00000000	0.00000000	96.00000000
838200.00000000	0.00000000	0.00000000	96.00000000
838500.00000000	0.00000000	0.00000000	96.00000000
838800.00000000	0.00000000	0.00000000	96.00000000
839100.00000000	0.00000000	0.00000000	96.00000000
839400.00000000	0.00000000	0.00000000	96.00000000
839700.00000000	0.00000000	0.00000000	96.00000000
840000.00000000	0.00000000	0.00000000	96.00000000
840300.00000000	0.00000000	0.00000000	96.00000000
840600.00000000	0.00000000	0.00000000	96.00000000
840900.00000000	0.00000000	0.00000000	96.00000000
841200.00000000	0.00000000	0.00000000	96.00000000
841500.00000000	0.00000000	0.00000000	96.00000000
841800.00000000	0.00000000	0.00000000	96.00000000
842100.00000000	0.00000000	0.00000000	96.00000000
842400.00000000	0.00000000	0.00000000	96.00000000
842700.00000000	0.00000000	0.00000000	96.00000000
843000.00000000	0.00000000	0.00000000	96.00000000
843300.00000000	0.00000000	0.00000000	96.00000000
843600.00000000	0.00000000	0.00000000	96.00000000
843900.00000000	0.00000000	0.00000000	96.00000000
844200.00000000	0.00000000	0.00000000	96.00000000
844500.00000000	0.00000000	0.00000000	96.00000000
844800.00000000	0.00000000	0.00000000	96.00000000
845100.00000000	0.00000000	0.00000000	96.00000000
845400.00000000	0.00000000	0.00000000	96.00000000
845700.00000000	0.00000000	0.00000000	96.00000000
846000.00000000	0.00000000	0.00000000	96.00000000
846300.00000000	0.00000000	0.00000000	96.00000000
846600.00000000	0.00000000	0.00000000	96.00000000
846900.00000000	0.00000000	0.00000000	96.00000000
847200.00000000	0.00000000	0.00000000	96.00000000
847500.00000000	0.00000000	0.00000000	96.00000000
847800.00000000	0.00000000	0.00000000	96.00000000
848100.00000000	0.00000000	0.00000000	96.00000000
848400.00000000	0.00000000	0.00000000	96.00000000
848700.00000000	0.00000000	0.00000000	96.00000000
849000.00000000	0.00000000	0.00000000	96.00000000
849300.00000000	0.00000000	0.00000000	96.00000000
849600.00000000	0.00000000	0.00000000	96.00000000
849900.00000000	0.00000000	0.00000000	96.00000000
850200.00000000	0.00000000	0.00000000	96.00000000
850500.00000000	0.00000000	0.00000000	96.00000000
850800.00000000	0.00000000	0.00000000	96.00000000
851100.00000000	0.00000000	0.00000000	96.00000000
851400.00000000	0.00000000	0.00000000	96.00000000
851700.00000000	0.00000000	0.00000000	96.00000000
852000.00000000	0.00000000	0.00000000	96.00000000
852300.00000000	0.00000000	0.00000000	96.00000000
852600.00000000	0.00000000	0.00000000	96.00000000
852900.00000000	0.00000000	0.00000000	96.00000000
853200.00000000	0.00000000	0.00000000	96.00000000
853500.00000000	0.00000000	0.00000000	96.00000000
853800.00000000	0.00000000	0.00000000	96.00000000
854100.00000000	0.00000000	0.00000000	96.00000000
854400.00000000	0.00000000	0.00000000	96.00000000
854700.00000000	0.00000000	0.00000000	96.00000000
855000.00000000	0.00000000	0.00000000	96.00000000
855300.00000000	0.00000000	0.00000000	96.00000000
855600.00000000	0.00000000	0.00000000	96.00000000
855900.00000000	0.00000000	0.00000000	96.00000000
856200.00000000	0.00000000	0.00000000	96.00000000
856500.00000000	0.00000000	0.00000000	96.00000000
856800.00000000	0.00000000	0.00000000	96.00000000
857100.00000000	0.00000000	0.00000000	96.00000000
857400.00000000	0.00000000	0.00000000	96.00000000
857700.00000000	0.00000000	0.00000000	96.00000000
858000.00000000	0.00000000	0.00000000	96.00000000
858300.00000000	0.00000000	0.00000000	96.00000000
858600.00000000	0.00000000	0.00000000	96.00000000
858900.00000000	0.00000000	0.00000000	96.00000000
859200.00000000	0.00000000	0.00000000	96.00000000
859500.00000000	0.00000000	0.00000000	96.00000000
859800.00000000	0.00000000	0.00000000	96.00000000
860100.00000000	0.00000000	0.00000000	96.00000000
860400.00000000	0.00000000	0.00000000	96.00000000
860700.00000000	0.00000000	0.00000000	96.00000000
861000.00000000	0.00000000	0.00000000	96.00000000
861300.00000000	0.00000000	0.00000000	96.00000000
861600.00000000	0.00000000	0.00000000	96.00000000
861900.00000000	0.00000000	0.00000000	96.00000000
862200.00000000	0.00000000	0.00000000	96.00000000
862500.00000000	0.00000000	0.00000000	96.00000000
862800.00000000	0.00000000	0.00000000	96.00000000
863100.00000000	0.00000000	0.00000000	96.00000000
863400.00000000	0.00000000	0.00000000	96.00000000
863700.00000000	0.00000000	0.00000000	96.00000000
864000.00000000	0.00000000	0.00000000	96.00000000
864300.00000000	0.00000000	0.00000000	96.00000000
864600.00000000	0.00000000	0.00000000	96.00000000
864900.00000000	0.00000000	0.00000000	96.00000000
865200.00000000	0.00000000	0.00000000	96.00000000
865500.00000000	0.00000000	0.00000000	96.00000000
865800.00000000	0.00000000	0.00000000	96.00000000
866100.00000000	0.00000000	0.00000000	96.00000000
866400.00000000	0.00000000	0.00000000	96.00000000
866700.00000000	0.00000000	0.00000000	96.00000000
867000.00000000	0.00000000	0.00000000	96.00000000
867300.00000000	0.00000000	0.00000000	96.00000000
867600.00000000	0.00000000	0.00000000	96.00000000
867900.00000000	0.00000000	0.00000000	96.00000000
868200.00000000	0.00000000	0.00000000	96.00000000
868500.00000000	0.00000000	0.00000000	96.00000000
868800.00000000	0.00000000	0.00000000	96.00000000
869100.00000000	0.00000000	0.00000000	96.00000000
869400.00000000	0.00000000	0.00000000	96.00000000
869700.00000000	0.00000000	0.00000000	96.00000000
870000.00000000	0.00000000	0.00000000	96.00000000
870300.00000000	0.00000000	0.00000000	96.00000000
870600.00000000	0.00000000	0.00000000	96.00000000
870900.00000000	0.00000000	0.00000000	96.00000000
871200.00000000	0.00000000	0.00000000	96.00000000
871500.00000000	0.00000000	0.00000000	96.00000000
871800.00000000	0.00000000	0.00000000	96.00000000
872100.00000000	0.00000000	0.00000000	96.00000000
872400.00000000	0.00000000	0.00000000	96.00000000
872700.00000000	0.00000000	0.00000000	96.00000000
873000.00000000	0.00000000	0.00000000	96.00000000
873300.00000000	0.00000000	0.00000000	96.00000000
873600.00000000	0.00000000	0.00000000	96.00000000
873900.00000000	0.00000000	0.00000000	96.00000000
874200.00000000	0.00000000	0.00000000	96.00000000
874500.00000000	0.00000000	0.00000000	96.00000000
874800.00000000	0.00000000	0.00000000	96.00000000
875100.00000000	0.00000000	0.00000000	96.00000000
875400.00000000	0.00000000	0.00000000	96.00000000
875700.00000000	0.00000000	0.00000000	96.00000000
876000.00000000	0.00000000	0.00000000	96.00000000
876300.00000000	0.00000000	0.00000000	96.00000000
876600.00000000	0.00000000	0.00000000	96.00000000
876900.00000000	0.00000000	0.00000000	96.00000000
877200.00000000	0.00000000	0.00000000	96.00000000
877500.00000000	0.00000000	0.00000000	96.00000000
877800.00000000	0.00000000	0.00000000	96.00000000
878100.00000000	0.00000000	0.00000000	96.00000000
878400.00000000	0.00000000	0.00000000	96.00000000
878700.00000000	0.00000000	0.00000000	96.00000000
879000.00000000	0.00000000	0.00000000	96.00000000
879300.00000000	0.00000000	0.00000000	96.00000000
879600.00000000	0.00000000	0.00000000	96.00000000
879900.00000000	0.00000000	0.00000000	96.00000000
880200.00000000	0.00000000	0.00000000	96.00000000
880500.00000000	0.00000000	0.00000000	96.00000000
880800.00000000	0.00000000	0.00000000	96.00000000
881100.00000000	0.00000000	0.00000000	96.00000000
881400.00000000	0.00000000	0.00000000	96.00000000
881700.00000000	0.00000000	0.00000000	96.00000000
882000.00000000	0.00000000	0.00000000	96.00000000
882300.00000000	0.00000000	0.00000000	96.00000000
882600.00000000	0.00000000	0.00000000	96.00000000
882900.00000000	0.00000000	0.00000000	96.00000000
883200.00000000	0.00000000	0.00000000	96.00000000
883500.00000000	0.00000000	0.00000000	96.00000000
883800.00000000	0.00000000	0.00000000	96.00000000
884100.00000000	0.00000000	0.00000000	96.00000000
884400.00000000	0.00000000	0.00000000	96.00000000
884700.00000000	0.00000000	0.00000000	96.00000000
885000.00000000	0.00000000	0.00000000	96.00000000
885300.00000000	0.00000000	0.00000000	96.00000000
885600.00000000	0.00000000	0.00000000	96.00000000
885900.00000000	0.00000000	0.00000000	96.00000000
886200.00000000	0.00000000	0.00000000	96.00000000
886500.00000000	0.00000000	0.00000000	96.00000000
886800.00000000	0.00000000	0.00000000	96.00000000
887100.00000000	0.00000000	0.00000000	96.00000000
887400.00000000	0.00000000	0.00000000	96.00000000
887700.00000000	0.00000000	0.00000000	96.00000000
888000.00000000	0.00000000	0.00000000	96.00000000
888300.00000000	0.00000000	0.00000000	96.00000000
888600.00000000	0.00000000	0.00000000	96.00000000
888900.00000000	0.00000000	0.00000000	96.00000000
889200.00000000	0.00000000	0.00000000	96.00000000
889500.00000000	0.00000000	0.00000000	96.00000000
889800.00000000	0.00000000	0.00000000	96.00000000
890100.00000000	0.00000000	0.00000000	96.00000000
890400.00000000	0.00000000	0.00000000	96.00000000
890700.00000000	0.00000000	0.00000000	96.00000000
891000.00000000	0.00000000	0.00000000	96.00000000
891300.00000000	0.00000000	0.00000000	96.00000000
891600.00000000	0.00000000	0.00000000	96.00000000
891900.00000000	0.00000000	0.00000000	96.00000000
892200.00000000	0.00000000	0.00000000	96.00000000
892500.00000000	0.00000000	0.00000000	96.00000000
892800.00000000	0.00000000	0.00000000	96.00000000
893100.00000000	0.00000000	0.00000000	96.00000000
893400.00000000	0.00000000	0.00000000	96.00000000
893700.00000000	0.00000000	0.00000000	96.00000000
894000.00000000	0.00000000	0.00000000	96.00000000
894300.00000000	0.00000000	0.00000000	96.00000000
894600.00000000	0.00000000	0.00000000	96.00000000
894900.00000000	0.00000000	0.00000000	96.00000000
895200.00000000	0.00000000	0.00000000	96.00000000
895500.00000000	0.00000000	0.00000000	96.00000000
895800.00000000	0.00000000	0.00000000	96.00000000
896100.00000000	0.00000000	0.00000000	96.00000000
896400.00000000	0.00000000	0.00000000	96.00000000
896700.00000000	0.00000000	0.00000000	96.00000000
897000.00000000	0.00000000	0.00000000	96.00000000
897300.00000000	0.00000000	0.00000000	96.00000000
897600.00000000	0.00000000	0.00000000	96.00000000
897900.00000000	0.00000000	0.00000000	96.00000000
898200.00000000	0.00000000	0.00000000	96.00000000
898500.00000000	0.00000000	0.00000000	96.00000000
898800.00000000	0.00000000	0.00000000	96.00000000
899100.00000000	0.00000000	0.00000000	96.00000000
899400.00000000	0.00000000	0.00000000	96.00000000
899700.00000000	0.00000000	0.00000000	96.00000000
900000.00000000	0.00000000	0.00000000	96.00000000
900300.00000000	0.00000000	0.00000000	96.00000000
900600.00000000	0.00000000	0.00000000	96.00000000
900900.00000000	0.00000000	0.00000000	96.00000000
901200.00000000	0.00000000	0.00000000	96.00000000
901500.00000000	0.00000000	0.00000000	96.00000000
901800.00000000	0.00000000	0.00000000	96.00000000
902100.00000000	0.00000000	0.00000000	96.00000000
902400.00000000	0.00000000	0.00000000	96.00000000
902700.00000000	0.00000000	0.00000000	96.00000000
903000.00000000	0.00000000	0.00000000	96.00000000
903300.00000000	0.00000000	0.00000000	96.00000000
903600.00000000	0.00000000	0.00000000	96.00000000
903900.00000000	0.00000000	0.00000000	96.00000000
904200.00000000	0.00000000	0.00000000	96.00000000
904500.00000000	0.00000000	0.00000000	96.00000000
904800.00000000	0.00000000	0.00000000	96.00000000
905100.00000000	0.00000000	0.00000000	96.00000000
905400.00000000	0.00000000	0.00000000	96.00000000
905700.00000000	0.00000000	0.00000000	96.00000000
906000.00000000	0.00000000	0.00000000	96.00000000
906300.00000000	0.00000000	0.00000000	96.00000000
906600.00000000	0.00000000	0.00000000	96.00000000
906900.00000000	0.00000000	0.00000000	96.00000000
907200.00000000	0.00000000	0.00000000	96.00000000
907500.00000000	0.00000000	0.00000000	96.00000000
907800.00000000	0.00000000	0.00000000	96.00000000
908100.00000000	0.00000000	0.00000000	96.00000000
908400.00000000	0.00000000	0.00000000	96.00000000
908700.00000000	0.00000000	0.00000000	96.00000000
909000.00000000	0.00000000	0.00000000	96.00000000
909300.00000000	0.00000000	0.00000000	96.00000000
909600.00000000	0.00000000	0.00000000	96.00000000
909900.00000000	0.00000000	0.00000000	96.00000000
910200.00000000	0.00000000	0.00000000	96.00000000
910500.00000000	0.00000000	0.00000000	96.00000000
910800.00000000	0.00000000	0.00000000	96.00000000
911100.00000000	0.00000000	0.00000000	96.00000000
911400.00000000	0.00000000	0.00000000	96.00000000
911700.00000000	0.00000000	0.00000000	96.00000000
912000.00000000	0.00000000	0.00000000	96.00000000
912300.00000000	0.00000000	0.00000000	96.00000000
912600.00000000	0.00000000	0.00000000	96.00000000
912900.00000000	0.00000000	0.00000000	96.00000000
913200.00000000	0.00000000	0.00000000	96.00000000
913500.00000000	0.00000000	0.00000000	96.00000000
913800.00000000	0.00000000	0.00000000	96.00000000
914100.00000000	0.00000000	0.00000000	96.00000000
914400.00000000	0.00000000	0.00000000	96.00000000
914700.00000000	0.00000000	0.00000000	96.00000000
915000.00000000	0.00000000	0.00000000	96.00000000
915300.00000000	0.00000000	0.00000000	96.00000000
915600.00000000	0.00000000	0.00000000	96.00000000
915900.00000000	0.00000000	0.00000000	96.00000000
916200.00000000	0.00000000	0.00000000	96.00000000
916500.00000000	0.00000000	0.00000000	96.00000000
916800.00000000	0.00000000	0.00000000	96.00000000
917100.00000000	0.00000000	0.00000000	96.00000000
917400.00000000	0.00000000	0.00000000	96.00000000
917700.00000000	0.00000000	0.00000000	96.00000000
918000.00000000	0.00000000	0.00000000	96.00000000
918300.00000000	0.00000000	0.00000000	96.00000000
918600.00000000	0.00000000	0.00000000	96.00000000
918900.00000000	0.00000000	0.00000000	96.00000000
919200.00000000	0.00000000	0.00000000	96.00000000
919500.00000000	0.00000000	0.00000000	96.00000000
919800.00000000	0.00000000	0.00000000	96.00000000
920100.00000000	0.00000000	0.00000000	96.00000000
920400.00000000	0.00000000	0.00000000	96.00000000
920700.00000000	0.00000000	0.00000000	96.00000000
921000.00000000	0.00000000	0.00000000	96.00000000
921300.00000000	0.00000000	0.00000000	96.00000000
921600.00000000	0.00000000	0.00000000	96.00000000
921900.00000000	0.00000000	0.00000000	96.00000000
922200.00000000	0.00000000	0.00000000	96.00000000
922500.00000000	0.00000000	0.00000000	96.00000000
922800.00000000	0.00000000	0.00000000	96.00000000
923100.00000000	0.00000000	0.00000000	96.00000000
923400.00000000	0.00000000	0.00000000	96.00000000
923700.00000000	0.00000000	0.00000000	96.00000000
924000.00000000	0.00000000	0.00000000	96.00000000
924300.00000000	0.00000000	0.00000000	96.00000000
924600.00000000	0.00000000	0.00000000	96.00000000
924900.00000000	0.00000000	0.00000000	96.00000000
925200.00000000	0.00000000	0.00000000	96.00000000
925500.00000000	0.00000000	0.00000000	96.00000000
925800.00000000	0.00000000	0.00000000	96.00000000
926100.00000000	0.00000000	0.00000000	96.00000000
926400.00000000	0.00000000	0.00000000	96.00000000
926700.00000000	0.00000000	0.00000000	96.00000000
927000.00000000	0.00000000	0.00000000	96.00000000
927300.00000000	0.00000000	0.00000000	96.00000000
927600.00000000	0.00000000	0.00000000	96.00000000
927900.00000000	0.00000000	0.00000000	96.00000000
928200.00000000	0.00000000	0.00000000	96.00000000
928500.00000000	0.00000000	0.00000000	96.00000000
928800.00000000	0.00000000	0.00000000	96.00000000
929100.00000000	0.00000000	0.00000000	96.00000000
929400.00000000	0.00000000	0.00000000	96.00000000
929700.00000000	0.00000000	0.00000000	96.00000000
930000.00000000	0.00000000	0.00000000	96.00000000
930300.00000000	0.00000000	0.00000000	96.00000000
930600.00000000	0.00000000	0.00000000	96.00000000
930900.00000000	0.00000000	0.00000000	96.00000000
931200.00000000	0.00000000	0.00000000	96.00000000
931500.00000000	0.00000000	0.00000000	96.00000000
931800.00000000	0.00000000	0.00000000	96.00000000
932100.00000000	0.00000000	0.00000000	96.00000000
932400.00000000	0.00000000	0.00000000	96.00000000
932700.00000000	0.00000000	0.00000000	96.00000000
933000.00000000	0.00000000	0.00000000	96.00000000
933300.00000000	0.00000000	0.00000000	96.00000000
933600.00000000	0.00000000	0.00000000	96.00000000
933900.00000000	0.00000000	0.00000000	96.00000000
934200.00000000	0.00000000	0.00000000	96.00000000
934500.00000000	0.00000000	0.00000000	96.00000000
934800.00000000	0.00000000	0.00000000	96.00000000
935100.00000000	0.00000000	0.00000000	96.00000000
935400.00000000	0.00000000	0.00000000	96.00000000
935700.00000000	0.00000000	0.00000000	96.00000000
936000.00000000	0.00000000	0.00000000	96.00000000
936300.00000000	0.00000000	0.00000000	96.00000000
936600.00000000	0.00000000	0.00000000	96.00000000
936900.00000000	0.00000000	0.00000000	96.00000000
937200.00000000	0.00000000	0.00000000	96.00000000
937500.00000000	0.00000000	0.00000000	96.00000000
937800.00000000	0.00000000	0.00000000	96.00000000
938100.00000000	0.00000000	0.00000000	96.00000000
938400.00000000	0.00000000	0.00000000	96.00000000
938700.00000000	0.00000000	0.00000000	96.00000000
939000.00000000	0.00000000	0.00000000	96.00000000
939300.00000000	0.00000000	0.00000000	96.00000000
939600.00000000	0.00000000	0.00000000	96.00000000
939900.00000000	0.00000000	0.00000000	96.00000000
940200.00000000	0.00000000	0.00000000	96.00000000
940500.00000000	0.00000000	0.00000000	96.00000000
940800.00000000	0.00000000	0.00000000	96.00000000
941100.00000000	0.00000000	0.00000000	96.00000000
941400.00000000	0.00000000	0.00000000	96.00000000
941700.00000000	0.00000000	0.00000000	96.00000000
942000.00000000	0.00000000	0.00000000	96.00000000
942300.00000000	0.00000000	0.00000000	96.00000000
942600.00000000	0.00000000	0.00000000	96.00000000
942900.00000000	0.00000000	0.00000000	96.00000000
943200.00000000	0.00000000	0.00000000	96.00000000
943500.00000000	0.00000000	0.00000000	96.00000000
943800.00000000	0.00000000	0.00000000	96.00000000
944100.00000000	0.00000000	0.00000000	96.00000000
944400.00000000	0.00000000	0.00000000	96.00000000
944700.00000000	0.00000000	0.00000000	96.00000000
945000.00000000	0.00000000	0.00000000	96.00000000
945300.00000000	0.00000000	0.00000000	96.00000000
945600.00000000	0.00000000	0.00000000	96.00000000
945900.00000000	0.00000000	0.00000000	96.00000000
946200.00000000	0.00000000	0.00000000	96.00000000
946500.00000000	0.00000000	0.00000000	96.00000000
946800.00000000	0.00000000	0.00000000	96.00000000
947100.00000000	0.00000000	0.00000000	96.00000000
947400.00000000	0.00000000	0.00000000	96.00000000
947700.00000000	0.00000000	0.00000000	96.00000000
948000.00000000	0.00000000	0.00000000	96.00000000
948300.00000000	0.00000000	0.00000000	96.00000000
948600.00000000	0.00000000	0.00000000	96.00000000
948900.00000000	0.00000000	0.00000000	96.00000000
949200.00000000	0.00000000	0.00000000	96.00000000
949500.00000000	0.00000000	0.00000000	96.00000000
949800.00000000	0.00000000	0.00000000	96.00000000
950100.00000000	0.00000000	0.00000000	96.00000000
950400.00000000	96.00000000	729.00000000	96.00000000
950700.00000000	0.00000000	0.00000000	96.00000000
951000.00000000	0.00000000	0.00000000	96.00000000
951300.00000000	0.00000000	0.00000000	96.00000000
951600.00000000	0.00000000	0.00000000	96.00000000
951900.00000000	0.00000000	0.00000000	96.00000000
952200.00000000	0.00000000	0.00000000	96.00000000
952500.00000000	0.00000000	0.00000000	96.00000000
952800.00000000	0.00000000	0.00000000	96.00000000
953100.00000000	0.00000000	0.00000000	96.00000000
953400.00000000	0.00000000	0.00000000	96.00000000
953700.00000000	0.00000000	0.00000000	96.00000000
954000.00000000	0.00000000	0.00000000	96.00000000
954300.00000000	0.00000000	0.00000000	96.00000000
954600.00000000	0.00000000	0.00000000	96.00000000
954900.00000000	0.00000000	0.00000000	96.00000000
955200.00000000	0.00000000	0.00000000	96.00000000
955500.00000000	0.00000000	0.00000000	96.00000000
955800.00000000	0.00000000	0.00000000	96.00000000
956100.00000000	0.00000000	0.00000000	96.00000000
956400.00000000	0.00000000	0.00000000	96.00000000
956700.00000000	0.00000000	0.00000000	96.00000000
957000.00000000	0.00000000	0.00000000	96.00000000
957300.00000000	0.00000000	0.00000000	96.00000000
957600.00000000	0.00000000	0.00000000	96.00000000
957900.00000000	0.00000000	0.00000000	96.00000000
958200.00000000	0.00000000	0.00000000	96.00000000
958500.00000000	0.00000000	0.00000000	96.00000000
958800.00000000	0.00000000	0.00000000	96.00000000
959100.00000000	0.00000000	0.00000000	96.00000000
959400.00000000	0.00000000	0.00000000	96.00000000
959700.00000000	0.00000000	0.00000000	96.00000000
960000.00000000	0.00000000	0.00000000	96.00000000
960300.00000000	0.00000000	0.00000000	96.00000000
960600.00000000	0.00000000	0.00000000	96.00000000
960900.00000000	0.00000000	0.00000000	96.00000000
961200.00000000	0.00000000	0.00000000	96.00000000
961500.00000000	0.00000000	0.00000000	96.00000000
961800.00000000	0.00000000	0.00000000	96.00000000
962100.00000000	0.00000000	0.00000000	96.00000000
962400.00000000	0.00000000	0.00000000	96.00000000
962700.00000000	0.00000000	0.00000000	96.00000000
963000.00000000	0.00000000	0.00000000	96.00000000
963300.00000000	0.00000000	0.00000000	96.00000000
963600.00000000	0.00000000	0.00000000	96.00000000
963900.00000000	0.00000000	0.00000000	96.00000000
964200.00000000	0.00000000	0.00000000	96.00000000
964500.00000000	0.00000000	0.00000000	96.00000000
964800.00000000	0.00000000	0.00000000	96.00000000
965100.00000000	0.00000000	0.00000000	96.00000000
965400.00000000	0.00000000	0.00000000	96.00000000
965700.00000000	0.00000000	0.00000000	96.00000000
966000.00000000	0.00000000	0.00000000	96.00000000
966300.00000000	0.00000000	0.00000000	96.00000000
966600.00000000	0.00000000	0.00000000	96.00000000
966900.00000000	0.00000000	0.00000000	96.00000000
967200.00000000	0.00000000	0.00000000	96.00000000
967500.00000000	0.00000000	0.00000000	96.00000000
967800.00000000	0.00000000	0.00000000	96.00000000
968100.00000000	0.00000000	0.00000000	96.00000000
968400.00000000	0.00000000	0.00000000	96.00000000
968700.00000000	0.00000000	0.00000000	96.00000000
969000.00000000	0.00000000	0.00000000	96.00000000
969300.00000000	0.00000000	0.00000000	96.00000000
969600.00000000	0.00000000	0.00000000	96.00000000
969900.00000000	0.00000000	0.00000000	96.00000000
970200.00000000	0.00000000	0.00000000	96.00000000
970500.00000000	0.00000000	0.00000000	96.00000000
970800.00000000	0.00000000	0.00000000	96.00000000
971100.00000000	0.00000000	0.00000000	96.00000000
971400.00000000	0.00000000	0.00000000	96.00000000
971700.00000000	0.00000000	0.00000000	96.00000000
972000.00000000	0.00000000	0.00000000	96.00000000
972300.00000000	0.00000000	0.00000000	96.00000000
972600.00000000	0.00000000	0.00000000	96.00000000
972900.00000000	0.00000000	0.00000000	96.00000000
973200.00000000	0.00000000	0.00000000	96.00000000
973500.00000000	0.00000000	0.00000000	96.00000000
973800.00000000	0.00000000	0.00000000	96.00000000
974100.00000000	0.00000000	0.00000000	96.00000000
974400.00000000	0.00000000	0.00000000	96.00000000
974700.00000000	0.00000000	0.00000000	96.00000000
975000.00000000	0.00000000	0.00000000	96.00000000
975300.00000000	0.00000000	0.00000000	96.00000000
975600.00000000	0.00000000	0.00000000	96.00000000
975900.00000000	0.00000000	0.00000000	96.00000000
976200.00000000	0.00000000	0.00000000	96.00000000
976500.00000000	0.00000000	0.00000000	96.00000000
976800.00000000	0.00000000	0.00000000	96.00000000
977100.00000000	0.00000000	0.00000000	96.00000000
977400.00000000	0.00000000	0.00000000	96.00000000
977700.00000000	0.00000000	0.00000000	96.00000000
978000.00000000	0.00000000	0.00000000	96.00000000
978300.00000000	0.00000000	0.00000000	96.00000000
978600.00000000	0.00000000	0.00000000	96.00000000
978900.00000000	0.00000000	0.00000000	96.00000000
979200.00000000	0.00000000	0.00000000	96.00000000
979500.00000000	0.00000000	0.00000000	96.00000000
979800.00000000	0.00000000	0.00000000	96.00000000
980100.00000000	0.00000000	0.00000000	96.00000000
980400.00000000	0.00000000	0.00000000	96.00000000
980700.00000000	0.00000000	0.00000000	96.00000000
981000.00000000	0.00000000	0.00000000	96.00000000
981300.00000000	0.00000000	0.00000000	96.00000000
981600.00000000	0.00000000	0.00000000	96.00000000
981900.00000000	0.00000000	0.00000000	96.00000000
982200.00000000	0.00000000	0.00000000	96.00000000
982500.00000000	0.00000000	0.00000000	96.00000000
982800.00000000	0.00000000	0.00000000	96.00000000
983100.00000000	0.00000000	0.00000000	96.00000000
983400.00000000	0.00000000	0.00000000	96.00000000
983700.00000000	0.00000000	0.00000000	96.00000000
984000.00000000	0.00000000	0.00000000	96.00000000
984300.00000000	0.00000000	0.00000000	96.00000000
984600.00000000	0.00000000	0.00000000	96.00000000
984900.00000000	0.00000000	0.00000000	96.00000000
985200.00000000	0.00000000	0.00000000	96.00000000
985500.00000000	0.00000000	0.00000000	96.00000000
985800.00000000	0.00000000	0.00000000	96.00000000
986100.00000000	0.00000000	0.00000000	96.00000000
986400.00000000	0.00000000	0.00000000	96.00000000
986700.00000000	0.00000000	0.00000000	96.00000000
987000.00000000	0.00000000	0.00000000	96.00000000
987300.00000000	0.00000000	0.00000000	96.00000000
987600.00000000	0.00000000	0.00000000	96.00000000
987900.00000000	0.00000000	0.00000000	96.00000000
988200.00000000	0.00000000	0.00000000	96.00000000
988500.00000000	0.00000000	0.00000000	96.00000000
988800.00000000	0.00000000	0.00000000	96.00000000
989100.00000000	0.00000000	0.00000000	96.00000000
989400.00000000	0.00000000	0.00000000	96.00000000
989700.00000000	0.00000000	0.00000000	96.00000000
990000.00000000	0.00000000	0.00000000	96.00000000
990300.00000000	0.00000000	0.00000000	96.00000000
990600.00000000	0.00000000	0.00000000	96.00000000
990900.00000000	0.00000000	0.00000000	96.00000000
991200.00000000	0.00000000	0.00000000	96.00000000
991500.00000000	0.00000000	0.00000000	96.00000000
991800.00000000	0.00000000	0.00000000	96.00000000
992100.00000000	0.00000000	0.00000000	96.00000000
992400.00000000	0.00000000	0.00000000	96.00000000
992700.00000000	0.00000000	0.00000000	96.00000000
993000.00000000	0.00000000	0.00000000	96.00000000
993300.00000000	0.00000000	0.00000000	96.00000000
993600.00000000	0.00000000	0.00000000	96.00000000
993900.00000000	0.00000000	0.00000000	96.00000000
994200.00000000	0.00000000	0.00000000	96.00000000
994500.00000000	0.00000000	0.00000000	96.00000000
994800.00000000	0.00000000	0.00000000	96.00000000
995100.00000000	0.00000000	0.00000000	96.00000000
995400.00000000	0.00000000	0.00000000	96.00000000
995700.00000000	0.00000000	0.00000000	96.00000000
996000.00000000	0.00000000	0.00000000	96.00000000
996300.00000000	0.00000000	0.00000000	96.00000000
996600.00000000	0.00000000	0.00000000	96.00000000
996900.00000000	0.00000000	0.00000000	96.00000000
997200.00000000	0.00000000	0.00000000	96.00000000
997500.00000000	0.00000000	0.00000000	96.00000000
997800.00000000	0.00000000	0.00000000	96.00000000
998100.00000000	0.00000000	0.00000000	96.00000000
998400.00000000	0.00000000	0.00000000	96.00000000
998700.00000000	0.00000000	0.00000000	96.00000000
999000.00000000	0.00000000	0.00000000	96.00000000
999300.00000000	0.00000000	0.00000000	96.00000000
999600.00000000	0.00000000	0.00000000	96.00000000
999900.00000000	0.00000000	0.00000000	96.00000000
1000200.00000000	0.00000000	0.00000000	96.00000000
1000500.00000000	0.00000000	0.00000000	96.00000000
1000800.00000000	0.00000000	0.00000000	96.00000000
1001100.00000000	0.00000000	0.00000000	96.00000000
1001400.00000000	0.00000000	0.00000000	96.00000000
1001700.00000000	0.00000000	0.00000000	96.00000000
1002000.00000000	0.00000000	0.00000000	96.00000000
1002300.00000000	0.00000000	0.00000000	96.00000000
1002600.00000000	0.00000000	0.00000000	96.00000000
1002900.00000000	0.00000000	0.00000000	96.00000000
1003200.00000000	0.00000000	0.00000000	96.00000000
1003500.00000000	0.00000000	0.00000000	96.00000000
1003800.00000000	0.00000000	0.00000000	96.00000000
1004100.00000000	0.00000000	0.00000000	96.00000000
1004400.00000000	0.00000000	0.00000000	96.00000000
1004700.00000000	0.00000000	0.00000000	96.00000000
1005000.00000000	0.00000000	0.00000000	96.00000000
1005300.00000000	0.00000000	0.00000000	96.00000000
1005600.00000000	0.00000000	0.00000000	96.00000000
1005900.00000000	0.00000000	0.00000000	96.00000000
1006200.00000000	0.00000000	0.00000000	96.00000000
1006500.00000000	0.00000000	0.00000000	96.00000000
1006800.00000000	0.00000000	0.00000000	96.00000000
1007100.00000000	0.00000000	0.00000000	96.00000000
1007400.00000000	0.00000000	0.00000000	96.00000000
1007700.00000000	0.00000000	0.00000000	96.00000000
1008000.00000000	0.00000000	0.00000000	96.00000000
1008300.00000000	0.00000000	0.00000000	96.00000000
1008600.00000000	0.00000000	0.00000000	96.00000000
1008900.00000000	0.00000000	0.00000000	96.00000000
1009200.00000000	0.00000000	0.00000000	96.00000000
1009500.00000000	0.00000000	0.00000000	96.00000000
1009800.00000000	0.00000000	0.00000000	96.00000000
1010100.00000000	0.00000000	0.00000000	96.00000000
1010400.00000000	0.00000000	0.00000000	96.00000000
1010700.00000000	0.00000000	0.00000000	96.00000000
1011000.00000000	0.00000000	0.00000000	96.00000000
1011300.00000000	0.00000000	0.00000000	96.00000000
1011600.00000000	0.00000000	0.00000000	96.00000000
1011900.00000000	0.00000000	0.00000000	96.00000000
1012200.00000000	0.00000000	0.00000000	96.00000000
1012500.00000000	0.00000000	0.00000000	96.00000000
1012800.00000000	0.00000000	0.00000000	96.00000000
1013100.00000000	0.00000000	0.00000000	96.00000000
1013400.00000000	0.00000000	0.00000000	96.00000000
1013700.00000000	0.00000000	0.00000000	96.00000000
1014000.00000000	0.00000000	0.00000000	96.00000000
1014300.00000000	0.00000000	0.00000000	96.00000000
1014600.00000000	0.00000000	0.00000000	96.00000000
1014900.00000000	0.00000000	0.00000000	96.00000000
1015200.00000000	0.00000000	0.00000000	96.00000000
1015500.00000000	0.00000000	0.00000000	96.00000000
1015800.00000000	0.00000000	0.00000000	96.00000000
1016100.00000000	0.00000000	0.00000000	96.00000000
1016400.00000000	0.00000000	0.00000000	96.00000000
1016700.00000000	0.00000000	0.00000000	96.00000000
1017000.00000000	0.00000000	0.00000000	96.00000000
1017300.00000000	0.00000000	0.00000000	96.00000000
1017600.00000000	0.00000000	0.00000000	96.00000000
1017900.00000000	0.00000000	0.00000000	96.00000000
1018200.00000000	0.00000000	0.00000000	96.00000000
1018500.00000000	0.00000000	0.00000000	96.00000000
1018800.00000000	0.00000000	0.00000000	96.00000000
1019100.00000000	0.00000000	0.00000000	96.00000000
1019400.00000000	0.00000000	0.00000000	96.00000000
1019700.00000000	0.00000000	0.00000000	96.00000000
1020000.00000000	0.00000000	0.00000000	96.00000000
1020300.00000000	0.00000000	0.00000000	96.00000000
1020600.00000000	0.00000000	0.00000000	96.00000000
1020900.00000000	0.00000000	0.00000000	96.00000000
1021200.00000000	0.00000000	0.00000000	96.00000000
1021500.00000000	0.00000000	0.00000000	96.00000000
1021800.00000000	0.00000000	0.00000000	96.00000000
1022100.00000000	0.00000000	0.00000000	96.00000000
1022400.00000000	0.00000000	0.00000000	96.00000000
1022700.00000000	0.00000000	0.00000000	96.00000000
1023000.00000000	0.00000000	0.00000000	96.00000000
1023300.00000000	0.00000000	0.00000000	96.00000000
1023600.00000000	0.00000000	0.00000000	96.00000000
1023900.00000000	0.00000000	0.00000000	96.00000000
1024200.00000000	0.00000000	0.00000000	96.00000000
1024500.00000000	0.00000000	0.00000000	96.00000000
1024800.00000000	0.00000000	0.00000000	96.00000000
1025100.00000000	0.00000000	0.00000000	96.00000000
1025400.00000000	0.00000000	0.00000000	96.00000000
1025700.00000000	0.00000000	0.00000000	96.00000000
1026000.00000000	0.00000000	0.00000000	96.00000000
1026300.00000000	0.00000000	0.00000000	96.00000000
1026600.00000000	0.00000000	0.00000000	96.00000000
1026900.00000000	0.00000000	0.00000000	96.00000000
1027200.00000000	0.00000000	0.00000000	96.00000000
1027500.00000000	0.00000000	0.00000000	96.00000000
1027800.00000000	0.00000000	0.00000000	96.00000000
1028100.00000000	0.00000000	0.00000000	96.00000000
1028400.00000000	0.00000000	0.00000000	96.00000000
1028700.00000000	0.00000000	0.00000000	96.00000000
1029000.00000000	0.00000000	0.00000000	96.00000000
1029300.00000000	0.00000000	0.00000000	96.00000000
1029600.00000000	0.00000000	0.00000000	96.00000000
1029900.00000000	0.00000000	0.00000000	96.00000000
1030200.00000000	0.00000000	0.00000000	96.00000000
1030500.00000000	0.00000000	0.00000000	96.00000000
1030800.00000000	0.00000000	0.00000000	96.00000000
1031100.00000000	0.00000000	0.00000000	96.00000000
1031400.00000000	0.00000000	0.00000000	96.00000000
1031700.00000000	0.00000000	0.00000000	96.00000000
1032000.00000000	0.00000000	0.00000000	96.00000000
1032300.00000000	0.00000000	0.00000000	96.00000000
1032600.00000000	0.00000000	0.00000000	96.00000000
1032900.00000000	0.00000000	0.00000000	96.00000000
1033200.00000000	0.00000000	0.00000000	96.00000000
1033500.00000000	0.00000000	0.00000000	96.00000000
1033800.00000000	0.00000000	0.00000000	96.00000000
1034100.00000000	0.00000000	0.00000000	96.00000000
1034400.00000000	0.00000000	0.00000000	96.00000000
1034700.00000000	0.00000000	0.00000000	96.00000000
1035000.00000000	0.00000000	0.00000000	96.00000000
1035300.00000000	0.00000000	0.00000000	96.00000000
1035600.00000000	0.00000000	0.00000000	96.00000000
1035900.00000000	0.00000000	0.00000000	96.00000000
1036200.00000000	0.00000000	0.00000000	96.00000000
1036500.00000000	0.00000000	0.00000000	96.00000000
1036800.00000000	0.00000000	0.00000000	96.00000000
1037100.00000000	0.00000000	0.00000000	96.00000000
1037400.00000000	0.00000000	0.00000000	96.00000000
1037700.00000000	0.00000000	0.00000000	96.00000000
1038000.00000000	0.00000000	0.00000000	96.00000000
1038300.00000000	0.00000000	0.00000000	96.00000000
1038600.00000000	0.00000000	0.00000000	96.00000000
1038900.00000000	0.00000000	0.00000000	96.00000000
1039200.00000000	0.00000000	0.00000000	96.00000000
1039500.00000000	0.00000000	0.00000000	96.00000000
1039800.00000000	0.00000000	0.00000000	96.00000000
1040100.00000000	0.00000000	0.00000000	96.00000000
1040400.00000000	0.00000000	0.00000000	96.00000000
1040700.00000000	0.00000000	0.00000000	96.00000000
1041000.00000000	0.00000000	0.00000000	96.00000000
1041300.00000000	0.00000000	0.00000000	96.00000000
1041600.00000000	0.00000000	0.00000000	96.00000000
1041900.00000000	0.00000000	0.00000000	96.00000000
1042200.00000000	0.00000000	0.00000000	96.00000000
1042500.00000000	0.00000000	0.00000000	96.00000000
1042800.00000000	0.00000000	0.00000000	96.00000000
1043100.00000000	0.00000000	0.00000000	96.00000000
1043400.00000000	0.00000000	0.00000000	96.00000000
1043700.00000000	0.00000000	0.00000000	96.00000000
1044000.00000000	0.00000000	0.00000000	96.00000000
1044300.00000000	0.00000000	0.00000000	96.00000000
1044600.00000000	0.00000000	0.00000000	96.00000000
1044900.00000000	0.00000000	0.00000000	96.00000000
1045200.00000000	0.00000000	0.00000000	96.00000000
1045500.00000000	0.00000000	0.00000000	96.00000000
1045800.00000000	0.00000000	0.00000000	96.00000000
1046100.00000000	0.00000000	0.00000000	96.00000000
1046400.00000000	0.00000000	0.00000000	96.00000000
1046700.00000000	0.00000000	0.00000000	96.00000000
1047000.00000000	0.00000000	0.00000000	96.00000000
1047300.00000000	0.00000000	0.00000000	96.00000000
1047600.00000000	0.00000000	0.00000000	96.00000000
1047900.00000000	0.00000000	0.00000000	96.00000000
1048200.00000000	0.00000000	0.00000000	96.00000000
1048500.00000000	0.00000000	0.00000000	96.00000000
1048800.00000000	0.00000000	0.00000000	96.00000000
1049100.00000000	0.00000000	0.00000000	96.00000000
1049400.00000000	0.00000000	0.00000000	96.00000000
1049700.00000000	0.00000000	0.00000000	96.00000000
1050000.00000000	0.00000000	0.00000000	96.00000000
1050300.00000000	0.00000000	0.00000000	96.00000000
1050600.00000000	0.00000000	0.00000000	96.00000000
1050900.00000000	0.00000000	0.00000000	96.00000000
1051200.00000000	0.00000000	0.00000000	96.00000000
1051500.00000000	0.00000000	0.00000000	96.00000000
1051800.00000000	0.00000000	0.00000000	96.00000000
1052100.00000000	0.00000000	0.00000000	96.00000000
1052400.00000000	0.00000000	0.00000000	96.00000000
1052700.00000000	0.00000000	0.00000000	96.00000000
1053000.00000000	0.00000000	0.00000000	96.00000000
1053300.00000000	0.00000000	0.00000000	96.00000000
1053600.00000000	0.00000000	0.00000000	96.00000000
1053900.00000000	0.00000000	0.00000000	96.00000000
1054200.00000000	0.00000000	0.00000000	96.00000000
1054500.00000000	0.00000000	0.00000000	96.00000000
1054800.00000000	0.00000000	0.00000000	96.00000000
1055100.00000000	0.00000000	0.00000000	96.00000000
1055400.00000000	0.00000000	0.00000000	96.00000000
1055700.00000000	0.00000000	0.00000000	96.00000000
1056000.00000000	0.00000000	0.00000000	96.00000000
1056300.00000000	0.00000000	0.00000000	96.00000000
1056600.00000000	0.00000000	0.00000000	96.00000000
1056900.00000000	0.00000000	0.00000000	96.00000000
1057200.00000000	0.00000000	0.00000000	96.00000000
1057500.00000000	0.00000000	0.00000000	96.00000000
1057800.00000000	0.00000000	0.00000000	96.00000000
1058100.00000000	0.00000000	0.00000000	96.00000000
1058400.00000000	0.00000000	0.00000000	96.00000000
1058700.00000000	0.00000000	0.00000000	96.00000000
1059000.00000000	0.00000000	0.00000000	96.00000000
1059300.00000000	0.00000000	0.00000000	96.00000000
1059600.00000000	0.00000000	0.00000000	96.00000000
1059900.00000000	0.00000000	0.00000000	96.00000000
1060200.00000000	0.00000000	0.00000000	96.00000000
1060500.00000000	0.00000000	0.00000000	96.00000000
1060800.00000000	0.00000000	0.00000000	96.00000000
1061100.00000000	0.00000000	0.00000000	96.00000000
1061400.00000000	0.00000000	0.00000000	96.00000000
1061700.00000000	0.00000000	0.00000000	96.00000000
1062000.00000000	0.00000000	0.00000000	96.00000000
1062300.00000000	0.00000000	0.00000000	96.00000000
1062600.00000000	0.00000000	0.00000000	96.00000000
1062900.00000000	0.00000000	0.00000000	96.00000000
1063200.00000000	0.00000000	0.00000000	96.00000000
1063500.00000000	0.00000000	0.00000000	96.00000000
1063800.00000000	0.00000000	0.00000000	96.00000000
1064100.00000000	0.00000000	0.00000000	96.00000000
1064400.00000000	0.00000000	0.00000000	96.00000000
1064700.00000000	0.00000000	0.00000000	96.00000000
1065000.00000000	0.00000000	0.00000000	96.00000000
1065300.00000000	0.00000000	0.00000000	96.00000000
1065600.00000000	0.00000000	0.00000000	96.00000000
1065900.00000000	0.00000000	0.00000000	96.00000000
1066200.00000000	0.00000000	0.00000000	96.00000000
1066500.00000000	0.00000000	0.00000000	96.00000000
1066800.00000000	0.00000000	0.00000000	96.00000000
1067100.00000000	0.00000000	0.00000000	96.00000000
1067400.00000000	0.00000000	0.00000000	96.00000000
1067700.00000000	0.00000000	0.00000000	96.00000000
1068000.00000000	0.00000000	0.00000000	96.00000000
1068300.00000000	0.00000000	0.00000000	96.00000000
1068600.00000000	0.00000000	0.00000000	96.00000000
1068900.00000000	0.00000000	0.00000000	96.00000000
1069200.00000000	0.00000000	0.00000000	96.00000000
1069500.00000000	0.00000000	0.00000000	96.00000000
1069800.00000000	0.00000000	0.00000000	96.00000000
1070100.00000000	0.00000000	0.00000000	96.00000000
1070400.00000000	0.00000000	0.00000000	96.00000000
1070700.00000000	0.00000000	0.00000000	96.00000000
1071000.00000000	0.00000000	0.00000000	96.00000000
1071300.00000000	0.00000000	0.00000000	96.00000000
1071600.00000000	0.00000000	0.00000000	96.00000000
1071900.00000000	0.00000000	0.00000000	96.00000000
1072200.00000000	0.00000000	0.00000000	96.00000000
1072500.00000000	0.00000000	0.00000000	96.00000000
1072800.00000000	0.00000000	0.00000000	96.00000000
1073100.00000000	0.00000000	0.00000000	96.00000000
1073400.00000000	0.00000000	0.00000000	96.00000000
1073700.00000000	0.00000000	0.00000000	96.00000000
1074000.00000000	0.00000000	0.00000000	96.00000000
1074300.00000000	0.00000000	0.00000000	96.00000000
1074600.00000000	0.00000000	0.00000000	96.00000000
1074900.00000000	0.00000000	0.00000000	96.00000000
1075200.00000000	0.00000000	0.00000000	96.00000000
1075500.00000000	0.00000000	0.00000000	96.00000000
1075800.00000000	0.00000000	0.00000000	96.00000000
1076100.00000000	0.00000000	0.00000000	96.00000000
1076400.00000000	0.00000000	0.00000000	96.00000000
1076700.00000000	0.00000000	0.00000000	96.00000000
1077000.00000000	0.00000000	0.00000000	96.00000000
1077300.00000000	0.00000000	0.00000000	96.00000000
1077600.00000000	0.00000000	0.00000000	96.00000000
1077900.00000000	0.00000000	0.00000000	96.00000000
1078200.00000000	0.00000000	0.00000000	96.00000000
1078500.00000000	0.00000000	0.00000000	96.00000000
1078800.00000000	0.00000000	0.00000000	96.00000000
1079100.00000000	0.00000000	0.00000000	96.00000000
1079400.00000000	0.00000000	0.00000000	96.00000000
1079700.00000000	0.00000000	0.00000000	96.00000000
1080000.00000000	0.00000000	0.00000000	96.00000000
1080300.00000000	0.00000000	0.00000000	96.00000000
1080600.00000000	0.00000000	0.00000000	96.00000000
1080900.00000000	0.00000000	0.00000000	96.00000000
1081200.00000000	0.00000000	0.00000000	96.00000000
1081500.00000000	0.00000000	0.00000000	96.00000000
1081800.00000000	0.00000000	0.00000000	96.00000000
1082100.00000000	0.00000000	0.00000000	96.00000000
1082400.00000000	0.00000000	0.00000000	96.00000000
1082700.00000000	0.00000000	0.00000000	96.00000000
1083000.00000000	0.00000000	0.00000000	96.00000000
1083300.00000000	0.00000000	0.00000000	96.00000000
1083600.00000000	0.00000000	0.00000000	96.00000000
1083900.00000000	0.00000000	0.00000000	96.00000000
1084200.00000000	0.00000000	0.00000000	96.00000000
1084500.00000000	0.00000000	0.00000000	96.00000000
1084800.00000000	0.00000000	0.00000000	96.00000000
1085100.00000000	0.00000000	0.00000000	96.00000000
1085400.00000000	0.00000000	0.00000000	96.00000000
1085700.00000000	0.00000000	0.00000000	96.00000000
1086000.00000000	0.00000000	0.00000000	96.00000000
1086300.00000000	0.00000000	0.00000000	96.00000000
1086600.00000000	0.00000000	0.00000000	96.00000000
1086900.00000000	0.00000000	0.00000000	96.00000000
1087200.00000000	0.00000000	0.00000000	96.00000000
1087500.00000000	0.00000000	0.00000000	96.00000000
1087800.00000000	0.00000000	0.00000000	96.00000000
1088100.00000000	0.00000000	0.00000000	96.00000000
1088400.00000000	0.00000000	0.00000000	96.00000000
1088700.00000000	0.00000000	0.00000000	96.00000000
1089000.00000000	0.00000000	0.00000000	96.00000000
1089300.00000000	0.00000000	0.00000000	96.00000000
1089600.00000000	0.00000000	0.00000000	96.00000000
1089900.00000000	0.00000000	0.00000000	96.00000000
1090200.00000000	0.00000000	0.00000000	96.00000000
1090500.00000000	0.00000000	0.00000000	96.00000000
1090800.00000000	0.00000000	0.00000000	96.00000000
1091100.00000000	0.00000000	0.00000000	96.00000000
1091400.00000000	0.00000000	0.00000000	96.00000000
1091700.00000000	0.00000000	0.00000000	96.00000000
1092000.00000000	0.00000000	0.00000000	96.00000000
1092300.00000000	0.00000000	0.00000000	96.00000000
1092600.00000000	0.00000000	0.00000000	96.00000000
1092900.00000000	0.00000000	0.00000000	96.00000000
1093200.00000000	0.00000000	0.00000000	96.00000000
1093500.00000000	0.00000000	0.00000000	96.00000000
1093800.00000000	0.00000000	0.00000000	96.00000000
1094100.00000000	0.00000000	0.00000000	96.00000000
1094400.00000000	0.00000000	0.00000000	96.00000000
1094700.00000000	0.00000000	0.00000000	96.00000000
1095000.00000000	0.00000000	0.00000000	96.00000000
1095300.00000000	0.00000000	0.00000000	96.00000000
1095600.00000000	0.00000000	0.00000000	96.00000000
1095900.00000000	0.00000000	0.00000000	96.00000000
1096200.00000000	0.00000000	0.00000000	96.00000000
1096500.00000000	0.00000000	0.00000000	96.00000000
1096800.00000000	0.00000000	0.00000000	96.00000000
1097100.00000000	0.00000000	0.00000000	96.00000000
1097400.00000000	0.00000000	0.00000000	96.00000000
1097700.00000000	0.00000000	0.00000000	96.00000000
1098000.00000000	0.00000000	0.00000000	96.00000000
1098300.00000000	0.00000000	0.00000000	96.00000000
1098600.00000000	0.00000000	0.00000000	96.00000000
1098900.00000000	0.00000000	0.00000000	96.00000000
1099200.00000000	0.00000000	0.00000000	96.00000000
1099500.00000000	0.00000000	0.00000000	96.00000000
1099800.00000000	0.00000000	0.00000000	96.00000000
1100100.00000000	0.00000000	0.00000000	96.00000000
1100400.00000000	0.00000000	0.00000000	96.00000000
1100700.00000000	0.00000000	0.00000000	96.00000000
1101000.00000000	0.00000000	0.00000000	96.00000000
1101300.00000000	0.00000000	0.00000000	96.00000000
1101600.00000000	0.00000000	0.00000000	96.00000000
1101900.00000000	0.00000000	0.00000000	96.00000000
1102200.00000000	0.00000000	0.00000000	96.00000000
1102500.00000000	0.00000000	0.00000000	96.00000000
1102800.00000000	0.00000000	0.00000000	96.00000000
1103100.00000000	0.00000000	0.00000000	96.00000000
1103400.00000000	0.00000000	0.00000000	96.00000000
1103700.00000000	0.00000000	0.00000000	96.00000000
1104000.00000000	0.00000000	0.00000000	96.00000000
1104300.00000000	0.00000000	0.00000000	96.00000000
1104600.00000000	0.00000000	0.00000000	96.00000000
1104900.00000000	0.00000000	0.00000000	96.00000000
1105200.00000000	0.00000000	0.00000000	96.00000000
1105500.00000000	0.00000000	0.00000000	96.00000000
1105800.00000000	0.00000000	0.00000000	96.00000000
1106100.00000000	0.00000000	0.00000000	96.00000000
1106400.00000000	0.00000000	0.00000000	96.00000000
1106700.00000000	0.00000000	0.00000000	96.00000000
1107000.00000000	0.00000000	0.00000000	96.00000000
1107300.00000000	0.00000000	0.00000000	96.00000000
1107600.00000000	0.00000000	0.00000000	96.00000000
1107900.00000000	0.00000000	0.00000000	96.00000000
1108200.00000000	0.00000000	0.00000000	96.00000000
1108500.00000000	0.00000000	0.00000000	96.00000000
1108800.00000000	0.00000000	0.00000000	96.00000000
1109100.00000000	0.00000000	0.00000000	96.00000000
1109400.00000000	0.00000000	0.00000000	96.00000000
1109700.00000000	0.00000000	0.00000000	96.00000000
1110000.00000000	0.00000000	0.00000000	96.00000000
1110300.00000000	0.00000000	0.00000000	96.00000000
1110600.00000000	0.00000000	0.00000000	96.00000000
1110900.00000000	0.00000000	0.00000000	96.00000000
1111200.00000000	0.00000000	0.00000000	96.00000000
1111500.00000000	0.00000000	0.00000000	96.00000000
1111800.00000000	0.00000000	0.00000000	96.00000000
1112100.00000000	0.00000000	0.00000000	96.00000000
1112400.00000000	0.00000000	0.00000000	96.00000000
1112700.00000000	0.00000000	0.00000000	96.00000000
1113000.00000000	0.00000000	0.00000000	96.00000000
1113300.00000000	0.00000000	0.00000000	96.00000000
1113600.00000000	0.00000000	0.00000000	96.00000000
1113900.00000000	0.00000000	0.00000000	96.00000000
1114200.00000000	0.00000000	0.00000000	96.00000000
1114500.00000000	0.00000000	0.00000000	96.00000000
1114800.00000000	0.00000000	0.00000000	96.00000000
1115100.00000000	0.00000000	0.00000000	96.00000000
1115400.00000000	0.00000000	0.00000000	96.00000000
1115700.00000000	0.00000000	0.00000000	96.00000000
1116000.00000000	0.00000000	0.00000000	96.00000000
1116300.00000000	0.00000000	0.00000000	96.00000000
1116600.00000000	0.00000000	0.00000000	96.00000000
1116900.00000000	0.00000000	0.00000000	96.00000000
1117200.00000000	0.00000000	0.00000000	96.00000000
1117500.00000000	0.00000000	0.00000000	96.00000000
1117800.00000000	0.00000000	0.00000000	96.00000000
1118100.00000000	0.00000000	0.00000000	96.00000000
1118400.00000000	0.00000000	0.00000000	96.00000000
1118700.00000000	0.00000000	0.00000000	96.00000000
1119000.00000000	0.00000000	0.00000000	96.00000000
1119300.00000000	0.00000000	0.00000000	96.00000000
1119600.00000000	0.00000000	0.00000000	96.00000000
1119900.00000000	0.00000000	0.00000000	96.00000000
1120200.00000000	0.00000000	0.00000000	96.00000000
1120500.00000000	0.00000000	0.00000000	96.00000000
1120800.00000000	0.00000000	0.00000000	96.00000000
1121100.00000000	0.00000000	0.00000000	96.00000000
1121400.00000000	0.00000000	0.00000000	96.00000000
1121700.00000000	0.00000000	0.00000000	96.00000000
1122000.00000000	0.00000000	0.00000000	96.00000000
1122300.00000000	0.00000000	0.00000000	96.00000000
1122600.00000000	0.00000000	0.00000000	96.00000000
1122900.00000000	0.00000000	0.00000000	96.00000000
1123200.00000000	0.00000000	0.00000000	96.00000000
1123500.00000000	0.00000000	0.00000000	96.00000000
1123800.00000000	0.00000000	0.00000000	96.00000000
1124100.00000000	0.00000000	0.00000000	96.00000000
1124400.00000000	0.00000000	0.00000000	96.00000000
1124700.00000000	0.00000000	0.00000000	96.00000000
1125000.00000000	0.00000000	0.00000000	96.00000000
1125300.00000000	0.00000000	0.00000000	96.00000000
1125600.00000000	0.00000000	0.00000000	96.00000000
1125900.00000000	0.00000000	0.00000000	96.00000000
1126200.00000000	0.00000000	0.00000000	96.00000000
1126500.00000000	0.00000000	0.00000000	96.00000000
1126800.00000000	0.00000000	0.00000000	96.00000000
1127100.00000000	0.00000000	0.00000000	96.00000000
1127400.00000000	0.00000000	0.00000000	96.00000000
1127700.00000000	0.00000000	0.00000000	96.00000000
1128000.00000000	0.00000000	0.00000000	96.00000000
1128300.00000000	0.00000000	0.00000000	96.00000000
1128600.00000000	0.00000000	0.00000000	96.00000000
1128900.00000000	0.00000000	0.00000000	96.00000000
1129200.00000000	0.00000000	0.00000000	96.00000000
1129500.00000000	0.00000000	0.00000000	96.00000000
1129800.00000000	0.00000000	0.00000000	96.00000000
1130100.00000000	0.00000000	0.00000000	96.00000000
1130400.00000000	0.00000000	0.00000000	96.00000000
1130700.00000000	0.00000000	0.00000000	96.00000000
1131000.00000000	0.00000000	0.00000000	96.00000000
1131300.00000000	0.00000000	0.00000000	96.00000000
1131600.00000000	0.00000000	0.00000000	96.00000000
1131900.00000000	0.00000000	0.00000000	96.00000000
1132200.00000000	0.00000000	0.00000000	96.00000000
1132500.00000000	0.00000000	0.00000000	96.00000000
1132800.00000000	0.00000000	0.00000000	96.00000000
1133100.00000000	0.00000000	0.00000000	96.00000000
1133400.00000000	0.00000000	0.00000000	96.00000000
1133700.00000000	0.00000000	0.00000000	96.00000000
1134000.00000000	0.00000000	0.00000000	96.00000000
1134300.00000000	0.00000000	0.00000000	96.00000000
1134600.00000000	0.00000000	0.00000000	96.00000000
1134900.00000000	0.00000000	0.00000000	96.00000000
1135200.00000000	0.00000000	0.00000000	96.00000000
1135500.00000000	0.00000000	0.00000000	96.00000000
1135800.00000000	0.00000000	0.00000000	96.00000000
1136100.00000000	0.00000000	0.00000000	96.00000000
1136400.00000000	0.00000000	0.00000000	96.00000000
1136700.00000000	0.00000000	0.00000000	96.00000000
1137000.00000000	0.00000000	0.00000000	96.00000000
1137300.00000000	0.00000000	0.00000000	96.00000000
1137600.00000000	0.00000000	0.00000000	96.00000000
1137900.00000000	0.00000000	0.00000000	96.00000000
1138200.00000000	0.00000000	0.00000000	96.00000000
1138500.00000000	0.00000000	0.00000000	96.00000000
1138800.00000000	0.00000000	0.00000000	96.00000000
1139100.00000000	0.00000000	0.00000000	96.00000000
1139400.00000000	0.00000000	0.00000000	96.00000000
1139700.00000000	0.00000000	0.00000000	96.00000000
1140000.00000000	0.00000000	0.00000000	96.00000000
1140300.00000000	0.00000000	0.00000000	96.00000000
1140600.00000000	0.00000000	0.00000000	96.00000000
1140900.00000000	0.00000000	0.00000000	96.00000000
1141200.00000000	0.00000000	0.00000000	96.00000000
1141500.00000000	0.00000000	0.00000000	96.00000000
1141800.00000000	0.00000000	0.00000000	96.00000000
1142100.00000000	0.00000000	0.00000000	96.00000000
1142400.00000000	0.00000000	0.00000000	96.00000000
1142700.00000000	0.00000000	0.00000000	96.00000000
1143000.00000000	0.00000000	0.00000000	96.00000000
1143300.00000000	0.00000000	0.00000000	96.00000000
1143600.00000000	0.00000000	0.00000000	96.00000000
1143900.00000000	0.00000000	0.00000000	96.00000000
1144200.00000000	0.00000000	0.00000000	96.00000000
1144500.00000000	0.00000000	0.00000000	96.00000000
1144800.00000000	0.00000000	0.00000000	96.00000000
1145100.00000000	0.00000000	0.00000000	96.00000000
1145400.00000000	0.00000000	0.00000000	96.00000000
1145700.00000000	0.00000000	0.00000000	96.00000000
1146000.00000000	0.00000000	0.00000000	96.00000000
1146300.00000000	0.00000000	0.00000000	96.00000000
1146600.00000000	0.00000000	0.00000000	96.00000000
1146900.00000000	0.00000000	0.00000000	96.00000000
1147200.00000000	0.00000000	0.00000000	96.00000000
1147500.00000000	0.00000000	0.00000000	96.00000000
1147800.00000000	0.00000000	0.00000000	96.00000000
1148100.00000000	0.00000000	0.00000000	96.00000000
1148400.00000000	0.00000000	0.00000000	96.00000000
1148700.00000000	0.00000000	0.00000000	96.00000000
1149000.00000000	0.00000000	0.00000000	96.00000000
1149300.00000000	0.00000000	0.00000000	96.00000000
1149600.00000000	0.00000000	0.00000000	96.00000000
1149900.00000000	0.00000000	0.00000000	96.00000000
1150200.00000000	0.00000000	0.00000000	96.00000000
1150500.00000000	0.00000000	0.00000000	96.00000000
1150800.00000000	0.00000000	0.00000000	96.00000000
1151100.00000000	0.00000000	0.00000000	96.00000000
1151400.00000000	0.00000000	0.00000000	96.00000000
1151700.00000000	0.00000000	0.00000000	96.00000000
1152000.00000000	0.00000000	0.00000000	96.00000000
1152300.00000000	0.00000000	0.00000000	96.00000000
1152600.00000000	0.00000000	0.00000000	96.00000000
1152900.00000000	0.00000000	0.00000000	96.00000000
1153200.00000000	0.00000000	0.00000000	96.00000000
1153500.00000000	0.00000000	0.00000000	96.00000000
1153800.00000000	0.00000000	0.00000000	96.00000000
1154100.00000000	0.00000000	0.00000000	96.00000000
1154400.00000000	0.00000000	0.00000000	96.00000000
1154700.00000000	0.00000000	0.00000000	96.00000000
1155000.00000000	0.00000000	0.00000000	96.00000000
1155300.00000000	0.00000000	0.00000000	96.00000000
1155600.00000000	0.00000000	0.00000000	96.00000000
1155900.00000000	0.00000000	0.00000000	96.00000000
1156200.00000000	0.00000000	0.00000000	96.00000000
1156500.00000000	0.00000000	0.00000000	96.00000000
1156800.00000000	0.00000000	0.00000000	96.00000000
1157100.00000000	0.00000000	0.00000000	96.00000000
1157400.00000000	0.00000000	0.00000000	96.00000000
1157700.00000000	0.00000000	0.00000000	96.00000000
1158000.00000000	0.00000000	0.00000000	96.00000000
1158300.00000000	0.00000000	0.00000000	96.00000000
1158600.00000000	0.00000000	0.00000000	96.00000000
1158900.00000000	0.00000000	0.00000000	96.00000000
1159200.00000000	0.00000000	0.00000000	96.00000000
1159500.00000000	0.00000000	0.00000000	96.00000000
1159800.00000000	0.00000000	0.00000000	96.00000000
1160100.00000000	0.00000000	0.00000000	96.00000000
1160400.00000000	0.00000000	0.00000000	96.00000000
1160700.00000000	0.00000000	0.00000000	96.00000000
1161000.00000000	0.00000000	0.00000000	96.00000000
1161300.00000000	0.00000000	0.00000000	96.00000000
1161600.00000000	0.00000000	0.00000000	96.00000000
1161900.00000000	0.00000000	0.00000000	96.00000000
1162200.00000000	0.00000000	0.00000000	96.00000000
1162500.00000000	0.00000000	0.00000000	96.00000000
1162800.00000000	0.00000000	0.00000000	96.00000000
1163100.00000000	0.00000000	0.00000000	96.00000000
1163400.00000000	0.00000000	0.00000000	96.00000000
1163700.00000000	0.00000000	0.00000000	96.00000000
1164000.00000000	0.00000000	0.00000000	96.00000000
1164300.00000000	0.00000000	0.00000000	96.00000000
1164600.00000000	0.00000000	0.00000000	96.00000000
1164900.00000000	0.00000000	0.00000000	96.00000000
1165200.00000000	0.00000000	0.00000000	96.00000000
1165500.00000000	0.00000000	0.00000000	96.00000000
1165800.00000000	0.00000000	0.00000000	96.00000000
1166100.00000000	0.00000000	0.00000000	96.00000000
1166400.00000000	0.00000000	0.00000000	96.00000000
1166700.00000000	0.00000000	0.00000000	96.00000000
1167000.00000000	0.00000000	0.00000000	96.00000000
1167300.00000000	0.00000000	0.00000000	96.00000000
1167600.00000000	0.00000000	0.00000000	96.00000000
1167900.00000000	0.00000000	0.00000000	96.00000000
1168200.00000000	0.00000000	0.00000000	96.00000000
1168500.00000000	0.00000000	0.00000000	96.00000000
1168800.00000000	0.00000000	0.00000000	96.00000000
1169100.00000000	0.00000000	0.00000000	96.00000000
1169400.00000000	0.00000000	0.00000000	96.00000000
1169700.00000000	0.00000000	0.00000000	96.00000000
1170000.00000000	0.00000000	0.00000000	96.00000000
1170300.00000000	0.00000000	0.00000000	96.00000000
1170600.00000000	0.00000000	0.00000000	96.00000000
1170900.00000000	0.00000000	0.00000000	96.00000000
1171200.00000000	0.00000000	0.00000000	96.00000000
1171500.00000000	0.00000000	0.00000000	96.00000000
1171800.00000000	0.00000000	0.00000000	96.00000000
1172100.00000000	0.00000000	0.00000000	96.00000000
1172400.00000000	0.00000000	0.00000000	96.00000000
1172700.00000000	0.00000000	0.00000000	96.00000000
1173000.00000000	0.00000000	0.00000000	96.00000000
1173300.00000000	0.00000000	0.00000000	96.00000000
1173600.00000000	0.00000000	0.00000000	96.00000000
1173900.00000000	0.00000000	0.00000000	96.00000000
1174200.00000000	0.00000000	0.00000000	96.00000000
1174500.00000000	0.00000000	0.00000000	96.00000000
1174800.00000000	0.00000000	0.00000000	96.00000000
1175100.00000000	0.00000000	0.00000000	96.00000000
1175400.00000000	0.00000000	0.00000000	96.00000000
1175700.00000000	0.00000000	0.00000000	96.00000000
1176000.00000000	0.00000000	0.00000000	96.00000000
1176300.00000000	0.00000000	0.00000000	96.00000000
1176600.00000000	0.00000000	0.00000000	96.00000000
1176900.00000000	0.00000000	0.00000000	96.00000000
1177200.00000000	0.00000000	0.00000000	96.00000000
1177500.00000000	0.00000000	0.00000000	96.00000000
1177800.00000000	0.00000000	0.00000000	96.00000000
1178100.00000000	0.00000000	0.00000000	96.00000000
1178400.00000000	0.00000000	0.00000000	96.00000000
1178700.00000000	0.00000000	0.00000000	96.00000000
1179000.00000000	0.00000000	0.00000000	96.00000000
1179300.00000000	0.00000000	0.00000000	96.00000000
1179600.00000000	0.00000000	0.00000000	96.00000000
1179900.00000000	0.00000000	0.00000000	96.00000000
1180200.00000000	0.00000000	0.00000000	96.00000000
1180500.00000000	0.00000000	0.00000000	96.00000000
1180800.00000000	0.00000000	0.00000000	96.00000000
1181100.00000000	0.00000000	0.00000000	96.00000000
1181400.00000000	0.00000000	0.00000000	96.00000000
1181700.00000000	0.00000000	0.00000000	96.00000000
1182000.00000000	0.00000000	0.00000000	96.00000000
1182300.00000000	0.00000000	0.00000000	96.00000000
1182600.00000000	0.00000000	0.00000000	96.00000000
1182900.00000000	0.00000000	0.00000000	96.00000000
1183200.00000000	0.00000000	0.00000000	96.00000000
1183500.00000000	0.00000000	0.00000000	96.00000000
1183800.00000000	0.00000000	0.00000000	96.00000000
1184100.00000000	0.00000000	0.00000000	96.00000000
1184400.00000000	0.00000000	0.00000000	96.00000000
1184700.00000000	0.00000000	0.00000000	96.00000000
1185000.00000000	0.00000000	0.00000000	96.00000000
1185300.00000000	0.00000000	0.00000000	96.00000000
1185600.00000000	0.00000000	0.00000000	96.00000000
1185900.00000000	0.00000000	0.00000000	96.00000000
1186200.00000000	0.00000000	0.00000000	96.00000000
1186500.00000000	0.00000000	0.00000000	96.00000000
1186800.00000000	0.00000000	0.00000000	96.00000000
1187100.00000000	0.00000000	0.00000000	96.00000000
1187400.00000000	0.00000000	0.00000000	96.00000000
1187700.00000000	0.00000000	0.00000000	96.00000000
1188000.00000000	0.00000000	0.00000000	96.00000000
1188300.00000000	0.00000000	0.00000000	96.00000000
1188600.00000000	0.00000000	0.00000000	96.00000000
1188900.00000000	0.00000000	0.00000000	96.00000000
1189200.00000000	0.00000000	0.00000000	96.00000000
1189500.00000000	0.00000000	0.00000000	96.00000000
1189800.00000000	0.00000000	0.00000000	96.00000000
1190100.00000000	0.00000000	0.00000000	96.00000000
1190400.00000000	0.00000000	0.00000000	96.00000000
1190700.00000000	0.00000000	0.00000000	96.00000000
1191000.00000000	0.00000000	0.00000000	96.00000000
1191300.00000000	0.00000000	0.00000000	96.00000000
1191600.00000000	0.00000000	0.00000000	96.00000000
1191900.00000000	0.00000000	0.00000000	96.00000000
1192200.00000000	0.00000000	0.00000000	96.00000000
1192500.00000000	0.00000000	0.00000000	96.00000000
1192800.00000000	0.00000000	0.00000000	96.00000000
1193100.00000000	0.00000000	0.00000000	96.00000000
1193400.00000000	0.00000000	0.00000000	96.00000000
1193700.00000000	0.00000000	0.00000000	96.00000000
1194000.00000000	0.00000000	0.00000000	96.00000000
1194300.00000000	0.00000000	0.00000000	96.00000000
1194600.00000000	0.00000000	0.00000000	96.00000000
1194900.00000000	0.00000000	0.00000000	96.00000000
1195200.00000000	0.00000000	0.00000000	96.00000000
1195500.00000000	0.00000000	0.00000000	96.00000000
1195800.00000000	0.00000000	0.00000000	96.00000000
1196100.00000000	0.00000000	0.00000000	96.00000000
1196400.00000000	0.00000000	0.00000000	96.00000000
1196700.00000000	0.00000000	0.00000000	96.00000000
1197000.00000000	0.00000000	0.00000000	96.00000000
1197300.00000000	0.00000000	0.00000000	96.00000000
1197600.00000000	0.00000000	0.00000000	96.00000000
1197900.00000000	0.00000000	0.00000000	96.00000000
1198200.00000000	0.00000000	0.00000000	96.00000000
1198500.00000000	0.00000000	0.00000000	96.00000000
1198800.00000000	0.00000000	0.00000000	96.00000000
1199100.00000000	0.00000000	0.00000000	96.00000000
1199400.00000000	0.00000000	0.00000000	96.00000000
1199700.00000000	0.00000000	0.00000000	96.00000000
1200000.00000000	0.00000000	0.00000000	96.00000000
1200300.00000000	0.00000000	0.00000000	96.00000000
1200600.00000000	0.00000000	0.00000000	96.00000000
1200900.00000000	0.00000000	0.00000000	96.00000000
1201200.00000000	0.00000000	0.00000000	96.00000000
1201500.00000000	0.00000000	0.00000000	96.00000000
1201800.00000000	0.00000000	0.00000000	96.00000000
1202100.00000000	0.00000000	0.00000000	96.00000000
1202400.00000000	0.00000000	0.00000000	96.00000000
1202700.00000000	0.00000000	0.00000000	96.00000000
1203000.00000000	0.00000000	0.00000000	96.00000000
1203300.00000000	0.00000000	0.00000000	96.00000000
1203600.00000000	0.00000000	0.00000000	96.00000000
1203900.00000000	0.00000000	0.00000000	96.00000000
1204200.00000000	0.00000000	0.00000000	96.00000000
1204500.00000000	0.00000000	0.00000000	96.00000000
1204800.00000000	0.00000000	0.00000000	96.00000000
1205100.00000000	0.00000000	0.00000000	96.00000000
1205400.00000000	0.00000000	0.00000000	96.00000000
1205700.00000000	0.00000000	0.00000000	96.00000000
1206000.00000000	0.00000000	0.00000000	96.00000000
1206300.00000000	0.00000000	0.00000000	96.00000000
1206600.00000000	0.00000000	0.00000000	96.00000000
1206900.00000000	0.00000000	0.00000000	96.00000000
1207200.00000000	0.00000000	0.00000000	96.00000000
1207500.00000000	0.00000000	0.00000000	96.00000000
1207800.00000000	0.00000000	0.00000000	96.00000000
1208100.00000000	0.00000000	0.00000000	96.00000000
1208400.00000000	0.00000000	0.00000000	96.00000000
1208700.00000000	0.00000000	0.00000000	96.00000000
1209000.00000000	0.00000000	0.00000000	96.00000000
1209300.00000000	0.00000000	0.00000000	96.00000000
1209600.00000000	64.00000000	486.00000000	96.00000000
1209900.00000000	0.00000000	0.00000000	96.00000000
1210200.00000000	0.00000000	0.00000000	96.00000000
1210500.00000000	0.00000000	0.00000000	96.00000000
1210800.00000000	0.00000000	0.00000000	96.00000000
1211100.00000000	0.00000000	0.00000000	96.00000000
1211400.00000000	0.00000000	0.00000000	96.00000000
1211700.00000000	0.00000000	0.00000000	96.00000000
1212000.00000000	0.00000000	0.00000000	96.00000000
1212300.00000000	0.00000000	0.00000000	96.00000000
1212600.00000000	0.00000000	0.00000000	96.00000000
1212900.00000000	0.00000000	0.00000000	96.00000000
1213200.00000000	0.00000000	0.00000000	96.00000000
1213500.00000000	0.00000000	0.00000000	96.00000000
1213800.00000000	0.00000000	0.00000000	96.00000000
1214100.00000000	0.00000000	0.00000000	96.00000000
1214400.00000000	0.00000000	0.00000000	96.00000000
1214700.00000000	0.00000000	0.00000000	96.00000000
1215000.00000000	0.00000000	0.00000000	96.00000000
1215300.00000000	0.00000000	0.00000000	96.00000000
1215600.00000000	0.00000000	0.00000000	96.00000000
1215900.00000000	0.00000000	0.00000000	96.00000000
1216200.00000000	0.00000000	0.00000000	96.00000000
1216500.00000000	0.00000000	0.00000000	96.00000000
1216800.00000000	0.00000000	0.00000000	96.00000000
1217100.00000000	0.00000000	0.00000000	96.00000000
1217400.00000000	0.00000000	0.00000000	96.00000000
1217700.00000000	0.00000000	0.00000000	96.00000000
1218000.00000000	0.00000000	0.00000000	96.00000000
1218300.00000000	0.00000000	0.00000000	96.00000000
1218600.00000000	0.00000000	0.00000000	96.00000000
1218900.00000000	0.00000000	0.00000000	96.00000000
1219200.00000000	0.00000000	0.00000000	96.00000000
1219500.00000000	0.00000000	0.00000000	96.00000000
1219800.00000000	0.00000000	0.00000000	96.00000000
1220100.00000000	0.00000000	0.00000000	96.00000000
1220400.00000000	0.00000000	0.00000000	96.00000000
1220700.00000000	0.00000000	0.00000000	96.00000000
1221000.00000000	0.00000000	0.00000000	96.00000000
1221300.00000000	0.00000000	0.00000000	96.00000000
1221600.00000000	0.00000000	0.00000000	96.00000000
1221900.00000000	0.00000000	0.00000000	96.00000000
1222200.00000000	0.00000000	0.00000000	96.00000000
1222500.00000000	0.00000000	0.00000000	96.00000000
1222800.00000000	0.00000000	0.00000000	96.00000000
1223100.00000000	0.00000000	0.00000000	96.00000000
1223400.00000000	0.00000000	0.00000000	96.00000000
1223700.00000000	0.00000000	0.00000000	96.00000000
1224000.00000000	0.00000000	0.00000000	96.00000000
1224300.00000000	0.00000000	0.00000000	96.00000000
1224600.00000000	0.00000000	0.00000000	96.00000000
1224900.00000000	0.00000000	0.00000000	96.00000000
1225200.00000000	0.00000000	0.00000000	96.00000000
1225500.00000000	0.00000000	0.00000000	96.00000000
1225800.00000000	0.00000000	0.00000000	96.00000000
1226100.00000000	0.00000000	0.00000000	96.00000000
1226400.00000000	0.00000000	0.00000000	96.00000000
1226700.00000000	0.00000000	0.00000000	96.00000000
1227000.00000000	0.00000000	0.00000000	96.00000000
1227300.00000000	0.00000000	0.00000000	96.00000000
1227600.00000000	0.00000000	0.00000000	96.00000000
1227900.00000000	0.00000000	0.00000000	96.00000000
1228200.00000000	0.00000000	0.00000000	96.00000000
1228500.00000000	0.00000000	0.00000000	96.00000000
1228800.00000000	0.00000000	0.00000000	96.00000000
1229100.00000000	0.00000000	0.00000000	96.00000000
1229400.00000000	0.00000000	0.00000000	96.00000000
1229700.00000000	0.00000000	0.00000000	96.00000000
1230000.00000000	0.00000000	0.00000000	96.00000000
1230300.00000000	0.00000000	0.00000000	96.00000000
1230600.00000000	0.00000000	0.00000000	96.00000000
1230900.00000000	0.00000000	0.00000000	96.00000000
1231200.00000000	0.00000000	0.00000000	96.00000000
1231500.00000000	0.00000000	0.00000000	96.00000000
1231800.00000000	0.00000000	0.00000000	96.00000000
1232100.00000000	0.00000000	0.00000000	96.00000000
1232400.00000000	0.00000000	0.00000000	96.00000000
1232700.00000000	0.00000000	0.00000000	96.00000000
1233000.00000000	0.00000000	0.00000000	96.00000000
1233300.00000000	0.00000000	0.00000000	96.00000000
1233600.00000000	0.00000000	0.00000000	96.00000000
1233900.00000000	0.00000000	0.00000000	96.00000000
1234200.00000000	0.00000000	0.00000000	96.00000000
1234500.00000000	0.00000000	0.00000000	96.00000000
1234800.00000000	0.00000000	0.00000000	96.00000000
1235100.00000000	0.00000000	0.00000000	96.00000000
1235400.00000000	0.00000000	0.00000000	96.00000000
1235700.00000000	0.00000000	0.00000000	96.00000000
1236000.00000000	0.00000000	0.00000000	96.00000000
1236300.00000000	0.00000000	0.00000000	96.00000000
1236600.00000000	0.00000000	0.00000000	96.00000000
1236900.00000000	0.00000000	0.00000000	96.00000000
1237200.00000000	0.00000000	0.00000000	96.00000000
1237500.00000000	0.00000000	0.00000000	96.00000000
1237800.00000000	0.00000000	0.00000000	96.00000000
1238100.00000000	0.00000000	0.00000000	96.00000000
1238400.00000000	0.00000000	0.00000000	96.00000000
1238700.00000000	0.00000000	0.00000000	96.00000000
1239000.00000000	0.00000000	0.00000000	96.00000000
1239300.00000000	0.00000000	0.00000000	96.00000000
1239600.00000000	0.00000000	0.00000000	96.00000000
1239900.00000000	0.00000000	0.00000000	96.00000000
1240200.00000000	0.00000000	0.00000000	96.00000000
1240500.00000000	0.00000000	0.00000000	96.00000000
1240800.00000000	0.00000000	0.00000000	96.00000000
1241100.00000000	0.00000000	0.00000000	96.00000000
1241400.00000000	0.00000000	0.00000000	96.00000000
1241700.00000000	0.00000000	0.00000000	96.00000000
1242000.00000000	0.00000000	0.00000000	96.00000000
1242300.00000000	0.00000000	0.00000000	96.00000000
1242600.00000000	0.00000000	0.00000000	96.00000000
1242900.00000000	0.00000000	0.00000000	96.00000000
1243200.00000000	0.00000000	0.00000000	96.00000000
1243500.00000000	0.00000000	0.00000000	96.00000000
1243800.00000000	0.00000000	0.00000000	96.00000000
1244100.00000000	0.00000000	0.00000000	96.00000000
1244400.00000000	0.00000000	0.00000000	96.00000000
1244700.00000000	0.00000000	0.00000000	96.00000000
1245000.00000000	0.00000000	0.00000000	96.00000000
1245300.00000000	0.00000000	0.00000000	96.00000000
1245600.00000000	0.00000000	0.00000000	96.00000000
1245900.00000000	0.00000000	0.00000000	96.00000000
1246200.00000000	0.00000000	0.00000000	96.00000000
1246500.00000000	0.00000000	0.00000000	96.00000000
1246800.00000000	0.00000000	0.00000000	96.00000000
1247100.00000000	0.00000000	0.00000000	96.00000000
1247400.00000000	0.00000000	0.00000000	96.00000000
1247700.00000000	0.00000000	0.00000000	96.00000000
1248000.00000000	0.00000000	0.00000000	96.00000000
1248300.00000000	0.00000000	0.00000000	96.00000000
1248600.00000000	0.00000000	0.00000000	96.00000000
1248900.00000000	0.00000000	0.00000000	96.00000000
1249200.00000000	0.00000000	0.00000000	96.00000000
1249500.00000000	0.00000000	0.00000000	96.00000000
1249800.00000000	0.00000000	0.00000000	96.00000000
1250100.00000000	0.00000000	0.00000000	96.00000000
1250400.00000000	0.00000000	0.00000000	96.00000000
1250700.00000000	0.00000000	0.00000000	96.00000000
1251000.00000000	0.00000000	0.00000000	96.00000000
1251300.00000000	0.00000000	0.00000000	96.00000000
1251600.00000000	0.00000000	0.00000000	96.00000000
1251900.00000000	0.00000000	0.00000000	96.00000000
1252200.00000000	0.00000000	0.00000000	96.00000000
1252500.00000000	0.00000000	0.00000000	96.00000000
1252800.00000000	0.00000000	0.00000000	96.00000000
1253100.00000000	0.00000000	0.00000000	96.00000000
1253400.00000000	0.00000000	0.00000000	96.00000000
1253700.00000000	0.00000000	0.00000000	96.00000000
1254000.00000000	0.00000000	0.00000000	96.00000000
1254300.00000000	0.00000000	0.00000000	96.00000000
1254600.00000000	0.00000000	0.00000000	96.00000000
1254900.00000000	0.00000000	0.00000000	96.00000000
1255200.00000000	0.00000000	0.00000000	96.00000000
1255500.00000000	0.00000000	0.00000000	96.00000000
1255800.00000000	0.00000000	0.00000000	96.00000000
1256100.00000000	0.00000000	0.00000000	96.00000000
1256400.00000000	0.00000000	0.00000000	96.00000000
1256700.00000000	0.00000000	0.00000000	96.00000000
1257000.00000000	0.00000000	0.00000000	96.00000000
1257300.00000000	0.00000000	0.00000000	96.00000000
1257600.00000000	0.00000000	0.00000000	96.00000000
1257900.00000000	0.00000000	0.00000000	96.00000000
1258200.00000000	0.00000000	0.00000000	96.00000000
1258500.00000000	0.00000000	0.00000000	96.00000000
1258800.00000000	0.00000000	0.00000000	96.00000000
1259100.00000000	0.00000000	0.00000000	96.00000000
1259400.00000000	0.00000000	0.00000000	96.00000000
1259700.00000000	0.00000000	0.00000000	96.00000000
1260000.00000000	0.00000000	0.00000000	96.00000000
1260300.00000000	0.00000000	0.00000000	96.00000000
1260600.00000000	0.00000000	0.00000000	96.00000000
1260900.00000000	0.00000000	0.00000000	96.00000000
1261200.00000000	0.00000000	0.00000000	96.00000000
1261500.00000000	0.00000000	0.00000000	96.00000000
1261800.00000000	0.00000000	0.00000000	96.00000000
1262100.00000000	0.00000000	0.00000000	96.00000000
1262400.00000000	0.00000000	0.00000000	96.00000000
1262700.00000000	0.00000000	0.00000000	96.00000000
1263000.00000000	0.00000000	0.00000000	96.00000000
1263300.00000000	0.00000000	0.00000000	96.00000000
1263600.00000000	0.00000000	0.00000000	96.00000000
1263900.00000000	0.00000000	0.00000000	96.00000000
1264200.00000000	0.00000000	0.00000000	96.00000000
1264500.00000000	0.00000000	0.00000000	96.00000000
1264800.00000000	0.00000000	0.00000000	96.00000000
1265100.00000000	0.00000000	0.00000000	96.00000000
1265400.00000000	0.00000000	0.00000000	96.00000000
1265700.00000000	0.00000000	0.00000000	96.00000000
1266000.00000000	0.00000000	0.00000000	96.00000000
1266300.00000000	0.00000000	0.00000000	96.00000000
1266600.00000000	0.00000000	0.00000000	96.00000000
1266900.00000000	0.00000000	0.00000000	96.00000000
1267200.00000000	0.00000000	0.00000000	96.00000000
1267500.00000000	0.00000000	0.00000000	96.00000000
1267800.00000000	0.00000000	0.00000000	96.00000000
1268100.00000000	0.00000000	0.00000000	96.00000000
1268400.00000000	0.00000000	0.00000000	96.00000000
1268700.00000000	0.00000000	0.00000000	96.00000000
1269000.00000000	0.00000000	0.00000000	96.00000000
1269300.00000000	0.00000000	0.00000000	96.00000000
1269600.00000000	0.00000000	0.00000000	96.00000000
1269900.00000000	0.00000000	0.00000000	96.00000000
1270200.00000000	0.00000000	0.00000000	96.00000000
1270500.00000000	0.00000000	0.00000000	96.00000000
1270800.00000000	0.00000000	0.00000000	96.00000000
1271100.00000000	0.00000000	0.00000000	96.00000000
1271400.00000000	0.00000000	0.00000000	96.00000000
1271700.00000000	0.00000000	0.00000000	96.00000000
1272000.00000000	0.00000000	0.00000000	96.00000000
1272300.00000000	0.00000000	0.00000000	96.00000000
1272600.00000000	0.00000000	0.00000000	96.00000000
1272900.00000000	0.00000000	0.00000000	96.00000000
1273200.00000000	0.00000000	0.00000000	96.00000000
1273500.00000000	0.00000000	0.00000000	96.00000000
1273800.00000000	0.00000000	0.00000000	96.00000000
1274100.00000000	0.00000000	0.00000000	96.00000000
1274400.00000000	0.00000000	0.00000000	96.00000000
1274700.00000000	0.00000000	0.00000000	96.00000000
1275000.00000000	0.00000000	0.00000000	96.00000000
1275300.00000000	0.00000000	0.00000000	96.00000000
1275600.00000000	0.00000000	0.00000000	96.00000000
1275900.00000000	0.00000000	0.00000000	96.00000000
1276200.00000000	0.00000000	0.00000000	96.00000000
1276500.00000000	0.00000000	0.00000000	96.00000000
1276800.00000000	0.00000000	0.00000000	96.00000000
1277100.00000000	0.00000000	0.00000000	96.00000000
1277400.00000000	0.00000000	0.00000000	96.00000000
1277700.00000000	0.00000000	0.00000000	96.00000000
1278000.00000000	0.00000000	0.00000000	96.00000000
1278300.00000000	0.00000000	0.00000000	96.00000000
1278600.00000000	0.00000000	0.00000000	96.00000000
1278900.00000000	0.00000000	0.00000000	96.00000000
1279200.00000000	0.00000000	0.00000000	96.00000000
1279500.00000000	0.00000000	0.00000000	96.00000000
1279800.00000000	0.00000000	0.00000000	96.00000000
1280100.00000000	0.00000000	0.00000000	96.00000000
1280400.00000000	0.00000000	0.00000000	96.00000000
1280700.00000000	0.00000000	0.00000000	96.00000000
1281000.00000000	0.00000000	0.00000000	96.00000000
1281300.00000000	0.00000000	0.00000000	96.00000000
1281600.00000000	0.00000000	0.00000000	96.00000000
1281900.00000000	0.00000000	0.00000000	96.00000000
1282200.00000000	0.00000000	0.00000000	96.00000000
1282500.00000000	0.00000000	0.00000000	96.00000000
1282800.00000000	0.00000000	0.00000000	96.00000000
1283100.00000000	0.00000000	0.00000000	96.00000000
1283400.00000000	0.00000000	0.00000000	96.00000000
1283700.00000000	0.00000000	0.00000000	96.00000000
1284000.00000000	0.00000000	0.00000000	96.00000000
1284300.00000000	0.00000000	0.00000000	96.00000000
1284600.00000000	0.00000000	0.00000000	96.00000000
1284900.00000000	0.00000000	0.00000000	96.00000000
1285200.00000000	0.00000000	0.00000000	96.00000000
1285500.00000000	0.00000000	0.00000000	96.00000000
1285800.00000000	0.00000000	0.00000000	96.00000000
1286100.00000000	0.00000000	0.00000000	96.00000000
1286400.00000000	0.00000000	0.00000000	96.00000000
1286700.00000000	0.00000000	0.00000000	96.00000000
1287000.00000000	0.00000000	0.00000000	96.00000000
1287300.00000000	0.00000000	0.00000000	96.00000000
1287600.00000000	0.00000000	0.00000000	96.00000000
1287900.00000000	0.00000000	0.00000000	96.00000000
1288200.00000000	0.00000000	0.00000000	96.00000000
1288500.00000000	0.00000000	0.00000000	96.00000000
1288800.00000000	0.00000000	0.00000000	96.00000000
1289100.00000000	0.00000000	0.00000000	96.00000000
1289400.00000000	0.00000000	0.00000000	96.00000000
1289700.00000000	0.00000000	0.00000000	96.00000000
1290000.00000000	0.00000000	0.00000000	96.00000000
1290300.00000000	0.00000000	0.00000000	96.00000000
1290600.00000000	0.00000000	0.00000000	96.00000000
1290900.00000000	0.00000000	0.00000000	96.00000000
1291200.00000000	0.00000000	0.00000000	96.00000000
1291500.00000000	0.00000000	0.00000000	96.00000000
1291800.00000000	0.00000000	0.00000000	96.00000000
1292100.00000000	0.00000000	0.00000000	96.00000000
1292400.00000000	0.00000000	0.00000000	96.00000000
1292700.00000000	0.00000000	0.00000000	96.00000000
1293000.00000000	0.00000000	0.00000000	96.00000000
1293300.00000000	0.00000000	0.00000000	96.00000000
1293600.00000000	0.00000000	0.00000000	96.00000000
1293900.00000000	0.00000000	0.00000000	96.00000000
1294200.00000000	0.00000000	0.00000000	96.00000000
1294500.00000000	0.00000000	0.00000000	96.00000000
1294800.00000000	0.00000000	0.00000000	96.00000000
1295100.00000000	0.00000000	0.00000000	96.00000000
1295400.00000000	0.00000000	0.00000000	96.00000000
1295700.00000000	0.00000000	0.00000000	96.00000000
1296000.00000000	0.00000000	0.00000000	96.00000000
1296300.00000000	0.00000000	0.00000000	96.00000000
1296600.00000000	0.00000000	0.00000000	96.00000000
1296900.00000000	0.00000000	0.00000000	96.00000000
1297200.00000000	0.00000000	0.00000000	96.00000000
1297500.00000000	0.00000000	0.00000000	96.00000000
1297800.00000000	0.00000000	0.00000000	96.00000000
1298100.00000000	0.00000000	0.00000000	96.00000000
1298400.00000000	0.00000000	0.00000000	96.00000000
1298700.00000000	0.00000000	0.00000000	96.00000000
1299000.00000000	0.00000000	0.00000000	96.00000000
1299300.00000000	0.00000000	0.00000000	96.00000000
1299600.00000000	0.00000000	0.00000000	96.00000000
1299900.00000000	0.00000000	0.00000000	96.00000000
1300200.00000000	0.00000000	0.00000000	96.00000000
1300500.00000000	0.00000000	0.00000000	96.00000000
1300800.00000000	0.00000000	0.00000000	96.00000000
1301100.00000000	0.00000000	0.00000000	96.00000000
1301400.00000000	0.00000000	0.00000000	96.00000000
1301700.00000000	0.00000000	0.00000000	96.00000000
1302000.00000000	0.00000000	0.00000000	96.00000000
1302300.00000000	0.00000000	0.00000000	96.00000000
1302600.00000000	0.00000000	0.00000000	96.00000000
1302900.00000000	0.00000000	0.00000000	96.00000000
1303200.00000000	0.00000000	0.00000000	96.00000000
1303500.00000000	0.00000000	0.00000000	96.00000000
1303800.00000000	0.00000000	0.00000000	96.00000000
1304100.00000000	0.00000000	0.00000000	96.00000000
1304400.00000000	0.00000000	0.00000000	96.00000000
1304700.00000000	0.00000000	0.00000000	96.00000000
1305000.00000000	0.00000000	0.00000000	96.00000000
1305300.00000000	0.00000000	0.00000000	96.00000000
1305600.00000000	0.00000000	0.00000000	96.00000000
1305900.00000000	0.00000000	0.00000000	96.00000000
1306200.00000000	0.00000000	0.00000000	96.00000000
1306500.00000000	0.00000000	0.00000000	96.00000000
1306800.00000000	0.00000000	0.00000000	96.00000000
1307100.00000000	0.00000000	0.00000000	96.00000000
1307400.00000000	0.00000000	0.00000000	96.00000000
1307700.00000000	0.00000000	0.00000000	96.00000000
1308000.00000000	0.00000000	0.00000000	96.00000000
1308300.00000000	0.00000000	0.00000000	96.00000000
1308600.00000000	0.00000000	0.00000000	96.00000000
1308900.00000000	0.00000000	0.00000000	96.00000000
1309200.00000000	0.00000000	0.00000000	96.00000000
1309500.00000000	0.00000000	0.00000000	96.00000000
1309800.00000000	0.00000000	0.00000000	96.00000000
1310100.00000000	0.00000000	0.00000000	96.00000000
1310400.00000000	0.00000000	0.00000000	96.00000000
1310700.00000000	0.00000000	0.00000000	96.00000000
1311000.00000000	0.00000000	0.00000000	96.00000000
1311300.00000000	0.00000000	0.00000000	96.00000000
1311600.00000000	0.00000000	0.00000000	96.00000000
1311900.00000000	0.00000000	0.00000000	96.00000000
1312200.00000000	0.00000000	0.00000000	96.00000000
1312500.00000000	0.00000000	0.00000000	96.00000000
1312800.00000000	0.00000000	0.00000000	96.00000000
1313100.00000000	0.00000000	0.00000000	96.00000000
1313400.00000000	0.00000000	0.00000000	96.00000000
1313700.00000000	0.00000000	0.00000000	96.00000000
1314000.00000000	0.00000000	0.00000000	96.00000000
1314300.00000000	0.00000000	0.00000000	96.00000000
1314600.00000000	0.00000000	0.00000000	96.00000000
1314900.00000000	0.00000000	0.00000000	96.00000000
1315200.00000000	0.00000000	0.00000000	96.00000000
1315500.00000000	0.00000000	0.00000000	96.00000000
1315800.00000000	0.00000000	0.00000000	96.00000000
1316100.00000000	0.00000000	0.00000000	96.00000000
1316400.00000000	0.00000000	0.00000000	96.00000000
1316700.00000000	0.00000000	0.00000000	96.00000000
1317000.00000000	0.00000000	0.00000000	96.00000000
1317300.00000000	0.00000000	0.00000000	96.00000000
1317600.00000000	0.00000000	0.00000000	96.00000000
1317900.00000000	0.00000000	0.00000000	96.00000000
1318200.00000000	0.00000000	0.00000000	96.00000000
1318500.00000000	0.00000000	0.00000000	96.00000000
1318800.00000000	0.00000000	0.00000000	96.00000000
1319100.00000000	0.00000000	0.00000000	96.00000000
1319400.00000000	0.00000000	0.00000000	96.00000000
1319700.00000000	0.00000000	0.00000000	96.00000000
1320000.00000000	0.00000000	0.00000000	96.00000000
1320300.00000000	0.00000000	0.00000000	96.00000000
1320600.00000000	0.00000000	0.00000000	96.00000000
1320900.00000000	0.00000000	0.00000000	96.00000000
1321200.00000000	0.00000000	0.00000000	96.00000000
1321500.00000000	0.00000000	0.00000000	96.00000000
1321800.00000000	0.00000000	0.00000000	96.00000000
1322100.00000000	0.00000000	0.00000000	96.00000000
1322400.00000000	0.00000000	0.00000000	96.00000000
1322700.00000000	0.00000000	0.00000000	96.00000000
1323000.00000000	0.00000000	0.00000000	96.00000000
1323300.00000000	0.00000000	0.00000000	96.00000000
1323600.00000000	0.00000000	0.00000000	96.00000000
1323900.00000000	0.00000000	0.00000000	96.00000000
1324200.00000000	0.00000000	0.00000000	96.00000000
1324500.00000000	0.00000000	0.00000000	96.00000000
1324800.00000000	0.00000000	0.00000000	96.00000000
1325100.00000000	0.00000000	0.00000000	96.00000000
1325400.00000000	0.00000000	0.00000000	96.00000000
1325700.00000000	0.00000000	0.00000000	96.00000000
1326000.00000000	0.00000000	0.00000000	96.00000000
1326300.00000000	0.00000000	0.00000000	96.00000000
1326600.00000000	0.00000000	0.00000000	96.00000000
1326900.00000000	0.00000000	0.00000000	96.00000000
1327200.00000000	0.00000000	0.00000000	96.00000000
1327500.00000000	0.00000000	0.00000000	96.00000000
1327800.00000000	0.00000000	0.00000000	96.00000000
1328100.00000000	0.00000000	0.00000000	96.00000000
1328400.00000000	0.00000000	0.00000000	96.00000000
1328700.00000000	0.00000000	0.00000000	96.00000000
1329000.00000000	0.00000000	0.00000000	96.00000000
1329300.00000000	0.00000000	0.00000000	96.00000000
1329600.00000000	0.00000000	0.00000000	96.00000000
1329900.00000000	0.00000000	0.00000000	96.00000000
1330200.00000000	0.00000000	0.00000000	96.00000000
1330500.00000000	0.00000000	0.00000000	96.00000000
1330800.00000000	0.00000000	0.00000000	96.00000000
1331100.00000000	0.00000000	0.00000000	96.00000000
1331400.00000000	0.00000000	0.00000000	96.00000000
1331700.00000000	0.00000000	0.00000000	96.00000000
1332000.00000000	0.00000000	0.00000000	96.00000000
1332300.00000000	0.00000000	0.00000000	96.00000000
1332600.00000000	0.00000000	0.00000000	96.00000000
1332900.00000000	0.00000000	0.00000000	96.00000000
1333200.00000000	0.00000000	0.00000000	96.00000000
1333500.00000000	0.00000000	0.00000000	96.00000000
1333800.00000000	0.00000000	0.00000000	96.00000000
1334100.00000000	0.00000000	0.00000000	96.00000000
1334400.00000000	0.00000000	0.00000000	96.00000000
1334700.00000000	0.00000000	0.00000000	96.00000000
1335000.00000000	0.00000000	0.00000000	96.00000000
1335300.00000000	0.00000000	0.00000000	96.00000000
1335600.00000000	0.00000000	0.00000000	96.00000000
1335900.00000000	0.00000000	0.00000000	96.00000000
1336200.00000000	0.00000000	0.00000000	96.00000000
1336500.00000000	0.00000000	0.00000000	96.00000000
1336800.00000000	0.00000000	0.00000000	96.00000000
1337100.00000000	0.00000000	0.00000000	96.00000000
1337400.00000000	0.00000000	0.00000000	96.00000000
1337700.00000000	0.00000000	0.00000000	96.00000000
1338000.00000000	0.00000000	0.00000000	96.00000000
1338300.00000000	0.00000000	0.00000000	96.00000000
1338600.00000000	0.00000000	0.00000000	96.00000000
1338900.00000000	0.00000000	0.00000000	96.00000000
1339200.00000000	0.00000000	0.00000000	96.00000000
1339500.00000000	0.00000000	0.00000000	96.00000000
1339800.00000000	0.00000000	0.00000000	96.00000000
1340100.00000000	0.00000000	0.00000000	96.00000000
1340400.00000000	0.00000000	0.00000000	96.00000000
1340700.00000000	0.00000000	0.00000000	96.00000000
1341000.00000000	0.00000000	0.00000000	96.00000000
1341300.00000000	0.00000000	0.00000000	96.00000000
1341600.00000000	0.00000000	0.00000000	96.00000000
1341900.00000000	0.00000000	0.00000000	96.00000000
1342200.00000000	0.00000000	0.00000000	96.00000000
1342500.00000000	0.00000000	0.00000000	96.00000000
1342800.00000000	0.00000000	0.00000000	96.00000000
1343100.00000000	0.00000000	0.00000000	96.00000000
1343400.00000000	0.00000000	0.00000000	96.00000000
1343700.00000000	0.00000000	0.00000000	96.00000000
1344000.00000000	0.00000000	0.00000000	96.00000000
1344300.00000000	0.00000000	0.00000000	96.00000000
1344600.00000000	0.00000000	0.00000000	96.00000000
1344900.00000000	0.00000000	0.00000000	96.00000000
1345200.00000000	0.00000000	0.00000000	96.00000000
1345500.00000000	0.00000000	0.00000000	96.00000000
1345800.00000000	0.00000000	0.00000000	96.00000000
1346100.00000000	0.00000000	0.00000000	96.00000000
1346400.00000000	0.00000000	0.00000000	96.00000000
1346700.00000000	0.00000000	0.00000000	96.00000000
1347000.00000000	0.00000000	0.00000000	96.00000000
1347300.00000000	0.00000000	0.00000000	96.00000000
1347600.00000000	0.00000000	0.00000000	96.00000000
1347900.00000000	0.00000000	0.00000000	96.00000000
1348200.00000000	0.00000000	0.00000000	96.00000000
1348500.00000000	0.00000000	0.00000000	96.00000000
1348800.00000000	0.00000000	0.00000000	96.00000000
1349100.00000000	0.00000000	0.00000000	96.00000000
1349400.00000000	0.00000000	0.00000000	96.00000000
1349700.00000000	0.00000000	0.00000000	96.00000000
1350000.00000000	0.00000000	0.00000000	96.00000000
1350300.00000000	0.00000000	0.00000000	96.00000000
1350600.00000000	0.00000000	0.00000000	96.00000000
1350900.00000000	0.00000000	0.00000000	96.00000000
1351200.00000000	0.00000000	0.00000000	96.00000000
1351500.00000000	0.00000000	0.00000000	96.00000000
1351800.00000000	0.00000000	0.00000000	96.00000000
1352100.00000000	0.00000000	0.00000000	96.00000000
1352400.00000000	0.00000000	0.00000000	96.00000000
1352700.00000000	0.00000000	0.00000000	96.00000000
1353000.00000000	0.00000000	0.00000000	96.00000000
1353300.00000000	0.00000000	0.00000000	96.00000000
1353600.00000000	0.00000000	0.00000000	96.00000000
1353900.00000000	0.00000000	0.00000000	96.00000000
1354200.00000000	0.00000000	0.00000000	96.00000000
1354500.00000000	0.00000000	0.00000000	96.00000000
1354800.00000000	0.00000000	0.00000000	96.00000000
1355100.00000000	0.00000000	0.00000000	96.00000000
1355400.00000000	0.00000000	0.00000000	96.00000000
1355700.00000000	0.00000000	0.00000000	96.00000000
1356000.00000000	0.00000000	0.00000000	96.00000000
1356300.00000000	0.00000000	0.00000000	96.00000000
1356600.00000000	0.00000000	0.00000000	96.00000000
1356900.00000000	0.00000000	0.00000000	96.00000000
1357200.00000000	0.00000000	0.00000000	96.00000000
1357500.00000000	0.00000000	0.00000000	96.00000000
1357800.00000000	0.00000000	0.00000000	96.00000000
1358100.00000000	0.00000000	0.00000000	96.00000000
1358400.00000000	0.00000000	0.00000000	96.00000000
1358700.00000000	0.00000000	0.00000000	96.00000000
1359000.00000000	0.00000000	0.00000000	96.00000000
1359300.00000000	0.00000000	0.00000000	96.00000000
1359600.00000000	0.00000000	0.00000000	96.00000000
1359900.00000000	0.00000000	0.00000000	96.00000000
1360200.00000000	0.00000000	0.00000000	96.00000000
1360500.00000000	0.00000000	0.00000000	96.00000000
1360800.00000000	0.00000000	0.00000000	96.00000000
1361100.00000000	0.00000000	0.00000000	96.00000000
1361400.00000000	0.00000000	0.00000000	96.00000000
1361700.00000000	0.00000000	0.00000000	96.00000000
1362000.00000000	0.00000000	0.00000000	96.00000000
1362300.00000000	0.00000000	0.00000000	96.00000000
1362600.00000000	0.00000000	0.00000000	96.00000000
1362900.00000000	0.00000000	0.00000000	96.00000000
1363200.00000000	0.00000000	0.00000000	96.00000000
1363500.00000000	0.00000000	0.00000000	96.00000000
1363800.00000000	0.00000000	0.00000000	96.00000000
1364100.00000000	0.00000000	0.00000000	96.00000000
1364400.00000000	0.00000000	0.00000000	96.00000000
1364700.00000000	0.00000000	0.00000000	96.00000000
1365000.00000000	0.00000000	0.00000000	96.00000000
1365300.00000000	0.00000000	0.00000000	96.00000000
1365600.00000000	0.00000000	0.00000000	96.00000000
1365900.00000000	0.00000000	0.00000000	96.00000000
1366200.00000000	0.00000000	0.00000000	96.00000000
1366500.00000000	0.00000000	0.00000000	96.00000000
1366800.00000000	0.00000000	0.00000000	96.00000000
1367100.00000000	0.00000000	0.00000000	96.00000000
1367400.00000000	0.00000000	0.00000000	96.00000000
1367700.00000000	0.00000000	0.00000000	96.00000000
1368000.00000000	0.00000000	0.00000000	96.00000000
1368300.00000000	0.00000000	0.00000000	96.00000000
1368600.00000000	0.00000000	0.00000000	96.00000000
1368900.00000000	0.00000000	0.00000000	96.00000000
1369200.00000000	0.00000000	0.00000000	96.00000000
1369500.00000000	0.00000000	0.00000000	96.00000000
1369800.00000000	0.00000000	0.00000000	96.00000000
1370100.00000000	0.00000000	0.00000000	96.00000000
1370400.00000000	0.00000000	0.00000000	96.00000000
1370700.00000000	0.00000000	0.00000000	96.00000000
1371000.00000000	0.00000000	0.00000000	96.00000000
1371300.00000000	0.00000000	0.00000000	96.00000000
1371600.00000000	0.00000000	0.00000000	96.00000000
1371900.00000000	0.00000000	0.00000000	96.00000000
1372200.00000000	0.00000000	0.00000000	96.00000000
1372500.00000000	0.00000000	0.00000000	96.00000000
1372800.00000000	0.00000000	0.00000000	96.00000000
1373100.00000000	0.00000000	0.00000000	96.00000000
1373400.00000000	0.00000000	0.00000000	96.00000000
1373700.00000000	0.00000000	0.00000000	96.00000000
1374000.00000000	0.00000000	0.00000000	96.00000000
1374300.00000000	0.00000000	0.00000000	96.00000000
1374600.00000000	0.00000000	0.00000000	96.00000000
1374900.00000000	0.00000000	0.00000000	96.00000000
1375200.00000000	0.00000000	0.00000000	96.00000000
1375500.00000000	0.00000000	0.00000000	96.00000000
1375800.00000000	0.00000000	0.00000000	96.00000000
1376100.00000000	0.00000000	0.00000000	96.00000000
1376400.00000000	0.00000000	0.00000000	96.00000000
1376700.00000000	0.00000000	0.00000000	96.00000000
1377000.00000000	0.00000000	0.00000000	96.00000000
1377300.00000000	0.00000000	0.00000000	96.00000000
1377600.00000000	0.00000000	0.00000000	96.00000000
1377900.00000000	0.00000000	0.00000000	96.00000000
1378200.00000000	0.00000000	0.00000000	96.00000000
1378500.00000000	0.00000000	0.00000000	96.00000000
1378800.00000000	0.00000000	0.00000000	96.00000000
1379100.00000000	0.00000000	0.00000000	96.00000000
1379400.00000000	0.00000000	0.00000000	96.00000000
1379700.00000000	0.00000000	0.00000000	96.00000000
1380000.00000000	0.00000000	0.00000000	96.00000000
1380300.00000000	0.00000000	0.00000000	96.00000000
1380600.00000000	0.00000000	0.00000000	96.00000000
1380900.00000000	0.00000000	0.00000000	96.00000000
1381200.00000000	0.00000000	0.00000000	96.00000000
1381500.00000000	0.00000000	0.00000000	96.00000000
1381800.00000000	0.00000000	0.00000000	96.00000000
1382100.00000000	0.00000000	0.00000000	96.00000000
1382400.00000000	68.40109154	463.42297197	96.00000000
1382700.00000000	0.00000000	0.00000000	96.00000000
1383000.00000000	0.00000000	0.00000000	96.00000000
1383300.00000000	0.00000000	0.00000000	96.00000000
1383600.00000000	0.00000000	0.00000000	96.00000000
1383900.00000000	0.00000000	0.00000000	96.00000000
1384200.00000000	0.00000000	0.00000000	96.00000000
1384500.00000000	0.00000000	0.00000000	96.00000000
1384800.00000000	0.00000000	0.00000000	96.00000000
1385100.00000000	0.00000000	0.00000000	96.00000000
1385400.00000000	0.00000000	0.00000000	96.00000000
1385700.00000000	0.00000000	0.00000000	96.00000000
1386000.00000000	0.00000000	0.00000000	96.00000000
1386300.00000000	0.00000000	0.00000000	96.00000000
1386600.00000000	0.00000000	0.00000000	96.00000000
1386900.00000000	0.00000000	0.00000000	96.00000000
1387200.00000000	0.00000000	0.00000000	96.00000000
1387500.00000000	0.00000000	0.00000000	96.00000000
1387800.00000000	0.00000000	0.00000000	96.00000000
1388100.00000000	0.00000000	0.00000000	96.00000000
1388400.00000000	0.00000000	0.00000000	96.00000000
1388700.00000000	0.00000000	0.00000000	96.00000000
1389000.00000000	0.00000000	0.00000000	96.00000000
1389300.00000000	0.00000000	0.00000000	96.00000000
1389600.00000000	0.00000000	0.00000000	96.00000000
1389900.00000000	0.00000000	0.00000000	96.00000000
1390200.00000000	0.00000000	0.00000000	96.00000000
1390500.00000000	0.00000000	0.00000000	96.00000000
1390800.00000000	0.00000000	0.00000000	96.00000000
1391100.00000000	0.00000000	0.00000000	96.00000000
1391400.00000000	0.00000000	0.00000000	96.00000000
1391700.00000000	0.00000000	0.00000000	96.00000000
1392000.00000000	0.00000000	0.00000000	96.00000000
1392300.00000000	0.00000000	0.00000000	96.00000000
1392600.00000000	0.00000000	0.00000000	96.00000000
1392900.00000000	0.00000000	0.00000000	96.00000000
1393200.00000000	0.00000000	0.00000000	96.00000000
1393500.00000000	0.00000000	0.00000000	96.00000000
1393800.00000000	0.00000000	0.00000000	96.00000000
1394100.00000000	0.00000000	0.00000000	96.00000000
1394400.00000000	0.00000000	0.00000000	96.00000000
1394700.00000000	0.00000000	0.00000000	96.00000000
1395000.00000000	0.00000000	0.00000000	96.00000000
1395300.00000000	0.00000000	0.00000000	96.00000000
1395600.00000000	0.00000000	0.00000000	96.00000000
1395900.00000000	0.00000000	0.00000000	96.00000000
1396200.00000000	0.00000000	0.00000000	96.00000000
1396500.00000000	0.00000000	0.00000000	96.00000000
1396800.00000000	0.00000000	0.00000000	96.00000000
1397100.00000000	0.00000000	0.00000000	96.00000000
1397400.00000000	0.00000000	0.00000000	96.00000000
1397700.00000000	0.00000000	0.00000000	96.00000000
1398000.00000000	0.00000000	0.00000000	96.00000000
1398300.00000000	0.00000000	0.00000000	96.00000000
1398600.00000000	0.00000000	0.00000000	96.00000000
1398900.00000000	0.00000000	0.00000000	96.00000000
1399200.00000000	0.00000000	0.00000000	96.00000000
1399500.00000000	0.00000000	0.00000000	96.00000000
1399800.00000000	0.00000000	0.00000000	96.00000000
1400100.00000000	0.00000000	0.00000000	96.00000000
1400400.00000000	0.00000000	0.00000000	96.00000000
1400700.00000000	0.00000000	0.00000000	96.00000000
1401000.00000000	0.00000000	0.00000000	96.00000000
1401300.00000000	0.00000000	0.00000000	96.00000000
1401600.00000000	0.00000000	0.00000000	96.00000000
1401900.00000000	0.00000000	0.00000000	96.00000000
1402200.00000000	0.00000000	0.00000000	96.00000000
1402500.00000000	0.00000000	0.00000000	96.00000000
1402800.00000000	0.00000000	0.00000000	96.00000000
1403100.00000000	0.00000000	0.00000000	96.00000000
1403400.00000000	0.00000000	0.00000000	96.00000000
1403700.00000000	0.00000000	0.00000000	96.00000000
1404000.00000000	0.00000000	0.00000000	96.00000000
1404300.00000000	0.00000000	0.00000000	96.00000000
1404600.00000000	0.00000000	0.00000000	96.00000000
1404900.00000000	0.00000000	0.00000000	96.00000000
1405200.00000000	0.00000000	0.00000000	96.00000000
1405500.00000000	0.00000000	0.00000000	96.00000000
1405800.00000000	0.00000000	0.00000000	96.00000000
1406100.00000000	0.00000000	0.00000000	96.00000000
1406400.00000000	0.00000000	0.00000000	96.00000000
1406700.00000000	0.00000000	0.00000000	96.00000000
1407000.00000000	0.00000000	0.00000000	96.00000000
1407300.00000000	0.00000000	0.00000000	96.00000000
1407600.00000000	0.00000000	0.00000000	96.00000000
1407900.00000000	0.00000000	0.00000000	96.00000000
1408200.00000000	0.00000000	0.00000000	96.00000000
1408500.00000000	0.00000000	0.00000000	96.00000000
1408800.00000000	0.00000000	0.00000000	96.00000000
1409100.00000000	0.00000000	0.00000000	96.00000000
1409400.00000000	0.00000000	0.00000000	96.00000000
1409700.00000000	0.00000000	0.00000000	96.00000000
1410000.00000000	0.00000000	0.00000000	96.00000000
1410300.00000000	0.00000000	0.00000000	96.00000000
1410600.00000000	0.00000000	0.00000000	96.00000000
1410900.00000000	0.00000000	0.00000000	96.00000000
1411200.00000000	0.00000000	0.00000000	96.00000000
1411500.00000000	0.00000000	0.00000000	96.00000000
1411800.00000000	0.00000000	0.00000000	96.00000000
1412100.00000000	0.00000000	0.00000000	96.00000000
1412400.00000000	0.00000000	0.00000000	96.00000000
1412700.00000000	0.00000000	0.00000000	96.00000000
1413000.00000000	0.00000000	0.00000000	96.00000000
1413300.00000000	0.00000000	0.00000000	96.00000000
1413600.00000000	0.00000000	0.00000000	96.00000000
1413900.00000000	0.00000000	0.00000000	96.00000000
1414200.00000000	0.00000000	0.00000000	96.00000000
1414500.00000000	0.00000000	0.00000000	96.00000000
1414800.00000000	0.00000000	0.00000000	96.00000000
1415100.00000000	0.00000000	0.00000000	96.00000000
1415400.00000000	0.00000000	0.00000000	96.00000000
1415700.00000000	0.00000000	0.00000000	96.00000000
1416000.00000000	0.00000000	0.00000000	96.00000000
1416300.00000000	0.00000000	0.00000000	96.00000000
1416600.00000000	0.00000000	0.00000000	96.00000000
1416900.00000000	0.00000000	0.00000000	96.00000000
1417200.00000000	0.00000000	0.00000000	96.00000000
1417500.00000000	0.00000000	0.00000000	96.00000000
1417800.00000000	0.00000000	0.00000000	96.00000000
1418100.00000000	0.00000000	0.00000000	96.00000000
1418400.00000000	0.00000000	0.00000000	96.00000000
1418700.00000000	0.00000000	0.00000000	96.00000000
1419000.00000000	0.00000000	0.00000000	96.00000000
1419300.00000000	0.00000000	0.00000000	96.00000000
1419600.00000000	0.00000000	0.00000000	96.00000000
1419900.00000000	0.00000000	0.00000000	96.00000000
1420200.00000000	0.00000000	0.00000000	96.00000000
1420500.00000000	0.00000000	0.00000000	96.00000000
1420800.00000000	0.00000000	0.00000000	96.00000000
1421100.00000000	0.00000000	0.00000000	96.00000000
1421400.00000000	0.00000000	0.00000000	96.00000000
1421700.00000000	0.00000000	0.00000000	96.00000000
1422000.00000000	0.00000000	0.00000000	96.00000000
1422300.00000000	0.00000000	0.00000000	96.00000000
1422600.00000000	0.00000000	0.00000000	96.00000000
1422900.00000000	0.00000000	0.00000000	96.00000000
1423200.00000000	0.00000000	0.00000000	96.00000000
1423500.00000000	0.00000000	0.00000000	96.00000000
1423800.00000000	0.00000000	0.00000000	96.00000000
1424100.00000000	0.00000000	0.00000000	96.00000000
1424400.00000000	0.00000000	0.00000000	96.00000000
1424700.00000000	0.00000000	0.00000000	96.00000000
1425000.00000000	0.00000000	0.00000000	96.00000000
1425300.00000000	0.00000000	0.00000000	96.00000000
1425600.00000000	0.00000000	0.00000000	96.00000000
1425900.00000000	0.00000000	0.00000000	96.00000000
1426200.00000000	0.00000000	0.00000000	96.00000000
1426500.00000000	0.00000000	0.00000000	96.00000000
1426800.00000000	0.00000000	0.00000000	96.00000000
1427100.00000000	0.00000000	0.00000000	96.00000000
1427400.00000000	0.00000000	0.00000000	96.00000000
1427700.00000000	0.00000000	0.00000000	96.00000000
1428000.00000000	0.00000000	0.00000000	96.00000000
1428300.00000000	0.00000000	0.00000000	96.00000000
1428600.00000000	0.00000000	0.00000000	96.00000000
1428900.00000000	0.00000000	0.00000000	96.00000000
1429200.00000000	0.00000000	0.00000000	96.00000000
1429500.00000000	0.00000000	0.00000000	96.00000000
1429800.00000000	0.00000000	0.00000000	96.00000000
1430100.00000000	0.00000000	0.00000000	96.00000000
1430400.00000000	0.00000000	0.00000000	96.00000000
1430700.00000000	0.00000000	0.00000000	96.00000000
1431000.00000000	0.00000000	0.00000000	96.00000000
1431300.00000000	0.00000000	0.00000000	96.00000000
1431600.00000000	0.00000000	0.00000000	96.00000000
1431900.00000000	0.00000000	0.00000000	96.00000000
1432200.00000000	0.00000000	0.00000000	96.00000000
1432500.00000000	0.00000000	0.00000000	96.00000000
1432800.00000000	0.00000000	0.00000000	96.00000000
1433100.00000000	0.00000000	0.00000000	96.00000000
1433400.00000000	0.00000000	0.00000000	96.00000000
1433700.00000000	0.00000000	0.00000000	96.00000000
1434000.00000000	0.00000000	0.00000000	96.00000000
1434300.00000000	0.00000000	0.00000000	96.00000000
1434600.00000000	0.00000000	0.00000000	96.00000000
1434900.00000000	0.00000000	0.00000000	96.00000000
1435200.00000000	0.00000000	0.00000000	96.00000000
1435500.00000000	0.00000000	0.00000000	96.00000000
1435800.00000000	0.00000000	0.00000000	96.00000000
1436100.00000000	0.00000000	0.00000000	96.00000000
1436400.00000000	0.00000000	0.00000000	96.00000000
1436700.00000000	0.00000000	0.00000000	96.00000000
1437000.00000000	0.00000000	0.00000000	96.00000000
1437300.00000000	0.00000000	0.00000000	96.00000000
1437600.00000000	0.00000000	0.00000000	96.00000000
1437900.00000000	0.00000000	0.00000000	96.00000000
1438200.00000000	0.00000000	0.00000000	96.00000000
1438500.00000000	0.00000000	0.00000000	96.00000000
1438800.00000000	0.00000000	0.00000000	96.00000000
1439100.00000000	0.00000000	0.00000000	96.00000000
1439400.00000000	0.00000000	0.00000000	96.00000000
1439700.00000000	0.00000000	0.00000000	96.00000000
1440000.00000000	0.00000000	0.00000000	96.00000000
1440300.00000000	0.00000000	0.00000000	96.00000000
1440600.00000000	0.00000000	0.00000000	96.00000000
1440900.00000000	0.00000000	0.00000000	96.00000000
1441200.00000000	0.00000000	0.00000000	96.00000000
1441500.00000000	0.00000000	0.00000000	96.00000000
1441800.00000000	0.00000000	0.00000000	96.00000000
1442100.00000000	0.00000000	0.00000000	96.00000000
1442400.00000000	0.00000000	0.00000000	96.00000000
1442700.00000000	0.00000000	0.00000000	96.00000000
1443000.00000000	0.00000000	0.00000000	96.00000000
1443300.00000000	0.00000000	0.00000000	96.00000000
1443600.00000000	0.00000000	0.00000000	96.00000000
1443900.00000000	0.00000000	0.00000000	96.00000000
1444200.00000000	0.00000000	0.00000000	96.00000000
1444500.00000000	0.00000000	0.00000000	96.00000000
1444800.00000000	0.00000000	0.00000000	96.00000000
1445100.00000000	0.00000000	0.00000000	96.00000000
1445400.00000000	0.00000000	0.00000000	96.00000000
1445700.00000000	0.00000000	0.00000000	96.00000000
1446000.00000000	0.00000000	0.00000000	96.00000000
1446300.00000000	0.00000000	0.00000000	96.00000000
1446600.00000000	0.00000000	0.00000000	96.00000000
1446900.00000000	0.00000000	0.00000000	96.00000000
1447200.00000000	0.00000000	0.00000000	96.00000000
1447500.00000000	0.00000000	0.00000000	96.00000000
1447800.00000000	0.00000000	0.00000000	96.00000000
1448100.00000000	0.00000000	0.00000000	96.00000000
1448400.00000000	0.00000000	0.00000000	96.00000000
1448700.00000000	0.00000000	0.00000000	96.00000000
1449000.00000000	0.00000000	0.00000000	96.00000000
1449300.00000000	0.00000000	0.00000000	96.00000000
1449600.00000000	0.00000000	0.00000000	96.00000000
1449900.00000000	0.00000000	0.00000000	96.00000000
1450200.00000000	0.00000000	0.00000000	96.00000000
1450500.00000000	0.00000000	0.00000000	96.00000000
1450800.00000000	0.00000000	0.00000000	96.00000000
1451100.00000000	0.00000000	0.00000000	96.00000000
1451400.00000000	0.00000000	0.00000000	96.00000000
1451700.00000000	0.00000000	0.00000000	96.00000000
1452000.00000000	0.00000000	0.00000000	96.00000000
1452300.00000000	0.00000000	0.00000000	96.00000000
1452600.00000000	0.00000000	0.00000000	96.00000000
1452900.00000000	0.00000000	0.00000000	96.00000000
1453200.00000000	0.00000000	0.00000000	96.00000000
1453500.00000000	0.00000000	0.00000000	96.00000000
1453800.00000000	0.00000000	0.00000000	96.00000000
1454100.00000000	0.00000000	0.00000000	96.00000000
1454400.00000000	0.00000000	0.00000000	96.00000000
1454700.00000000	0.00000000	0.00000000	96.00000000
1455000.00000000	0.00000000	0.00000000	96.00000000
1455300.00000000	0.00000000	0.00000000	96.00000000
1455600.00000000	0.00000000	0.00000000	96.00000000
1455900.00000000	0.00000000	0.00000000	96.00000000
1456200.00000000	0.00000000	0.00000000	96.00000000
1456500.00000000	0.00000000	0.00000000	96.00000000
1456800.00000000	0.00000000	0.00000000	96.00000000
1457100.00000000	0.00000000	0.00000000	96.00000000
1457400.00000000	0.00000000	0.00000000	96.00000000
1457700.00000000	0.00000000	0.00000000	96.00000000
1458000.00000000	0.00000000	0.00000000	96.00000000
1458300.00000000	0.00000000	0.00000000	96.00000000
1458600.00000000	0.00000000	0.00000000	96.00000000
1458900.00000000	0.00000000	0.00000000	96.00000000
1459200.00000000	0.00000000	0.00000000	96.00000000
1459500.00000000	0.00000000	0.00000000	96.00000000
1459800.00000000	0.00000000	0.00000000	96.00000000
1460100.00000000	0.00000000	0.00000000	96.00000000
1460400.00000000	0.00000000	0.00000000	96.00000000
1460700.00000000	0.00000000	0.00000000	96.00000000
1461000.00000000	0.00000000	0.00000000	96.00000000
1461300.00000000	0.00000000	0.00000000	96.00000000
1461600.00000000	0.00000000	0.00000000	96.00000000
1461900.00000000	0.00000000	0.00000000	96.00000000
1462200.00000000	0.00000000	0.00000000	96.00000000
1462500.00000000	0.00000000	0.00000000	96.00000000
1462800.00000000	0.00000000	0.00000000	96.00000000
1463100.00000000	0.00000000	0.00000000	96.00000000
1463400.00000000	0.00000000	0.00000000	96.00000000
1463700.00000000	0.00000000	0.00000000	96.00000000
1464000.00000000	0.00000000	0.00000000	96.00000000
1464300.00000000	0.00000000	0.00000000	96.00000000
1464600.00000000	0.00000000	0.00000000	96.00000000
1464900.00000000	0.00000000	0.00000000	96.00000000
1465200.00000000	0.00000000	0.00000000	96.00000000
1465500.00000000	0.00000000	0.00000000	96.00000000
1465800.00000000	0.00000000	0.00000000	96.00000000
1466100.00000000	0.00000000	0.00000000	96.00000000
1466400.00000000	0.00000000	0.00000000	96.00000000
1466700.00000000	0.00000000	0.00000000	96.00000000
1467000.00000000	0.00000000	0.00000000	96.00000000
1467300.00000000	0.00000000	0.00000000	96.00000000
1467600.00000000	0.00000000	0.00000000	96.00000000
1467900.00000000	0.00000000	0.00000000	96.00000000
1468200.00000000	0.00000000	0.00000000	96.00000000
1468500.00000000	0.00000000	0.00000000	96.00000000
1468800.00000000	0.00000000	0.00000000	96.00000000
1469100.00000000	0.00000000	0.00000000	96.00000000
1469400.00000000	0.00000000	0.00000000	96.00000000
1469700.00000000	0.00000000	0.00000000	96.00000000
1470000.00000000	0.00000000	0.00000000	96.00000000
1470300.00000000	0.00000000	0.00000000	96.00000000
1470600.00000000	0.00000000	0.00000000	96.00000000
1470900.00000000	0.00000000	0.00000000	96.00000000
1471200.00000000	0.00000000	0.00000000	96.00000000
1471500.00000000	0.00000000	0.00000000	96.00000000
1471800.00000000	0.00000000	0.00000000	96.00000000
1472100.00000000	0.00000000	0.00000000	96.00000000
1472400.00000000	0.00000000	0.00000000	96.00000000
1472700.00000000	0.00000000	0.00000000	96.00000000
1473000.00000000	0.00000000	0.00000000	96.00000000
1473300.00000000	0.00000000	0.00000000	96.00000000
1473600.00000000	0.00000000	0.00000000	96.00000000
1473900.00000000	0.00000000	0.00000000	96.00000000
1474200.00000000	0.00000000	0.00000000	96.00000000
1474500.00000000	0.00000000	0.00000000	96.00000000
1474800.00000000	0.00000000	0.00000000	96.00000000
1475100.00000000	0.00000000	0.00000000	96.00000000
1475400.00000000	0.00000000	0.00000000	96.00000000
1475700.00000000	0.00000000	0.00000000	96.00000000
1476000.00000000	0.00000000	0.00000000	96.00000000
1476300.00000000	0.00000000	0.00000000	96.00000000
1476600.00000000	0.00000000	0.00000000	96.00000000
1476900.00000000	0.00000000	0.00000000	96.00000000
1477200.00000000	0.00000000	0.00000000	96.00000000
1477500.00000000	0.00000000	0.00000000	96.00000000
1477800.00000000	0.00000000	0.00000000	96.00000000
1478100.00000000	0.00000000	0.00000000	96.00000000
1478400.00000000	0.00000000	0.00000000	96.00000000
1478700.00000000	0.00000000	0.00000000	96.00000000
1479000.00000000	0.00000000	0.00000000	96.00000000
1479300.00000000	0.00000000	0.00000000	96.00000000
1479600.00000000	0.00000000	0.00000000	96.00000000
1479900.00000000	0.00000000	0.00000000	96.00000000
1480200.00000000	0.00000000	0.00000000	96.00000000
1480500.00000000	0.00000000	0.00000000	96.00000000
1480800.00000000	0.00000000	0.00000000	96.00000000
1481100.00000000	0.00000000	0.00000000	96.00000000
1481400.00000000	0.00000000	0.00000000	96.00000000
1481700.00000000	0.00000000	0.00000000	96.00000000
1482000.00000000	0.00000000	0.00000000	96.00000000
1482300.00000000	0.00000000	0.00000000	96.00000000
1482600.00000000	0.00000000	0.00000000	96.00000000
1482900.00000000	0.00000000	0.00000000	96.00000000
1483200.00000000	0.00000000	0.00000000	96.00000000
1483500.00000000	0.00000000	0.00000000	96.00000000
1483800.00000000	0.00000000	0.00000000	96.00000000
1484100.00000000	0.00000000	0.00000000	96.00000000
1484400.00000000	0.00000000	0.00000000	96.00000000
1484700.00000000	0.00000000	0.00000000	96.00000000
1485000.00000000	0.00000000	0.00000000	96.00000000
1485300.00000000	0.00000000	0.00000000	96.00000000
1485600.00000000	0.00000000	0.00000000	96.00000000
1485900.00000000	0.00000000	0.00000000	96.00000000
1486200.00000000	0.00000000	0.00000000	96.00000000
1486500.00000000	0.00000000	0.00000000	96.00000000
1486800.00000000	0.00000000	0.00000000	96.00000000
1487100.00000000	0.00000000	0.00000000	96.00000000
1487400.00000000	0.00000000	0.00000000	96.00000000
1487700.00000000	0.00000000	0.00000000	96.00000000
1488000.00000000	0.00000000	0.00000000	96.00000000
1488300.00000000	0.00000000	0.00000000	96.00000000
1488600.00000000	0.00000000	0.00000000	96.00000000
1488900.00000000	0.00000000	0.00000000	96.00000000
1489200.00000000	0.00000000	0.00000000	96.00000000
1489500.00000000	0.00000000	0.00000000	96.00000000
1489800.00000000	0.00000000	0.00000000	96.00000000
1490100.00000000	0.00000000	0.00000000	96.00000000
1490400.00000000	0.00000000	0.00000000	96.00000000
1490700.00000000	0.00000000	0.00000000	96.00000000
1491000.00000000	0.00000000	0.00000000	96.00000000
1491300.00000000	0.00000000	0.00000000	96.00000000
1491600.00000000	0.00000000	0.00000000	96.00000000
1491900.00000000	0.00000000	0.00000000	96.00000000
1492200.00000000	0.00000000	0.00000000	96.00000000
1492500.00000000	0.00000000	0.00000000	96.00000000
1492800.00000000	0.00000000	0.00000000	96.00000000
1493100.00000000	0.00000000	0.00000000	96.00000000
1493400.00000000	0.00000000	0.00000000	96.00000000
1493700.00000000	0.00000000	0.00000000	96.00000000
1494000.00000000	0.00000000	0.00000000	96.00000000
1494300.00000000	0.00000000	0.00000000	96.00000000
1494600.00000000	0.00000000	0.00000000	96.00000000
1494900.00000000	0.00000000	0.00000000	96.00000000
1495200.00000000	0.00000000	0.00000000	96.00000000
1495500.00000000	0.00000000	0.00000000	96.00000000
1495800.00000000	0.00000000	0.00000000	96.00000000
1496100.00000000	0.00000000	0.00000000	96.00000000
1496400.00000000	0.00000000	0.00000000	96.00000000
1496700.00000000	0.00000000	0.00000000	96.00000000
1497000.00000000	0.00000000	0.00000000	96.00000000
1497300.00000000	0.00000000	0.00000000	96.00000000
1497600.00000000	0.00000000	0.00000000	96.00000000
1497900.00000000	0.00000000	0.00000000	96.00000000
1498200.00000000	0.00000000	0.00000000	96.00000000
1498500.00000000	0.00000000	0.00000000	96.00000000
1498800.00000000	0.00000000	0.00000000	96.00000000
1499100.00000000	0.00000000	0.00000000	96.00000000
1499400.00000000	0.00000000	0.00000000	96.00000000
1499700.00000000	0.00000000	0.00000000	96.00000000
1500000.00000000	0.00000000	0.00000000	96.00000000
1500300.00000000	0.00000000	0.00000000	96.00000000
1500600.00000000	0.00000000	0.00000000	96.00000000
1500900.00000000	0.00000000	0.00000000	96.00000000
1501200.00000000	0.00000000	0.00000000	96.00000000
1501500.00000000	0.00000000	0.00000000	96.00000000
1501800.00000000	0.00000000	0.00000000	96.00000000
1502100.00000000	0.00000000	0.00000000	96.00000000
1502400.00000000	0.00000000	0.00000000	96.00000000
1502700.00000000	0.00000000	0.00000000	96.00000000
1503000.00000000	0.00000000	0.00000000	96.00000000
1503300.00000000	0.00000000	0.00000000	96.00000000
1503600.00000000	0.00000000	0.00000000	96.00000000
1503900.00000000	0.00000000	0.00000000	96.00000000
1504200.00000000	0.00000000	0.00000000	96.00000000
1504500.00000000	0.00000000	0.00000000	96.00000000
1504800.00000000	0.00000000	0.00000000	96.00000000
1505100.00000000	0.00000000	0.00000000	96.00000000
1505400.00000000	0.00000000	0.00000000	96.00000000
1505700.00000000	0.00000000	0.00000000	96.00000000
1506000.00000000	0.00000000	0.00000000	96.00000000
1506300.00000000	0.00000000	0.00000000	96.00000000
1506600.00000000	0.00000000	0.00000000	96.00000000
1506900.00000000	0.00000000	0.00000000	96.00000000
1507200.00000000	0.00000000	0.00000000	96.00000000
1507500.00000000	0.00000000	0.00000000	96.00000000
1507800.00000000	0.00000000	0.00000000	96.00000000
1508100.00000000	0.00000000	0.00000000	96.00000000
1508400.00000000	0.00000000	0.00000000	96.00000000
1508700.00000000	0.00000000	0.00000000	96.00000000
1509000.00000000	0.00000000	0.00000000	96.00000000
1509300.00000000	0.00000000	0.00000000	96.00000000
1509600.00000000	0.00000000	0.00000000	96.00000000
1509900.00000000	0.00000000	0.00000000	96.00000000
1510200.00000000	0.00000000	0.00000000	96.00000000
1510500.00000000	0.00000000	0.00000000	96.00000000
1510800.00000000	0.00000000	0.00000000	96.00000000
1511100.00000000	0.00000000	0.00000000	96.00000000
1511400.00000000	0.00000000	0.00000000	96.00000000
1511700.00000000	0.00000000	0.00000000	96.00000000
1512000.00000000	0.00000000	0.00000000	96.00000000
1512300.00000000	0.00000000	0.00000000	96.00000000
1512600.00000000	0.00000000	0.00000000	96.00000000
1512900.00000000	0.00000000	0.00000000	96.00000000
1513200.00000000	0.00000000	0.00000000	96.00000000
1513500.00000000	0.00000000	0.00000000	96.00000000
1513800.00000000	0.00000000	0.00000000	96.00000000
1514100.00000000	0.00000000	0.00000000	96.00000000
1514400.00000000	0.00000000	0.00000000	96.00000000
1514700.00000000	0.00000000	0.00000000	96.00000000
1515000.00000000	0.00000000	0.00000000	96.00000000
1515300.00000000	0.00000000	0.00000000	96.00000000
1515600.00000000	0.00000000	0.00000000	96.00000000
1515900.00000000	0.00000000	0.00000000	96.00000000
1516200.00000000	0.00000000	0.00000000	96.00000000
1516500.00000000	0.00000000	0.00000000	96.00000000
1516800.00000000	0.00000000	0.00000000	96.00000000
1517100.00000000	0.00000000	0.00000000	96.00000000
1517400.00000000	0.00000000	0.00000000	96.00000000
1517700.00000000	0.00000000	0.00000000	96.00000000
1518000.00000000	0.00000000	0.00000000	96.00000000
1518300.00000000	0.00000000	0.00000000	96.00000000
1518600.00000000	0.00000000	0.00000000	96.00000000
1518900.00000000	0.00000000	0.00000000	96.00000000
1519200.00000000	0.00000000	0.00000000	96.00000000
1519500.00000000	0.00000000	0.00000000	96.00000000
1519800.00000000	0.00000000	0.00000000	96.00000000
1520100.00000000	0.00000000	0.00000000	96.00000000
1520400.00000000	0.00000000	0.00000000	96.00000000
1520700.00000000	0.00000000	0.00000000	96.00000000
1521000.00000000	0.00000000	0.00000000	96.00000000
1521300.00000000	0.00000000	0.00000000	96.00000000
1521600.00000000	0.00000000	0.00000000	96.00000000
1521900.00000000	0.00000000	0.00000000	96.00000000
1522200.00000000	0.00000000	0.00000000	96.00000000
1522500.00000000	0.00000000	0.00000000	96.00000000
1522800.00000000	0.00000000	0.00000000	96.00000000
1523100.00000000	0.00000000	0.00000000	96.00000000
1523400.00000000	0.00000000	0.00000000	96.00000000
1523700.00000000	0.00000000	0.00000000	96.00000000
1524000.00000000	0.00000000	0.00000000	96.00000000
1524300.00000000	0.00000000	0.00000000	96.00000000
1524600.00000000	0.00000000	0.00000000	96.00000000
1524900.00000000	0.00000000	0.00000000	96.00000000
1525200.00000000	0.00000000	0.00000000	96.00000000
1525500.00000000	0.00000000	0.00000000	96.00000000
1525800.00000000	0.00000000	0.00000000	96.00000000
1526100.00000000	0.00000000	0.00000000	96.00000000
1526400.00000000	0.00000000	0.00000000	96.00000000
1526700.00000000	0.00000000	0.00000000	96.00000000
1527000.00000000	0.00000000	0.00000000	96.00000000
1527300.00000000	0.00000000	0.00000000	96.00000000
1527600.00000000	0.00000000	0.00000000	96.00000000
1527900.00000000	0.00000000	0.00000000	96.00000000
1528200.00000000	0.00000000	0.00000000	96.00000000
1528500.00000000	0.00000000	0.00000000	96.00000000
1528800.00000000	0.00000000	0.00000000	96.00000000
1529100.00000000	0.00000000	0.00000000	96.00000000
1529400.00000000	0.00000000	0.00000000	96.00000000
1529700.00000000	0.00000000	0.00000000	96.00000000
1530000.00000000	0.00000000	0.00000000	96.00000000
1530300.00000000	0.00000000	0.00000000	96.00000000
1530600.00000000	0.00000000	0.00000000	96.00000000
1530900.00000000	0.00000000	0.00000000	96.00000000
1531200.00000000	0.00000000	0.00000000	96.00000000
1531500.00000000	0.00000000	0.00000000	96.00000000
1531800.00000000	0.00000000	0.00000000	96.00000000
1532100.00000000	0.00000000	0.00000000	96.00000000
1532400.00000000	0.00000000	0.00000000	96.00000000
1532700.00000000	0.00000000	0.00000000	96.00000000
1533000.00000000	0.00000000	0.00000000	96.00000000
1533300.00000000	0.00000000	0.00000000	96.00000000
1533600.00000000	0.00000000	0.00000000	96.00000000
1533900.00000000	0.00000000	0.00000000	96.00000000
1534200.00000000	0.00000000	0.00000000	96.00000000
1534500.00000000	0.00000000	0.00000000	96.00000000
1534800.00000000	0.00000000	0.00000000	96.00000000
1535100.00000000	0.00000000	0.00000000	96.00000000
1535400.00000000	0.00000000	0.00000000	96.00000000
1535700.00000000	0.00000000	0.00000000	96.00000000
1536000.00000000	0.00000000	0.00000000	96.00000000
1536300.00000000	0.00000000	0.00000000	96.00000000
1536600.00000000	0.00000000	0.00000000	96.00000000
1536900.00000000	0.00000000	0.00000000	96.00000000
1537200.00000000	0.00000000	0.00000000	96.00000000
1537500.00000000	0.00000000	0.00000000	96.00000000
1537800.00000000	0.00000000	0.00000000	96.00000000
1538100.00000000	0.00000000	0.00000000	96.00000000
1538400.00000000	0.00000000	0.00000000	96.00000000
1538700.00000000	0.00000000	0.00000000	96.00000000
1539000.00000000	0.00000000	0.00000000	96.00000000
1539300.00000000	0.00000000	0.00000000	96.00000000
1539600.00000000	0.00000000	0.00000000	96.00000000
1539900.00000000	0.00000000	0.00000000	96.00000000
1540200.00000000	0.00000000	0.00000000	96.00000000
1540500.00000000	0.00000000	0.00000000	96.00000000
1540800.00000000	0.00000000	0.00000000	96.00000000
1541100.00000000	0.00000000	0.00000000	96.00000000
1541400.00000000	0.00000000	0.00000000	96.00000000
1541700.00000000	0.00000000	0.00000000	96.00000000
1542000.00000000	0.00000000	0.00000000	96.00000000
1542300.00000000	0.00000000	0.00000000	96.00000000
1542600.00000000	0.00000000	0.00000000	96.00000000
1542900.00000000	0.00000000	0.00000000	96.00000000
1543200.00000000	0.00000000	0.00000000	96.00000000
1543500.00000000	0.00000000	0.00000000	96.00000000
1543800.00000000	0.00000000	0.00000000	96.00000000
1544100.00000000	0.00000000	0.00000000	96.00000000
1544400.00000000	0.00000000	0.00000000	96.00000000
1544700.00000000	0.00000000	0.00000000	96.00000000
1545000.00000000	0.00000000	0.00000000	96.00000000
1545300.00000000	0.00000000	0.00000000	96.00000000
1545600.00000000	0.00000000	0.00000000	96.00000000
1545900.00000000	0.00000000	0.00000000	96.00000000
1546200.00000000	0.00000000	0.00000000	96.00000000
1546500.00000000	0.00000000	0.00000000	96.00000000
1546800.00000000	0.00000000	0.00000000	96.00000000
1547100.00000000	0.00000000	0.00000000	96.00000000
1547400.00000000	0.00000000	0.00000000	96.00000000
1547700.00000000	0.00000000	0.00000000	96.00000000
1548000.00000000	0.00000000	0.00000000	96.00000000
1548300.00000000	0.00000000	0.00000000	96.00000000
1548600.00000000	0.00000000	0.00000000	96.00000000
1548900.00000000	0.00000000	0.00000000	96.00000000
1549200.00000000	0.00000000	0.00000000	96.00000000
1549500.00000000	0.00000000	0.00000000	96.00000000
1549800.00000000	0.00000000	0.00000000	96.00000000
1550100.00000000	0.00000000	0.00000000	96.00000000
1550400.00000000	0.00000000	0.00000000	96.00000000
1550700.00000000	0.00000000	0.00000000	96.00000000
1551000.00000000	0.00000000	0.00000000	96.00000000
1551300.00000000	0.00000000	0.00000000	96.00000000
1551600.00000000	0.00000000	0.00000000	96.00000000
1551900.00000000	0.00000000	0.00000000	96.00000000
1552200.00000000	0.00000000	0.00000000	96.00000000
1552500.00000000	0.00000000	0.00000000	96.00000000
1552800.00000000	0.00000000	0.00000000	96.00000000
1553100.00000000	0.00000000	0.00000000	96.00000000
1553400.00000000	0.00000000	0.00000000	96.00000000
1553700.00000000	0.00000000	0.00000000	96.00000000
1554000.00000000	0.00000000	0.00000000	96.00000000
1554300.00000000	0.00000000	0.00000000	96.00000000
1554600.00000000	0.00000000	0.00000000	96.00000000
1554900.00000000	0.00000000	0.00000000	96.00000000
1555200.00000000	109.20327462	661.26891590	96.00000000
1555500.00000000	0.00000000	0.00000000	96.00000000
1555800.00000000	0.00000000	0.00000000	96.00000000
1556100.00000000	0.00000000	0.00000000	96.00000000
1556400.00000000	0.00000000	0.00000000	96.00000000
1556700.00000000	0.00000000	0.00000000	96.00000000
1557000.00000000	0.00000000	0.00000000	96.00000000
1557300.00000000	0.00000000	0.00000000	96.00000000
1557600.00000000	0.00000000	0.00000000	96.00000000
1557900.00000000	0.00000000	0.00000000	96.00000000
1558200.00000000	0.00000000	0.00000000	96.00000000
1558500.00000000	0.00000000	0.00000000	96.00000000
1558800.00000000	0.00000000	0.00000000	96.00000000
1559100.00000000	0.00000000	0.00000000	96.00000000
1559400.00000000	0.00000000	0.00000000	96.00000000
1559700.00000000	0.00000000	0.00000000	96.00000000
1560000.00000000	0.00000000	0.00000000	96.00000000
1560300.00000000	0.00000000	0.00000000	96.00000000
1560600.00000000	0.00000000	0.00000000	96.00000000
1560900.00000000	0.00000000	0.00000000	96.00000000
1561200.00000000	0.00000000	0.00000000	96.00000000
1561500.00000000	0.00000000	0.00000000	96.00000000
1561800.00000000	0.00000000	0.00000000	96.00000000
1562100.00000000	0.00000000	0.00000000	96.00000000
1562400.00000000	0.00000000	0.00000000	96.00000000
1562700.00000000	0.00000000	0.00000000	96.00000000
1563000.00000000	0.00000000	0.00000000	96.00000000
1563300.00000000	0.00000000	0.00000000	96.00000000
1563600.00000000	0.00000000	0.00000000	96.00000000
1563900.00000000	0.00000000	0.00000000	96.00000000
1564200.00000000	0.00000000	0.00000000	96.00000000
1564500.00000000	0.00000000	0.00000000	96.00000000
1564800.00000000	0.00000000	0.00000000	96.00000000
1565100.00000000	0.00000000	0.00000000	96.00000000
1565400.00000000	0.00000000	0.00000000	96.00000000
1565700.00000000	0.00000000	0.00000000	96.00000000
1566000.00000000	0.00000000	0.00000000	96.00000000
1566300.00000000	0.00000000	0.00000000	96.00000000
1566600.00000000	0.00000000	0.00000000	96.00000000
1566900.00000000	0.00000000	0.00000000	96.00000000
1567200.00000000	0.00000000	0.00000000	96.00000000
1567500.00000000	0.00000000	0.00000000	96.00000000
1567800.00000000	0.00000000	0.00000000	96.00000000
1568100.00000000	0.00000000	0.00000000	96.00000000
1568400.00000000	0.00000000	0.00000000	96.00000000
1568700.00000000	0.00000000	0.00000000	96.00000000
1569000.00000000	0.00000000	0.00000000	96.00000000
1569300.00000000	0.00000000	0.00000000	96.00000000
1569600.00000000	0.00000000	0.00000000	96.00000000
1569900.00000000	0.00000000	0.00000000	96.00000000
1570200.00000000	0.00000000	0.00000000	96.00000000
1570500.00000000	0.00000000	0.00000000	96.00000000
1570800.00000000	0.00000000	0.00000000	96.00000000
1571100.00000000	0.00000000	0.00000000	96.00000000
1571400.00000000	0.00000000	0.00000000	96.00000000
1571700.00000000	0.00000000	0.00000000	96.00000000
1572000.00000000	0.00000000	0.00000000	96.00000000
1572300.00000000	0.00000000	0.00000000	96.00000000
1572600.00000000	0.00000000	0.00000000	96.00000000
1572900.00000000	0.00000000	0.00000000	96.00000000
1573200.00000000	0.00000000	0.00000000	96.00000000
1573500.00000000	0.00000000	0.00000000	96.00000000
1573800.00000000	0.00000000	0.00000000	96.00000000
1574100.00000000	0.00000000	0.00000000	96.00000000
1574400.00000000	0.00000000	0.00000000	96.00000000
1574700.00000000	0.00000000	0.00000000	96.00000000
1575000.00000000	0.00000000	0.00000000	96.00000000
1575300.00000000	0.00000000	0.00000000	96.00000000
1575600.00000000	0.00000000	0.00000000	96.00000000
1575900.00000000	0.00000000	0.00000000	96.00000000
1576200.00000000	0.00000000	0.00000000	96.00000000
1576500.00000000	0.00000000	0.00000000	96.00000000
1576800.00000000	0.00000000	0.00000000	96.00000000
1577100.00000000	0.00000000	0.00000000	96.00000000
1577400.00000000	0.00000000	0.00000000	96.00000000
1577700.00000000	0.00000000	0.00000000	96.00000000
1578000.00000000	0.00000000	0.00000000	96.00000000
1578300.00000000	0.00000000	0.00000000	96.00000000
1578600.00000000	0.00000000	0.00000000	96.00000000
1578900.00000000	0.00000000	0.00000000	96.00000000
1579200.00000000	0.00000000	0.00000000	96.00000000
1579500.00000000	0.00000000	0.00000000	96.00000000
1579800.00000000	0.00000000	0.00000000	96.00000000
1580100.00000000	0.00000000	0.00000000	96.00000000
1580400.00000000	0.00000000	0.00000000	96.00000000
1580700.00000000	0.00000000	0.00000000	96.00000000
1581000.00000000	0.00000000	0.00000000	96.00000000
1581300.00000000	0.00000000	0.00000000	96.00000000
1581600.00000000	0.00000000	0.00000000	96.00000000
1581900.00000000	0.00000000	0.00000000	96.00000000
1582200.00000000	0.00000000	0.00000000	96.00000000
1582500.00000000	0.00000000	0.00000000	96.00000000
1582800.00000000	0.00000000	0.00000000	96.00000000
1583100.00000000	0.00000000	0.00000000	96.00000000
1583400.00000000	0.00000000	0.00000000	96.00000000
1583700.00000000	0.00000000	0.00000000	96.00000000
1584000.00000000	0.00000000	0.00000000	96.00000000
1584300.00000000	0.00000000	0.00000000	96.00000000
1584600.00000000	0.00000000	0.00000000	96.00000000
1584900.00000000	0.00000000	0.00000000	96.00000000
1585200.00000000	0.00000000	0.00000000	96.00000000
1585500.00000000	0.00000000	0.00000000	96.00000000
1585800.00000000	0.00000000	0.00000000	96.00000000
1586100.00000000	0.00000000	0.00000000	96.00000000
1586400.00000000	0.00000000	0.00000000	96.00000000
1586700.00000000	0.00000000	0.00000000	96.00000000
1587000.00000000	0.00000000	0.00000000	96.00000000
1587300.00000000	0.00000000	0.00000000	96.00000000
1587600.00000000	0.00000000	0.00000000	96.00000000
1587900.00000000	0.00000000	0.00000000	96.00000000
1588200.00000000	0.00000000	0.00000000	96.00000000
1588500.00000000	0.00000000	0.00000000	96.00000000
1588800.00000000	0.00000000	0.00000000	96.00000000
1589100.00000000	0.00000000	0.00000000	96.00000000
1589400.00000000	0.00000000	0.00000000	96.00000000
1589700.00000000	0.00000000	0.00000000	96.00000000
1590000.00000000	0.00000000	0.00000000	96.00000000
1590300.00000000	0.00000000	0.00000000	96.00000000
1590600.00000000	0.00000000	0.00000000	96.00000000
1590900.00000000	0.00000000	0.00000000	96.00000000
1591200.00000000	0.00000000	0.00000000	96.00000000
1591500.00000000	0.00000000	0.00000000	96.00000000
1591800.00000000	0.00000000	0.00000000	96.00000000
1592100.00000000	0.00000000	0.00000000	96.00000000
1592400.00000000	0.00000000	0.00000000	96.00000000
1592700.00000000	0.00000000	0.00000000	96.00000000
1593000.00000000	0.00000000	0.00000000	96.00000000
1593300.00000000	0.00000000	0.00000000	96.00000000
1593600.00000000	0.00000000	0.00000000	96.00000000
1593900.00000000	0.00000000	0.00000000	96.00000000
1594200.00000000	0.00000000	0.00000000	96.00000000
1594500.00000000	0.00000000	0.00000000	96.00000000
1594800.00000000	0.00000000	0.00000000	96.00000000
1595100.00000000	0.00000000	0.00000000	96.00000000
1595400.00000000	0.00000000	0.00000000	96.00000000
1595700.00000000	0.00000000	0.00000000	96.00000000
1596000.00000000	0.00000000	0.00000000	96.00000000
1596300.00000000	0.00000000	0.00000000	96.00000000
1596600.00000000	0.00000000	0.00000000	96.00000000
1596900.00000000	0.00000000	0.00000000	96.00000000
1597200.00000000	0.00000000	0.00000000	96.00000000
1597500.00000000	0.00000000	0.00000000	96.00000000
1597800.00000000	0.00000000	0.00000000	96.00000000
1598100.00000000	0.00000000	0.00000000	96.00000000
1598400.00000000	0.00000000	0.00000000	96.00000000
1598700.00000000	0.00000000	0.00000000	96.00000000
1599000.00000000	0.00000000	0.00000000	96.00000000
1599300.00000000	0.00000000	0.00000000	96.00000000
1599600.00000000	0.00000000	0.00000000	96.00000000
1599900.00000000	0.00000000	0.00000000	96.00000000
1600200.00000000	0.00000000	0.00000000	96.00000000
1600500.00000000	0.00000000	0.00000000	96.00000000
1600800.00000000	0.00000000	0.00000000	96.00000000
1601100.00000000	0.00000000	0.00000000	96.00000000
1601400.00000000	0.00000000	0.00000000	96.00000000
1601700.00000000	0.00000000	0.00000000	96.00000000
1602000.00000000	0.00000000	0.00000000	96.00000000
1602300.00000000	0.00000000	0.00000000	96.00000000
1602600.00000000	0.00000000	0.00000000	96.00000000
1602900.00000000	0.00000000	0.00000000	96.00000000
1603200.00000000	0.00000000	0.00000000	96.00000000
1603500.00000000	0.00000000	0.00000000	96.00000000
1603800.00000000	0.00000000	0.00000000	96.00000000
1604100.00000000	0.00000000	0.00000000	96.00000000
1604400.00000000	0.00000000	0.00000000	96.00000000
1604700.00000000	0.00000000	0.00000000	96.00000000
1605000.00000000	0.00000000	0.00000000	96.00000000
1605300.00000000	0.00000000	0.00000000	96.00000000
1605600.00000000	0.00000000	0.00000000	96.00000000
1605900.00000000	0.00000000	0.00000000	96.00000000
1606200.00000000	0.00000000	0.00000000	96.00000000
1606500.00000000	0.00000000	0.00000000	96.00000000
1606800.00000000	0.00000000	0.00000000	96.00000000
1607100.00000000	0.00000000	0.00000000	96.00000000
1607400.00000000	0.00000000	0.00000000	96.00000000
1607700.00000000	0.00000000	0.00000000	96.00000000
1608000.00000000	0.00000000	0.00000000	96.00000000
1608300.00000000	0.00000000	0.00000000	96.00000000
1608600.00000000	0.00000000	0.00000000	96.00000000
1608900.00000000	0.00000000	0.00000000	96.00000000
1609200.00000000	0.00000000	0.00000000	96.00000000
1609500.00000000	0.00000000	0.00000000	96.00000000
1609800.00000000	0.00000000	0.00000000	96.00000000
1610100.00000000	0.00000000	0.00000000	96.00000000
1610400.00000000	0.00000000	0.00000000	96.00000000
1610700.00000000	0.00000000	0.00000000	96.00000000
1611000.00000000	0.00000000	0.00000000	96.00000000
1611300.00000000	0.00000000	0.00000000	96.00000000
1611600.00000000	0.00000000	0.00000000	96.00000000
1611900.00000000	0.00000000	0.00000000	96.00000000
1612200.00000000	0.00000000	0.00000000	96.00000000
1612500.00000000	0.00000000	0.00000000	96.00000000
1612800.00000000	0.00000000	0.00000000	96.00000000
1613100.00000000	0.00000000	0.00000000	96.00000000
1613400.00000000	0.00000000	0.00000000	96.00000000
1613700.00000000	0.00000000	0.00000000	96.00000000
1614000.00000000	0.00000000	0.00000000	96.00000000
1614300.00000000	0.00000000	0.00000000	96.00000000
1614600.00000000	0.00000000	0.00000000	96.00000000
1614900.00000000	0.00000000	0.00000000	96.00000000
1615200.00000000	0.00000000	0.00000000	96.00000000
1615500.00000000	0.00000000	0.00000000	96.00000000
1615800.00000000	0.00000000	0.00000000	96.00000000
1616100.00000000	0.00000000	0.00000000	96.00000000
1616400.00000000	0.00000000	0.00000000	96.00000000
1616700.00000000	0.00000000	0.00000000	96.00000000
1617000.00000000	0.00000000	0.00000000	96.00000000
1617300.00000000	0.00000000	0.00000000	96.00000000
1617600.00000000	0.00000000	0.00000000	96.00000000
1617900.00000000	0.00000000	0.00000000	96.00000000
1618200.00000000	0.00000000	0.00000000	96.00000000
1618500.00000000	0.00000000	0.00000000	96.00000000
1618800.00000000	0.00000000	0.00000000	96.00000000
1619100.00000000	0.00000000	0.00000000	96.00000000
1619400.00000000	0.00000000	0.00000000	96.00000000
1619700.00000000	0.00000000	0.00000000	96.00000000
1620000.00000000	0.00000000	0.00000000	96.00000000
1620300.00000000	0.00000000	0.00000000	96.00000000
1620600.00000000	0.00000000	0.00000000	96.00000000
1620900.00000000	0.00000000	0.00000000	96.00000000
1621200.00000000	0.00000000	0.00000000	96.00000000
1621500.00000000	0.00000000	0.00000000	96.00000000
1621800.00000000	0.00000000	0.00000000	96.00000000
1622100.00000000	0.00000000	0.00000000	96.00000000
1622400.00000000	0.00000000	0.00000000	96.00000000
1622700.00000000	0.00000000	0.00000000	96.00000000
1623000.00000000	0.00000000	0.00000000	96.00000000
1623300.00000000	0.00000000	0.00000000	96.00000000
1623600.00000000	0.00000000	0.00000000	96.00000000
1623900.00000000	0.00000000	0.00000000	96.00000000
1624200.00000000	0.00000000	0.00000000	96.00000000
1624500.00000000	0.00000000	0.00000000	96.00000000
1624800.00000000	0.00000000	0.00000000	96.00000000
1625100.00000000	0.00000000	0.00000000	96.00000000
1625400.00000000	0.00000000	0.00000000	96.00000000
1625700.00000000	0.00000000	0.00000000	96.00000000
1626000.00000000	0.00000000	0.00000000	96.00000000
1626300.00000000	0.00000000	0.00000000	96.00000000
1626600.00000000	0.00000000	0.00000000	96.00000000
1626900.00000000	0.00000000	0.00000000	96.00000000
1627200.00000000	0.00000000	0.00000000	96.00000000
1627500.00000000	0.00000000	0.00000000	96.00000000
1627800.00000000	0.00000000	0.00000000	96.00000000
1628100.00000000	0.00000000	0.00000000	96.00000000
1628400.00000000	0.00000000	0.00000000	96.00000000
1628700.00000000	0.00000000	0.00000000	96.00000000
1629000.00000000	0.00000000	0.00000000	96.00000000
1629300.00000000	0.00000000	0.00000000	96.00000000
1629600.00000000	0.00000000	0.00000000	96.00000000
1629900.00000000	0.00000000	0.00000000	96.00000000
1630200.00000000	0.00000000	0.00000000	96.00000000
1630500.00000000	0.00000000	0.00000000	96.00000000
1630800.00000000	0.00000000	0.00000000	96.00000000
1631100.00000000	0.00000000	0.00000000	96.00000000
1631400.00000000	0.00000000	0.00000000	96.00000000
1631700.00000000	0.00000000	0.00000000	96.00000000
1632000.00000000	0.00000000	0.00000000	96.00000000
1632300.00000000	0.00000000	0.00000000	96.00000000
1632600.00000000	0.00000000	0.00000000	96.00000000
1632900.00000000	0.00000000	0.00000000	96.00000000
1633200.00000000	0.00000000	0.00000000	96.00000000
1633500.00000000	0.00000000	0.00000000	96.00000000
1633800.00000000	0.00000000	0.00000000	96.00000000
1634100.00000000	0.00000000	0.00000000	96.00000000
1634400.00000000	0.00000000	0.00000000	96.00000000
1634700.00000000	0.00000000	0.00000000	96.00000000
1635000.00000000	0.00000000	0.00000000	96.00000000
1635300.00000000	0.00000000	0.00000000	96.00000000
1635600.00000000	0.00000000	0.00000000	96.00000000
1635900.00000000	0.00000000	0.00000000	96.00000000
1636200.00000000	0.00000000	0.00000000	96.00000000
1636500.00000000	0.00000000	0.00000000	96.00000000
1636800.00000000	0.00000000	0.00000000	96.00000000
1637100.00000000	0.00000000	0.00000000	96.00000000
1637400.00000000	0.00000000	0.00000000	96.00000000
1637700.00000000	0.00000000	0.00000000	96.00000000
1638000.00000000	0.00000000	0.00000000	96.00000000
1638300.00000000	0.00000000	0.00000000	96.00000000
1638600.00000000	0.00000000	0.00000000	96.00000000
1638900.00000000	0.00000000	0.00000000	96.00000000
1639200.00000000	0.00000000	0.00000000	96.00000000
1639500.00000000	0.00000000	0.00000000	96.00000000
1639800.00000000	0.00000000	0.00000000	96.00000000
1640100.00000000	0.00000000	0.00000000	96.00000000
1640400.00000000	0.00000000	0.00000000	96.00000000
1640700.00000000	0.00000000	0.00000000	96.00000000
1641000.00000000	0.00000000	0.00000000	96.00000000
1641300.00000000	0.00000000	0.00000000	96.00000000
1641600.00000000	0.00000000	0.00000000	96.00000000
1641900.00000000	0.00000000	0.00000000	96.00000000
1642200.00000000	0.00000000	0.00000000	96.00000000
1642500.00000000	0.00000000	0.00000000	96.00000000
1642800.00000000	0.00000000	0.00000000	96.00000000
1643100.00000000	0.00000000	0.00000000	96.00000000
1643400.00000000	0.00000000	0.00000000	96.00000000
1643700.00000000	0.00000000	0.00000000	96.00000000
1644000.00000000	0.00000000	0.00000000	96.00000000
1644300.00000000	0.00000000	0.00000000	96.00000000
1644600.00000000	0.00000000	0.00000000	96.00000000
1644900.00000000	0.00000000	0.00000000	96.00000000
1645200.00000000	0.00000000	0.00000000	96.00000000
1645500.00000000	0.00000000	0.00000000	96.00000000
1645800.00000000	0.00000000	0.00000000	96.00000000
1646100.00000000	0.00000000	0.00000000	96.00000000
1646400.00000000	0.00000000	0.00000000	96.00000000
1646700.00000000	0.00000000	0.00000000	96.00000000
1647000.00000000	0.00000000	0.00000000	96.00000000
1647300.00000000	0.00000000	0.00000000	96.00000000
1647600.00000000	0.00000000	0.00000000	96.00000000
1647900.00000000	0.00000000	0.00000000	96.00000000
1648200.00000000	0.00000000	0.00000000	96.00000000
1648500.00000000	0.00000000	0.00000000	96.00000000
1648800.00000000	0.00000000	0.00000000	96.00000000
1649100.00000000	0.00000000	0.00000000	96.00000000
1649400.00000000	0.00000000	0.00000000	96.00000000
1649700.00000000	0.00000000	0.00000000	96.00000000
1650000.00000000	0.00000000	0.00000000	96.00000000
1650300.00000000	0.00000000	0.00000000	96.00000000
1650600.00000000	0.00000000	0.00000000	96.00000000
1650900.00000000	0.00000000	0.00000000	96.00000000
1651200.00000000	0.00000000	0.00000000	96.00000000
1651500.00000000	0.00000000	0.00000000	96.00000000
1651800.00000000	0.00000000	0.00000000	96.00000000
1652100.00000000	0.00000000	0.00000000	96.00000000
1652400.00000000	0.00000000	0.00000000	96.00000000
1652700.00000000	0.00000000	0.00000000	96.00000000
1653000.00000000	0.00000000	0.00000000	96.00000000
1653300.00000000	0.00000000	0.00000000	96.00000000
1653600.00000000	0.00000000	0.00000000	96.00000000
1653900.00000000	0.00000000	0.00000000	96.00000000
1654200.00000000	0.00000000	0.00000000	96.00000000
1654500.00000000	0.00000000	0.00000000	96.00000000
1654800.00000000	0.00000000	0.00000000	96.00000000
1655100.00000000	0.00000000	0.00000000	96.00000000
1655400.00000000	0.00000000	0.00000000	96.00000000
1655700.00000000	0.00000000	0.00000000	96.00000000
1656000.00000000	0.00000000	0.00000000	96.00000000
1656300.00000000	0.00000000	0.00000000	96.00000000
1656600.00000000	0.00000000	0.00000000	96.00000000
1656900.00000000	0.00000000	0.00000000	96.00000000
1657200.00000000	0.00000000	0.00000000	96.00000000
1657500.00000000	0.00000000	0.00000000	96.00000000
1657800.00000000	0.00000000	0.00000000	96.00000000
1658100.00000000	0.00000000	0.00000000	96.00000000
1658400.00000000	0.00000000	0.00000000	96.00000000
1658700.00000000	0.00000000	0.00000000	96.00000000
1659000.00000000	0.00000000	0.00000000	96.00000000
1659300.00000000	0.00000000	0.00000000	96.00000000
1659600.00000000	0.00000000	0.00000000	96.00000000
1659900.00000000	0.00000000	0.00000000	96.00000000
1660200.00000000	0.00000000	0.00000000	96.00000000
1660500.00000000	0.00000000	0.00000000	96.00000000
1660800.00000000	0.00000000	0.00000000	96.00000000
1661100.00000000	0.00000000	0.00000000	96.00000000
1661400.00000000	0.00000000	0.00000000	96.00000000
1661700.00000000	0.00000000	0.00000000	96.00000000
1662000.00000000	0.00000000	0.00000000	96.00000000
1662300.00000000	0.00000000	0.00000000	96.00000000
1662600.00000000	0.00000000	0.00000000	96.00000000
1662900.00000000	0.00000000	0.00000000	96.00000000
1663200.00000000	0.00000000	0.00000000	96.00000000
1663500.00000000	0.00000000	0.00000000	96.00000000
1663800.00000000	0.00000000	0.00000000	96.00000000
1664100.00000000	0.00000000	0.00000000	96.00000000
1664400.00000000	0.00000000	0.00000000	96.00000000
1664700.00000000	0.00000000	0.00000000	96.00000000
1665000.00000000	0.00000000	0.00000000	96.00000000
1665300.00000000	0.00000000	0.00000000	96.00000000
1665600.00000000	0.00000000	0.00000000	96.00000000
1665900.00000000	0.00000000	0.00000000	96.00000000
1666200.00000000	0.00000000	0.00000000	96.00000000
1666500.00000000	0.00000000	0.00000000	96.00000000
1666800.00000000	0.00000000	0.00000000	96.00000000
1667100.00000000	0.00000000	0.00000000	96.00000000
1667400.00000000	0.00000000	0.00000000	96.00000000
1667700.00000000	0.00000000	0.00000000	96.00000000
1668000.00000000	0.00000000	0.00000000	96.00000000
1668300.00000000	0.00000000	0.00000000	96.00000000
1668600.00000000	0.00000000	0.00000000	96.00000000
1668900.00000000	0.00000000	0.00000000	96.00000000
1669200.00000000	0.00000000	0.00000000	96.00000000
1669500.00000000	0.00000000	0.00000000	96.00000000
1669800.00000000	0.00000000	0.00000000	96.00000000
1670100.00000000	0.00000000	0.00000000	96.00000000
1670400.00000000	0.00000000	0.00000000	96.00000000
1670700.00000000	0.00000000	0.00000000	96.00000000
1671000.00000000	0.00000000	0.00000000	96.00000000
1671300.00000000	0.00000000	0.00000000	96.00000000
1671600.00000000	0.00000000	0.00000000	96.00000000
1671900.00000000	0.00000000	0.00000000	96.00000000
1672200.00000000	0.00000000	0.00000000	96.00000000
1672500.00000000	0.00000000	0.00000000	96.00000000
1672800.00000000	0.00000000	0.00000000	96.00000000
1673100.00000000	0.00000000	0.00000000	96.00000000
1673400.00000000	0.00000000	0.00000000	96.00000000
1673700.00000000	0.00000000	0.00000000	96.00000000
1674000.00000000	0.00000000	0.00000000	96.00000000
1674300.00000000	0.00000000	0.00000000	96.00000000
1674600.00000000	0.00000000	0.00000000	96.00000000
1674900.00000000	0.00000000	0.00000000	96.00000000
1675200.00000000	0.00000000	0.00000000	96.00000000
1675500.00000000	0.00000000	0.00000000	96.00000000
1675800.00000000	0.00000000	0.00000000	96.00000000
1676100.00000000	0.00000000	0.00000000	96.00000000
1676400.00000000	0.00000000	0.00000000	96.00000000
1676700.00000000	0.00000000	0.00000000	96.00000000
1677000.00000000	0.00000000	0.00000000	96.00000000
1677300.00000000	0.00000000	0.00000000	96.00000000
1677600.00000000	0.00000000	0.00000000	96.00000000
1677900.00000000	0.00000000	0.00000000	96.00000000
1678200.00000000	0.00000000	0.00000000	96.00000000
1678500.00000000	0.00000000	0.00000000	96.00000000
1678800.00000000	0.00000000	0.00000000	96.00000000
1679100.00000000	0.00000000	0.00000000	96.00000000
1679400.00000000	0.00000000	0.00000000	96.00000000
1679700.00000000	0.00000000	0.00000000	96.00000000
1680000.00000000	0.00000000	0.00000000	96.00000000
1680300.00000000	0.00000000	0.00000000	96.00000000
1680600.00000000	0.00000000	0.00000000	96.00000000
1680900.00000000	0.00000000	0.00000000	96.00000000
1681200.00000000	0.00000000	0.00000000	96.00000000
1681500.00000000	0.00000000	0.00000000	96.00000000
1681800.00000000	0.00000000	0.00000000	96.00000000
1682100.00000000	0.00000000	0.00000000	96.00000000
1682400.00000000	0.00000000	0.00000000	96.00000000
1682700.00000000	0.00000000	0.00000000	96.00000000
1683000.00000000	0.00000000	0.00000000	96.00000000
1683300.00000000	0.00000000	0.00000000	96.00000000
1683600.00000000	0.00000000	0.00000000	96.00000000
1683900.00000000	0.00000000	0.00000000	96.00000000
1684200.00000000	0.00000000	0.00000000	96.00000000
1684500.00000000	0.00000000	0.00000000	96.00000000
1684800.00000000	0.00000000	0.00000000	96.00000000
1685100.00000000	0.00000000	0.00000000	96.00000000
1685400.00000000	0.00000000	0.00000000	96.00000000
1685700.00000000	0.00000000	0.00000000	96.00000000
1686000.00000000	0.00000000	0.00000000	96.00000000
1686300.00000000	0.00000000	0.00000000	96.00000000
1686600.00000000	0.00000000	0.00000000	96.00000000
1686900.00000000	0.00000000	0.00000000	96.00000000
1687200.00000000	0.00000000	0.00000000	96.00000000
1687500.00000000	0.00000000	0.00000000	96.00000000
1687800.00000000	0.00000000	0.00000000	96.00000000
1688100.00000000	0.00000000	0.00000000	96.00000000
1688400.00000000	0.00000000	0.00000000	96.00000000
1688700.00000000	0.00000000	0.00000000	96.00000000
1689000.00000000	0.00000000	0.00000000	96.00000000
1689300.00000000	0.00000000	0.00000000	96.00000000
1689600.00000000	0.00000000	0.00000000	96.00000000
1689900.00000000	0.00000000	0.00000000	96.00000000
1690200.00000000	0.00000000	0.00000000	96.00000000
1690500.00000000	0.00000000	0.00000000	96.00000000
1690800.00000000	0.00000000	0.00000000	96.00000000
1691100.00000000	0.00000000	0.00000000	96.00000000
1691400.00000000	0.00000000	0.00000000	96.00000000
1691700.00000000	0.00000000	0.00000000	96.00000000
1692000.00000000	0.00000000	0.00000000	96.00000000
1692300.00000000	0.00000000	0.00000000	96.00000000
1692600.00000000	0.00000000	0.00000000	96.00000000
1692900.00000000	0.00000000	0.00000000	96.00000000
1693200.00000000	0.00000000	0.00000000	96.00000000
1693500.00000000	0.00000000	0.00000000	96.00000000
1693800.00000000	0.00000000	0.00000000	96.00000000
1694100.00000000	0.00000000	0.00000000	96.00000000
1694400.00000000	0.00000000	0.00000000	96.00000000
1694700.00000000	0.00000000	0.00000000	96.00000000
1695000.00000000	0.00000000	0.00000000	96.00000000
1695300.00000000	0.00000000	0.00000000	96.00000000
1695600.00000000	0.00000000	0.00000000	96.00000000
1695900.00000000	0.00000000	0.00000000	96.00000000
1696200.00000000	0.00000000	0.00000000	96.00000000
1696500.00000000	0.00000000	0.00000000	96.00000000
1696800.00000000	0.00000000	0.00000000	96.00000000
1697100.00000000	0.00000000	0.00000000	96.00000000
1697400.00000000	0.00000000	0.00000000	96.00000000
1697700.00000000	0.00000000	0.00000000	96.00000000
1698000.00000000	0.00000000	0.00000000	96.00000000
1698300.00000000	0.00000000	0.00000000	96.00000000
1698600.00000000	0.00000000	0.00000000	96.00000000
1698900.00000000	0.00000000	0.00000000	96.00000000
1699200.00000000	0.00000000	0.00000000	96.00000000
1699500.00000000	0.00000000	0.00000000	96.00000000
1699800.00000000	0.00000000	0.00000000	96.00000000
1700100.00000000	0.00000000	0.00000000	96.00000000
1700400.00000000	0.00000000	0.00000000	96.00000000
1700700.00000000	0.00000000	0.00000000	96.00000000
1701000.00000000	0.00000000	0.00000000	96.00000000
1701300.00000000	0.00000000	0.00000000	96.00000000
1701600.00000000	0.00000000	0.00000000	96.00000000
1701900.00000000	0.00000000	0.00000000	96.00000000
1702200.00000000	0.00000000	0.00000000	96.00000000
1702500.00000000	0.00000000	0.00000000	96.00000000
1702800.00000000	0.00000000	0.00000000	96.00000000
1703100.00000000	0.00000000	0.00000000	96.00000000
1703400.00000000	0.00000000	0.00000000	96.00000000
1703700.00000000	0.00000000	0.00000000	96.00000000
1704000.00000000	0.00000000	0.00000000	96.00000000
1704300.00000000	0.00000000	0.00000000	96.00000000
1704600.00000000	0.00000000	0.00000000	96.00000000
1704900.00000000	0.00000000	0.00000000	96.00000000
1705200.00000000	0.00000000	0.00000000	96.00000000
1705500.00000000	0.00000000	0.00000000	96.00000000
1705800.00000000	0.00000000	0.00000000	96.00000000
1706100.00000000	0.00000000	0.00000000	96.00000000
1706400.00000000	0.00000000	0.00000000	96.00000000
1706700.00000000	0.00000000	0.00000000	96.00000000
1707000.00000000	0.00000000	0.00000000	96.00000000
1707300.00000000	0.00000000	0.00000000	96.00000000
1707600.00000000	0.00000000	0.00000000	96.00000000
1707900.00000000	0.00000000	0.00000000	96.00000000
1708200.00000000	0.00000000	0.00000000	96.00000000
1708500.00000000	0.00000000	0.00000000	96.00000000
1708800.00000000	0.00000000	0.00000000	96.00000000
1709100.00000000	0.00000000	0.00000000	96.00000000
1709400.00000000	0.00000000	0.00000000	96.00000000
1709700.00000000	0.00000000	0.00000000	96.00000000
1710000.00000000	0.00000000	0.00000000	96.00000000
1710300.00000000	0.00000000	0.00000000	96.00000000
1710600.00000000	0.00000000	0.00000000	96.00000000
1710900.00000000	0.00000000	0.00000000	96.00000000
1711200.00000000	0.00000000	0.00000000	96.00000000
1711500.00000000	0.00000000	0.00000000	96.00000000
1711800.00000000	0.00000000	0.00000000	96.00000000
1712100.00000000	0.00000000	0.00000000	96.00000000
1712400.00000000	0.00000000	0.00000000	96.00000000
1712700.00000000	0.00000000	0.00000000	96.00000000
1713000.00000000	0.00000000	0.00000000	96.00000000
1713300.00000000	0.00000000	0.00000000	96.00000000
1713600.00000000	0.00000000	0.00000000	96.00000000
1713900.00000000	0.00000000	0.00000000	96.00000000
1714200.00000000	0.00000000	0.00000000	96.00000000
1714500.00000000	0.00000000	0.00000000	96.00000000
1714800.00000000	0.00000000	0.00000000	96.00000000
1715100.00000000	0.00000000	0.00000000	96.00000000
1715400.00000000	0.00000000	0.00000000	96.00000000
1715700.00000000	0.00000000	0.00000000	96.00000000
1716000.00000000	0.00000000	0.00000000	96.00000000
1716300.00000000	0.00000000	0.00000000	96.00000000
1716600.00000000	0.00000000	0.00000000	96.00000000
1716900.00000000	0.00000000	0.00000000	96.00000000
1717200.00000000	0.00000000	0.00000000	96.00000000
1717500.00000000	0.00000000	0.00000000	96.00000000
1717800.00000000	0.00000000	0.00000000	96.00000000
1718100.00000000	0.00000000	0.00000000	96.00000000
1718400.00000000	0.00000000	0.00000000	96.00000000
1718700.00000000	0.00000000	0.00000000	96.00000000
1719000.00000000	0.00000000	0.00000000	96.00000000
1719300.00000000	0.00000000	0.00000000	96.00000000
1719600.00000000	0.00000000	0.00000000	96.00000000
1719900.00000000	0.00000000	0.00000000	96.00000000
1720200.00000000	0.00000000	0.00000000	96.00000000
1720500.00000000	0.00000000	0.00000000	96.00000000
1720800.00000000	0.00000000	0.00000000	96.00000000
1721100.00000000	0.00000000	0.00000000	96.00000000
1721400.00000000	0.00000000	0.00000000	96.00000000
1721700.00000000	0.00000000	0.00000000	96.00000000
1722000.00000000	0.00000000	0.00000000	96.00000000
1722300.00000000	0.00000000	0.00000000	96.00000000
1722600.00000000	0.00000000	0.00000000	96.00000000
1722900.00000000	0.00000000	0.00000000	96.00000000
1723200.00000000	0.00000000	0.00000000	96.00000000
1723500.00000000	0.00000000	0.00000000	96.00000000
1723800.00000000	0.00000000	0.00000000	96.00000000
1724100.00000000	0.00000000	0.00000000	96.00000000
1724400.00000000	0.00000000	0.00000000	96.00000000
1724700.00000000	0.00000000	0.00000000	96.00000000
1725000.00000000	0.00000000	0.00000000	96.00000000
1725300.00000000	0.00000000	0.00000000	96.00000000
1725600.00000000	0.00000000	0.00000000	96.00000000
1725900.00000000	0.00000000	0.00000000	96.00000000
1726200.00000000	0.00000000	0.00000000	96.00000000
1726500.00000000	0.00000000	0.00000000	96.00000000
1726800.00000000	0.00000000	0.00000000	96.00000000
1727100.00000000	0.00000000	0.00000000	96.00000000
1727400.00000000	0.00000000	0.00000000	96.00000000
1727700.00000000	0.00000000	0.00000000	96.00000000
1728000.00000000	0.00000000	0.00000000	96.00000000
1728300.00000000	0.00000000	0.00000000	96.00000000
1728600.00000000	0.00000000	0.00000000	96.00000000
1728900.00000000	0.00000000	0.00000000	96.00000000
1729200.00000000	0.00000000	0.00000000	96.00000000
1729500.00000000	0.00000000	0.00000000	96.00000000
1729800.00000000	0.00000000	0.00000000	96.00000000
1730100.00000000	0.00000000	0.00000000	96.00000000
1730400.00000000	0.00000000	0.00000000	96.00000000
1730700.00000000	0.00000000	0.00000000	96.00000000
1731000.00000000	0.00000000	0.00000000	96.00000000
1731300.00000000	0.00000000	0.00000000	96.00000000
1731600.00000000	0.00000000	0.00000000	96.00000000
1731900.00000000	0.00000000	0.00000000	96.00000000
1732200.00000000	0.00000000	0.00000000	96.00000000
1732500.00000000	0.00000000	0.00000000	96.00000000
1732800.00000000	0.00000000	0.00000000	96.00000000
1733100.00000000	0.00000000	0.00000000	96.00000000
1733400.00000000	0.00000000	0.00000000	96.00000000
1733700.00000000	0.00000000	0.00000000	96.00000000
1734000.00000000	0.00000000	0.00000000	96.00000000
1734300.00000000	0.00000000	0.00000000	96.00000000
1734600.00000000	0.00000000	0.00000000	96.00000000
1734900.00000000	0.00000000	0.00000000	96.00000000
1735200.00000000	0.00000000	0.00000000	96.00000000
1735500.00000000	0.00000000	0.00000000	96.00000000
1735800.00000000	0.00000000	0.00000000	96.00000000
1736100.00000000	0.00000000	0.00000000	96.00000000
1736400.00000000	0.00000000	0.00000000	96.00000000
1736700.00000000	0.00000000	0.00000000	96.00000000
1737000.00000000	0.00000000	0.00000000	96.00000000
1737300.00000000	0.00000000	0.00000000	96.00000000
1737600.00000000	0.00000000	0.00000000	96.00000000
1737900.00000000	0.00000000	0.00000000	96.00000000
1738200.00000000	0.00000000	0.00000000	96.00000000
1738500.00000000	0.00000000	0.00000000	96.00000000
1738800.00000000	0.00000000	0.00000000	96.00000000
1739100.00000000	0.00000000	0.00000000	96.00000000
1739400.00000000	0.00000000	0.00000000	96.00000000
1739700.00000000	0.00000000	0.00000000	96.00000000
1740000.00000000	0.00000000	0.00000000	96.00000000
1740300.00000000	0.00000000	0.00000000	96.00000000
1740600.00000000	0.00000000	0.00000000	96.00000000
1740900.00000000	0.00000000	0.00000000	96.00000000
1741200.00000000	0.00000000	0.00000000	96.00000000
1741500.00000000	0.00000000	0.00000000	96.00000000
1741800.00000000	0.00000000	0.00000000	96.00000000
1742100.00000000	0.00000000	0.00000000	96.00000000
1742400.00000000	0.00000000	0.00000000	96.00000000
1742700.00000000	0.00000000	0.00000000	96.00000000
1743000.00000000	0.00000000	0.00000000	96.00000000
1743300.00000000	0.00000000	0.00000000	96.00000000
1743600.00000000	0.00000000	0.00000000	96.00000000
1743900.00000000	0.00000000	0.00000000	96.00000000
1744200.00000000	0.00000000	0.00000000	96.00000000
1744500.00000000	0.00000000	0.00000000	96.00000000
1744800.00000000	0.00000000	0.00000000	96.00000000
1745100.00000000	0.00000000	0.00000000	96.00000000
1745400.00000000	0.00000000	0.00000000	96.00000000
1745700.00000000	0.00000000	0.00000000	96.00000000
1746000.00000000	0.00000000	0.00000000	96.00000000
1746300.00000000	0.00000000	0.00000000	96.00000000
1746600.00000000	0.00000000	0.00000000	96.00000000
1746900.00000000	0.00000000	0.00000000	96.00000000
1747200.00000000	0.00000000	0.00000000	96.00000000
1747500.00000000	0.00000000	0.00000000	96.00000000
1747800.00000000	0.00000000	0.00000000	96.00000000
1748100.00000000	0.00000000	0.00000000	96.00000000
1748400.00000000	0.00000000	0.00000000	96.00000000
1748700.00000000	0.00000000	0.00000000	96.00000000
1749000.00000000	0.00000000	0.00000000	96.00000000
1749300.00000000	0.00000000	0.00000000	96.00000000
1749600.00000000	0.00000000	0.00000000	96.00000000
1749900.00000000	0.00000000	0.00000000	96.00000000
1750200.00000000	0.00000000	0.00000000	96.00000000
1750500.00000000	0.00000000	0.00000000	96.00000000
1750800.00000000	0.00000000	0.00000000	96.00000000
1751100.00000000	0.00000000	0.00000000	96.00000000
1751400.00000000	0.00000000	0.00000000	96.00000000
1751700.00000000	0.00000000	0.00000000	96.00000000
1752000.00000000	0.00000000	0.00000000	96.00000000
1752300.00000000	0.00000000	0.00000000	96.00000000
1752600.00000000	0.00000000	0.00000000	96.00000000
1752900.00000000	0.00000000	0.00000000	96.00000000
1753200.00000000	0.00000000	0.00000000	96.00000000
1753500.00000000	0.00000000	0.00000000	96.00000000
1753800.00000000	0.00000000	0.00000000	96.00000000
1754100.00000000	0.00000000	0.00000000	96.00000000
1754400.00000000	0.00000000	0.00000000	96.00000000
1754700.00000000	0.00000000	0.00000000	96.00000000
1755000.00000000	0.00000000	0.00000000	96.00000000
1755300.00000000	0.00000000	0.00000000	96.00000000
1755600.00000000	0.00000000	0.00000000	96.00000000
1755900.00000000	0.00000000	0.00000000	96.00000000
1756200.00000000	0.00000000	0.00000000	96.00000000
1756500.00000000	0.00000000	0.00000000	96.00000000
1756800.00000000	0.00000000	0.00000000	96.00000000
1757100.00000000	0.00000000	0.00000000	96.00000000
1757400.00000000	0.00000000	0.00000000	96.00000000
1757700.00000000	0.00000000	0.00000000	96.00000000
1758000.00000000	0.00000000	0.00000000	96.00000000
1758300.00000000	0.00000000	0.00000000	96.00000000
1758600.00000000	0.00000000	0.00000000	96.00000000
1758900.00000000	0.00000000	0.00000000	96.00000000
1759200.00000000	0.00000000	0.00000000	96.00000000
1759500.00000000	0.00000000	0.00000000	96.00000000
1759800.00000000	0.00000000	0.00000000	96.00000000
1760100.00000000	0.00000000	0.00000000	96.00000000
1760400.00000000	0.00000000	0.00000000	96.00000000
1760700.00000000	0.00000000	0.00000000	96.00000000
1761000.00000000	0.00000000	0.00000000	96.00000000
1761300.00000000	0.00000000	0.00000000	96.00000000
1761600.00000000	0.00000000	0.00000000	96.00000000
1761900.00000000	0.00000000	0.00000000	96.00000000
1762200.00000000	0.00000000	0.00000000	96.00000000
1762500.00000000	0.00000000	0.00000000	96.00000000
1762800.00000000	0.00000000	0.00000000	96.00000000
1763100.00000000	0.00000000	0.00000000	96.00000000
1763400.00000000	0.00000000	0.00000000	96.00000000
1763700.00000000	0.00000000	0.00000000	96.00000000
1764000.00000000	0.00000000	0.00000000	96.00000000
1764300.00000000	0.00000000	0.00000000	96.00000000
1764600.00000000	0.00000000	0.00000000	96.00000000
1764900.00000000	0.00000000	0.00000000	96.00000000
1765200.00000000	0.00000000	0.00000000	96.00000000
1765500.00000000	0.00000000	0.00000000	96.00000000
1765800.00000000	0.00000000	0.00000000	96.00000000
1766100.00000000	0.00000000	0.00000000	96.00000000
1766400.00000000	0.00000000	0.00000000	96.00000000
1766700.00000000	0.00000000	0.00000000	96.00000000
1767000.00000000	0.00000000	0.00000000	96.00000000
1767300.00000000	0.00000000	0.00000000	96.00000000
1767600.00000000	0.00000000	0.00000000	96.00000000
1767900.00000000	0.00000000	0.00000000	96.00000000
1768200.00000000	0.00000000	0.00000000	96.00000000
1768500.00000000	0.00000000	0.00000000	96.00000000
1768800.00000000	0.00000000	0.00000000	96.00000000
1769100.00000000	0.00000000	0.00000000	96.00000000
1769400.00000000	0.00000000	0.00000000	96.00000000
1769700.00000000	0.00000000	0.00000000	96.00000000
1770000.00000000	0.00000000	0.00000000	96.00000000
1770300.00000000	0.00000000	0.00000000	96.00000000
1770600.00000000	0.00000000	0.00000000	96.00000000
1770900.00000000	0.00000000	0.00000000	96.00000000
1771200.00000000	0.00000000	0.00000000	96.00000000
1771500.00000000	0.00000000	0.00000000	96.00000000
1771800.00000000	0.00000000	0.00000000	96.00000000
1772100.00000000	0.00000000	0.00000000	96.00000000
1772400.00000000	0.00000000	0.00000000	96.00000000
1772700.00000000	0.00000000	0.00000000	96.00000000
1773000.00000000	0.00000000	0.00000000	96.00000000
1773300.00000000	0.00000000	0.00000000	96.00000000
1773600.00000000	0.00000000	0.00000000	96.00000000
1773900.00000000	0.00000000	0.00000000	96.00000000
1774200.00000000	0.00000000	0.00000000	96.00000000
1774500.00000000	0.00000000	0.00000000	96.00000000
1774800.00000000	0.00000000	0.00000000	96.00000000
1775100.00000000	0.00000000	0.00000000	96.00000000
1775400.00000000	0.00000000	0.00000000	96.00000000
1775700.00000000	0.00000000	0.00000000	96.00000000
1776000.00000000	0.00000000	0.00000000	96.00000000
1776300.00000000	0.00000000	0.00000000	96.00000000
1776600.00000000	0.00000000	0.00000000	96.00000000
1776900.00000000	0.00000000	0.00000000	96.00000000
1777200.00000000	0.00000000	0.00000000	96.00000000
1777500.00000000	0.00000000	0.00000000	96.00000000
1777800.00000000	0.00000000	0.00000000	96.00000000
1778100.00000000	0.00000000	0.00000000	96.00000000
1778400.00000000	0.00000000	0.00000000	96.00000000
1778700.00000000	0.00000000	0.00000000	96.00000000
1779000.00000000	0.00000000	0.00000000	96.00000000
1779300.00000000	0.00000000	0.00000000	96.00000000
1779600.00000000	0.00000000	0.00000000	96.00000000
1779900.00000000	0.00000000	0.00000000	96.00000000
1780200.00000000	0.00000000	0.00000000	96.00000000
1780500.00000000	0.00000000	0.00000000	96.00000000
1780800.00000000	0.00000000	0.00000000	96.00000000
1781100.00000000	0.00000000	0.00000000	96.00000000
1781400.00000000	0.00000000	0.00000000	96.00000000
1781700.00000000	0.00000000	0.00000000	96.00000000
1782000.00000000	0.00000000	0.00000000	96.00000000
1782300.00000000	0.00000000	0.00000000	96.00000000
1782600.00000000	0.00000000	0.00000000	96.00000000
1782900.00000000	0.00000000	0.00000000	96.00000000
1783200.00000000	0.00000000	0.00000000	96.00000000
1783500.00000000	0.00000000	0.00000000	96.00000000
1783800.00000000	0.00000000	0.00000000	96.00000000
1784100.00000000	0.00000000	0.00000000	96.00000000
1784400.00000000	0.00000000	0.00000000	96.00000000
1784700.00000000	0.00000000	0.00000000	96.00000000
1785000.00000000	0.00000000	0.00000000	96.00000000
1785300.00000000	0.00000000	0.00000000	96.00000000
1785600.00000000	0.00000000	0.00000000	96.00000000
1785900.00000000	0.00000000	0.00000000	96.00000000
1786200.00000000	0.00000000	0.00000000	96.00000000
1786500.00000000	0.00000000	0.00000000	96.00000000
1786800.00000000	0.00000000	0.00000000	96.00000000
1787100.00000000	0.00000000	0.00000000	96.00000000
1787400.00000000	0.00000000	0.00000000	96.00000000
1787700.00000000	0.00000000	0.00000000	96.00000000
1788000.00000000	0.00000000	0.00000000	96.00000000
1788300.00000000	0.00000000	0.00000000	96.00000000
1788600.00000000	0.00000000	0.00000000	96.00000000
1788900.00000000	0.00000000	0.00000000	96.00000000
1789200.00000000	0.00000000	0.00000000	96.00000000
1789500.00000000	0.00000000	0.00000000	96.00000000
1789800.00000000	0.00000000	0.00000000	96.00000000
1790100.00000000	0.00000000	0.00000000	96.00000000
1790400.00000000	0.00000000	0.00000000	96.00000000
1790700.00000000	0.00000000	0.00000000	96.00000000
1791000.00000000	0.00000000	0.00000000	96.00000000
1791300.00000000	0.00000000	0.00000000	96.00000000
1791600.00000000	0.00000000	0.00000000	96.00000000
1791900.00000000	0.00000000	0.00000000	96.00000000
1792200.00000000	0.00000000	0.00000000	96.00000000
1792500.00000000	0.00000000	0.00000000	96.00000000
1792800.00000000	0.00000000	0.00000000	96.00000000
1793100.00000000	0.00000000	0.00000000	96.00000000
1793400.00000000	0.00000000	0.00000000	96.00000000
1793700.00000000	0.00000000	0.00000000	96.00000000
1794000.00000000	0.00000000	0.00000000	96.00000000
1794300.00000000	0.00000000	0.00000000	96.00000000
1794600.00000000	0.00000000	0.00000000	96.00000000
1794900.00000000	0.00000000	0.00000000	96.00000000
1795200.00000000	0.00000000	0.00000000	96.00000000
1795500.00000000	0.00000000	0.00000000	96.00000000
1795800.00000000	0.00000000	0.00000000	96.00000000
1796100.00000000	0.00000000	0.00000000	96.00000000
1796400.00000000	0.00000000	0.00000000	96.00000000
1796700.00000000	0.00000000	0.00000000	96.00000000
1797000.00000000	0.00000000	0.00000000	96.00000000
1797300.00000000	0.00000000	0.00000000	96.00000000
1797600.00000000	0.00000000	0.00000000	96.00000000
1797900.00000000	0.00000000	0.00000000	96.00000000
1798200.00000000	0.00000000	0.00000000	96.00000000
1798500.00000000	0.00000000	0.00000000	96.00000000
1798800.00000000	0.00000000	0.00000000	96.00000000
1799100.00000000	0.00000000	0.00000000	96.00000000
1799400.00000000	0.00000000	0.00000000	96.00000000
1799700.00000000	0.00000000	0.00000000	96.00000000
1800000.00000000	0.00000000	0.00000000	96.00000000
1800300.00000000	0.00000000	0.00000000	96.00000000
1800600.00000000	0.00000000	0.00000000	96.00000000
1800900.00000000	0.00000000	0.00000000	96.00000000
1801200.00000000	0.00000000	0.00000000	96.00000000
1801500.00000000	0.00000000	0.00000000	96.00000000
1801800.00000000	0.00000000	0.00000000	96.00000000
1802100.00000000	0.00000000	0.00000000	96.00000000
1802400.00000000	0.00000000	0.00000000	96.00000000
1802700.00000000	0.00000000	0.00000000	96.00000000
1803000.00000000	0.00000000	0.00000000	96.00000000
1803300.00000000	0.00000000	0.00000000	96.00000000
1803600.00000000	0.00000000	0.00000000	96.00000000
1803900.00000000	0.00000000	0.00000000	96.00000000
1804200.00000000	0.00000000	0.00000000	96.00000000
1804500.00000000	0.00000000	0.00000000	96.00000000
1804800.00000000	0.00000000	0.00000000	96.00000000
1805100.00000000	0.00000000	0.00000000	96.00000000
1805400.00000000	0.00000000	0.00000000	96.00000000
1805700.00000000	0.00000000	0.00000000	96.00000000
1806000.00000000	0.00000000	0.00000000	96.00000000
1806300.00000000	0.00000000	0.00000000	96.00000000
1806600.00000000	0.00000000	0.00000000	96.00000000
1806900.00000000	0.00000000	0.00000000	96.00000000
1807200.00000000	0.00000000	0.00000000	96.00000000
1807500.00000000	0.00000000	0.00000000	96.00000000
1807800.00000000	0.00000000	0.00000000	96.00000000
1808100.00000000	0.00000000	0.00000000	96.00000000
1808400.00000000	0.00000000	0.00000000	96.00000000
1808700.00000000	0.00000000	0.00000000	96.00000000
1809000.00000000	0.00000000	0.00000000	96.00000000
1809300.00000000	0.00000000	0.00000000	96.00000000
1809600.00000000	0.00000000	0.00000000	96.00000000
1809900.00000000	0.00000000	0.00000000	96.00000000
1810200.00000000	0.00000000	0.00000000	96.00000000
1810500.00000000	0.00000000	0.00000000	96.00000000
1810800.00000000	0.00000000	0.00000000	96.00000000
1811100.00000000	0.00000000	0.00000000	96.00000000
1811400.00000000	0.00000000	0.00000000	96.00000000
1811700.00000000	0.00000000	0.00000000	96.00000000
1812000.00000000	0.00000000	0.00000000	96.00000000
1812300.00000000	0.00000000	0.00000000	96.00000000
1812600.00000000	0.00000000	0.00000000	96.00000000
1812900.00000000	0.00000000	0.00000000	96.00000000
1813200.00000000	0.00000000	0.00000000	96.00000000
1813500.00000000	0.00000000	0.00000000	96.00000000
1813800.00000000	0.00000000	0.00000000	96.00000000
1814100.00000000	0.00000000	0.00000000	96.00000000
1814400.00000000	79.40382039	406.98040189	96.00000000
1814700.00000000	0.00000000	0.00000000	96.00000000
1815000.00000000	0.00000000	0.00000000	96.00000000
1815300.00000000	0.00000000	0.00000000	96.00000000
1815600.00000000	0.00000000	0.00000000	96.00000000
1815900.00000000	0.00000000	0.00000000	96.00000000
1816200.00000000	0.00000000	0.00000000	96.00000000
1816500.00000000	0.00000000	0.00000000	96.00000000
1816800.00000000	0.00000000	0.00000000	96.00000000
1817100.00000000	0.00000000	0.00000000	96.00000000
1817400.00000000	0.00000000	0.00000000	96.00000000
1817700.00000000	0.00000000	0.00000000	96.00000000
1818000.00000000	0.00000000	0.00000000	96.00000000
1818300.00000000	0.00000000	0.00000000	96.00000000
1818600.00000000	0.00000000	0.00000000	96.00000000
1818900.00000000	0.00000000	0.00000000	96.00000000
1819200.00000000	0.00000000	0.00000000	96.00000000
1819500.00000000	0.00000000	0.00000000	96.00000000
1819800.00000000	0.00000000	0.00000000	96.00000000
1820100.00000000	0.00000000	0.00000000	96.00000000
1820400.00000000	0.00000000	0.00000000	96.00000000
1820700.00000000	0.00000000	0.00000000	96.00000000
1821000.00000000	0.00000000	0.00000000	96.00000000
1821300.00000000	0.00000000	0.00000000	96.00000000
1821600.00000000	0.00000000	0.00000000	96.00000000
1821900.00000000	0.00000000	0.00000000	96.00000000
1822200.00000000	0.00000000	0.00000000	96.00000000
1822500.00000000	0.00000000	0.00000000	96.00000000
1822800.00000000	0.00000000	0.00000000	96.00000000
1823100.00000000	0.00000000	0.00000000	96.00000000
1823400.00000000	0.00000000	0.00000000	96.00000000
1823700.00000000	0.00000000	0.00000000	96.00000000
1824000.00000000	0.00000000	0.00000000	96.00000000
1824300.00000000	0.00000000	0.00000000	96.00000000
1824600.00000000	0.00000000	0.00000000	96.00000000
1824900.00000000	0.00000000	0.00000000	96.00000000
1825200.00000000	0.00000000	0.00000000	96.00000000
1825500.00000000	0.00000000	0.00000000	96.00000000
1825800.00000000	0.00000000	0.00000000	96.00000000
1826100.00000000	0.00000000	0.00000000	96.00000000
1826400.00000000	0.00000000	0.00000000	96.00000000
1826700.00000000	0.00000000	0.00000000	96.00000000
1827000.00000000	0.00000000	0.00000000	96.00000000
1827300.00000000	0.00000000	0.00000000	96.00000000
1827600.00000000	0.00000000	0.00000000	96.00000000
1827900.00000000	0.00000000	0.00000000	96.00000000
1828200.00000000	0.00000000	0.00000000	96.00000000
1828500.00000000	0.00000000	0.00000000	96.00000000
1828800.00000000	0.00000000	0.00000000	96.00000000
1829100.00000000	0.00000000	0.00000000	96.00000000
1829400.00000000	0.00000000	0.00000000	96.00000000
1829700.00000000	0.00000000	0.00000000	96.00000000
1830000.00000000	0.00000000	0.00000000	96.00000000
1830300.00000000	0.00000000	0.00000000	96.00000000
1830600.00000000	0.00000000	0.00000000	96.00000000
1830900.00000000	0.00000000	0.00000000	96.00000000
1831200.00000000	0.00000000	0.00000000	96.00000000
1831500.00000000	0.00000000	0.00000000	96.00000000
1831800.00000000	0.00000000	0.00000000	96.00000000
1832100.00000000	0.00000000	0.00000000	96.00000000
1832400.00000000	0.00000000	0.00000000	96.00000000
1832700.00000000	0.00000000	0.00000000	96.00000000
1833000.00000000	0.00000000	0.00000000	96.00000000
1833300.00000000	0.00000000	0.00000000	96.00000000
1833600.00000000	0.00000000	0.00000000	96.00000000
1833900.00000000	0.00000000	0.00000000	96.00000000
1834200.00000000	0.00000000	0.00000000	96.00000000
1834500.00000000	0.00000000	0.00000000	96.00000000
1834800.00000000	0.00000000	0.00000000	96.00000000
1835100.00000000	0.00000000	0.00000000	96.00000000
1835400.00000000	0.00000000	0.00000000	96.00000000
1835700.00000000	0.00000000	0.00000000	96.00000000
1836000.00000000	0.00000000	0.00000000	96.00000000
1836300.00000000	0.00000000	0.00000000	96.00000000
1836600.00000000	0.00000000	0.00000000	96.00000000
1836900.00000000	0.00000000	0.00000000	96.00000000
1837200.00000000	0.00000000	0.00000000	96.00000000
1837500.00000000	0.00000000	0.00000000	96.00000000
1837800.00000000	0.00000000	0.00000000	96.00000000
1838100.00000000	0.00000000	0.00000000	96.00000000
1838400.00000000	0.00000000	0.00000000	96.00000000
1838700.00000000	0.00000000	0.00000000	96.00000000
1839000.00000000	0.00000000	0.00000000	96.00000000
1839300.00000000	0.00000000	0.00000000	96.00000000
1839600.00000000	0.00000000	0.00000000	96.00000000
1839900.00000000	0.00000000	0.00000000	96.00000000
1840200.00000000	0.00000000	0.00000000	96.00000000
1840500.00000000	0.00000000	0.00000000	96.00000000
1840800.00000000	0.00000000	0.00000000	96.00000000
1841100.00000000	0.00000000	0.00000000	96.00000000
1841400.00000000	0.00000000	0.00000000	96.00000000
1841700.00000000	0.00000000	0.00000000	96.00000000
1842000.00000000	0.00000000	0.00000000	96.00000000
1842300.00000000	0.00000000	0.00000000	96.00000000
1842600.00000000	0.00000000	0.00000000	96.00000000
1842900.00000000	0.00000000	0.00000000	96.00000000
1843200.00000000	0.00000000	0.00000000	96.00000000
1843500.00000000	0.00000000	0.00000000	96.00000000
1843800.00000000	0.00000000	0.00000000	96.00000000
1844100.00000000	0.00000000	0.00000000	96.00000000
1844400.00000000	0.00000000	0.00000000	96.00000000
1844700.00000000	0.00000000	0.00000000	96.00000000
1845000.00000000	0.00000000	0.00000000	96.00000000
1845300.00000000	0.00000000	0.00000000	96.00000000
1845600.00000000	0.00000000	0.00000000	96.00000000
1845900.00000000	0.00000000	0.00000000	96.00000000
1846200.00000000	0.00000000	0.00000000	96.00000000
1846500.00000000	0.00000000	0.00000000	96.00000000
1846800.00000000	0.00000000	0.00000000	96.00000000
1847100.00000000	0.00000000	0.00000000	96.00000000
1847400.00000000	0.00000000	0.00000000	96.00000000
1847700.00000000	0.00000000	0.00000000	96.00000000
1848000.00000000	0.00000000	0.00000000	96.00000000
1848300.00000000	0.00000000	0.00000000	96.00000000
1848600.00000000	0.00000000	0.00000000	96.00000000
1848900.00000000	0.00000000	0.00000000	96.00000000
1849200.00000000	0.00000000	0.00000000	96.00000000
1849500.00000000	0.00000000	0.00000000	96.00000000
1849800.00000000	0.00000000	0.00000000	96.00000000
1850100.00000000	0.00000000	0.00000000	96.00000000
1850400.00000000	0.00000000	0.00000000	96.00000000
1850700.00000000	0.00000000	0.00000000	96.00000000
1851000.00000000	0.00000000	0.00000000	96.00000000
1851300.00000000	0.00000000	0.00000000	96.00000000
1851600.00000000	0.00000000	0.00000000	96.00000000
1851900.00000000	0.00000000	0.00000000	96.00000000
1852200.00000000	0.00000000	0.00000000	96.00000000
1852500.00000000	0.00000000	0.00000000	96.00000000
1852800.00000000	0.00000000	0.00000000	96.00000000
1853100.00000000	0.00000000	0.00000000	96.00000000
1853400.00000000	0.00000000	0.00000000	96.00000000
1853700.00000000	0.00000000	0.00000000	96.00000000
1854000.00000000	0.00000000	0.00000000	96.00000000
1854300.00000000	0.00000000	0.00000000	96.00000000
1854600.00000000	0.00000000	0.00000000	96.00000000
1854900.00000000	0.00000000	0.00000000	96.00000000
1855200.00000000	0.00000000	0.00000000	96.00000000
1855500.00000000	0.00000000	0.00000000	96.00000000
1855800.00000000	0.00000000	0.00000000	96.00000000
1856100.00000000	0.00000000	0.00000000	96.00000000
1856400.00000000	0.00000000	0.00000000	96.00000000
1856700.00000000	0.00000000	0.00000000	96.00000000
1857000.00000000	0.00000000	0.00000000	96.00000000
1857300.00000000	0.00000000	0.00000000	96.00000000
1857600.00000000	0.00000000	0.00000000	96.00000000
1857900.00000000	0.00000000	0.00000000	96.00000000
1858200.00000000	0.00000000	0.00000000	96.00000000
1858500.00000000	0.00000000	0.00000000	96.00000000
1858800.00000000	0.00000000	0.00000000	96.00000000
1859100.00000000	0.00000000	0.00000000	96.00000000
1859400.00000000	0.00000000	0.00000000	96.00000000
1859700.00000000	0.00000000	0.00000000	96.00000000
1860000.00000000	0.00000000	0.00000000	96.00000000
1860300.00000000	0.00000000	0.00000000	96.00000000
1860600.00000000	0.00000000	0.00000000	96.00000000
1860900.00000000	0.00000000	0.00000000	96.00000000
1861200.00000000	0.00000000	0.00000000	96.00000000
1861500.00000000	0.00000000	0.00000000	96.00000000
1861800.00000000	0.00000000	0.00000000	96.00000000
1862100.00000000	0.00000000	0.00000000	96.00000000
1862400.00000000	0.00000000	0.00000000	96.00000000
1862700.00000000	0.00000000	0.00000000	96.00000000
1863000.00000000	0.00000000	0.00000000	96.00000000
1863300.00000000	0.00000000	0.00000000	96.00000000
1863600.00000000	0.00000000	0.00000000	96.00000000
1863900.00000000	0.00000000	0.00000000	96.00000000
1864200.00000000	0.00000000	0.00000000	96.00000000
1864500.00000000	0.00000000	0.00000000	96.00000000
1864800.00000000	0.00000000	0.00000000	96.00000000
1865100.00000000	0.00000000	0.00000000	96.00000000
1865400.00000000	0.00000000	0.00000000	96.00000000
1865700.00000000	0.00000000	0.00000000	96.00000000
1866000.00000000	0.00000000	0.00000000	96.00000000
1866300.00000000	0.00000000	0.00000000	96.00000000
1866600.00000000	0.00000000	0.00000000	96.00000000
1866900.00000000	0.00000000	0.00000000	96.00000000
1867200.00000000	0.00000000	0.00000000	96.00000000
1867500.00000000	0.00000000	0.00000000	96.00000000
1867800.00000000	0.00000000	0.00000000	96.00000000
1868100.00000000	0.00000000	0.00000000	96.00000000
1868400.00000000	0.00000000	0.00000000	96.00000000
1868700.00000000	0.00000000	0.00000000	96.00000000
1869000.00000000	0.00000000	0.00000000	96.00000000
1869300.00000000	0.00000000	0.00000000	96.00000000
1869600.00000000	0.00000000	0.00000000	96.00000000
1869900.00000000	0.00000000	0.00000000	96.00000000
1870200.00000000	0.00000000	0.00000000	96.00000000
1870500.00000000	0.00000000	0.00000000	96.00000000
1870800.00000000	0.00000000	0.00000000	96.00000000
1871100.00000000	0.00000000	0.00000000	96.00000000
1871400.00000000	0.00000000	0.00000000	96.00000000
1871700.00000000	0.00000000	0.00000000	96.00000000
1872000.00000000	0.00000000	0.00000000	96.00000000
1872300.00000000	0.00000000	0.00000000	96.00000000
1872600.00000000	0.00000000	0.00000000	96.00000000
1872900.00000000	0.00000000	0.00000000	96.00000000
1873200.00000000	0.00000000	0.00000000	96.00000000
1873500.00000000	0.00000000	0.00000000	96.00000000
1873800.00000000	0.00000000	0.00000000	96.00000000
1874100.00000000	0.00000000	0.00000000	96.00000000
1874400.00000000	0.00000000	0.00000000	96.00000000
1874700.00000000	0.00000000	0.00000000	96.00000000
1875000.00000000	0.00000000	0.00000000	96.00000000
1875300.00000000	0.00000000	0.00000000	96.00000000
1875600.00000000	0.00000000	0.00000000	96.00000000
1875900.00000000	0.00000000	0.00000000	96.00000000
1876200.00000000	0.00000000	0.00000000	96.00000000
1876500.00000000	0.00000000	0.00000000	96.00000000
1876800.00000000	0.00000000	0.00000000	96.00000000
1877100.00000000	0.00000000	0.00000000	96.00000000
1877400.00000000	0.00000000	0.00000000	96.00000000
1877700.00000000	0.00000000	0.00000000	96.00000000
1878000.00000000	0.00000000	0.00000000	96.00000000
1878300.00000000	0.00000000	0.00000000	96.00000000
1878600.00000000	0.00000000	0.00000000	96.00000000
1878900.00000000	0.00000000	0.00000000	96.00000000
1879200.00000000	0.00000000	0.00000000	96.00000000
1879500.00000000	0.00000000	0.00000000	96.00000000
1879800.00000000	0.00000000	0.00000000	96.00000000
1880100.00000000	0.00000000	0.00000000	96.00000000
1880400.00000000	0.00000000	0.00000000	96.00000000
1880700.00000000	0.00000000	0.00000000	96.00000000
1881000.00000000	0.00000000	0.00000000	96.00000000
1881300.00000000	0.00000000	0.00000000	96.00000000
1881600.00000000	0.00000000	0.00000000	96.00000000
1881900.00000000	0.00000000	0.00000000	96.00000000
1882200.00000000	0.00000000	0.00000000	96.00000000
1882500.00000000	0.00000000	0.00000000	96.00000000
1882800.00000000	0.00000000	0.00000000	96.00000000
1883100.00000000	0.00000000	0.00000000	96.00000000
1883400.00000000	0.00000000	0.00000000	96.00000000
1883700.00000000	0.00000000	0.00000000	96.00000000
1884000.00000000	0.00000000	0.00000000	96.00000000
1884300.00000000	0.00000000	0.00000000	96.00000000
1884600.00000000	0.00000000	0.00000000	96.00000000
1884900.00000000	0.00000000	0.00000000	96.00000000
1885200.00000000	0.00000000	0.00000000	96.00000000
1885500.00000000	0.00000000	0.00000000	96.00000000
1885800.00000000	0.00000000	0.00000000	96.00000000
1886100.00000000	0.00000000	0.00000000	96.00000000
1886400.00000000	0.00000000	0.00000000	96.00000000
1886700.00000000	0.00000000	0.00000000	96.00000000
1887000.00000000	0.00000000	0.00000000	96.00000000
1887300.00000000	0.00000000	0.00000000	96.00000000
1887600.00000000	0.00000000	0.00000000	96.00000000
1887900.00000000	0.00000000	0.00000000	96.00000000
1888200.00000000	0.00000000	0.00000000	96.00000000
1888500.00000000	0.00000000	0.00000000	96.00000000
1888800.00000000	0.00000000	0.00000000	96.00000000
1889100.00000000	0.00000000	0.00000000	96.00000000
1889400.00000000	0.00000000	0.00000000	96.00000000
1889700.00000000	0.00000000	0.00000000	96.00000000
1890000.00000000	0.00000000	0.00000000	96.00000000
1890300.00000000	0.00000000	0.00000000	96.00000000
1890600.00000000	0.00000000	0.00000000	96.00000000
1890900.00000000	0.00000000	0.00000000	96.00000000
1891200.00000000	0.00000000	0.00000000	96.00000000
1891500.00000000	0.00000000	0.00000000	96.00000000
1891800.00000000	0.00000000	0.00000000	96.00000000
1892100.00000000	0.00000000	0.00000000	96.00000000
1892400.00000000	0.00000000	0.00000000	96.00000000
1892700.00000000	0.00000000	0.00000000	96.00000000
1893000.00000000	0.00000000	0.00000000	96.00000000
1893300.00000000	0.00000000	0.00000000	96.00000000
1893600.00000000	0.00000000	0.00000000	96.00000000
1893900.00000000	0.00000000	0.00000000	96.00000000
1894200.00000000	0.00000000	0.00000000	96.00000000
1894500.00000000	0.00000000	0.00000000	96.00000000
1894800.00000000	0.00000000	0.00000000	96.00000000
1895100.00000000	0.00000000	0.00000000	96.00000000
1895400.00000000	0.00000000	0.00000000	96.00000000
1895700.00000000	0.00000000	0.00000000	96.00000000
1896000.00000000	0.00000000	0.00000000	96.00000000
1896300.00000000	0.00000000	0.00000000	96.00000000
1896600.00000000	0.00000000	0.00000000	96.00000000
1896900.00000000	0.00000000	0.00000000	96.00000000
1897200.00000000	0.00000000	0.00000000	96.00000000
1897500.00000000	0.00000000	0.00000000	96.00000000
1897800.00000000	0.00000000	0.00000000	96.00000000
1898100.00000000	0.00000000	0.00000000	96.00000000
1898400.00000000	0.00000000	0.00000000	96.00000000
1898700.00000000	0.00000000	0.00000000	96.00000000
1899000.00000000	0.00000000	0.00000000	96.00000000
1899300.00000000	0.00000000	0.00000000	96.00000000
1899600.00000000	0.00000000	0.00000000	96.00000000
1899900.00000000	0.00000000	0.00000000	96.00000000
1900200.00000000	0.00000000	0.00000000	96.00000000
1900500.00000000	0.00000000	0.00000000	96.00000000
1900800.00000000	0.00000000	0.00000000	96.00000000
1901100.00000000	0.00000000	0.00000000	96.00000000
1901400.00000000	0.00000000	0.00000000	96.00000000
1901700.00000000	0.00000000	0.00000000	96.00000000
1902000.00000000	0.00000000	0.00000000	96.00000000
1902300.00000000	0.00000000	0.00000000	96.00000000
1902600.00000000	0.00000000	0.00000000	96.00000000
1902900.00000000	0.00000000	0.00000000	96.00000000
1903200.00000000	0.00000000	0.00000000	96.00000000
1903500.00000000	0.00000000	0.00000000	96.00000000
1903800.00000000	0.00000000	0.00000000	96.00000000
1904100.00000000	0.00000000	0.00000000	96.00000000
1904400.00000000	0.00000000	0.00000000	96.00000000
1904700.00000000	0.00000000	0.00000000	96.00000000
1905000.00000000	0.00000000	0.00000000	96.00000000
1905300.00000000	0.00000000	0.00000000	96.00000000
1905600.00000000	0.00000000	0.00000000	96.00000000
1905900.00000000	0.00000000	0.00000000	96.00000000
1906200.00000000	0.00000000	0.00000000	96.00000000
1906500.00000000	0.00000000	0.00000000	96.00000000
1906800.00000000	0.00000000	0.00000000	96.00000000
1907100.00000000	0.00000000	0.00000000	96.00000000
1907400.00000000	0.00000000	0.00000000	96.00000000
1907700.00000000	0.00000000	0.00000000	96.00000000
1908000.00000000	0.00000000	0.00000000	96.00000000
1908300.00000000	0.00000000	0.00000000	96.00000000
1908600.00000000	0.00000000	0.00000000	96.00000000
1908900.00000000	0.00000000	0.00000000	96.00000000
1909200.00000000	0.00000000	0.00000000	96.00000000
1909500.00000000	0.00000000	0.00000000	96.00000000
1909800.00000000	0.00000000	0.00000000	96.00000000
1910100.00000000	0.00000000	0.00000000	96.00000000
1910400.00000000	0.00000000	0.00000000	96.00000000
1910700.00000000	0.00000000	0.00000000	96.00000000
1911000.00000000	0.00000000	0.00000000	96.00000000
1911300.00000000	0.00000000	0.00000000	96.00000000
1911600.00000000	0.00000000	0.00000000	96.00000000
1911900.00000000	0.00000000	0.00000000	96.00000000
1912200.00000000	0.00000000	0.00000000	96.00000000
1912500.00000000	0.00000000	0.00000000	96.00000000
1912800.00000000	0.00000000	0.00000000	96.00000000
1913100.00000000	0.00000000	0.00000000	96.00000000
1913400.00000000	0.00000000	0.00000000	96.00000000
1913700.00000000	0.00000000	0.00000000	96.00000000
1914000.00000000	0.00000000	0.00000000	96.00000000
1914300.00000000	0.00000000	0.00000000	96.00000000
1914600.00000000	0.00000000	0.00000000	96.00000000
1914900.00000000	0.00000000	0.00000000	96.00000000
1915200.00000000	0.00000000	0.00000000	96.00000000
1915500.00000000	0.00000000	0.00000000	96.00000000
1915800.00000000	0.00000000	0.00000000	96.00000000
1916100.00000000	0.00000000	0.00000000	96.00000000
1916400.00000000	0.00000000	0.00000000	96.00000000
1916700.00000000	0.00000000	0.00000000	96.00000000
1917000.00000000	0.00000000	0.00000000	96.00000000
1917300.00000000	0.00000000	0.00000000	96.00000000
1917600.00000000	0.00000000	0.00000000	96.00000000
1917900.00000000	0.00000000	0.00000000	96.00000000
1918200.00000000	0.00000000	0.00000000	96.00000000
1918500.00000000	0.00000000	0.00000000	96.00000000
1918800.00000000	0.00000000	0.00000000	96.00000000
1919100.00000000	0.00000000	0.00000000	96.00000000
1919400.00000000	0.00000000	0.00000000	96.00000000
1919700.00000000	0.00000000	0.00000000	96.00000000
1920000.00000000	0.00000000	0.00000000	96.00000000
1920300.00000000	0.00000000	0.00000000	96.00000000
1920600.00000000	0.00000000	0.00000000	96.00000000
1920900.00000000	0.00000000	0.00000000	96.00000000
1921200.00000000	0.00000000	0.00000000	96.00000000
1921500.00000000	0.00000000	0.00000000	96.00000000
1921800.00000000	0.00000000	0.00000000	96.00000000
1922100.00000000	0.00000000	0.00000000	96.00000000
1922400.00000000	0.00000000	0.00000000	96.00000000
1922700.00000000	0.00000000	0.00000000	96.00000000
1923000.00000000	0.00000000	0.00000000	96.00000000
1923300.00000000	0.00000000	0.00000000	96.00000000
1923600.00000000	0.00000000	0.00000000	96.00000000
1923900.00000000	0.00000000	0.00000000	96.00000000
1924200.00000000	0.00000000	0.00000000	96.00000000
1924500.00000000	0.00000000	0.00000000	96.00000000
1924800.00000000	0.00000000	0.00000000	96.00000000
1925100.00000000	0.00000000	0.00000000	96.00000000
1925400.00000000	0.00000000	0.00000000	96.00000000
1925700.00000000	0.00000000	0.00000000	96.00000000
1926000.00000000	0.00000000	0.00000000	96.00000000
1926300.00000000	0.00000000	0.00000000	96.00000000
1926600.00000000	0.00000000	0.00000000	96.00000000
1926900.00000000	0.00000000	0.00000000	96.00000000
1927200.00000000	0.00000000	0.00000000	96.00000000
1927500.00000000	0.00000000	0.00000000	96.00000000
1927800.00000000	0.00000000	0.00000000	96.00000000
1928100.00000000	0.00000000	0.00000000	96.00000000
1928400.00000000	0.00000000	0.00000000	96.00000000
1928700.00000000	0.00000000	0.00000000	96.00000000
1929000.00000000	0.00000000	0.00000000	96.00000000
1929300.00000000	0.00000000	0.00000000	96.00000000
1929600.00000000	0.00000000	0.00000000	96.00000000
1929900.00000000	0.00000000	0.00000000	96.00000000
1930200.00000000	0.00000000	0.00000000	96.00000000
1930500.00000000	0.00000000	0.00000000	96.00000000
1930800.00000000	0.00000000	0.00000000	96.00000000
1931100.00000000	0.00000000	0.00000000	96.00000000
1931400.00000000	0.00000000	0.00000000	96.00000000
1931700.00000000	0.00000000	0.00000000	96.00000000
1932000.00000000	0.00000000	0.00000000	96.00000000
1932300.00000000	0.00000000	0.00000000	96.00000000
1932600.00000000	0.00000000	0.00000000	96.00000000
1932900.00000000	0.00000000	0.00000000	96.00000000
1933200.00000000	0.00000000	0.00000000	96.00000000
1933500.00000000	0.00000000	0.00000000	96.00000000
1933800.00000000	0.00000000	0.00000000	96.00000000
1934100.00000000	0.00000000	0.00000000	96.00000000
1934400.00000000	0.00000000	0.00000000	96.00000000
1934700.00000000	0.00000000	0.00000000	96.00000000
1935000.00000000	0.00000000	0.00000000	96.00000000
1935300.00000000	0.00000000	0.00000000	96.00000000
1935600.00000000	0.00000000	0.00000000	96.00000000
1935900.00000000	0.00000000	0.00000000	96.00000000
1936200.00000000	0.00000000	0.00000000	96.00000000
1936500.00000000	0.00000000	0.00000000	96.00000000
1936800.00000000	0.00000000	0.00000000	96.00000000
1937100.00000000	0.00000000	0.00000000	96.00000000
1937400.00000000	0.00000000	0.00000000	96.00000000
1937700.00000000	0.00000000	0.00000000	96.00000000
1938000.00000000	0.00000000	0.00000000	96.00000000
1938300.00000000	0.00000000	0.00000000	96.00000000
1938600.00000000	0.00000000	0.00000000	96.00000000
1938900.00000000	0.00000000	0.00000000	96.00000000
1939200.00000000	0.00000000	0.00000000	96.00000000
1939500.00000000	0.00000000	0.00000000	96.00000000
1939800.00000000	0.00000000	0.00000000	96.00000000
1940100.00000000	0.00000000	0.00000000	96.00000000
1940400.00000000	0.00000000	0.00000000	96.00000000
1940700.00000000	0.00000000	0.00000000	96.00000000
1941000.00000000	0.00000000	0.00000000	96.00000000
1941300.00000000	0.00000000	0.00000000	96.00000000
1941600.00000000	0.00000000	0.00000000	96.00000000
1941900.00000000	0.00000000	0.00000000	96.00000000
1942200.00000000	0.00000000	0.00000000	96.00000000
1942500.00000000	0.00000000	0.00000000	96.00000000
1942800.00000000	0.00000000	0.00000000	96.00000000
1943100.00000000	0.00000000	0.00000000	96.00000000
1943400.00000000	0.00000000	0.00000000	96.00000000
1943700.00000000	0.00000000	0.00000000	96.00000000
1944000.00000000	0.00000000	0.00000000	96.00000000
1944300.00000000	0.00000000	0.00000000	96.00000000
1944600.00000000	0.00000000	0.00000000	96.00000000
1944900.00000000	0.00000000	0.00000000	96.00000000
1945200.00000000	0.00000000	0.00000000	96.00000000
1945500.00000000	0.00000000	0.00000000	96.00000000
1945800.00000000	0.00000000	0.00000000	96.00000000
1946100.00000000	0.00000000	0.00000000	96.00000000
1946400.00000000	0.00000000	0.00000000	96.00000000
1946700.00000000	0.00000000	0.00000000	96.00000000
1947000.00000000	0.00000000	0.00000000	96.00000000
1947300.00000000	0.00000000	0.00000000	96.00000000
1947600.00000000	0.00000000	0.00000000	96.00000000
1947900.00000000	0.00000000	0.00000000	96.00000000
1948200.00000000	0.00000000	0.00000000	96.00000000
1948500.00000000	0.00000000	0.00000000	96.00000000
1948800.00000000	0.00000000	0.00000000	96.00000000
1949100.00000000	0.00000000	0.00000000	96.00000000
1949400.00000000	0.00000000	0.00000000	96.00000000
1949700.00000000	0.00000000	0.00000000	96.00000000
1950000.00000000	0.00000000	0.00000000	96.00000000
1950300.00000000	0.00000000	0.00000000	96.00000000
1950600.00000000	0.00000000	0.00000000	96.00000000
1950900.00000000	0.00000000	0.00000000	96.00000000
1951200.00000000	0.00000000	0.00000000	96.00000000
1951500.00000000	0.00000000	0.00000000	96.00000000
1951800.00000000	0.00000000	0.00000000	96.00000000
1952100.00000000	0.00000000	0.00000000	96.00000000
1952400.00000000	0.00000000	0.00000000	96.00000000
1952700.00000000	0.00000000	0.00000000	96.00000000
1953000.00000000	0.00000000	0.00000000	96.00000000
1953300.00000000	0.00000000	0.00000000	96.00000000
1953600.00000000	0.00000000	0.00000000	96.00000000
1953900.00000000	0.00000000	0.00000000	96.00000000
1954200.00000000	0.00000000	0.00000000	96.00000000
1954500.00000000	0.00000000	0.00000000	96.00000000
1954800.00000000	0.00000000	0.00000000	96.00000000
1955100.00000000	0.00000000	0.00000000	96.00000000
1955400.00000000	0.00000000	0.00000000	96.00000000
1955700.00000000	0.00000000	0.00000000	96.00000000
1956000.00000000	0.00000000	0.00000000	96.00000000
1956300.00000000	0.00000000	0.00000000	96.00000000
1956600.00000000	0.00000000	0.00000000	96.00000000
1956900.00000000	0.00000000	0.00000000	96.00000000
1957200.00000000	0.00000000	0.00000000	96.00000000
1957500.00000000	0.00000000	0.00000000	96.00000000
1957800.00000000	0.00000000	0.00000000	96.00000000
1958100.00000000	0.00000000	0.00000000	96.00000000
1958400.00000000	0.00000000	0.00000000	96.00000000
1958700.00000000	0.00000000	0.00000000	96.00000000
1959000.00000000	0.00000000	0.00000000	96.00000000
1959300.00000000	0.00000000	0.00000000	96.00000000
1959600.00000000	0.00000000	0.00000000	96.00000000
1959900.00000000	0.00000000	0.00000000	96.00000000
1960200.00000000	0.00000000	0.00000000	96.00000000
1960500.00000000	0.00000000	0.00000000	96.00000000
1960800.00000000	0.00000000	0.00000000	96.00000000
1961100.00000000	0.00000000	0.00000000	96.00000000
1961400.00000000	0.00000000	0.00000000	96.00000000
1961700.00000000	0.00000000	0.00000000	96.00000000
1962000.00000000	0.00000000	0.00000000	96.00000000
1962300.00000000	0.00000000	0.00000000	96.00000000
1962600.00000000	0.00000000	0.00000000	96.00000000
1962900.00000000	0.00000000	0.00000000	96.00000000
1963200.00000000	0.00000000	0.00000000	96.00000000
1963500.00000000	0.00000000	0.00000000	96.00000000
1963800.00000000	0.00000000	0.00000000	96.00000000
1964100.00000000	0.00000000	0.00000000	96.00000000
1964400.00000000	0.00000000	0.00000000	96.00000000
1964700.00000000	0.00000000	0.00000000	96.00000000
1965000.00000000	0.00000000	0.00000000	96.00000000
1965300.00000000	0.00000000	0.00000000	96.00000000
1965600.00000000	0.00000000	0.00000000	96.00000000
1965900.00000000	0.00000000	0.00000000	96.00000000
1966200.00000000	0.00000000	0.00000000	96.00000000
1966500.00000000	0.00000000	0.00000000	96.00000000
1966800.00000000	0.00000000	0.00000000	96.00000000
1967100.00000000	0.00000000	0.00000000	96.00000000
1967400.00000000	0.00000000	0.00000000	96.00000000
1967700.00000000	0.00000000	0.00000000	96.00000000
1968000.00000000	0.00000000	0.00000000	96.00000000
1968300.00000000	0.00000000	0.00000000	96.00000000
1968600.00000000	0.00000000	0.00000000	96.00000000
1968900.00000000	0.00000000	0.00000000	96.00000000
1969200.00000000	0.00000000	0.00000000	96.00000000
1969500.00000000	0.00000000	0.00000000	96.00000000
1969800.00000000	0.00000000	0.00000000	96.00000000
1970100.00000000	0.00000000	0.00000000	96.00000000
1970400.00000000	0.00000000	0.00000000	96.00000000
1970700.00000000	0.00000000	0.00000000	96.00000000
1971000.00000000	0.00000000	0.00000000	96.00000000
1971300.00000000	0.00000000	0.00000000	96.00000000
1971600.00000000	0.00000000	0.00000000	96.00000000
1971900.00000000	0.00000000	0.00000000	96.00000000
1972200.00000000	0.00000000	0.00000000	96.00000000
1972500.00000000	0.00000000	0.00000000	96.00000000
1972800.00000000	0.00000000	0.00000000	96.00000000
1973100.00000000	0.00000000	0.00000000	96.00000000
1973400.00000000	0.00000000	0.00000000	96.00000000
1973700.00000000	0.00000000	0.00000000	96.00000000
1974000.00000000	0.00000000	0.00000000	96.00000000
1974300.00000000	0.00000000	0.00000000	96.00000000
1974600.00000000	0.00000000	0.00000000	96.00000000
1974900.00000000	0.00000000	0.00000000	96.00000000
1975200.00000000	0.00000000	0.00000000	96.00000000
1975500.00000000	0.00000000	0.00000000	96.00000000
1975800.00000000	0.00000000	0.00000000	96.00000000
1976100.00000000	0.00000000	0.00000000	96.00000000
1976400.00000000	0.00000000	0.00000000	96.00000000
1976700.00000000	0.00000000	0.00000000	96.00000000
1977000.00000000	0.00000000	0.00000000	96.00000000
1977300.00000000	0.00000000	0.00000000	96.00000000
1977600.00000000	0.00000000	0.00000000	96.00000000
1977900.00000000	0.00000000	0.00000000	96.00000000
1978200.00000000	0.00000000	0.00000000	96.00000000
1978500.00000000	0.00000000	0.00000000	96.00000000
1978800.00000000	0.00000000	0.00000000	96.00000000
1979100.00000000	0.00000000	0.00000000	96.00000000
1979400.00000000	0.00000000	0.00000000	96.00000000
1979700.00000000	0.00000000	0.00000000	96.00000000
1980000.00000000	0.00000000	0.00000000	96.00000000
1980300.00000000	0.00000000	0.00000000	96.00000000
1980600.00000000	0.00000000	0.00000000	96.00000000
1980900.00000000	0.00000000	0.00000000	96.00000000
1981200.00000000	0.00000000	0.00000000	96.00000000
1981500.00000000	0.00000000	0.00000000	96.00000000
1981800.00000000	0.00000000	0.00000000	96.00000000
1982100.00000000	0.00000000	0.00000000	96.00000000
1982400.00000000	0.00000000	0.00000000	96.00000000
1982700.00000000	0.00000000	0.00000000	96.00000000
1983000.00000000	0.00000000	0.00000000	96.00000000
1983300.00000000	0.00000000	0.00000000	96.00000000
1983600.00000000	0.00000000	0.00000000	96.00000000
1983900.00000000	0.00000000	0.00000000	96.00000000
1984200.00000000	0.00000000	0.00000000	96.00000000
1984500.00000000	0.00000000	0.00000000	96.00000000
1984800.00000000	0.00000000	0.00000000	96.00000000
1985100.00000000	0.00000000	0.00000000	96.00000000
1985400.00000000	0.00000000	0.00000000	96.00000000
1985700.00000000	0.00000000	0.00000000	96.00000000
1986000.00000000	0.00000000	0.00000000	96.00000000
1986300.00000000	0.00000000	0.00000000	96.00000000
1986600.00000000	0.00000000	0.00000000	96.00000000
1986900.00000000	0.00000000	0.00000000	96.00000000
1987200.00000000	83.80491193	384.40337385	96.00000000
1987500.00000000	0.00000000	0.00000000	96.00000000
1987800.00000000	0.00000000	0.00000000	96.00000000
1988100.00000000	0.00000000	0.00000000	96.00000000
1988400.00000000	0.00000000	0.00000000	96.00000000
1988700.00000000	0.00000000	0.00000000	96.00000000
1989000.00000000	0.00000000	0.00000000	96.00000000
1989300.00000000	0.00000000	0.00000000	96.00000000
1989600.00000000	0.00000000	0.00000000	96.00000000
1989900.00000000	0.00000000	0.00000000	96.00000000
1990200.00000000	0.00000000	0.00000000	96.00000000
1990500.00000000	0.00000000	0.00000000	96.00000000
1990800.00000000	0.00000000	0.00000000	96.00000000
1991100.00000000	0.00000000	0.00000000	96.00000000
1991400.00000000	0.00000000	0.00000000	96.00000000
1991700.00000000	0.00000000	0.00000000	96.00000000
1992000.00000000	0.00000000	0.00000000	96.00000000
1992300.00000000	0.00000000	0.00000000	96.00000000
1992600.00000000	0.00000000	0.00000000	96.00000000
1992900.00000000	0.00000000	0.00000000	96.00000000
1993200.00000000	0.00000000	0.00000000	96.00000000
1993500.00000000	0.00000000	0.00000000	96.00000000
1993800.00000000	0.00000000	0.00000000	96.00000000
1994100.00000000	0.00000000	0.00000000	96.00000000
1994400.00000000	0.00000000	0.00000000	96.00000000
1994700.00000000	0.00000000	0.00000000	96.00000000
1995000.00000000	0.00000000	0.00000000	96.00000000
1995300.00000000	0.00000000	0.00000000	96.00000000
1995600.00000000	0.00000000	0.00000000	96.00000000
1995900.00000000	0.00000000	0.00000000	96.00000000
1996200.00000000	0.00000000	0.00000000	96.00000000
1996500.00000000	0.00000000	0.00000000	96.00000000
1996800.00000000	0.00000000	0.00000000	96.00000000
1997100.00000000	0.00000000	0.00000000	96.00000000
1997400.00000000	0.00000000	0.00000000	96.00000000
1997700.00000000	0.00000000	0.00000000	96.00000000
1998000.00000000	0.00000000	0.00000000	96.00000000
1998300.00000000	0.00000000	0.00000000	96.00000000
1998600.00000000	0.00000000	0.00000000	96.00000000
1998900.00000000	0.00000000	0.00000000	96.00000000
1999200.00000000	0.00000000	0.00000000	96.00000000
1999500.00000000	0.00000000	0.00000000	96.00000000
1999800.00000000	0.00000000	0.00000000	96.00000000
2000100.00000000	0.00000000	0.00000000	96.00000000
2000400.00000000	0.00000000	0.00000000	96.00000000
2000700.00000000	0.00000000	0.00000000	96.00000000
2001000.00000000	0.00000000	0.00000000	96.00000000
2001300.00000000	0.00000000	0.00000000	96.00000000
2001600.00000000	0.00000000	0.00000000	96.00000000
2001900.00000000	0.00000000	0.00000000	96.00000000
2002200.00000000	0.00000000	0.00000000	96.00000000
2002500.00000000	0.00000000	0.00000000	96.00000000
2002800.00000000	0.00000000	0.00000000	96.00000000
2003100.00000000	0.00000000	0.00000000	96.00000000
2003400.00000000	0.00000000	0.00000000	96.00000000
2003700.00000000	0.00000000	0.00000000	96.00000000
2004000.00000000	0.00000000	0.00000000	96.00000000
2004300.00000000	0.00000000	0.00000000	96.00000000
2004600.00000000	0.00000000	0.00000000	96.00000000
2004900.00000000	0.00000000	0.00000000	96.00000000
2005200.00000000	0.00000000	0.00000000	96.00000000
2005500.00000000	0.00000000	0.00000000	96.00000000
2005800.00000000	0.00000000	0.00000000	96.00000000
2006100.00000000	0.00000000	0.00000000	96.00000000
2006400.00000000	0.00000000	0.00000000	96.00000000
2006700.00000000	0.00000000	0.00000000	96.00000000
2007000.00000000	0.00000000	0.00000000	96.00000000
2007300.00000000	0.00000000	0.00000000	96.00000000
2007600.00000000	0.00000000	0.00000000	96.00000000
2007900.00000000	0.00000000	0.00000000	96.00000000
2008200.00000000	0.00000000	0.00000000	96.00000000
2008500.00000000	0.00000000	0.00000000	96.00000000
2008800.00000000	0.00000000	0.00000000	96.00000000
2009100.00000000	0.00000000	0.00000000	96.00000000
2009400.00000000	0.00000000	0.00000000	96.00000000
2009700.00000000	0.00000000	0.00000000	96.00000000
2010000.00000000	0.00000000	0.00000000	96.00000000
2010300.00000000	0.00000000	0.00000000	96.00000000
2010600.00000000	0.00000000	0.00000000	96.00000000
2010900.00000000	0.00000000	0.00000000	96.00000000
2011200.00000000	0.00000000	0.00000000	96.00000000
2011500.00000000	0.00000000	0.00000000	96.00000000
2011800.00000000	0.00000000	0.00000000	96.00000000
2012100.00000000	0.00000000	0.00000000	96.00000000
2012400.00000000	0.00000000	0.00000000	96.00000000
2012700.00000000	0.00000000	0.00000000	96.00000000
2013000.00000000	0.00000000	0.00000000	96.00000000
2013300.00000000	0.00000000	0.00000000	96.00000000
2013600.00000000	0.00000000	0.00000000	96.00000000
2013900.00000000	0.00000000	0.00000000	96.00000000
2014200.00000000	0.00000000	0.00000000	96.00000000
2014500.00000000	0.00000000	0.00000000	96.00000000
2014800.00000000	0.00000000	0.00000000	96.00000000
2015100.00000000	0.00000000	0.00000000	96.00000000
2015400.00000000	0.00000000	0.00000000	96.00000000
2015700.00000000	0.00000000	0.00000000	96.00000000
2016000.00000000	0.00000000	0.00000000	96.00000000
2016300.00000000	0.00000000	0.00000000	96.00000000
2016600.00000000	0.00000000	0.00000000	96.00000000
2016900.00000000	0.00000000	0.00000000	96.00000000
2017200.00000000	0.00000000	0.00000000	96.00000000
2017500.00000000	0.00000000	0.00000000	96.00000000
2017800.00000000	0.00000000	0.00000000	96.00000000
2018100.00000000	0.00000000	0.00000000	96.00000000
2018400.00000000	0.00000000	0.00000000	96.00000000
2018700.00000000	0.00000000	0.00000000	96.00000000
2019000.00000000	0.00000000	0.00000000	96.00000000
2019300.00000000	0.00000000	0.00000000	96.00000000
2019600.00000000	0.00000000	0.00000000	96.00000000
2019900.00000000	0.00000000	0.00000000	96.00000000
2020200.00000000	0.00000000	0.00000000	96.00000000
2020500.00000000	0.00000000	0.00000000	96.00000000
2020800.00000000	0.00000000	0.00000000	96.00000000
2021100.00000000	0.00000000	0.00000000	96.00000000
2021400.00000000	0.00000000	0.00000000	96.00000000
2021700.00000000	0.00000000	0.00000000	96.00000000
2022000.00000000	0.00000000	0.00000000	96.00000000
2022300.00000000	0.00000000	0.00000000	96.00000000
2022600.00000000	0.00000000	0.00000000	96.00000000
2022900.00000000	0.00000000	0.00000000	96.00000000
2023200.00000000	0.00000000	0.00000000	96.00000000
2023500.00000000	0.00000000	0.00000000	96.00000000
2023800.00000000	0.00000000	0.00000000	96.00000000
2024100.00000000	0.00000000	0.00000000	96.00000000
2024400.00000000	0.00000000	0.00000000	96.00000000
2024700.00000000	0.00000000	0.00000000	96.00000000
2025000.00000000	0.00000000	0.00000000	96.00000000
2025300.00000000	0.00000000	0.00000000	96.00000000
2025600.00000000	0.00000000	0.00000000	96.00000000
2025900.00000000	0.00000000	0.00000000	96.00000000
2026200.00000000	0.00000000	0.00000000	96.00000000
2026500.00000000	0.00000000	0.00000000	96.00000000
2026800.00000000	0.00000000	0.00000000	96.00000000
2027100.00000000	0.00000000	0.00000000	96.00000000
2027400.00000000	0.00000000	0.00000000	96.00000000
2027700.00000000	0.00000000	0.00000000	96.00000000
2028000.00000000	0.00000000	0.00000000	96.00000000
2028300.00000000	0.00000000	0.00000000	96.00000000
2028600.00000000	0.00000000	0.00000000	96.00000000
2028900.00000000	0.00000000	0.00000000	96.00000000
2029200.00000000	0.00000000	0.00000000	96.00000000
2029500.00000000	0.00000000	0.00000000	96.00000000
2029800.00000000	0.00000000	0.00000000	96.00000000
2030100.00000000	0.00000000	0.00000000	96.00000000
2030400.00000000	0.00000000	0.00000000	96.00000000
2030700.00000000	0.00000000	0.00000000	96.00000000
2031000.00000000	0.00000000	0.00000000	96.00000000
2031300.00000000	0.00000000	0.00000000	96.00000000
2031600.00000000	0.00000000	0.00000000	96.00000000
2031900.00000000	0.00000000	0.00000000	96.00000000
2032200.00000000	0.00000000	0.00000000	96.00000000
2032500.00000000	0.00000000	0.00000000	96.00000000
2032800.00000000	0.00000000	0.00000000	96.00000000
2033100.00000000	0.00000000	0.00000000	96.00000000
2033400.00000000	0.00000000	0.00000000	96.00000000
2033700.00000000	0.00000000	0.00000000	96.00000000
2034000.00000000	0.00000000	0.00000000	96.00000000
2034300.00000000	0.00000000	0.00000000	96.00000000
2034600.00000000	0.00000000	0.00000000	96.00000000
2034900.00000000	0.00000000	0.00000000	96.00000000
2035200.00000000	0.00000000	0.00000000	96.00000000
2035500.00000000	0.00000000	0.00000000	96.00000000
2035800.00000000	0.00000000	0.00000000	96.00000000
2036100.00000000	0.00000000	0.00000000	96.00000000
2036400.00000000	0.00000000	0.00000000	96.00000000
2036700.00000000	0.00000000	0.00000000	96.00000000
2037000.00000000	0.00000000	0.00000000	96.00000000
2037300.00000000	0.00000000	0.00000000	96.00000000
2037600.00000000	0.00000000	0.00000000	96.00000000
2037900.00000000	0.00000000	0.00000000	96.00000000
2038200.00000000	0.00000000	0.00000000	96.00000000
2038500.00000000	0.00000000	0.00000000	96.00000000
2038800.00000000	0.00000000	0.00000000	96.00000000
2039100.00000000	0.00000000	0.00000000	96.00000000
2039400.00000000	0.00000000	0.00000000	96.00000000
2039700.00000000	0.00000000	0.00000000	96.00000000
2040000.00000000	0.00000000	0.00000000	96.00000000
2040300.00000000	0.00000000	0.00000000	96.00000000
2040600.00000000	0.00000000	0.00000000	96.00000000
2040900.00000000	0.00000000	0.00000000	96.00000000
2041200.00000000	0.00000000	0.00000000	96.00000000
2041500.00000000	0.00000000	0.00000000	96.00000000
2041800.00000000	0.00000000	0.00000000	96.00000000
2042100.00000000	0.00000000	0.00000000	96.00000000
2042400.00000000	0.00000000	0.00000000	96.00000000
2042700.00000000	0.00000000	0.00000000	96.00000000
2043000.00000000	0.00000000	0.00000000	96.00000000
2043300.00000000	0.00000000	0.00000000	96.00000000
2043600.00000000	0.00000000	0.00000000	96.00000000
2043900.00000000	0.00000000	0.00000000	96.00000000
2044200.00000000	0.00000000	0.00000000	96.00000000
2044500.00000000	0.00000000	0.00000000	96.00000000
2044800.00000000	0.00000000	0.00000000	96.00000000
2045100.00000000	0.00000000	0.00000000	96.00000000
2045400.00000000	0.00000000	0.00000000	96.00000000
2045700.00000000	0.00000000	0.00000000	96.00000000
2046000.00000000	0.00000000	0.00000000	96.00000000
2046300.00000000	0.00000000	0.00000000	96.00000000
2046600.00000000	0.00000000	0.00000000	96.00000000
2046900.00000000	0.00000000	0.00000000	96.00000000
2047200.00000000	0.00000000	0.00000000	96.00000000
2047500.00000000	0.00000000	0.00000000	96.00000000
2047800.00000000	0.00000000	0.00000000	96.00000000
2048100.00000000	0.00000000	0.00000000	96.00000000
2048400.00000000	0.00000000	0.00000000	96.00000000
2048700.00000000	0.00000000	0.00000000	96.00000000
2049000.00000000	0.00000000	0.00000000	96.00000000
2049300.00000000	0.00000000	0.00000000	96.00000000
2049600.00000000	0.00000000	0.00000000	96.00000000
2049900.00000000	0.00000000	0.00000000	96.00000000
2050200.00000000	0.00000000	0.00000000	96.00000000
2050500.00000000	0.00000000	0.00000000	96.00000000
2050800.00000000	0.00000000	0.00000000	96.00000000
2051100.00000000	0.00000000	0.00000000	96.00000000
2051400.00000000	0.00000000	0.00000000	96.00000000
2051700.00000000	0.00000000	0.00000000	96.00000000
2052000.00000000	0.00000000	0.00000000	96.00000000
2052300.00000000	0.00000000	0.00000000	96.00000000
2052600.00000000	0.00000000	0.00000000	96.00000000
2052900.00000000	0.00000000	0.00000000	96.00000000
2053200.00000000	0.00000000	0.00000000	96.00000000
2053500.00000000	0.00000000	0.00000000	96.00000000
2053800.00000000	0.00000000	0.00000000	96.00000000
2054100.00000000	0.00000000	0.00000000	96.00000000
2054400.00000000	0.00000000	0.00000000	96.00000000
2054700.00000000	0.00000000	0.00000000	96.00000000
2055000.00000000	0.00000000	0.00000000	96.00000000
2055300.00000000	0.00000000	0.00000000	96.00000000
2055600.00000000	0.00000000	0.00000000	96.00000000
2055900.00000000	0.00000000	0.00000000	96.00000000
2056200.00000000	0.00000000	0.00000000	96.00000000
2056500.00000000	0.00000000	0.00000000	96.00000000
2056800.00000000	0.00000000	0.00000000	96.00000000
2057100.00000000	0.00000000	0.00000000	96.00000000
2057400.00000000	0.00000000	0.00000000	96.00000000
2057700.00000000	0.00000000	0.00000000	96.00000000
2058000.00000000	0.00000000	0.00000000	96.00000000
2058300.00000000	0.00000000	0.00000000	96.00000000
2058600.00000000	0.00000000	0.00000000	96.00000000
2058900.00000000	0.00000000	0.00000000	96.00000000
2059200.00000000	0.00000000	0.00000000	96.00000000
2059500.00000000	0.00000000	0.00000000	96.00000000
2059800.00000000	0.00000000	0.00000000	96.00000000
2060100.00000000	0.00000000	0.00000000	96.00000000
2060400.00000000	0.00000000	0.00000000	96.00000000
2060700.00000000	0.00000000	0.00000000	96.00000000
2061000.00000000	0.00000000	0.00000000	96.00000000
2061300.00000000	0.00000000	0.00000000	96.00000000
2061600.00000000	0.00000000	0.00000000	96.00000000
2061900.00000000	0.00000000	0.00000000	96.00000000
2062200.00000000	0.00000000	0.00000000	96.00000000
2062500.00000000	0.00000000	0.00000000	96.00000000
2062800.00000000	0.00000000	0.00000000	96.00000000
2063100.00000000	0.00000000	0.00000000	96.00000000
2063400.00000000	0.00000000	0.00000000	96.00000000
2063700.00000000	0.00000000	0.00000000	96.00000000
2064000.00000000	0.00000000	0.00000000	96.00000000
2064300.00000000	0.00000000	0.00000000	96.00000000
2064600.00000000	0.00000000	0.00000000	96.00000000
2064900.00000000	0.00000000	0.00000000	96.00000000
2065200.00000000	0.00000000	0.00000000	96.00000000
2065500.00000000	0.00000000	0.00000000	96.00000000
2065800.00000000	0.00000000	0.00000000	96.00000000
2066100.00000000	0.00000000	0.00000000	96.00000000
2066400.00000000	0.00000000	0.00000000	96.00000000
2066700.00000000	0.00000000	0.00000000	96.00000000
2067000.00000000	0.00000000	0.00000000	96.00000000
2067300.00000000	0.00000000	0.00000000	96.00000000
2067600.00000000	0.00000000	0.00000000	96.00000000
2067900.00000000	0.00000000	0.00000000	96.00000000
2068200.00000000	0.00000000	0.00000000	96.00000000
2068500.00000000	0.00000000	0.00000000	96.00000000
2068800.00000000	0.00000000	0.00000000	96.00000000
2069100.00000000	0.00000000	0.00000000	96.00000000
2069400.00000000	0.00000000	0.00000000	96.00000000
2069700.00000000	0.00000000	0.00000000	96.00000000
2070000.00000000	0.00000000	0.00000000	96.00000000
2070300.00000000	0.00000000	0.00000000	96.00000000
2070600.00000000	0.00000000	0.00000000	96.00000000
2070900.00000000	0.00000000	0.00000000	96.00000000
2071200.00000000	0.00000000	0.00000000	96.00000000
2071500.00000000	0.00000000	0.00000000	96.00000000
2071800.00000000	0.00000000	0.00000000	96.00000000
2072100.00000000	0.00000000	0.00000000	96.00000000
2072400.00000000	0.00000000	0.00000000	96.00000000
2072700.00000000	0.00000000	0.00000000	96.00000000
2073000.00000000	0.00000000	0.00000000	96.00000000
2073300.00000000	0.00000000	0.00000000	96.00000000
2073600.00000000	0.00000000	0.00000000	96.00000000
2073900.00000000	0.00000000	0.00000000	96.00000000
2074200.00000000	0.00000000	0.00000000	96.00000000
2074500.00000000	0.00000000	0.00000000	96.00000000
2074800.00000000	0.00000000	0.00000000	96.00000000
2075100.00000000	0.00000000	0.00000000	96.00000000
2075400.00000000	0.00000000	0.00000000	96.00000000
2075700.00000000	0.00000000	0.00000000	96.00000000
2076000.00000000	0.00000000	0.00000000	96.00000000
2076300.00000000	0.00000000	0.00000000	96.00000000
2076600.00000000	0.00000000	0.00000000	96.00000000
2076900.00000000	0.00000000	0.00000000	96.00000000
2077200.00000000	0.00000000	0.00000000	96.00000000
2077500.00000000	0.00000000	0.00000000	96.00000000
2077800.00000000	0.00000000	0.00000000	96.00000000
2078100.00000000	0.00000000	0.00000000	96.00000000
2078400.00000000	0.00000000	0.00000000	96.00000000
2078700.00000000	0.00000000	0.00000000	96.00000000
2079000.00000000	0.00000000	0.00000000	96.00000000
2079300.00000000	0.00000000	0.00000000	96.00000000
2079600.00000000	0.00000000	0.00000000	96.00000000
2079900.00000000	0.00000000	0.00000000	96.00000000
2080200.00000000	0.00000000	0.00000000	96.00000000
2080500.00000000	0.00000000	0.00000000	96.00000000
2080800.00000000	0.00000000	0.00000000	96.00000000
2081100.00000000	0.00000000	0.00000000	96.00000000
2081400.00000000	0.00000000	0.00000000	96.00000000
2081700.00000000	0.00000000	0.00000000	96.00000000
2082000.00000000	0.00000000	0.00000000	96.00000000
2082300.00000000	0.00000000	0.00000000	96.00000000
2082600.00000000	0.00000000	0.00000000	96.00000000
2082900.00000000	0.00000000	0.00000000	96.00000000
2083200.00000000	0.00000000	0.00000000	96.00000000
2083500.00000000	0.00000000	0.00000000	96.00000000
2083800.00000000	0.00000000	0.00000000	96.00000000
2084100.00000000	0.00000000	0.00000000	96.00000000
2084400.00000000	0.00000000	0.00000000	96.00000000
2084700.00000000	0.00000000	0.00000000	96.00000000
2085000.00000000	0.00000000	0.00000000	96.00000000
2085300.00000000	0.00000000	0.00000000	96.00000000
2085600.00000000	0.00000000	0.00000000	96.00000000
2085900.00000000	0.00000000	0.00000000	96.00000000
2086200.00000000	0.00000000	0.00000000	96.00000000
2086500.00000000	0.00000000	0.00000000	96.00000000
2086800.00000000	0.00000000	0.00000000	96.00000000
2087100.00000000	0.00000000	0.00000000	96.00000000
2087400.00000000	0.00000000	0.00000000	96.00000000
2087700.00000000	0.00000000	0.00000000	96.00000000
2088000.00000000	0.00000000	0.00000000	96.00000000
2088300.00000000	0.00000000	0.00000000	96.00000000
2088600.00000000	0.00000000	0.00000000	96.00000000
2088900.00000000	0.00000000	0.00000000	96.00000000
2089200.00000000	0.00000000	0.00000000	96.00000000
2089500.00000000	0.00000000	0.00000000	96.00000000
2089800.00000000	0.00000000	0.00000000	96.00000000
2090100.00000000	0.00000000	0.00000000	96.00000000
2090400.00000000	0.00000000	0.00000000	96.00000000
2090700.00000000	0.00000000	0.00000000	96.00000000
2091000.00000000	0.00000000	0.00000000	96.00000000
2091300.00000000	0.00000000	0.00000000	96.00000000
2091600.00000000	0.00000000	0.00000000	96.00000000
2091900.00000000	0.00000000	0.00000000	96.00000000
2092200.00000000	0.00000000	0.00000000	96.00000000
2092500.00000000	0.00000000	0.00000000	96.00000000
2092800.00000000	0.00000000	0.00000000	96.00000000
2093100.00000000	0.00000000	0.00000000	96.00000000
2093400.00000000	0.00000000	0.00000000	96.00000000
2093700.00000000	0.00000000	0.00000000	96.00000000
2094000.00000000	0.00000000	0.00000000	96.00000000
2094300.00000000	0.00000000	0.00000000	96.00000000
2094600.00000000	0.00000000	0.00000000	96.00000000
2094900.00000000	0.00000000	0.00000000	96.00000000
2095200.00000000	0.00000000	0.00000000	96.00000000
2095500.00000000	0.00000000	0.00000000	96.00000000
2095800.00000000	0.00000000	0.00000000	96.00000000
2096100.00000000	0.00000000	0.00000000	96.00000000
2096400.00000000	0.00000000	0.00000000	96.00000000
2096700.00000000	0.00000000	0.00000000	96.00000000
2097000.00000000	0.00000000	0.00000000	96.00000000
2097300.00000000	0.00000000	0.00000000	96.00000000
2097600.00000000	0.00000000	0.00000000	96.00000000
2097900.00000000	0.00000000	0.00000000	96.00000000
2098200.00000000	0.00000000	0.00000000	96.00000000
2098500.00000000	0.00000000	0.00000000	96.00000000
2098800.00000000	0.00000000	0.00000000	96.00000000
2099100.00000000	0.00000000	0.00000000	96.00000000
2099400.00000000	0.00000000	0.00000000	96.00000000
2099700.00000000	0.00000000	0.00000000	96.00000000
2100000.00000000	0.00000000	0.00000000	96.00000000
2100300.00000000	0.00000000	0.00000000	96.00000000
2100600.00000000	0.00000000	0.00000000	96.00000000
2100900.00000000	0.00000000	0.00000000	96.00000000
2101200.00000000	0.00000000	0.00000000	96.00000000
2101500.00000000	0.00000000	0.00000000	96.00000000
2101800.00000000	0.00000000	0.00000000	96.00000000
2102100.00000000	0.00000000	0.00000000	96.00000000
2102400.00000000	0.00000000	0.00000000	96.00000000
2102700.00000000	0.00000000	0.00000000	96.00000000
2103000.00000000	0.00000000	0.00000000	96.00000000
2103300.00000000	0.00000000	0.00000000	96.00000000
2103600.00000000	0.00000000	0.00000000	96.00000000
2103900.00000000	0.00000000	0.00000000	96.00000000
2104200.00000000	0.00000000	0.00000000	96.00000000
2104500.00000000	0.00000000	0.00000000	96.00000000
2104800.00000000	0.00000000	0.00000000	96.00000000
2105100.00000000	0.00000000	0.00000000	96.00000000
2105400.00000000	0.00000000	0.00000000	96.00000000
2105700.00000000	0.00000000	0.00000000	96.00000000
2106000.00000000	0.00000000	0.00000000	96.00000000
2106300.00000000	0.00000000	0.00000000	96.00000000
2106600.00000000	0.00000000	0.00000000	96.00000000
2106900.00000000	0.00000000	0.00000000	96.00000000
2107200.00000000	0.00000000	0.00000000	96.00000000
2107500.00000000	0.00000000	0.00000000	96.00000000
2107800.00000000	0.00000000	0.00000000	96.00000000
2108100.00000000	0.00000000	0.00000000	96.00000000
2108400.00000000	0.00000000	0.00000000	96.00000000
2108700.00000000	0.00000000	0.00000000	96.00000000
2109000.00000000	0.00000000	0.00000000	96.00000000
2109300.00000000	0.00000000	0.00000000	96.00000000
2109600.00000000	0.00000000	0.00000000	96.00000000
2109900.00000000	0.00000000	0.00000000	96.00000000
2110200.00000000	0.00000000	0.00000000	96.00000000
2110500.00000000	0.00000000	0.00000000	96.00000000
2110800.00000000	0.00000000	0.00000000	96.00000000
2111100.00000000	0.00000000	0.00000000	96.00000000
2111400.00000000	0.00000000	0.00000000	96.00000000
2111700.00000000	0.00000000	0.00000000	96.00000000
2112000.00000000	0.00000000	0.00000000	96.00000000
2112300.00000000	0.00000000	0.00000000	96.00000000
2112600.00000000	0.00000000	0.00000000	96.00000000
2112900.00000000	0.00000000	0.00000000	96.00000000
2113200.00000000	0.00000000	0.00000000	96.00000000
2113500.00000000	0.00000000	0.00000000	96.00000000
2113800.00000000	0.00000000	0.00000000	96.00000000
2114100.00000000	0.00000000	0.00000000	96.00000000
2114400.00000000	0.00000000	0.00000000	96.00000000
2114700.00000000	0.00000000	0.00000000	96.00000000
2115000.00000000	0.00000000	0.00000000	96.00000000
2115300.00000000	0.00000000	0.00000000	96.00000000
2115600.00000000	0.00000000	0.00000000	96.00000000
2115900.00000000	0.00000000	0.00000000	96.00000000
2116200.00000000	0.00000000	0.00000000	96.00000000
2116500.00000000	0.00000000	0.00000000	96.00000000
2116800.00000000	0.00000000	0.00000000	96.00000000
2117100.00000000	0.00000000	0.00000000	96.00000000
2117400.00000000	0.00000000	0.00000000	96.00000000
2117700.00000000	0.00000000	0.00000000	96.00000000
2118000.00000000	0.00000000	0.00000000	96.00000000
2118300.00000000	0.00000000	0.00000000	96.00000000
2118600.00000000	0.00000000	0.00000000	96.00000000
2118900.00000000	0.00000000	0.00000000	96.00000000
2119200.00000000	0.00000000	0.00000000	96.00000000
2119500.00000000	0.00000000	0.00000000	96.00000000
2119800.00000000	0.00000000	0.00000000	96.00000000
2120100.00000000	0.00000000	0.00000000	96.00000000
2120400.00000000	0.00000000	0.00000000	96.00000000
2120700.00000000	0.00000000	0.00000000	96.00000000
2121000.00000000	0.00000000	0.00000000	96.00000000
2121300.00000000	0.00000000	0.00000000	96.00000000
2121600.00000000	0.00000000	0.00000000	96.00000000
2121900.00000000	0.00000000	0.00000000	96.00000000
2122200.00000000	0.00000000	0.00000000	96.00000000
2122500.00000000	0.00000000	0.00000000	96.00000000
2122800.00000000	0.00000000	0.00000000	96.00000000
2123100.00000000	0.00000000	0.00000000	96.00000000
2123400.00000000	0.00000000	0.00000000	96.00000000
2123700.00000000	0.00000000	0.00000000	96.00000000
2124000.00000000	0.00000000	0.00000000	96.00000000
2124300.00000000	0.00000000	0.00000000	96.00000000
2124600.00000000	0.00000000	0.00000000	96.00000000
2124900.00000000	0.00000000	0.00000000	96.00000000
2125200.00000000	0.00000000	0.00000000	96.00000000
2125500.00000000	0.00000000	0.00000000	96.00000000
2125800.00000000	0.00000000	0.00000000	96.00000000
2126100.00000000	0.00000000	0.00000000	96.00000000
2126400.00000000	0.00000000	0.00000000	96.00000000
2126700.00000000	0.00000000	0.00000000	96.00000000
2127000.00000000	0.00000000	0.00000000	96.00000000
2127300.00000000	0.00000000	0.00000000	96.00000000
2127600.00000000	0.00000000	0.00000000	96.00000000
2127900.00000000	0.00000000	0.00000000	96.00000000
2128200.00000000	0.00000000	0.00000000	96.00000000
2128500.00000000	0.00000000	0.00000000	96.00000000
2128800.00000000	0.00000000	0.00000000	96.00000000
2129100.00000000	0.00000000	0.00000000	96.00000000
2129400.00000000	0.00000000	0.00000000	96.00000000
2129700.00000000	0.00000000	0.00000000	96.00000000
2130000.00000000	0.00000000	0.00000000	96.00000000
2130300.00000000	0.00000000	0.00000000	96.00000000
2130600.00000000	0.00000000	0.00000000	96.00000000
2130900.00000000	0.00000000	0.00000000	96.00000000
2131200.00000000	0.00000000	0.00000000	96.00000000
2131500.00000000	0.00000000	0.00000000	96.00000000
2131800.00000000	0.00000000	0.00000000	96.00000000
2132100.00000000	0.00000000	0.00000000	96.00000000
2132400.00000000	0.00000000	0.00000000	96.00000000
2132700.00000000	0.00000000	0.00000000	96.00000000
2133000.00000000	0.00000000	0.00000000	96.00000000
2133300.00000000	0.00000000	0.00000000	96.00000000
2133600.00000000	0.00000000	0.00000000	96.00000000
2133900.00000000	0.00000000	0.00000000	96.00000000
2134200.00000000	0.00000000	0.00000000	96.00000000
2134500.00000000	0.00000000	0.00000000	96.00000000
2134800.00000000	0.00000000	0.00000000	96.00000000
2135100.00000000	0.00000000	0.00000000	96.00000000
2135400.00000000	0.00000000	0.00000000	96.00000000
2135700.00000000	0.00000000	0.00000000	96.00000000
2136000.00000000	0.00000000	0.00000000	96.00000000
2136300.00000000	0.00000000	0.00000000	96.00000000
2136600.00000000	0.00000000	0.00000000	96.00000000
2136900.00000000	0.00000000	0.00000000	96.00000000
2137200.00000000	0.00000000	0.00000000	96.00000000
2137500.00000000	0.00000000	0.00000000	96.00000000
2137800.00000000	0.00000000	0.00000000	96.00000000
2138100.00000000	0.00000000	0.00000000	96.00000000
2138400.00000000	0.00000000	0.00000000	96.00000000
2138700.00000000	0.00000000	0.00000000	96.00000000
2139000.00000000	0.00000000	0.00000000	96.00000000
2139300.00000000	0.00000000	0.00000000	96.00000000
2139600.00000000	0.00000000	0.00000000	96.00000000
2139900.00000000	0.00000000	0.00000000	96.00000000
2140200.00000000	0.00000000	0.00000000	96.00000000
2140500.00000000	0.00000000	0.00000000	96.00000000
2140800.00000000	0.00000000	0.00000000	96.00000000
2141100.00000000	0.00000000	0.00000000	96.00000000
2141400.00000000	0.00000000	0.00000000	96.00000000
2141700.00000000	0.00000000	0.00000000	96.00000000
2142000.00000000	0.00000000	0.00000000	96.00000000
2142300.00000000	0.00000000	0.00000000	96.00000000
2142600.00000000	0.00000000	0.00000000	96.00000000
2142900.00000000	0.00000000	0.00000000	96.00000000
2143200.00000000	0.00000000	0.00000000	96.00000000
2143500.00000000	0.00000000	0.00000000	96.00000000
2143800.00000000	0.00000000	0.00000000	96.00000000
2144100.00000000	0.00000000	0.00000000	96.00000000
2144400.00000000	0.00000000	0.00000000	96.00000000
2144700.00000000	0.00000000	0.00000000	96.00000000
2145000.00000000	0.00000000	0.00000000	96.00000000
2145300.00000000	0.00000000	0.00000000	96.00000000
2145600.00000000	0.00000000	0.00000000	96.00000000
2145900.00000000	0.00000000	0.00000000	96.00000000
2146200.00000000	0.00000000	0.00000000	96.00000000
2146500.00000000	0.00000000	0.00000000	96.00000000
2146800.00000000	0.00000000	0.00000000	96.00000000
2147100.00000000	0.00000000	0.00000000	96.00000000
2147400.00000000	0.00000000	0.00000000	96.00000000
2147700.00000000	0.00000000	0.00000000	96.00000000
2148000.00000000	0.00000000	0.00000000	96.00000000
2148300.00000000	0.00000000	0.00000000	96.00000000
2148600.00000000	0.00000000	0.00000000	96.00000000
2148900.00000000	0.00000000	0.00000000	96.00000000
2149200.00000000	0.00000000	0.00000000	96.00000000
2149500.00000000	0.00000000	0.00000000	96.00000000
2149800.00000000	0.00000000	0.00000000	96.00000000
2150100.00000000	0.00000000	0.00000000	96.00000000
2150400.00000000	0.00000000	0.00000000	96.00000000
2150700.00000000	0.00000000	0.00000000	96.00000000
2151000.00000000	0.00000000	0.00000000	96.00000000
2151300.00000000	0.00000000	0.00000000	96.00000000
2151600.00000000	0.00000000	0.00000000	96.00000000
2151900.00000000	0.00000000	0.00000000	96.00000000
2152200.00000000	0.00000000	0.00000000	96.00000000
2152500.00000000	0.00000000	0.00000000	96.00000000
2152800.00000000	0.00000000	0.00000000	96.00000000
2153100.00000000	0.00000000	0.00000000	96.00000000
2153400.00000000	0.00000000	0.00000000	96.00000000
2153700.00000000	0.00000000	0.00000000	96.00000000
2154000.00000000	0.00000000	0.00000000	96.00000000
2154300.00000000	0.00000000	0.00000000	96.00000000
2154600.00000000	0.00000000	0.00000000	96.00000000
2154900.00000000	0.00000000	0.00000000	96.00000000
2155200.00000000	0.00000000	0.00000000	96.00000000
2155500.00000000	0.00000000	0.00000000	96.00000000
2155800.00000000	0.00000000	0.00000000	96.00000000
2156100.00000000	0.00000000	0.00000000	96.00000000
2156400.00000000	0.00000000	0.00000000	96.00000000
2156700.00000000	0.00000000	0.00000000	96.00000000
2157000.00000000	0.00000000	0.00000000	96.00000000
2157300.00000000	0.00000000	0.00000000	96.00000000
2157600.00000000	0.00000000	0.00000000	96.00000000
2157900.00000000	0.00000000	0.00000000	96.00000000
2158200.00000000	0.00000000	0.00000000	96.00000000
2158500.00000000	0.00000000	0.00000000	96.00000000
2158800.00000000	0.00000000	0.00000000	96.00000000
2159100.00000000	0.00000000	0.00000000	96.00000000
2159400.00000000	0.00000000	0.00000000	96.00000000
2159700.00000000	0.00000000	0.00000000	96.00000000
2160000.00000000	132.30900521	542.73951873	96.00000000
2160300.00000000	0.00000000	0.00000000	96.00000000
2160600.00000000	0.00000000	0.00000000	96.00000000
2160900.00000000	0.00000000	0.00000000	96.00000000
2161200.00000000	0.00000000	0.00000000	96.00000000
2161500.00000000	0.00000000	0.00000000	96.00000000
2161800.00000000	0.00000000	0.00000000	96.00000000
2162100.00000000	0.00000000	0.00000000	96.00000000
2162400.00000000	0.00000000	0.00000000	96.00000000
2162700.00000000	0.00000000	0.00000000	96.00000000
2163000.00000000	0.00000000	0.00000000	96.00000000
2163300.00000000	0.00000000	0.00000000	96.00000000
2163600.00000000	0.00000000	0.00000000	96.00000000
2163900.00000000	0.00000000	0.00000000	96.00000000
2164200.00000000	0.00000000	0.00000000	96.00000000
2164500.00000000	0.00000000	0.00000000	96.00000000
2164800.00000000	0.00000000	0.00000000	96.00000000
2165100.00000000	0.00000000	0.00000000	96.00000000
2165400.00000000	0.00000000	0.00000000	96.00000000
2165700.00000000	0.00000000	0.00000000	96.00000000
2166000.00000000	0.00000000	0.00000000	96.00000000
2166300.00000000	0.00000000	0.00000000	96.00000000
2166600.00000000	0.00000000	0.00000000	96.00000000
2166900.00000000	0.00000000	0.00000000	96.00000000
2167200.00000000	0.00000000	0.00000000	96.00000000
2167500.00000000	0.00000000	0.00000000	96.00000000
2167800.00000000	0.00000000	0.00000000	96.00000000
2168100.00000000	0.00000000	0.00000000	96.00000000
2168400.00000000	0.00000000	0.00000000	96.00000000
2168700.00000000	0.00000000	0.00000000	96.00000000
2169000.00000000	0.00000000	0.00000000	96.00000000
2169300.00000000	0.00000000	0.00000000	96.00000000
2169600.00000000	0.00000000	0.00000000	96.00000000
2169900.00000000	0.00000000	0.00000000	96.00000000
2170200.00000000	0.00000000	0.00000000	96.00000000
2170500.00000000	0.00000000	0.00000000	96.00000000
2170800.00000000	0.00000000	0.00000000	96.00000000
2171100.00000000	0.00000000	0.00000000	96.00000000
2171400.00000000	0.00000000	0.00000000	96.00000000
2171700.00000000	0.00000000	0.00000000	96.00000000
2172000.00000000	0.00000000	0.00000000	96.00000000
2172300.00000000	0.00000000	0.00000000	96.00000000
2172600.00000000	0.00000000	0.00000000	96.00000000
2172900.00000000	0.00000000	0.00000000	96.00000000
2173200.00000000	0.00000000	0.00000000	96.00000000
2173500.00000000	0.00000000	0.00000000	96.00000000
2173800.00000000	0.00000000	0.00000000	96.00000000
2174100.00000000	0.00000000	0.00000000	96.00000000
2174400.00000000	0.00000000	0.00000000	96.00000000
2174700.00000000	0.00000000	0.00000000	96.00000000
2175000.00000000	0.00000000	0.00000000	96.00000000
2175300.00000000	0.00000000	0.00000000	96.00000000
2175600.00000000	0.00000000	0.00000000	96.00000000
2175900.00000000	0.00000000	0.00000000	96.00000000
2176200.00000000	0.00000000	0.00000000	96.00000000
2176500.00000000	0.00000000	0.00000000	96.00000000
2176800.00000000	0.00000000	0.00000000	96.00000000
2177100.00000000	0.00000000	0.00000000	96.00000000
2177400.00000000	0.00000000	0.00000000	96.00000000
2177700.00000000	0.00000000	0.00000000	96.00000000
2178000.00000000	0.00000000	0.00000000	96.00000000
2178300.00000000	0.00000000	0.00000000	96.00000000
2178600.00000000	0.00000000	0.00000000	96.00000000
2178900.00000000	0.00000000	0.00000000	96.00000000
2179200.00000000	0.00000000	0.00000000	96.00000000
2179500.00000000	0.00000000	0.00000000	96.00000000
2179800.00000000	0.00000000	0.00000000	96.00000000
2180100.00000000	0.00000000	0.00000000	96.00000000
2180400.00000000	0.00000000	0.00000000	96.00000000
2180700.00000000	0.00000000	0.00000000	96.00000000
2181000.00000000	0.00000000	0.00000000	96.00000000
2181300.00000000	0.00000000	0.00000000	96.00000000
2181600.00000000	0.00000000	0.00000000	96.00000000
2181900.00000000	0.00000000	0.00000000	96.00000000
2182200.00000000	0.00000000	0.00000000	96.00000000
2182500.00000000	0.00000000	0.00000000	96.00000000
2182800.00000000	0.00000000	0.00000000	96.00000000
2183100.00000000	0.00000000	0.00000000	96.00000000
2183400.00000000	0.00000000	0.00000000	96.00000000
2183700.00000000	0.00000000	0.00000000	96.00000000
2184000.00000000	0.00000000	0.00000000	96.00000000
2184300.00000000	0.00000000	0.00000000	96.00000000
2184600.00000000	0.00000000	0.00000000	96.00000000
2184900.00000000	0.00000000	0.00000000	96.00000000
2185200.00000000	0.00000000	0.00000000	96.00000000
2185500.00000000	0.00000000	0.00000000	96.00000000
2185800.00000000	0.00000000	0.00000000	96.00000000
2186100.00000000	0.00000000	0.00000000	96.00000000
2186400.00000000	0.00000000	0.00000000	96.00000000
2186700.00000000	0.00000000	0.00000000	96.00000000
2187000.00000000	0.00000000	0.00000000	96.00000000
2187300.00000000	0.00000000	0.00000000	96.00000000
2187600.00000000	0.00000000	0.00000000	96.00000000
2187900.00000000	0.00000000	0.00000000	96.00000000
2188200.00000000	0.00000000	0.00000000	96.00000000
2188500.00000000	0.00000000	0.00000000	96.00000000
2188800.00000000	0.00000000	0.00000000	96.00000000
2189100.00000000	0.00000000	0.00000000	96.00000000
2189400.00000000	0.00000000	0.00000000	96.00000000
2189700.00000000	0.00000000	0.00000000	96.00000000
2190000.00000000	0.00000000	0.00000000	96.00000000
2190300.00000000	0.00000000	0.00000000	96.00000000
2190600.00000000	0.00000000	0.00000000	96.00000000
2190900.00000000	0.00000000	0.00000000	96.00000000
2191200.00000000	0.00000000	0.00000000	96.00000000
2191500.00000000	0.00000000	0.00000000	96.00000000
2191800.00000000	0.00000000	0.00000000	96.00000000
2192100.00000000	0.00000000	0.00000000	96.00000000
2192400.00000000	0.00000000	0.00000000	96.00000000
2192700.00000000	0.00000000	0.00000000	96.00000000
2193000.00000000	0.00000000	0.00000000	96.00000000
2193300.00000000	0.00000000	0.00000000	96.00000000
2193600.00000000	0.00000000	0.00000000	96.00000000
2193900.00000000	0.00000000	0.00000000	96.00000000
2194200.00000000	0.00000000	0.00000000	96.00000000
2194500.00000000	0.00000000	0.00000000	96.00000000
2194800.00000000	0.00000000	0.00000000	96.00000000
2195100.00000000	0.00000000	0.00000000	96.00000000
2195400.00000000	0.00000000	0.00000000	96.00000000
2195700.00000000	0.00000000	0.00000000	96.00000000
2196000.00000000	0.00000000	0.00000000	96.00000000
2196300.00000000	0.00000000	0.00000000	96.00000000
2196600.00000000	0.00000000	0.00000000	96.00000000
2196900.00000000	0.00000000	0.00000000	96.00000000
2197200.00000000	0.00000000	0.00000000	96.00000000
2197500.00000000	0.00000000	0.00000000	96.00000000
2197800.00000000	0.00000000	0.00000000	96.00000000
2198100.00000000	0.00000000	0.00000000	96.00000000
2198400.00000000	0.00000000	0.00000000	96.00000000
2198700.00000000	0.00000000	0.00000000	96.00000000
2199000.00000000	0.00000000	0.00000000	96.00000000
2199300.00000000	0.00000000	0.00000000	96.00000000
2199600.00000000	0.00000000	0.00000000	96.00000000
2199900.00000000	0.00000000	0.00000000	96.00000000
2200200.00000000	0.00000000	0.00000000	96.00000000
2200500.00000000	0.00000000	0.00000000	96.00000000
2200800.00000000	0.00000000	0.00000000	96.00000000
2201100.00000000	0.00000000	0.00000000	96.00000000
2201400.00000000	0.00000000	0.00000000	96.00000000
2201700.00000000	0.00000000	0.00000000	96.00000000
2202000.00000000	0.00000000	0.00000000	96.00000000
2202300.00000000	0.00000000	0.00000000	96.00000000
2202600.00000000	0.00000000	0.00000000	96.00000000
2202900.00000000	0.00000000	0.00000000	96.00000000
2203200.00000000	0.00000000	0.00000000	96.00000000
2203500.00000000	0.00000000	0.00000000	96.00000000
2203800.00000000	0.00000000	0.00000000	96.00000000
2204100.00000000	0.00000000	0.00000000	96.00000000
2204400.00000000	0.00000000	0.00000000	96.00000000
2204700.00000000	0.00000000	0.00000000	96.00000000
2205000.00000000	0.00000000	0.00000000	96.00000000
2205300.00000000	0.00000000	0.00000000	96.00000000
2205600.00000000	0.00000000	0.00000000	96.00000000
2205900.00000000	0.00000000	0.00000000	96.00000000
2206200.00000000	0.00000000	0.00000000	96.00000000
2206500.00000000	0.00000000	0.00000000	96.00000000
2206800.00000000	0.00000000	0.00000000	96.00000000
2207100.00000000	0.00000000	0.00000000	96.00000000
2207400.00000000	0.00000000	0.00000000	96.00000000
2207700.00000000	0.00000000	0.00000000	96.00000000
2208000.00000000	0.00000000	0.00000000	96.00000000
2208300.00000000	0.00000000	0.00000000	96.00000000
2208600.00000000	0.00000000	0.00000000	96.00000000
2208900.00000000	0.00000000	0.00000000	96.00000000
2209200.00000000	0.00000000	0.00000000	96.00000000
2209500.00000000	0.00000000	0.00000000	96.00000000
2209800.00000000	0.00000000	0.00000000	96.00000000
2210100.00000000	0.00000000	0.00000000	96.00000000
2210400.00000000	0.00000000	0.00000000	96.00000000
2210700.00000000	0.00000000	0.00000000	96.00000000
2211000.00000000	0.00000000	0.00000000	96.00000000
2211300.00000000	0.00000000	0.00000000	96.00000000
2211600.00000000	0.00000000	0.00000000	96.00000000
2211900.00000000	0.00000000	0.00000000	96.00000000
2212200.00000000	0.00000000	0.00000000	96.00000000
2212500.00000000	0.00000000	0.00000000	96.00000000
2212800.00000000	0.00000000	0.00000000	96.00000000
2213100.00000000	0.00000000	0.00000000	96.00000000
2213400.00000000	0.00000000	0.00000000	96.00000000
2213700.00000000	0.00000000	0.00000000	96.00000000
2214000.00000000	0.00000000	0.00000000	96.00000000
2214300.00000000	0.00000000	0.00000000	96.00000000
2214600.00000000	0.00000000	0.00000000	96.00000000
2214900.00000000	0.00000000	0.00000000	96.00000000
2215200.00000000	0.00000000	0.00000000	96.00000000
2215500.00000000	0.00000000	0.00000000	96.00000000
2215800.00000000	0.00000000	0.00000000	96.00000000
2216100.00000000	0.00000000	0.00000000	96.00000000
2216400.00000000	0.00000000	0.00000000	96.00000000
2216700.00000000	0.00000000	0.00000000	96.00000000
2217000.00000000	0.00000000	0.00000000	96.00000000
2217300.00000000	0.00000000	0.00000000	96.00000000
2217600.00000000	0.00000000	0.00000000	96.00000000
2217900.00000000	0.00000000	0.00000000	96.00000000
2218200.00000000	0.00000000	0.00000000	96.00000000
2218500.00000000	0.00000000	0.00000000	96.00000000
2218800.00000000	0.00000000	0.00000000	96.00000000
2219100.00000000	0.00000000	0.00000000	96.00000000
2219400.00000000	0.00000000	0.00000000	96.00000000
2219700.00000000	0.00000000	0.00000000	96.00000000
2220000.00000000	0.00000000	0.00000000	96.00000000
2220300.00000000	0.00000000	0.00000000	96.00000000
2220600.00000000	0.00000000	0.00000000	96.00000000
2220900.00000000	0.00000000	0.00000000	96.00000000
2221200.00000000	0.00000000	0.00000000	96.00000000
2221500.00000000	0.00000000	0.00000000	96.00000000
2221800.00000000	0.00000000	0.00000000	96.00000000
2222100.00000000	0.00000000	0.00000000	96.00000000
2222400.00000000	0.00000000	0.00000000	96.00000000
2222700.00000000	0.00000000	0.00000000	96.00000000
2223000.00000000	0.00000000	0.00000000	96.00000000
2223300.00000000	0.00000000	0.00000000	96.00000000
2223600.00000000	0.00000000	0.00000000	96.00000000
2223900.00000000	0.00000000	0.00000000	96.00000000
2224200.00000000	0.00000000	0.00000000	96.00000000
2224500.00000000	0.00000000	0.00000000	96.00000000
2224800.00000000	0.00000000	0.00000000	96.00000000
2225100.00000000	0.00000000	0.00000000	96.00000000
2225400.00000000	0.00000000	0.00000000	96.00000000
2225700.00000000	0.00000000	0.00000000	96.00000000
2226000.00000000	0.00000000	0.00000000	96.00000000
2226300.00000000	0.00000000	0.00000000	96.00000000
2226600.00000000	0.00000000	0.00000000	96.00000000
2226900.00000000	0.00000000	0.00000000	96.00000000
2227200.00000000	0.00000000	0.00000000	96.00000000
2227500.00000000	0.00000000	0.00000000	96.00000000
2227800.00000000	0.00000000	0.00000000	96.00000000
2228100.00000000	0.00000000	0.00000000	96.00000000
2228400.00000000	0.00000000	0.00000000	96.00000000
2228700.00000000	0.00000000	0.00000000	96.00000000
2229000.00000000	0.00000000	0.00000000	96.00000000
2229300.00000000	0.00000000	0.00000000	96.00000000
2229600.00000000	0.00000000	0.00000000	96.00000000
2229900.00000000	0.00000000	0.00000000	96.00000000
2230200.00000000	0.00000000	0.00000000	96.00000000
2230500.00000000	0.00000000	0.00000000	96.00000000
2230800.00000000	0.00000000	0.00000000	96.00000000
2231100.00000000	0.00000000	0.00000000	96.00000000
2231400.00000000	0.00000000	0.00000000	96.00000000
2231700.00000000	0.00000000	0.00000000	96.00000000
2232000.00000000	0.00000000	0.00000000	96.00000000
2232300.00000000	0.00000000	0.00000000	96.00000000
2232600.00000000	0.00000000	0.00000000	96.00000000
2232900.00000000	0.00000000	0.00000000	96.00000000
2233200.00000000	0.00000000	0.00000000	96.00000000
2233500.00000000	0.00000000	0.00000000	96.00000000
2233800.00000000	0.00000000	0.00000000	96.00000000
2234100.00000000	0.00000000	0.00000000	96.00000000
2234400.00000000	0.00000000	0.00000000	96.00000000
2234700.00000000	0.00000000	0.00000000	96.00000000
2235000.00000000	0.00000000	0.00000000	96.00000000
2235300.00000000	0.00000000	0.00000000	96.00000000
2235600.00000000	0.00000000	0.00000000	96.00000000
2235900.00000000	0.00000000	0.00000000	96.00000000
2236200.00000000	0.00000000	0.00000000	96.00000000
2236500.00000000	0.00000000	0.00000000	96.00000000
2236800.00000000	0.00000000	0.00000000	96.00000000
2237100.00000000	0.00000000	0.00000000	96.00000000
2237400.00000000	0.00000000	0.00000000	96.00000000
2237700.00000000	0.00000000	0.00000000	96.00000000
2238000.00000000	0.00000000	0.00000000	96.00000000
2238300.00000000	0.00000000	0.00000000	96.00000000
2238600.00000000	0.00000000	0.00000000	96.00000000
2238900.00000000	0.00000000	0.00000000	96.00000000
2239200.00000000	0.00000000	0.00000000	96.00000000
2239500.00000000	0.00000000	0.00000000	96.00000000
2239800.00000000	0.00000000	0.00000000	96.00000000
2240100.00000000	0.00000000	0.00000000	96.00000000
2240400.00000000	0.00000000	0.00000000	96.00000000
2240700.00000000	0.00000000	0.00000000	96.00000000
2241000.00000000	0.00000000	0.00000000	96.00000000
2241300.00000000	0.00000000	0.00000000	96.00000000
2241600.00000000	0.00000000	0.00000000	96.00000000
2241900.00000000	0.00000000	0.00000000	96.00000000
2242200.00000000	0.00000000	0.00000000	96.00000000
2242500.00000000	0.00000000	0.00000000	96.00000000
2242800.00000000	0.00000000	0.00000000	96.00000000
2243100.00000000	0.00000000	0.00000000	96.00000000
2243400.00000000	0.00000000	0.00000000	96.00000000
2243700.00000000	0.00000000	0.00000000	96.00000000
2244000.00000000	0.00000000	0.00000000	96.00000000
2244300.00000000	0.00000000	0.00000000	96.00000000
2244600.00000000	0.00000000	0.00000000	96.00000000
2244900.00000000	0.00000000	0.00000000	96.00000000
2245200.00000000	0.00000000	0.00000000	96.00000000
2245500.00000000	0.00000000	0.00000000	96.00000000
2245800.00000000	0.00000000	0.00000000	96.00000000
2246100.00000000	0.00000000	0.00000000	96.00000000
2246400.00000000	0.00000000	0.00000000	96.00000000
2246700.00000000	0.00000000	0.00000000	96.00000000
2247000.00000000	0.00000000	0.00000000	96.00000000
2247300.00000000	0.00000000	0.00000000	96.00000000
2247600.00000000	0.00000000	0.00000000	96.00000000
2247900.00000000	0.00000000	0.00000000	96.00000000
2248200.00000000	0.00000000	0.00000000	96.00000000
2248500.00000000	0.00000000	0.00000000	96.00000000
2248800.00000000	0.00000000	0.00000000	96.00000000
2249100.00000000	0.00000000	0.00000000	96.00000000
2249400.00000000	0.00000000	0.00000000	96.00000000
2249700.00000000	0.00000000	0.00000000	96.00000000
2250000.00000000	0.00000000	0.00000000	96.00000000
2250300.00000000	0.00000000	0.00000000	96.00000000
2250600.00000000	0.00000000	0.00000000	96.00000000
2250900.00000000	0.00000000	0.00000000	96.00000000
2251200.00000000	0.00000000	0.00000000	96.00000000
2251500.00000000	0.00000000	0.00000000	96.00000000
2251800.00000000	0.00000000	0.00000000	96.00000000
2252100.00000000	0.00000000	0.00000000	96.00000000
2252400.00000000	0.00000000	0.00000000	96.00000000
2252700.00000000	0.00000000	0.00000000	96.00000000
2253000.00000000	0.00000000	0.00000000	96.00000000
2253300.00000000	0.00000000	0.00000000	96.00000000
2253600.00000000	0.00000000	0.00000000	96.00000000
2253900.00000000	0.00000000	0.00000000	96.00000000
2254200.00000000	0.00000000	0.00000000	96.00000000
2254500.00000000	0.00000000	0.00000000	96.00000000
2254800.00000000	0.00000000	0.00000000	96.00000000
2255100.00000000	0.00000000	0.00000000	96.00000000
2255400.00000000	0.00000000	0.00000000	96.00000000
2255700.00000000	0.00000000	0.00000000	96.00000000
2256000.00000000	0.00000000	0.00000000	96.00000000
2256300.00000000	0.00000000	0.00000000	96.00000000
2256600.00000000	0.00000000	0.00000000	96.00000000
2256900.00000000	0.00000000	0.00000000	96.00000000
2257200.00000000	0.00000000	0.00000000	96.00000000
2257500.00000000	0.00000000	0.00000000	96.00000000
2257800.00000000	0.00000000	0.00000000	96.00000000
2258100.00000000	0.00000000	0.00000000	96.00000000
2258400.00000000	0.00000000	0.00000000	96.00000000
2258700.00000000	0.00000000	0.00000000	96.00000000
2259000.00000000	0.00000000	0.00000000	96.00000000
2259300.00000000	0.00000000	0.00000000	96.00000000
2259600.00000000	0.00000000	0.00000000	96.00000000
2259900.00000000	0.00000000	0.00000000	96.00000000
2260200.00000000	0.00000000	0.00000000	96.00000000
2260500.00000000	0.00000000	0.00000000	96.00000000
2260800.00000000	0.00000000	0.00000000	96.00000000
2261100.00000000	0.00000000	0.00000000	96.00000000
2261400.00000000	0.00000000	0.00000000	96.00000000
2261700.00000000	0.00000000	0.00000000	96.00000000
2262000.00000000	0.00000000	0.00000000	96.00000000
2262300.00000000	0.00000000	0.00000000	96.00000000
2262600.00000000	0.00000000	0.00000000	96.00000000
2262900.00000000	0.00000000	0.00000000	96.00000000
2263200.00000000	0.00000000	0.00000000	96.00000000
2263500.00000000	0.00000000	0.00000000	96.00000000
2263800.00000000	0.00000000	0.00000000	96.00000000
2264100.00000000	0.00000000	0.00000000	96.00000000
2264400.00000000	0.00000000	0.00000000	96.00000000
2264700.00000000	0.00000000	0.00000000	96.00000000
2265000.00000000	0.00000000	0.00000000	96.00000000
2265300.00000000	0.00000000	0.00000000	96.00000000
2265600.00000000	0.00000000	0.00000000	96.00000000
2265900.00000000	0.00000000	0.00000000	96.00000000
2266200.00000000	0.00000000	0.00000000	96.00000000
2266500.00000000	0.00000000	0.00000000	96.00000000
2266800.00000000	0.00000000	0.00000000	96.00000000
2267100.00000000	0.00000000	0.00000000	96.00000000
2267400.00000000	0.00000000	0.00000000	96.00000000
2267700.00000000	0.00000000	0.00000000	96.00000000
2268000.00000000	0.00000000	0.00000000	96.00000000
2268300.00000000	0.00000000	0.00000000	96.00000000
2268600.00000000	0.00000000	0.00000000	96.00000000
2268900.00000000	0.00000000	0.00000000	96.00000000
2269200.00000000	0.00000000	0.00000000	96.00000000
2269500.00000000	0.00000000	0.00000000	96.00000000
2269800.00000000	0.00000000	0.00000000	96.00000000
2270100.00000000	0.00000000	0.00000000	96.00000000
2270400.00000000	0.00000000	0.00000000	96.00000000
2270700.00000000	0.00000000	0.00000000	96.00000000
2271000.00000000	0.00000000	0.00000000	96.00000000
2271300.00000000	0.00000000	0.00000000	96.00000000
2271600.00000000	0.00000000	0.00000000	96.00000000
2271900.00000000	0.00000000	0.00000000	96.00000000
2272200.00000000	0.00000000	0.00000000	96.00000000
2272500.00000000	0.00000000	0.00000000	96.00000000
2272800.00000000	0.00000000	0.00000000	96.00000000
2273100.00000000	0.00000000	0.00000000	96.00000000
2273400.00000000	0.00000000	0.00000000	96.00000000
2273700.00000000	0.00000000	0.00000000	96.00000000
2274000.00000000	0.00000000	0.00000000	96.00000000
2274300.00000000	0.00000000	0.00000000	96.00000000
2274600.00000000	0.00000000	0.00000000	96.00000000
2274900.00000000	0.00000000	0.00000000	96.00000000
2275200.00000000	0.00000000	0.00000000	96.00000000
2275500.00000000	0.00000000	0.00000000	96.00000000
2275800.00000000	0.00000000	0.00000000	96.00000000
2276100.00000000	0.00000000	0.00000000	96.00000000
2276400.00000000	0.00000000	0.00000000	96.00000000
2276700.00000000	0.00000000	0.00000000	96.00000000
2277000.00000000	0.00000000	0.00000000	96.00000000
2277300.00000000	0.00000000	0.00000000	96.00000000
2277600.00000000	0.00000000	0.00000000	96.00000000
2277900.00000000	0.00000000	0.00000000	96.00000000
2278200.00000000	0.00000000	0.00000000	96.00000000
2278500.00000000	0.00000000	0.00000000	96.00000000
2278800.00000000	0.00000000	0.00000000	96.00000000
2279100.00000000	0.00000000	0.00000000	96.00000000
2279400.00000000	0.00000000	0.00000000	96.00000000
2279700.00000000	0.00000000	0.00000000	96.00000000
2280000.00000000	0.00000000	0.00000000	96.00000000
2280300.00000000	0.00000000	0.00000000	96.00000000
2280600.00000000	0.00000000	0.00000000	96.00000000
2280900.00000000	0.00000000	0.00000000	96.00000000
2281200.00000000	0.00000000	0.00000000	96.00000000
2281500.00000000	0.00000000	0.00000000	96.00000000
2281800.00000000	0.00000000	0.00000000	96.00000000
2282100.00000000	0.00000000	0.00000000	96.00000000
2282400.00000000	0.00000000	0.00000000	96.00000000
2282700.00000000	0.00000000	0.00000000	96.00000000
2283000.00000000	0.00000000	0.00000000	96.00000000
2283300.00000000	0.00000000	0.00000000	96.00000000
2283600.00000000	0.00000000	0.00000000	96.00000000
2283900.00000000	0.00000000	0.00000000	96.00000000
2284200.00000000	0.00000000	0.00000000	96.00000000
2284500.00000000	0.00000000	0.00000000	96.00000000
2284800.00000000	0.00000000	0.00000000	96.00000000
2285100.00000000	0.00000000	0.00000000	96.00000000
2285400.00000000	0.00000000	0.00000000	96.00000000
2285700.00000000	0.00000000	0.00000000	96.00000000
2286000.00000000	0.00000000	0.00000000	96.00000000
2286300.00000000	0.00000000	0.00000000	96.00000000
2286600.00000000	0.00000000	0.00000000	96.00000000
2286900.00000000	0.00000000	0.00000000	96.00000000
2287200.00000000	0.00000000	0.00000000	96.00000000
2287500.00000000	0.00000000	0.00000000	96.00000000
2287800.00000000	0.00000000	0.00000000	96.00000000
2288100.00000000	0.00000000	0.00000000	96.00000000
2288400.00000000	0.00000000	0.00000000	96.00000000
2288700.00000000	0.00000000	0.00000000	96.00000000
2289000.00000000	0.00000000	0.00000000	96.00000000
2289300.00000000	0.00000000	0.00000000	96.00000000
2289600.00000000	0.00000000	0.00000000	96.00000000
2289900.00000000	0.00000000	0.00000000	96.00000000
2290200.00000000	0.00000000	0.00000000	96.00000000
2290500.00000000	0.00000000	0.00000000	96.00000000
2290800.00000000	0.00000000	0.00000000	96.00000000
2291100.00000000	0.00000000	0.00000000	96.00000000
2291400.00000000	0.00000000	0.00000000	96.00000000
2291700.00000000	0.00000000	0.00000000	96.00000000
2292000.00000000	0.00000000	0.00000000	96.00000000
2292300.00000000	0.00000000	0.00000000	96.00000000
2292600.00000000	0.00000000	0.00000000	96.00000000
2292900.00000000	0.00000000	0.00000000	96.00000000
2293200.00000000	0.00000000	0.00000000	96.00000000
2293500.00000000	0.00000000	0.00000000	96.00000000
2293800.00000000	0.00000000	0.00000000	96.00000000
2294100.00000000	0.00000000	0.00000000	96.00000000
2294400.00000000	0.00000000	0.00000000	96.00000000
2294700.00000000	0.00000000	0.00000000	96.00000000
2295000.00000000	0.00000000	0.00000000	96.00000000
2295300.00000000	0.00000000	0.00000000	96.00000000
2295600.00000000	0.00000000	0.00000000	96.00000000
2295900.00000000	0.00000000	0.00000000	96.00000000
2296200.00000000	0.00000000	0.00000000	96.00000000
2296500.00000000	0.00000000	0.00000000	96.00000000
2296800.00000000	0.00000000	0.00000000	96.00000000
2297100.00000000	0.00000000	0.00000000	96.00000000
2297400.00000000	0.00000000	0.00000000	96.00000000
2297700.00000000	0.00000000	0.00000000	96.00000000
2298000.00000000	0.00000000	0.00000000	96.00000000
2298300.00000000	0.00000000	0.00000000	96.00000000
2298600.00000000	0.00000000	0.00000000	96.00000000
2298900.00000000	0.00000000	0.00000000	96.00000000
2299200.00000000	0.00000000	0.00000000	96.00000000
2299500.00000000	0.00000000	0.00000000	96.00000000
2299800.00000000	0.00000000	0.00000000	96.00000000
2300100.00000000	0.00000000	0.00000000	96.00000000
2300400.00000000	0.00000000	0.00000000	96.00000000
2300700.00000000	0.00000000	0.00000000	96.00000000
2301000.00000000	0.00000000	0.00000000	96.00000000
2301300.00000000	0.00000000	0.00000000	96.00000000
2301600.00000000	0.00000000	0.00000000	96.00000000
2301900.00000000	0.00000000	0.00000000	96.00000000
2302200.00000000	0.00000000	0.00000000	96.00000000
2302500.00000000	0.00000000	0.00000000	96.00000000
2302800.00000000	0.00000000	0.00000000	96.00000000
2303100.00000000	0.00000000	0.00000000	96.00000000
2303400.00000000	0.00000000	0.00000000	96.00000000
2303700.00000000	0.00000000	0.00000000	96.00000000
2304000.00000000	0.00000000	0.00000000	96.00000000
2304300.00000000	0.00000000	0.00000000	96.00000000
2304600.00000000	0.00000000	0.00000000	96.00000000
2304900.00000000	0.00000000	0.00000000	96.00000000
2305200.00000000	0.00000000	0.00000000	96.00000000
2305500.00000000	0.00000000	0.00000000	96.00000000
2305800.00000000	0.00000000	0.00000000	96.00000000
2306100.00000000	0.00000000	0.00000000	96.00000000
2306400.00000000	0.00000000	0.00000000	96.00000000
2306700.00000000	0.00000000	0.00000000	96.00000000
2307000.00000000	0.00000000	0.00000000	96.00000000
2307300.00000000	0.00000000	0.00000000	96.00000000
2307600.00000000	0.00000000	0.00000000	96.00000000
2307900.00000000	0.00000000	0.00000000	96.00000000
2308200.00000000	0.00000000	0.00000000	96.00000000
2308500.00000000	0.00000000	0.00000000	96.00000000
2308800.00000000	0.00000000	0.00000000	96.00000000
2309100.00000000	0.00000000	0.00000000	96.00000000
2309400.00000000	0.00000000	0.00000000	96.00000000
2309700.00000000	0.00000000	0.00000000	96.00000000
2310000.00000000	0.00000000	0.00000000	96.00000000
2310300.00000000	0.00000000	0.00000000	96.00000000
2310600.00000000	0.00000000	0.00000000	96.00000000
2310900.00000000	0.00000000	0.00000000	96.00000000
2311200.00000000	0.00000000	0.00000000	96.00000000
2311500.00000000	0.00000000	0.00000000	96.00000000
2311800.00000000	0.00000000	0.00000000	96.00000000
2312100.00000000	0.00000000	0.00000000	96.00000000
2312400.00000000	0.00000000	0.00000000	96.00000000
2312700.00000000	0.00000000	0.00000000	96.00000000
2313000.00000000	0.00000000	0.00000000	96.00000000
2313300.00000000	0.00000000	0.00000000	96.00000000
2313600.00000000	0.00000000	0.00000000	96.00000000
2313900.00000000	0.00000000	0.00000000	96.00000000
2314200.00000000	0.00000000	0.00000000	96.00000000
2314500.00000000	0.00000000	0.00000000	96.00000000
2314800.00000000	0.00000000	0.00000000	96.00000000
2315100.00000000	0.00000000	0.00000000	96.00000000
2315400.00000000	0.00000000	0.00000000	96.00000000
2315700.00000000	0.00000000	0.00000000	96.00000000
2316000.00000000	0.00000000	0.00000000	96.00000000
2316300.00000000	0.00000000	0.00000000	96.00000000
2316600.00000000	0.00000000	0.00000000	96.00000000
2316900.00000000	0.00000000	0.00000000	96.00000000
2317200.00000000	0.00000000	0.00000000	96.00000000
2317500.00000000	0.00000000	0.00000000	96.00000000
2317800.00000000	0.00000000	0.00000000	96.00000000
2318100.00000000	0.00000000	0.00000000	96.00000000
2318400.00000000	0.00000000	0.00000000	96.00000000
2318700.00000000	0.00000000	0.00000000	96.00000000
2319000.00000000	0.00000000	0.00000000	96.00000000
2319300.00000000	0.00000000	0.00000000	96.00000000
2319600.00000000	0.00000000	0.00000000	96.00000000
2319900.00000000	0.00000000	0.00000000	96.00000000
2320200.00000000	0.00000000	0.00000000	96.00000000
2320500.00000000	0.00000000	0.00000000	96.00000000
2320800.00000000	0.00000000	0.00000000	96.00000000
2321100.00000000	0.00000000	0.00000000	96.00000000
2321400.00000000	0.00000000	0.00000000	96.00000000
2321700.00000000	0.00000000	0.00000000	96.00000000
2322000.00000000	0.00000000	0.00000000	96.00000000
2322300.00000000	0.00000000	0.00000000	96.00000000
2322600.00000000	0.00000000	0.00000000	96.00000000
2322900.00000000	0.00000000	0.00000000	96.00000000
2323200.00000000	0.00000000	0.00000000	96.00000000
2323500.00000000	0.00000000	0.00000000	96.00000000
2323800.00000000	0.00000000	0.00000000	96.00000000
2324100.00000000	0.00000000	0.00000000	96.00000000
2324400.00000000	0.00000000	0.00000000	96.00000000
2324700.00000000	0.00000000	0.00000000	96.00000000
2325000.00000000	0.00000000	0.00000000	96.00000000
2325300.00000000	0.00000000	0.00000000	96.00000000
2325600.00000000	0.00000000	0.00000000	96.00000000
2325900.00000000	0.00000000	0.00000000	96.00000000
2326200.00000000	0.00000000	0.00000000	96.00000000
2326500.00000000	0.00000000	0.00000000	96.00000000
2326800.00000000	0.00000000	0.00000000	96.00000000
2327100.00000000	0.00000000	0.00000000	96.00000000
2327400.00000000	0.00000000	0.00000000	96.00000000
2327700.00000000	0.00000000	0.00000000	96.00000000
2328000.00000000	0.00000000	0.00000000	96.00000000
2328300.00000000	0.00000000	0.00000000	96.00000000
2328600.00000000	0.00000000	0.00000000	96.00000000
2328900.00000000	0.00000000	0.00000000	96.00000000
2329200.00000000	0.00000000	0.00000000	96.00000000
2329500.00000000	0.00000000	0.00000000	96.00000000
2329800.00000000	0.00000000	0.00000000	96.00000000
2330100.00000000	0.00000000	0.00000000	96.00000000
2330400.00000000	0.00000000	0.00000000	96.00000000
2330700.00000000	0.00000000	0.00000000	96.00000000
2331000.00000000	0.00000000	0.00000000	96.00000000
2331300.00000000	0.00000000	0.00000000	96.00000000
2331600.00000000	0.00000000	0.00000000	96.00000000
2331900.00000000	0.00000000	0.00000000	96.00000000
2332200.00000000	0.00000000	0.00000000	96.00000000
2332500.00000000	0.00000000	0.00000000	96.00000000
2332800.00000000	0.00000000	0.00000000	96.00000000
2333100.00000000	0.00000000	0.00000000	96.00000000
2333400.00000000	0.00000000	0.00000000	96.00000000
2333700.00000000	0.00000000	0.00000000	96.00000000
2334000.00000000	0.00000000	0.00000000	96.00000000
2334300.00000000	0.00000000	0.00000000	96.00000000
2334600.00000000	0.00000000	0.00000000	96.00000000
2334900.00000000	0.00000000	0.00000000	96.00000000
2335200.00000000	0.00000000	0.00000000	96.00000000
2335500.00000000	0.00000000	0.00000000	96.00000000
2335800.00000000	0.00000000	0.00000000	96.00000000
2336100.00000000	0.00000000	0.00000000	96.00000000
2336400.00000000	0.00000000	0.00000000	96.00000000
2336700.00000000	0.00000000	0.00000000	96.00000000
2337000.00000000	0.00000000	0.00000000	96.00000000
2337300.00000000	0.00000000	0.00000000	96.00000000
2337600.00000000	0.00000000	0.00000000	96.00000000
2337900.00000000	0.00000000	0.00000000	96.00000000
2338200.00000000	0.00000000	0.00000000	96.00000000
2338500.00000000	0.00000000	0.00000000	96.00000000
2338800.00000000	0.00000000	0.00000000	96.00000000
2339100.00000000	0.00000000	0.00000000	96.00000000
2339400.00000000	0.00000000	0.00000000	96.00000000
2339700.00000000	0.00000000	0.00000000	96.00000000
2340000.00000000	0.00000000	0.00000000	96.00000000
2340300.00000000	0.00000000	0.00000000	96.00000000
2340600.00000000	0.00000000	0.00000000	96.00000000
2340900.00000000	0.00000000	0.00000000	96.00000000
2341200.00000000	0.00000000	0.00000000	96.00000000
2341500.00000000	0.00000000	0.00000000	96.00000000
2341800.00000000	0.00000000	0.00000000	96.00000000
2342100.00000000	0.00000000	0.00000000	96.00000000
2342400.00000000	0.00000000	0.00000000	96.00000000
2342700.00000000	0.00000000	0.00000000	96.00000000
2343000.00000000	0.00000000	0.00000000	96.00000000
2343300.00000000	0.00000000	0.00000000	96.00000000
2343600.00000000	0.00000000	0.00000000	96.00000000
2343900.00000000	0.00000000	0.00000000	96.00000000
2344200.00000000	0.00000000	0.00000000	96.00000000
2344500.00000000	0.00000000	0.00000000	96.00000000
2344800.00000000	0.00000000	0.00000000	96.00000000
2345100.00000000	0.00000000	0.00000000	96.00000000
2345400.00000000	0.00000000	0.00000000	96.00000000
2345700.00000000	0.00000000	0.00000000	96.00000000
2346000.00000000	0.00000000	0.00000000	96.00000000
2346300.00000000	0.00000000	0.00000000	96.00000000
2346600.00000000	0.00000000	0.00000000	96.00000000
2346900.00000000	0.00000000	0.00000000	96.00000000
2347200.00000000	0.00000000	0.00000000	96.00000000
2347500.00000000	0.00000000	0.00000000	96.00000000
2347800.00000000	0.00000000	0.00000000	96.00000000
2348100.00000000	0.00000000	0.00000000	96.00000000
2348400.00000000	0.00000000	0.00000000	96.00000000
2348700.00000000	0.00000000	0.00000000	96.00000000
2349000.00000000	0.00000000	0.00000000	96.00000000
2349300.00000000	0.00000000	0.00000000	96.00000000
2349600.00000000	0.00000000	0.00000000	96.00000000
2349900.00000000	0.00000000	0.00000000	96.00000000
2350200.00000000	0.00000000	0.00000000	96.00000000
2350500.00000000	0.00000000	0.00000000	96.00000000
2350800.00000000	0.00000000	0.00000000	96.00000000
2351100.00000000	0.00000000	0.00000000	96.00000000
2351400.00000000	0.00000000	0.00000000	96.00000000
2351700.00000000	0.00000000	0.00000000	96.00000000
2352000.00000000	0.00000000	0.00000000	96.00000000
2352300.00000000	0.00000000	0.00000000	96.00000000
2352600.00000000	0.00000000	0.00000000	96.00000000
2352900.00000000	0.00000000	0.00000000	96.00000000
2353200.00000000	0.00000000	0.00000000	96.00000000
2353500.00000000	0.00000000	0.00000000	96.00000000
2353800.00000000	0.00000000	0.00000000	96.00000000
2354100.00000000	0.00000000	0.00000000	96.00000000
2354400.00000000	0.00000000	0.00000000	96.00000000
2354700.00000000	0.00000000	0.00000000	96.00000000
2355000.00000000	0.00000000	0.00000000	96.00000000
2355300.00000000	0.00000000	0.00000000	96.00000000
2355600.00000000	0.00000000	0.00000000	96.00000000
2355900.00000000	0.00000000	0.00000000	96.00000000
2356200.00000000	0.00000000	0.00000000	96.00000000
2356500.00000000	0.00000000	0.00000000	96.00000000
2356800.00000000	0.00000000	0.00000000	96.00000000
2357100.00000000	0.00000000	0.00000000	96.00000000
2357400.00000000	0.00000000	0.00000000	96.00000000
2357700.00000000	0.00000000	0.00000000	96.00000000
2358000.00000000	0.00000000	0.00000000	96.00000000
2358300.00000000	0.00000000	0.00000000	96.00000000
2358600.00000000	0.00000000	0.00000000	96.00000000
2358900.00000000	0.00000000	0.00000000	96.00000000
2359200.00000000	0.00000000	0.00000000	96.00000000
2359500.00000000	0.00000000	0.00000000	96.00000000
2359800.00000000	0.00000000	0.00000000	96.00000000
2360100.00000000	0.00000000	0.00000000	96.00000000
2360400.00000000	0.00000000	0.00000000	96.00000000
2360700.00000000	0.00000000	0.00000000	96.00000000
2361000.00000000	0.00000000	0.00000000	96.00000000
2361300.00000000	0.00000000	0.00000000	96.00000000
2361600.00000000	0.00000000	0.00000000	96.00000000
2361900.00000000	0.00000000	0.00000000	96.00000000
2362200.00000000	0.00000000	0.00000000	96.00000000
2362500.00000000	0.00000000	0.00000000	96.00000000
2362800.00000000	0.00000000	0.00000000	96.00000000
2363100.00000000	0.00000000	0.00000000	96.00000000
2363400.00000000	0.00000000	0.00000000	96.00000000
2363700.00000000	0.00000000	0.00000000	96.00000000
2364000.00000000	0.00000000	0.00000000	96.00000000
2364300.00000000	0.00000000	0.00000000	96.00000000
2364600.00000000	0.00000000	0.00000000	96.00000000
2364900.00000000	0.00000000	0.00000000	96.00000000
2365200.00000000	0.00000000	0.00000000	96.00000000
2365500.00000000	0.00000000	0.00000000	96.00000000
2365800.00000000	0.00000000	0.00000000	96.00000000
2366100.00000000	0.00000000	0.00000000	96.00000000
2366400.00000000	0.00000000	0.00000000	96.00000000
2366700.00000000	0.00000000	0.00000000	96.00000000
2367000.00000000	0.00000000	0.00000000	96.00000000
2367300.00000000	0.00000000	0.00000000	96.00000000
2367600.00000000	0.00000000	0.00000000	96.00000000
2367900.00000000	0.00000000	0.00000000	96.00000000
2368200.00000000	0.00000000	0.00000000	96.00000000
2368500.00000000	0.00000000	0.00000000	96.00000000
2368800.00000000	0.00000000	0.00000000	96.00000000
2369100.00000000	0.00000000	0.00000000	96.00000000
2369400.00000000	0.00000000	0.00000000	96.00000000
2369700.00000000	0.00000000	0.00000000	96.00000000
2370000.00000000	0.00000000	0.00000000	96.00000000
2370300.00000000	0.00000000	0.00000000	96.00000000
2370600.00000000	0.00000000	0.00000000	96.00000000
2370900.00000000	0.00000000	0.00000000	96.00000000
2371200.00000000	0.00000000	0.00000000	96.00000000
2371500.00000000	0.00000000	0.00000000	96.00000000
2371800.00000000	0.00000000	0.00000000	96.00000000
2372100.00000000	0.00000000	0.00000000	96.00000000
2372400.00000000	0.00000000	0.00000000	96.00000000
2372700.00000000	0.00000000	0.00000000	96.00000000
2373000.00000000	0.00000000	0.00000000	96.00000000
2373300.00000000	0.00000000	0.00000000	96.00000000
2373600.00000000	0.00000000	0.00000000	96.00000000
2373900.00000000	0.00000000	0.00000000	96.00000000
2374200.00000000	0.00000000	0.00000000	96.00000000
2374500.00000000	0.00000000	0.00000000	96.00000000
2374800.00000000	0.00000000	0.00000000	96.00000000
2375100.00000000	0.00000000	0.00000000	96.00000000
2375400.00000000	0.00000000	0.00000000	96.00000000
2375700.00000000	0.00000000	0.00000000	96.00000000
2376000.00000000	0.00000000	0.00000000	96.00000000
2376300.00000000	0.00000000	0.00000000	96.00000000
2376600.00000000	0.00000000	0.00000000	96.00000000
2376900.00000000	0.00000000	0.00000000	96.00000000
2377200.00000000	0.00000000	0.00000000	96.00000000
2377500.00000000	0.00000000	0.00000000	96.00000000
2377800.00000000	0.00000000	0.00000000	96.00000000
2378100.00000000	0.00000000	0.00000000	96.00000000
2378400.00000000	0.00000000	0.00000000	96.00000000
2378700.00000000	0.00000000	0.00000000	96.00000000
2379000.00000000	0.00000000	0.00000000	96.00000000
2379300.00000000	0.00000000	0.00000000	96.00000000
2379600.00000000	0.00000000	0.00000000	96.00000000
2379900.00000000	0.00000000	0.00000000	96.00000000
2380200.00000000	0.00000000	0.00000000	96.00000000
2380500.00000000	0.00000000	0.00000000	96.00000000
2380800.00000000	0.00000000	0.00000000	96.00000000
2381100.00000000	0.00000000	0.00000000	96.00000000
2381400.00000000	0.00000000	0.00000000	96.00000000
2381700.00000000	0.00000000	0.00000000	96.00000000
2382000.00000000	0.00000000	0.00000000	96.00000000
2382300.00000000	0.00000000	0.00000000	96.00000000
2382600.00000000	0.00000000	0.00000000	96.00000000
2382900.00000000	0.00000000	0.00000000	96.00000000
2383200.00000000	0.00000000	0.00000000	96.00000000
2383500.00000000	0.00000000	0.00000000	96.00000000
2383800.00000000	0.00000000	0.00000000	96.00000000
2384100.00000000	0.00000000	0.00000000	96.00000000
2384400.00000000	0.00000000	0.00000000	96.00000000
2384700.00000000	0.00000000	0.00000000	96.00000000
2385000.00000000	0.00000000	0.00000000	96.00000000
2385300.00000000	0.00000000	0.00000000	96.00000000
2385600.00000000	0.00000000	0.00000000	96.00000000
2385900.00000000	0.00000000	0.00000000	96.00000000
2386200.00000000	0.00000000	0.00000000	96.00000000
2386500.00000000	0.00000000	0.00000000	96.00000000
2386800.00000000	0.00000000	0.00000000	96.00000000
2387100.00000000	0.00000000	0.00000000	96.00000000
2387400.00000000	0.00000000	0.00000000	96.00000000
2387700.00000000	0.00000000	0.00000000	96.00000000
2388000.00000000	0.00000000	0.00000000	96.00000000
2388300.00000000	0.00000000	0.00000000	96.00000000
2388600.00000000	0.00000000	0.00000000	96.00000000
2388900.00000000	0.00000000	0.00000000	96.00000000
2389200.00000000	0.00000000	0.00000000	96.00000000
2389500.00000000	0.00000000	0.00000000	96.00000000
2389800.00000000	0.00000000	0.00000000	96.00000000
2390100.00000000	0.00000000	0.00000000	96.00000000
2390400.00000000	0.00000000	0.00000000	96.00000000
2390700.00000000	0.00000000	0.00000000	96.00000000
2391000.00000000	0.00000000	0.00000000	96.00000000
2391300.00000000	0.00000000	0.00000000	96.00000000
2391600.00000000	0.00000000	0.00000000	96.00000000
2391900.00000000	0.00000000	0.00000000	96.00000000
2392200.00000000	0.00000000	0.00000000	96.00000000
2392500.00000000	0.00000000	0.00000000	96.00000000
2392800.00000000	0.00000000	0.00000000	96.00000000
2393100.00000000	0.00000000	0.00000000	96.00000000
2393400.00000000	0.00000000	0.00000000	96.00000000
2393700.00000000	0.00000000	0.00000000	96.00000000
2394000.00000000	0.00000000	0.00000000	96.00000000
2394300.00000000	0.00000000	0.00000000	96.00000000
2394600.00000000	0.00000000	0.00000000	96.00000000
2394900.00000000	0.00000000	0.00000000	96.00000000
2395200.00000000	0.00000000	0.00000000	96.00000000
2395500.00000000	0.00000000	0.00000000	96.00000000
2395800.00000000	0.00000000	0.00000000	96.00000000
2396100.00000000	0.00000000	0.00000000	96.00000000
2396400.00000000	0.00000000	0.00000000	96.00000000
2396700.00000000	0.00000000	0.00000000	96.00000000
2397000.00000000	0.00000000	0.00000000	96.00000000
2397300.00000000	0.00000000	0.00000000	96.00000000
2397600.00000000	0.00000000	0.00000000	96.00000000
2397900.00000000	0.00000000	0.00000000	96.00000000
2398200.00000000	0.00000000	0.00000000	96.00000000
2398500.00000000	0.00000000	0.00000000	96.00000000
2398800.00000000	0.00000000	0.00000000	96.00000000
2399100.00000000	0.00000000	0.00000000	96.00000000
2399400.00000000	0.00000000	0.00000000	96.00000000
2399700.00000000	0.00000000	0.00000000	96.00000000
2400000.00000000	0.00000000	0.00000000	96.00000000
2400300.00000000	0.00000000	0.00000000	96.00000000
2400600.00000000	0.00000000	0.00000000	96.00000000
2400900.00000000	0.00000000	0.00000000	96.00000000
2401200.00000000	0.00000000	0.00000000	96.00000000
2401500.00000000	0.00000000	0.00000000	96.00000000
2401800.00000000	0.00000000	0.00000000	96.00000000
2402100.00000000	0.00000000	0.00000000	96.00000000
2402400.00000000	0.00000000	0.00000000	96.00000000
2402700.00000000	0.00000000	0.00000000	96.00000000
2403000.00000000	0.00000000	0.00000000	96.00000000
2403300.00000000	0.00000000	0.00000000	96.00000000
2403600.00000000	0.00000000	0.00000000	96.00000000
2403900.00000000	0.00000000	0.00000000	96.00000000
2404200.00000000	0.00000000	0.00000000	96.00000000
2404500.00000000	0.00000000	0.00000000	96.00000000
2404800.00000000	0.00000000	0.00000000	96.00000000
2405100.00000000	0.00000000	0.00000000	96.00000000
2405400.00000000	0.00000000	0.00000000	96.00000000
2405700.00000000	0.00000000	0.00000000	96.00000000
2406000.00000000	0.00000000	0.00000000	96.00000000
2406300.00000000	0.00000000	0.00000000	96.00000000
2406600.00000000	0.00000000	0.00000000	96.00000000
2406900.00000000	0.00000000	0.00000000	96.00000000
2407200.00000000	0.00000000	0.00000000	96.00000000
2407500.00000000	0.00000000	0.00000000	96.00000000
2407800.00000000	0.00000000	0.00000000	96.00000000
2408100.00000000	0.00000000	0.00000000	96.00000000
2408400.00000000	0.00000000	0.00000000	96.00000000
2408700.00000000	0.00000000	0.00000000	96.00000000
2409000.00000000	0.00000000	0.00000000	96.00000000
2409300.00000000	0.00000000	0.00000000	96.00000000
2409600.00000000	0.00000000	0.00000000	96.00000000
2409900.00000000	0.00000000	0.00000000	96.00000000
2410200.00000000	0.00000000	0.00000000	96.00000000
2410500.00000000	0.00000000	0.00000000	96.00000000
2410800.00000000	0.00000000	0.00000000	96.00000000
2411100.00000000	0.00000000	0.00000000	96.00000000
2411400.00000000	0.00000000	0.00000000	96.00000000
2411700.00000000	0.00000000	0.00000000	96.00000000
2412000.00000000	0.00000000	0.00000000	96.00000000
2412300.00000000	0.00000000	0.00000000	96.00000000
2412600.00000000	0.00000000	0.00000000	96.00000000
2412900.00000000	0.00000000	0.00000000	96.00000000
2413200.00000000	0.00000000	0.00000000	96.00000000
2413500.00000000	0.00000000	0.00000000	96.00000000
2413800.00000000	0.00000000	0.00000000	96.00000000
2414100.00000000	0.00000000	0.00000000	96.00000000
2414400.00000000	0.00000000	0.00000000	96.00000000
2414700.00000000	0.00000000	0.00000000	96.00000000
2415000.00000000	0.00000000	0.00000000	96.00000000
2415300.00000000	0.00000000	0.00000000	96.00000000
2415600.00000000	0.00000000	0.00000000	96.00000000
2415900.00000000	0.00000000	0.00000000	96.00000000
2416200.00000000	0.00000000	0.00000000	96.00000000
2416500.00000000	0.00000000	0.00000000	96.00000000
2416800.00000000	0.00000000	0.00000000	96.00000000
2417100.00000000	0.00000000	0.00000000	96.00000000
2417400.00000000	0.00000000	0.00000000	96.00000000
2417700.00000000	0.00000000	0.00000000	96.00000000
2418000.00000000	0.00000000	0.00000000	96.00000000
2418300.00000000	0.00000000	0.00000000	96.00000000
2418600.00000000	0.00000000	0.00000000	96.00000000
2418900.00000000	0.00000000	0.00000000	96.00000000
2419200.00000000	94.80000000	328.00000000	96.00000000
2419500.00000000	0.00000000	0.00000000	96.00000000
2419800.00000000	0.00000000	0.00000000	96.00000000
2420100.00000000	0.00000000	0.00000000	96.00000000
2420400.00000000	0.00000000	0.00000000	96.00000000
2420700.00000000	0.00000000	0.00000000	96.00000000
2421000.00000000	0.00000000	0.00000000	96.00000000
2421300.00000000	0.00000000	0.00000000	96.00000000
2421600.00000000	0.00000000	0.00000000	96.00000000
2421900.00000000	0.00000000	0.00000000	96.00000000
2422200.00000000	0.00000000	0.00000000	96.00000000
2422500.00000000	0.00000000	0.00000000	96.00000000
2422800.00000000	0.00000000	0.00000000	96.00000000
2423100.00000000	0.00000000	0.00000000	96.00000000
2423400.00000000	0.00000000	0.00000000	96.00000000
2423700.00000000	0.00000000	0.00000000	96.00000000
2424000.00000000	0.00000000	0.00000000	96.00000000
2424300.00000000	0.00000000	0.00000000	96.00000000
2424600.00000000	0.00000000	0.00000000	96.00000000
2424900.00000000	0.00000000	0.00000000	96.00000000
2425200.00000000	0.00000000	0.00000000	96.00000000
2425500.00000000	0.00000000	0.00000000	96.00000000
2425800.00000000	0.00000000	0.00000000	96.00000000
2426100.00000000	0.00000000	0.00000000	96.00000000
2426400.00000000	0.00000000	0.00000000	96.00000000
2426700.00000000	0.00000000	0.00000000	96.00000000
2427000.00000000	0.00000000	0.00000000	96.00000000
2427300.00000000	0.00000000	0.00000000	96.00000000
2427600.00000000	0.00000000	0.00000000	96.00000000
2427900.00000000	0.00000000	0.00000000	96.00000000
2428200.00000000	0.00000000	0.00000000	96.00000000
2428500.00000000	0.00000000	0.00000000	96.00000000
2428800.00000000	0.00000000	0.00000000	96.00000000
2429100.00000000	0.00000000	0.00000000	96.00000000
2429400.00000000	0.00000000	0.00000000	96.00000000
2429700.00000000	0.00000000	0.00000000	96.00000000
2430000.00000000	0.00000000	0.00000000	96.00000000
2430300.00000000	0.00000000	0.00000000	96.00000000
2430600.00000000	0.00000000	0.00000000	96.00000000
2430900.00000000	0.00000000	0.00000000	96.00000000
2431200.00000000	0.00000000	0.00000000	96.00000000
2431500.00000000	0.00000000	0.00000000	96.00000000
2431800.00000000	0.00000000	0.00000000	96.00000000
2432100.00000000	0.00000000	0.00000000	96.00000000
2432400.00000000	0.00000000	0.00000000	96.00000000
2432700.00000000	0.00000000	0.00000000	96.00000000
2433000.00000000	0.00000000	0.00000000	96.00000000
2433300.00000000	0.00000000	0.00000000	96.00000000
2433600.00000000	0.00000000	0.00000000	96.00000000
2433900.00000000	0.00000000	0.00000000	96.00000000
2434200.00000000	0.00000000	0.00000000	96.00000000
2434500.00000000	0.00000000	0.00000000	96.00000000
2434800.00000000	0.00000000	0.00000000	96.00000000
2435100.00000000	0.00000000	0.00000000	96.00000000
2435400.00000000	0.00000000	0.00000000	96.00000000
2435700.00000000	0.00000000	0.00000000	96.00000000
2436000.00000000	0.00000000	0.00000000	96.00000000
2436300.00000000	0.00000000	0.00000000	96.00000000
2436600.00000000	0.00000000	0.00000000	96.00000000
2436900.00000000	0.00000000	0.00000000	96.00000000
2437200.00000000	0.00000000	0.00000000	96.00000000
2437500.00000000	0.00000000	0.00000000	96.00000000
2437800.00000000	0.00000000	0.00000000	96.00000000
2438100.00000000	0.00000000	0.00000000	96.00000000
2438400.00000000	0.00000000	0.00000000	96.00000000
2438700.00000000	0.00000000	0.00000000	96.00000000
2439000.00000000	0.00000000	0.00000000	96.00000000
2439300.00000000	0.00000000	0.00000000	96.00000000
2439600.00000000	0.00000000	0.00000000	96.00000000
2439900.00000000	0.00000000	0.00000000	96.00000000
2440200.00000000	0.00000000	0.00000000	96.00000000
2440500.00000000	0.00000000	0.00000000	96.00000000
2440800.00000000	0.00000000	0.00000000	96.00000000
2441100.00000000	0.00000000	0.00000000	96.00000000
2441400.00000000	0.00000000	0.00000000	96.00000000
2441700.00000000	0.00000000	0.00000000	96.00000000
2442000.00000000	0.00000000	0.00000000	96.00000000
2442300.00000000	0.00000000	0.00000000	96.00000000
2442600.00000000	0.00000000	0.00000000	96.00000000
2442900.00000000	0.00000000	0.00000000	96.00000000
2443200.00000000	0.00000000	0.00000000	96.00000000
2443500.00000000	0.00000000	0.00000000	96.00000000
2443800.00000000	0.00000000	0.00000000	96.00000000
2444100.00000000	0.00000000	0.00000000	96.00000000
2444400.00000000	0.00000000	0.00000000	96.00000000
2444700.00000000	0.00000000	0.00000000	96.00000000
2445000.00000000	0.00000000	0.00000000	96.00000000
2445300.00000000	0.00000000	0.00000000	96.00000000
2445600.00000000	0.00000000	0.00000000	96.00000000
2445900.00000000	0.00000000	0.00000000	96.00000000
2446200.00000000	0.00000000	0.00000000	96.00000000
2446500.00000000	0.00000000	0.00000000	96.00000000
2446800.00000000	0.00000000	0.00000000	96.00000000
2447100.00000000	0.00000000	0.00000000	96.00000000
2447400.00000000	0.00000000	0.00000000	96.00000000
2447700.00000000	0.00000000	0.00000000	96.00000000
2448000.00000000	0.00000000	0.00000000	96.00000000
2448300.00000000	0.00000000	0.00000000	96.00000000
2448600.00000000	0.00000000	0.00000000	96.00000000
2448900.00000000	0.00000000	0.00000000	96.00000000
2449200.00000000	0.00000000	0.00000000	96.00000000
2449500.00000000	0.00000000	0.00000000	96.00000000
2449800.00000000	0.00000000	0.00000000	96.00000000
2450100.00000000	0.00000000	0.00000000	96.00000000
2450400.00000000	0.00000000	0.00000000	96.00000000
2450700.00000000	0.00000000	0.00000000	96.00000000
2451000.00000000	0.00000000	0.00000000	96.00000000
2451300.00000000	0.00000000	0.00000000	96.00000000
2451600.00000000	0.00000000	0.00000000	96.00000000
2451900.00000000	0.00000000	0.00000000	96.00000000
2452200.00000000	0.00000000	0.00000000	96.00000000
2452500.00000000	0.00000000	0.00000000	96.00000000
2452800.00000000	0.00000000	0.00000000	96.00000000
2453100.00000000	0.00000000	0.00000000	96.00000000
2453400.00000000	0.00000000	0.00000000	96.00000000
2453700.00000000	0.00000000	0.00000000	96.00000000
2454000.00000000	0.00000000	0.00000000	96.00000000
2454300.00000000	0.00000000	0.00000000	96.00000000
2454600.00000000	0.00000000	0.00000000	96.00000000
2454900.00000000	0.00000000	0.00000000	96.00000000
2455200.00000000	0.00000000	0.00000000	96.00000000
2455500.00000000	0.00000000	0.00000000	96.00000000
2455800.00000000	0.00000000	0.00000000	96.00000000
2456100.00000000	0.00000000	0.00000000	96.00000000
2456400.00000000	0.00000000	0.00000000	96.00000000
2456700.00000000	0.00000000	0.00000000	96.00000000
2457000.00000000	0.00000000	0.00000000	96.00000000
2457300.00000000	0.00000000	0.00000000	96.00000000
2457600.00000000	0.00000000	0.00000000	96.00000000
2457900.00000000	0.00000000	0.00000000	96.00000000
2458200.00000000	0.00000000	0.00000000	96.00000000
2458500.00000000	0.00000000	0.00000000	96.00000000
2458800.00000000	0.00000000	0.00000000	96.00000000
2459100.00000000	0.00000000	0.00000000	96.00000000
2459400.00000000	0.00000000	0.00000000	96.00000000
2459700.00000000	0.00000000	0.00000000	96.00000000
2460000.00000000	0.00000000	0.00000000	96.00000000
2460300.00000000	0.00000000	0.00000000	96.00000000
2460600.00000000	0.00000000	0.00000000	96.00000000
2460900.00000000	0.00000000	0.00000000	96.00000000
2461200.00000000	0.00000000	0.00000000	96.00000000
2461500.00000000	0.00000000	0.00000000	96.00000000
2461800.00000000	0.00000000	0.00000000	96.00000000
2462100.00000000	0.00000000	0.00000000	96.00000000
2462400.00000000	0.00000000	0.00000000	96.00000000
2462700.00000000	0.00000000	0.00000000	96.00000000
2463000.00000000	0.00000000	0.00000000	96.00000000
2463300.00000000	0.00000000	0.00000000	96.00000000
2463600.00000000	0.00000000	0.00000000	96.00000000
2463900.00000000	0.00000000	0.00000000	96.00000000
2464200.00000000	0.00000000	0.00000000	96.00000000
2464500.00000000	0.00000000	0.00000000	96.00000000
2464800.00000000	0.00000000	0.00000000	96.00000000
2465100.00000000	0.00000000	0.00000000	96.00000000
2465400.00000000	0.00000000	0.00000000	96.00000000
2465700.00000000	0.00000000	0.00000000	96.00000000
2466000.00000000	0.00000000	0.00000000	96.00000000
2466300.00000000	0.00000000	0.00000000	96.00000000
2466600.00000000	0.00000000	0.00000000	96.00000000
2466900.00000000	0.00000000	0.00000000	96.00000000
2467200.00000000	0.00000000	0.00000000	96.00000000
2467500.00000000	0.00000000	0.00000000	96.00000000
2467800.00000000	0.00000000	0.00000000	96.00000000
2468100.00000000	0.00000000	0.00000000	96.00000000
2468400.00000000	0.00000000	0.00000000	96.00000000
2468700.00000000	0.00000000	0.00000000	96.00000000
2469000.00000000	0.00000000	0.00000000	96.00000000
2469300.00000000	0.00000000	0.00000000	96.00000000
2469600.00000000	0.00000000	0.00000000	96.00000000
2469900.00000000	0.00000000	0.00000000	96.00000000
2470200.00000000	0.00000000	0.00000000	96.00000000
2470500.00000000	0.00000000	0.00000000	96.00000000
2470800.00000000	0.00000000	0.00000000	96.00000000
2471100.00000000	0.00000000	0.00000000	96.00000000
2471400.00000000	0.00000000	0.00000000	96.00000000
2471700.00000000	0.00000000	0.00000000	96.00000000
2472000.00000000	0.00000000	0.00000000	96.00000000
2472300.00000000	0.00000000	0.00000000	96.00000000
2472600.00000000	0.00000000	0.00000000	96.00000000
2472900.00000000	0.00000000	0.00000000	96.00000000
2473200.00000000	0.00000000	0.00000000	96.00000000
2473500.00000000	0.00000000	0.00000000	96.00000000
2473800.00000000	0.00000000	0.00000000	96.00000000
2474100.00000000	0.00000000	0.00000000	96.00000000
2474400.00000000	0.00000000	0.00000000	96.00000000
2474700.00000000	0.00000000	0.00000000	96.00000000
2475000.00000000	0.00000000	0.00000000	96.00000000
2475300.00000000	0.00000000	0.00000000	96.00000000
2475600.00000000	0.00000000	0.00000000	96.00000000
2475900.00000000	0.00000000	0.00000000	96.00000000
2476200.00000000	0.00000000	0.00000000	96.00000000
2476500.00000000	0.00000000	0.00000000	96.00000000
2476800.00000000	0.00000000	0.00000000	96.00000000
2477100.00000000	0.00000000	0.00000000	96.00000000
2477400.00000000	0.00000000	0.00000000	96.00000000
2477700.00000000	0.00000000	0.00000000	96.00000000
2478000.00000000	0.00000000	0.00000000	96.00000000
2478300.00000000	0.00000000	0.00000000	96.00000000
2478600.00000000	0.00000000	0.00000000	96.00000000
2478900.00000000	0.00000000	0.00000000	96.00000000
2479200.00000000	0.00000000	0.00000000	96.00000000
2479500.00000000	0.00000000	0.00000000	96.00000000
2479800.00000000	0.00000000	0.00000000	96.00000000
2480100.00000000	0.00000000	0.00000000	96.00000000
2480400.00000000	0.00000000	0.00000000	96.00000000
2480700.00000000	0.00000000	0.00000000	96.00000000
2481000.00000000	0.00000000	0.00000000	96.00000000
2481300.00000000	0.00000000	0.00000000	96.00000000
2481600.00000000	0.00000000	0.00000000	96.00000000
2481900.00000000	0.00000000	0.00000000	96.00000000
2482200.00000000	0.00000000	0.00000000	96.00000000
2482500.00000000	0.00000000	0.00000000	96.00000000
2482800.00000000	0.00000000	0.00000000	96.00000000
2483100.00000000	0.00000000	0.00000000	96.00000000
2483400.00000000	0.00000000	0.00000000	96.00000000
2483700.00000000	0.00000000	0.00000000	96.00000000
2484000.00000000	0.00000000	0.00000000	96.00000000
2484300.00000000	0.00000000	0.00000000	96.00000000
2484600.00000000	0.00000000	0.00000000	96.00000000
2484900.00000000	0.00000000	0.00000000	96.00000000
2485200.00000000	0.00000000	0.00000000	96.00000000
2485500.00000000	0.00000000	0.00000000	96.00000000
2485800.00000000	0.00000000	0.00000000	96.00000000
2486100.00000000	0.00000000	0.00000000	96.00000000
2486400.00000000	0.00000000	0.00000000	96.00000000
2486700.00000000	0.00000000	0.00000000	96.00000000
2487000.00000000	0.00000000	0.00000000	96.00000000
2487300.00000000	0.00000000	0.00000000	96.00000000
2487600.00000000	0.00000000	0.00000000	96.00000000
2487900.00000000	0.00000000	0.00000000	96.00000000
2488200.00000000	0.00000000	0.00000000	96.00000000
2488500.00000000	0.00000000	0.00000000	96.00000000
2488800.00000000	0.00000000	0.00000000	96.00000000
2489100.00000000	0.00000000	0.00000000	96.00000000
2489400.00000000	0.00000000	0.00000000	96.00000000
2489700.00000000	0.00000000	0.00000000	96.00000000
2490000.00000000	0.00000000	0.00000000	96.00000000
2490300.00000000	0.00000000	0.00000000	96.00000000
2490600.00000000	0.00000000	0.00000000	96.00000000
2490900.00000000	0.00000000	0.00000000	96.00000000
2491200.00000000	0.00000000	0.00000000	96.00000000
2491500.00000000	0.00000000	0.00000000	96.00000000
2491800.00000000	0.00000000	0.00000000	96.00000000
2492100.00000000	0.00000000	0.00000000	96.00000000
2492400.00000000	0.00000000	0.00000000	96.00000000
2492700.00000000	0.00000000	0.00000000	96.00000000
2493000.00000000	0.00000000	0.00000000	96.00000000
2493300.00000000	0.00000000	0.00000000	96.00000000
2493600.00000000	0.00000000	0.00000000	96.00000000
2493900.00000000	0.00000000	0.00000000	96.00000000
2494200.00000000	0.00000000	0.00000000	96.00000000
2494500.00000000	0.00000000	0.00000000	96.00000000
2494800.00000000	0.00000000	0.00000000	96.00000000
2495100.00000000	0.00000000	0.00000000	96.00000000
2495400.00000000	0.00000000	0.00000000	96.00000000
2495700.00000000	0.00000000	0.00000000	96.00000000
2496000.00000000	0.00000000	0.00000000	96.00000000
2496300.00000000	0.00000000	0.00000000	96.00000000
2496600.00000000	0.00000000	0.00000000	96.00000000
2496900.00000000	0.00000000	0.00000000	96.00000000
2497200.00000000	0.00000000	0.00000000	96.00000000
2497500.00000000	0.00000000	0.00000000	96.00000000
2497800.00000000	0.00000000	0.00000000	96.00000000
2498100.00000000	0.00000000	0.00000000	96.00000000
2498400.00000000	0.00000000	0.00000000	96.00000000
2498700.00000000	0.00000000	0.00000000	96.00000000
2499000.00000000	0.00000000	0.00000000	96.00000000
2499300.00000000	0.00000000	0.00000000	96.00000000
2499600.00000000	0.00000000	0.00000000	96.00000000
2499900.00000000	0.00000000	0.00000000	96.00000000
2500200.00000000	0.00000000	0.00000000	96.00000000
2500500.00000000	0.00000000	0.00000000	96.00000000
2500800.00000000	0.00000000	0.00000000	96.00000000
2501100.00000000	0.00000000	0.00000000	96.00000000
2501400.00000000	0.00000000	0.00000000	96.00000000
2501700.00000000	0.00000000	0.00000000	96.00000000
2502000.00000000	0.00000000	0.00000000	96.00000000
2502300.00000000	0.00000000	0.00000000	96.00000000
2502600.00000000	0.00000000	0.00000000	96.00000000
2502900.00000000	0.00000000	0.00000000	96.00000000
2503200.00000000	0.00000000	0.00000000	96.00000000
2503500.00000000	0.00000000	0.00000000	96.00000000
2503800.00000000	0.00000000	0.00000000	96.00000000
2504100.00000000	0.00000000	0.00000000	96.00000000
2504400.00000000	0.00000000	0.00000000	96.00000000
2504700.00000000	0.00000000	0.00000000	96.00000000
2505000.00000000	0.00000000	0.00000000	96.00000000
2505300.00000000	0.00000000	0.00000000	96.00000000
2505600.00000000	0.00000000	0.00000000	96.00000000
2505900.00000000	0.00000000	0.00000000	96.00000000
2506200.00000000	0.00000000	0.00000000	96.00000000
2506500.00000000	0.00000000	0.00000000	96.00000000
2506800.00000000	0.00000000	0.00000000	96.00000000
2507100.00000000	0.00000000	0.00000000	96.00000000
2507400.00000000	0.00000000	0.00000000	96.00000000
2507700.00000000	0.00000000	0.00000000	96.00000000
2508000.00000000	0.00000000	0.00000000	96.00000000
2508300.00000000	0.00000000	0.00000000	96.00000000
2508600.00000000	0.00000000	0.00000000	96.00000000
2508900.00000000	0.00000000	0.00000000	96.00000000
2509200.00000000	0.00000000	0.00000000	96.00000000
2509500.00000000	0.00000000	0.00000000	96.00000000
2509800.00000000	0.00000000	0.00000000	96.00000000
2510100.00000000	0.00000000	0.00000000	96.00000000
2510400.00000000	0.00000000	0.00000000	96.00000000
2510700.00000000	0.00000000	0.00000000	96.00000000
2511000.00000000	0.00000000	0.00000000	96.00000000
2511300.00000000	0.00000000	0.00000000	96.00000000
2511600.00000000	0.00000000	0.00000000	96.00000000
2511900.00000000	0.00000000	0.00000000	96.00000000
2512200.00000000	0.00000000	0.00000000	96.00000000
2512500.00000000	0.00000000	0.00000000	96.00000000
2512800.00000000	0.00000000	0.00000000	96.00000000
2513100.00000000	0.00000000	0.00000000	96.00000000
2513400.00000000	0.00000000	0.00000000	96.00000000
2513700.00000000	0.00000000	0.00000000	96.00000000
2514000.00000000	0.00000000	0.00000000	96.00000000
2514300.00000000	0.00000000	0.00000000	96.00000000
2514600.00000000	0.00000000	0.00000000	96.00000000
2514900.00000000	0.00000000	0.00000000	96.00000000
2515200.00000000	0.00000000	0.00000000	96.00000000
2515500.00000000	0.00000000	0.00000000	96.00000000
2515800.00000000	0.00000000	0.00000000	96.00000000
2516100.00000000	0.00000000	0.00000000	96.00000000
2516400.00000000	0.00000000	0.00000000	96.00000000
2516700.00000000	0.00000000	0.00000000	96.00000000
2517000.00000000	0.00000000	0.00000000	96.00000000
2517300.00000000	0.00000000	0.00000000	96.00000000
2517600.00000000	0.00000000	0.00000000	96.00000000
2517900.00000000	0.00000000	0.00000000	96.00000000
2518200.00000000	0.00000000	0.00000000	96.00000000
2518500.00000000	0.00000000	0.00000000	96.00000000
2518800.00000000	0.00000000	0.00000000	96.00000000
2519100.00000000	0.00000000	0.00000000	96.00000000
2519400.00000000	0.00000000	0.00000000	96.00000000
2519700.00000000	0.00000000	0.00000000	96.00000000
2520000.00000000	0.00000000	0.00000000	96.00000000
2520300.00000000	0.00000000	0.00000000	96.00000000
2520600.00000000	0.00000000	0.00000000	96.00000000
2520900.00000000	0.00000000	0.00000000	96.00000000
2521200.00000000	0.00000000	0.00000000	96.00000000
2521500.00000000	0.00000000	0.00000000	96.00000000
2521800.00000000	0.00000000	0.00000000	96.00000000
2522100.00000000	0.00000000	0.00000000	96.00000000
2522400.00000000	0.00000000	0.00000000	96.00000000
2522700.00000000	0.00000000	0.00000000	96.00000000
2523000.00000000	0.00000000	0.00000000	96.00000000
2523300.00000000	0.00000000	0.00000000	96.00000000
2523600.00000000	0.00000000	0.00000000	96.00000000
2523900.00000000	0.00000000	0.00000000	96.00000000
2524200.00000000	0.00000000	0.00000000	96.00000000
2524500.00000000	0.00000000	0.00000000	96.00000000
2524800.00000000	0.00000000	0.00000000	96.00000000
2525100.00000000	0.00000000	0.00000000	96.00000000
2525400.00000000	0.00000000	0.00000000	96.00000000
2525700.00000000	0.00000000	0.00000000	96.00000000
2526000.00000000	0.00000000	0.00000000	96.00000000
2526300.00000000	0.00000000	0.00000000	96.00000000
2526600.00000000	0.00000000	0.00000000	96.00000000
2526900.00000000	0.00000000	0.00000000	96.00000000
2527200.00000000	0.00000000	0.00000000	96.00000000
2527500.00000000	0.00000000	0.00000000	96.00000000
2527800.00000000	0.00000000	0.00000000	96.00000000
2528100.00000000	0.00000000	0.00000000	96.00000000
2528400.00000000	0.00000000	0.00000000	96.00000000
2528700.00000000	0.00000000	0.00000000	96.00000000
2529000.00000000	0.00000000	0.00000000	96.00000000
2529300.00000000	0.00000000	0.00000000	96.00000000
2529600.00000000	0.00000000	0.00000000	96.00000000
2529900.00000000	0.00000000	0.00000000	96.00000000
2530200.00000000	0.00000000	0.00000000	96.00000000
2530500.00000000	0.00000000	0.00000000	96.00000000
2530800.00000000	0.00000000	0.00000000	96.00000000
2531100.00000000	0.00000000	0.00000000	96.00000000
2531400.00000000	0.00000000	0.00000000	96.00000000
2531700.00000000	0.00000000	0.00000000	96.00000000
2532000.00000000	0.00000000	0.00000000	96.00000000
2532300.00000000	0.00000000	0.00000000	96.00000000
2532600.00000000	0.00000000	0.00000000	96.00000000
2532900.00000000	0.00000000	0.00000000	96.00000000
2533200.00000000	0.00000000	0.00000000	96.00000000
2533500.00000000	0.00000000	0.00000000	96.00000000
2533800.00000000	0.00000000	0.00000000	96.00000000
2534100.00000000	0.00000000	0.00000000	96.00000000
2534400.00000000	0.00000000	0.00000000	96.00000000
2534700.00000000	0.00000000	0.00000000	96.00000000
2535000.00000000	0.00000000	0.00000000	96.00000000
2535300.00000000	0.00000000	0.00000000	96.00000000
2535600.00000000	0.00000000	0.00000000	96.00000000
2535900.00000000	0.00000000	0.00000000	96.00000000
2536200.00000000	0.00000000	0.00000000	96.00000000
2536500.00000000	0.00000000	0.00000000	96.00000000
2536800.00000000	0.00000000	0.00000000	96.00000000
2537100.00000000	0.00000000	0.00000000	96.00000000
2537400.00000000	0.00000000	0.00000000	96.00000000
2537700.00000000	0.00000000	0.00000000	96.00000000
2538000.00000000	0.00000000	0.00000000	96.00000000
2538300.00000000	0.00000000	0.00000000	96.00000000
2538600.00000000	0.00000000	0.00000000	96.00000000
2538900.00000000	0.00000000	0.00000000	96.00000000
2539200.00000000	0.00000000	0.00000000	96.00000000
2539500.00000000	0.00000000	0.00000000	96.00000000
2539800.00000000	0.00000000	0.00000000	96.00000000
2540100.00000000	0.00000000	0.00000000	96.00000000
2540400.00000000	0.00000000	0.00000000	96.00000000
2540700.00000000	0.00000000	0.00000000	96.00000000
2541000.00000000	0.00000000	0.00000000	96.00000000
2541300.00000000	0.00000000	0.00000000	96.00000000
2541600.00000000	0.00000000	0.00000000	96.00000000
2541900.00000000	0.00000000	0.00000000	96.00000000
2542200.00000000	0.00000000	0.00000000	96.00000000
2542500.00000000	0.00000000	0.00000000	96.00000000
2542800.00000000	0.00000000	0.00000000	96.00000000
2543100.00000000	0.00000000	0.00000000	96.00000000
2543400.00000000	0.00000000	0.00000000	96.00000000
2543700.00000000	0.00000000	0.00000000	96.00000000
2544000.00000000	0.00000000	0.00000000	96.00000000
2544300.00000000	0.00000000	0.00000000	96.00000000
2544600.00000000	0.00000000	0.00000000	96.00000000
2544900.00000000	0.00000000	0.00000000	96.00000000
2545200.00000000	0.00000000	0.00000000	96.00000000
2545500.00000000	0.00000000	0.00000000	96.00000000
2545800.00000000	0.00000000	0.00000000	96.00000000
2546100.00000000	0.00000000	0.00000000	96.00000000
2546400.00000000	0.00000000	0.00000000	96.00000000
2546700.00000000	0.00000000	0.00000000	96.00000000
2547000.00000000	0.00000000	0.00000000	96.00000000
2547300.00000000	0.00000000	0.00000000	96.00000000
2547600.00000000	0.00000000	0.00000000	96.00000000
2547900.00000000	0.00000000	0.00000000	96.00000000
2548200.00000000	0.00000000	0.00000000	96.00000000
2548500.00000000	0.00000000	0.00000000	96.00000000
2548800.00000000	0.00000000	0.00000000	96.00000000
2549100.00000000	0.00000000	0.00000000	96.00000000
2549400.00000000	0.00000000	0.00000000	96.00000000
2549700.00000000	0.00000000	0.00000000	96.00000000
2550000.00000000	0.00000000	0.00000000	96.00000000
2550300.00000000	0.00000000	0.00000000	96.00000000
2550600.00000000	0.00000000	0.00000000	96.00000000
2550900.00000000	0.00000000	0.00000000	96.00000000
2551200.00000000	0.00000000	0.00000000	96.00000000
2551500.00000000	0.00000000	0.00000000	96.00000000
2551800.00000000	0.00000000	0.00000000	96.00000000
2552100.00000000	0.00000000	0.00000000	96.00000000
2552400.00000000	0.00000000	0.00000000	96.00000000
2552700.00000000	0.00000000	0.00000000	96.00000000
2553000.00000000	0.00000000	0.00000000	96.00000000
2553300.00000000	0.00000000	0.00000000	96.00000000
2553600.00000000	0.00000000	0.00000000	96.00000000
2553900.00000000	0.00000000	0.00000000	96.00000000
2554200.00000000	0.00000000	0.00000000	96.00000000
2554500.00000000	0.00000000	0.00000000	96.00000000
2554800.00000000	0.00000000	0.00000000	96.00000000
2555100.00000000	0.00000000	0.00000000	96.00000000
2555400.00000000	0.00000000	0.00000000	96.00000000
2555700.00000000	0.00000000	0.00000000	96.00000000
2556000.00000000	0.00000000	0.00000000	96.00000000
2556300.00000000	0.00000000	0.00000000	96.00000000
2556600.00000000	0.00000000	0.00000000	96.00000000
2556900.00000000	0.00000000	0.00000000	96.00000000
2557200.00000000	0.00000000	0.00000000	96.00000000
2557500.00000000	0.00000000	0.00000000	96.00000000
2557800.00000000	0.00000000	0.00000000	96.00000000
2558100.00000000	0.00000000	0.00000000	96.00000000
2558400.00000000	0.00000000	0.00000000	96.00000000
2558700.00000000	0.00000000	0.00000000	96.00000000
2559000.00000000	0.00000000	0.00000000	96.00000000
2559300.00000000	0.00000000	0.00000000	96.00000000
2559600.00000000	0.00000000	0.00000000	96.00000000
2559900.00000000	0.00000000	0.00000000	96.00000000
2560200.00000000	0.00000000	0.00000000	96.00000000
2560500.00000000	0.00000000	0.00000000	96.00000000
2560800.00000000	0.00000000	0.00000000	96.00000000
2561100.00000000	0.00000000	0.00000000	96.00000000
2561400.00000000	0.00000000	0.00000000	96.00000000
2561700.00000000	0.00000000	0.00000000	96.00000000
2562000.00000000	0.00000000	0.00000000	96.00000000
2562300.00000000	0.00000000	0.00000000	96.00000000
2562600.00000000	0.00000000	0.00000000	96.00000000
2562900.00000000	0.00000000	0.00000000	96.00000000
2563200.00000000	0.00000000	0.00000000	96.00000000
2563500.00000000	0.00000000	0.00000000	96.00000000
2563800.00000000	0.00000000	0.00000000	96.00000000
2564100.00000000	0.00000000	0.00000000	96.00000000
2564400.00000000	0.00000000	0.00000000	96.00000000
2564700.00000000	0.00000000	0.00000000	96.00000000
2565000.00000000	0.00000000	0.00000000	96.00000000
2565300.00000000	0.00000000	0.00000000	96.00000000
2565600.00000000	0.00000000	0.00000000	96.00000000
2565900.00000000	0.00000000	0.00000000	96.00000000
2566200.00000000	0.00000000	0.00000000	96.00000000
2566500.00000000	0.00000000	0.00000000	96.00000000
2566800.00000000	0.00000000	0.00000000	96.00000000
2567100.00000000	0.00000000	0.00000000	96.00000000
2567400.00000000	0.00000000	0.00000000	96.00000000
2567700.00000000	0.00000000	0.00000000	96.00000000
2568000.00000000	0.00000000	0.00000000	96.00000000
2568300.00000000	0.00000000	0.00000000	96.00000000
2568600.00000000	0.00000000	0.00000000	96.00000000
2568900.00000000	0.00000000	0.00000000	96.00000000
2569200.00000000	0.00000000	0.00000000	96.00000000
2569500.00000000	0.00000000	0.00000000	96.00000000
2569800.00000000	0.00000000	0.00000000	96.00000000
2570100.00000000	0.00000000	0.00000000	96.00000000
2570400.00000000	0.00000000	0.00000000	96.00000000
2570700.00000000	0.00000000	0.00000000	96.00000000
2571000.00000000	0.00000000	0.00000000	96.00000000
2571300.00000000	0.00000000	0.00000000	96.00000000
2571600.00000000	0.00000000	0.00000000	96.00000000
2571900.00000000	0.00000000	0.00000000	96.00000000
2572200.00000000	0.00000000	0.00000000	96.00000000
2572500.00000000	0.00000000	0.00000000	96.00000000
2572800.00000000	0.00000000	0.00000000	96.00000000
2573100.00000000	0.00000000	0.00000000	96.00000000
2573400.00000000	0.00000000	0.00000000	96.00000000
2573700.00000000	0.00000000	0.00000000	96.00000000
2574000.00000000	0.00000000	0.00000000	96.00000000
2574300.00000000	0.00000000	0.00000000	96.00000000
2574600.00000000	0.00000000	0.00000000	96.00000000
2574900.00000000	0.00000000	0.00000000	96.00000000
2575200.00000000	0.00000000	0.00000000	96.00000000
2575500.00000000	0.00000000	0.00000000	96.00000000
2575800.00000000	0.00000000	0.00000000	96.00000000
2576100.00000000	0.00000000	0.00000000	96.00000000
2576400.00000000	0.00000000	0.00000000	96.00000000
2576700.00000000	0.00000000	0.00000000	96.00000000
2577000.00000000	0.00000000	0.00000000	96.00000000
2577300.00000000	0.00000000	0.00000000	96.00000000
2577600.00000000	0.00000000	0.00000000	96.00000000
2577900.00000000	0.00000000	0.00000000	96.00000000
2578200.00000000	0.00000000	0.00000000	96.00000000
2578500.00000000	0.00000000	0.00000000	96.00000000
2578800.00000000	0.00000000	0.00000000	96.00000000
2579100.00000000	0.00000000	0.00000000	96.00000000
2579400.00000000	0.00000000	0.00000000	96.00000000
2579700.00000000	0.00000000	0.00000000	96.00000000
2580000.00000000	0.00000000	0.00000000	96.00000000
2580300.00000000	0.00000000	0.00000000	96.00000000
2580600.00000000	0.00000000	0.00000000	96.00000000
2580900.00000000	0.00000000	0.00000000	96.00000000
2581200.00000000	0.00000000	0.00000000	96.00000000
2581500.00000000	0.00000000	0.00000000	96.00000000
2581800.00000000	0.00000000	0.00000000	96.00000000
2582100.00000000	0.00000000	0.00000000	96.00000000
2582400.00000000	0.00000000	0.00000000	96.00000000
2582700.00000000	0.00000000	0.00000000	96.00000000
2583000.00000000	0.00000000	0.00000000	96.00000000
2583300.00000000	0.00000000	0.00000000	96.00000000
2583600.00000000	0.00000000	0.00000000	96.00000000
2583900.00000000	0.00000000	0.00000000	96.00000000
2584200.00000000	0.00000000	0.00000000	96.00000000
2584500.00000000	0.00000000	0.00000000	96.00000000
2584800.00000000	0.00000000	0.00000000	96.00000000
2585100.00000000	0.00000000	0.00000000	96.00000000
2585400.00000000	0.00000000	0.00000000	96.00000000
2585700.00000000	0.00000000	0.00000000	96.00000000
2586000.00000000	0.00000000	0.00000000	96.00000000
2586300.00000000	0.00000000	0.00000000	96.00000000
2586600.00000000	0.00000000	0.00000000	96.00000000
2586900.00000000	0.00000000	0.00000000	96.00000000
2587200.00000000	0.00000000	0.00000000	96.00000000
2587500.00000000	0.00000000	0.00000000	96.00000000
2587800.00000000	0.00000000	0.00000000	96.00000000
2588100.00000000	0.00000000	0.00000000	96.00000000
2588400.00000000	0.00000000	0.00000000	96.00000000
2588700.00000000	0.00000000	0.00000000	96.00000000
2589000.00000000	0.00000000	0.00000000	96.00000000
2589300.00000000	0.00000000	0.00000000	96.00000000
2589600.00000000	0.00000000	0.00000000	96.00000000
2589900.00000000	0.00000000	0.00000000	96.00000000
2590200.00000000	0.00000000	0.00000000	96.00000000
2590500.00000000	0.00000000	0.00000000	96.00000000
2590800.00000000	0.00000000	0.00000000	96.00000000
2591100.00000000	0.00000000	0.00000000	96.00000000
2591400.00000000	0.00000000	0.00000000	96.00000000
2591700.00000000	0.00000000	0.00000000	96.00000000
2592000.00000000	94.80000000	328.00000000	96.00000000
2592300.00000000	0.00000000	0.00000000	96.00000000
2592600.00000000	0.00000000	0.00000000	96.00000000
2592900.00000000	0.00000000	0.00000000	96.00000000
2593200.00000000	0.00000000	0.00000000	96.00000000
2593500.00000000	0.00000000	0.00000000	96.00000000
2593800.00000000	0.00000000	0.00000000	96.00000000
2594100.00000000	0.00000000	0.00000000	96.00000000
2594400.00000000	0.00000000	0.00000000	96.00000000
2594700.00000000	0.00000000	0.00000000	96.00000000
2595000.00000000	0.00000000	0.00000000	96.00000000
2595300.00000000	0.00000000	0.00000000	96.00000000
2595600.00000000	0.00000000	0.00000000	96.00000000
2595900.00000000	0.00000000	0.00000000	96.00000000
2596200.00000000	0.00000000	0.00000000	96.00000000
2596500.00000000	0.00000000	0.00000000	96.00000000
2596800.00000000	0.00000000	0.00000000	96.00000000
2597100.00000000	0.00000000	0.00000000	96.00000000
2597400.00000000	0.00000000	0.00000000	96.00000000
2597700.00000000	0.00000000	0.00000000	96.00000000
2598000.00000000	0.00000000	0.00000000	96.00000000
2598300.00000000	0.00000000	0.00000000	96.00000000
2598600.00000000	0.00000000	0.00000000	96.00000000
2598900.00000000	0.00000000	0.00000000	96.00000000
2599200.00000000	0.00000000	0.00000000	96.00000000
2599500.00000000	0.00000000	0.00000000	96.00000000
2599800.00000000	0.00000000	0.00000000	96.00000000
2600100.00000000	0.00000000	0.00000000	96.00000000
2600400.00000000	0.00000000	0.00000000	96.00000000
2600700.00000000	0.00000000	0.00000000	96.00000000
2601000.00000000	0.00000000	0.00000000	96.00000000
2601300.00000000	0.00000000	0.00000000	96.00000000
2601600.00000000	0.00000000	0.00000000	96.00000000
2601900.00000000	0.00000000	0.00000000	96.00000000
2602200.00000000	0.00000000	0.00000000	96.00000000
2602500.00000000	0.00000000	0.00000000	96.00000000
2602800.00000000	0.00000000	0.00000000	96.00000000
2603100.00000000	0.00000000	0.00000000	96.00000000
2603400.00000000	0.00000000	0.00000000	96.00000000
2603700.00000000	0.00000000	0.00000000	96.00000000
2604000.00000000	0.00000000	0.00000000	96.00000000
2604300.00000000	0.00000000	0.00000000	96.00000000
2604600.00000000	0.00000000	0.00000000	96.00000000
2604900.00000000	0.00000000	0.00000000	96.00000000
2605200.00000000	0.00000000	0.00000000	96.00000000
2605500.00000000	0.00000000	0.00000000	96.00000000
2605800.00000000	0.00000000	0.00000000	96.00000000
2606100.00000000	0.00000000	0.00000000	96.00000000
2606400.00000000	0.00000000	0.00000000	96.00000000
2606700.00000000	0.00000000	0.00000000	96.00000000
2607000.00000000	0.00000000	0.00000000	96.00000000
2607300.00000000	0.00000000	0.00000000	96.00000000
2607600.00000000	0.00000000	0.00000000	96.00000000
2607900.00000000	0.00000000	0.00000000	96.00000000
2608200.00000000	0.00000000	0.00000000	96.00000000
2608500.00000000	0.00000000	0.00000000	96.00000000
2608800.00000000	0.00000000	0.00000000	96.00000000
2609100.00000000	0.00000000	0.00000000	96.00000000
2609400.00000000	0.00000000	0.00000000	96.00000000
2609700.00000000	0.00000000	0.00000000	96.00000000
2610000.00000000	0.00000000	0.00000000	96.00000000
2610300.00000000	0.00000000	0.00000000	96.00000000
2610600.00000000	0.00000000	0.00000000	96.00000000
2610900.00000000	0.00000000	0.00000000	96.00000000
2611200.00000000	0.00000000	0.00000000	96.00000000
2611500.00000000	0.00000000	0.00000000	96.00000000
2611800.00000000	0.00000000	0.00000000	96.00000000
2612100.00000000	0.00000000	0.00000000	96.00000000
2612400.00000000	0.00000000	0.00000000	96.00000000
2612700.00000000	0.00000000	0.00000000	96.00000000
2613000.00000000	0.00000000	0.00000000	96.00000000
2613300.00000000	0.00000000	0.00000000	96.00000000
2613600.00000000	0.00000000	0.00000000	96.00000000
2613900.00000000	0.00000000	0.00000000	96.00000000
2614200.00000000	0.00000000	0.00000000	96.00000000
2614500.00000000	0.00000000	0.00000000	96.00000000
2614800.00000000	0.00000000	0.00000000	96.00000000
2615100.00000000	0.00000000	0.00000000	96.00000000
2615400.00000000	0.00000000	0.00000000	96.00000000
2615700.00000000	0.00000000	0.00000000	96.00000000
2616000.00000000	0.00000000	0.00000000	96.00000000
2616300.00000000	0.00000000	0.00000000	96.00000000
2616600.00000000	0.00000000	0.00000000	96.00000000
2616900.00000000	0.00000000	0.00000000	96.00000000
2617200.00000000	0.00000000	0.00000000	96.00000000
2617500.00000000	0.00000000	0.00000000	96.00000000
2617800.00000000	0.00000000	0.00000000	96.00000000
2618100.00000000	0.00000000	0.00000000	96.00000000
2618400.00000000	0.00000000	0.00000000	96.00000000
2618700.00000000	0.00000000	0.00000000	96.00000000
2619000.00000000	0.00000000	0.00000000	96.00000000
2619300.00000000	0.00000000	0.00000000	96.00000000
2619600.00000000	0.00000000	0.00000000	96.00000000
2619900.00000000	0.00000000	0.00000000	96.00000000
2620200.00000000	0.00000000	0.00000000	96.00000000
2620500.00000000	0.00000000	0.00000000	96.00000000
2620800.00000000	0.00000000	0.00000000	96.00000000
2621100.00000000	0.00000000	0.00000000	96.00000000
2621400.00000000	0.00000000	0.00000000	96.00000000
2621700.00000000	0.00000000	0.00000000	96.00000000
2622000.00000000	0.00000000	0.00000000	96.00000000
2622300.00000000	0.00000000	0.00000000	96.00000000
2622600.00000000	0.00000000	0.00000000	96.00000000
2622900.00000000	0.00000000	0.00000000	96.00000000
2623200.00000000	0.00000000	0.00000000	96.00000000
2623500.00000000	0.00000000	0.00000000	96.00000000
2623800.00000000	0.00000000	0.00000000	96.00000000
2624100.00000000	0.00000000	0.00000000	96.00000000
2624400.00000000	0.00000000	0.00000000	96.00000000
2624700.00000000	0.00000000	0.00000000	96.00000000
2625000.00000000	0.00000000	0.00000000	96.00000000
2625300.00000000	0.00000000	0.00000000	96.00000000
2625600.00000000	0.00000000	0.00000000	96.00000000
2625900.00000000	0.00000000	0.00000000	96.00000000
2626200.00000000	0.00000000	0.00000000	96.00000000
2626500.00000000	0.00000000	0.00000000	96.00000000
2626800.00000000	0.00000000	0.00000000	96.00000000
2627100.00000000	0.00000000	0.00000000	96.00000000
2627400.00000000	0.00000000	0.00000000	96.00000000
2627700.00000000	0.00000000	0.00000000	96.00000000
2628000.00000000	0.00000000	0.00000000	96.00000000
2628300.00000000	0.00000000	0.00000000	96.00000000
2628600.00000000	0.00000000	0.00000000	96.00000000
2628900.00000000	0.00000000	0.00000000	96.00000000
2629200.00000000	0.00000000	0.00000000	96.00000000
2629500.00000000	0.00000000	0.00000000	96.00000000
2629800.00000000	0.00000000	0.00000000	96.00000000
2630100.00000000	0.00000000	0.00000000	96.00000000
2630400.00000000	0.00000000	0.00000000	96.00000000
2630700.00000000	0.00000000	0.00000000	96.00000000
2631000.00000000	0.00000000	0.00000000	96.00000000
2631300.00000000	0.00000000	0.00000000	96.00000000
2631600.00000000	0.00000000	0.00000000	96.00000000
2631900.00000000	0.00000000	0.00000000	96.00000000
2632200.00000000	0.00000000	0.00000000	96.00000000
2632500.00000000	0.00000000	0.00000000	96.00000000
2632800.00000000	0.00000000	0.00000000	96.00000000
2633100.00000000	0.00000000	0.00000000	96.00000000
2633400.00000000	0.00000000	0.00000000	96.00000000
2633700.00000000	0.00000000	0.00000000	96.00000000
2634000.00000000	0.00000000	0.00000000	96.00000000
2634300.00000000	0.00000000	0.00000000	96.00000000
2634600.00000000	0.00000000	0.00000000	96.00000000
2634900.00000000	0.00000000	0.00000000	96.00000000
2635200.00000000	0.00000000	0.00000000	96.00000000
2635500.00000000	0.00000000	0.00000000	96.00000000
2635800.00000000	0.00000000	0.00000000	96.00000000
2636100.00000000	0.00000000	0.00000000	96.00000000
2636400.00000000	0.00000000	0.00000000	96.00000000
2636700.00000000	0.00000000	0.00000000	96.00000000
2637000.00000000	0.00000000	0.00000000	96.00000000
2637300.00000000	0.00000000	0.00000000	96.00000000
2637600.00000000	0.00000000	0.00000000	96.00000000
2637900.00000000	0.00000000	0.00000000	96.00000000
2638200.00000000	0.00000000	0.00000000	96.00000000
2638500.00000000	0.00000000	0.00000000	96.00000000
2638800.00000000	0.00000000	0.00000000	96.00000000
2639100.00000000	0.00000000	0.00000000	96.00000000
2639400.00000000	0.00000000	0.00000000	96.00000000
2639700.00000000	0.00000000	0.00000000	96.00000000
2640000.00000000	0.00000000	0.00000000	96.00000000
2640300.00000000	0.00000000	0.00000000	96.00000000
2640600.00000000	0.00000000	0.00000000	96.00000000
2640900.00000000	0.00000000	0.00000000	96.00000000
2641200.00000000	0.00000000	0.00000000	96.00000000
2641500.00000000	0.00000000	0.00000000	96.00000000
2641800.00000000	0.00000000	0.00000000	96.00000000
2642100.00000000	0.00000000	0.00000000	96.00000000
2642400.00000000	0.00000000	0.00000000	96.00000000
2642700.00000000	0.00000000	0.00000000	96.00000000
2643000.00000000	0.00000000	0.00000000	96.00000000
2643300.00000000	0.00000000	0.00000000	96.00000000
2643600.00000000	0.00000000	0.00000000	96.00000000
2643900.00000000	0.00000000	0.00000000	96.00000000
2644200.00000000	0.00000000	0.00000000	96.00000000
2644500.00000000	0.00000000	0.00000000	96.00000000
2644800.00000000	0.00000000	0.00000000	96.00000000
2645100.00000000	0.00000000	0.00000000	96.00000000
2645400.00000000	0.00000000	0.00000000	96.00000000
2645700.00000000	0.00000000	0.00000000	96.00000000
2646000.00000000	0.00000000	0.00000000	96.00000000
2646300.00000000	0.00000000	0.00000000	96.00000000
2646600.00000000	0.00000000	0.00000000	96.00000000
2646900.00000000	0.00000000	0.00000000	96.00000000
2647200.00000000	0.00000000	0.00000000	96.00000000
2647500.00000000	0.00000000	0.00000000	96.00000000
2647800.00000000	0.00000000	0.00000000	96.00000000
2648100.00000000	0.00000000	0.00000000	96.00000000
2648400.00000000	0.00000000	0.00000000	96.00000000
2648700.00000000	0.00000000	0.00000000	96.00000000
2649000.00000000	0.00000000	0.00000000	96.00000000
2649300.00000000	0.00000000	0.00000000	96.00000000
2649600.00000000	0.00000000	0.00000000	96.00000000
2649900.00000000	0.00000000	0.00000000	96.00000000
2650200.00000000	0.00000000	0.00000000	96.00000000
2650500.00000000	0.00000000	0.00000000	96.00000000
2650800.00000000	0.00000000	0.00000000	96.00000000
2651100.00000000	0.00000000	0.00000000	96.00000000
2651400.00000000	0.00000000	0.00000000	96.00000000
2651700.00000000	0.00000000	0.00000000	96.00000000
2652000.00000000	0.00000000	0.00000000	96.00000000
2652300.00000000	0.00000000	0.00000000	96.00000000
2652600.00000000	0.00000000	0.00000000	96.00000000
2652900.00000000	0.00000000	0.00000000	96.00000000
2653200.00000000	0.00000000	0.00000000	96.00000000
2653500.00000000	0.00000000	0.00000000	96.00000000
2653800.00000000	0.00000000	0.00000000	96.00000000
2654100.00000000	0.00000000	0.00000000	96.00000000
2654400.00000000	0.00000000	0.00000000	96.00000000
2654700.00000000	0.00000000	0.00000000	96.00000000
2655000.00000000	0.00000000	0.00000000	96.00000000
2655300.00000000	0.00000000	0.00000000	96.00000000
2655600.00000000	0.00000000	0.00000000	96.00000000
2655900.00000000	0.00000000	0.00000000	96.00000000
2656200.00000000	0.00000000	0.00000000	96.00000000
2656500.00000000	0.00000000	0.00000000	96.00000000
2656800.00000000	0.00000000	0.00000000	96.00000000
2657100.00000000	0.00000000	0.00000000	96.00000000
2657400.00000000	0.00000000	0.00000000	96.00000000
2657700.00000000	0.00000000	0.00000000	96.00000000
2658000.00000000	0.00000000	0.00000000	96.00000000
2658300.00000000	0.00000000	0.00000000	96.00000000
2658600.00000000	0.00000000	0.00000000	96.00000000
2658900.00000000	0.00000000	0.00000000	96.00000000
2659200.00000000	0.00000000	0.00000000	96.00000000
2659500.00000000	0.00000000	0.00000000	96.00000000
2659800.00000000	0.00000000	0.00000000	96.00000000
2660100.00000000	0.00000000	0.00000000	96.00000000
2660400.00000000	0.00000000	0.00000000	96.00000000
2660700.00000000	0.00000000	0.00000000	96.00000000
2661000.00000000	0.00000000	0.00000000	96.00000000
2661300.00000000	0.00000000	0.00000000	96.00000000
2661600.00000000	0.00000000	0.00000000	96.00000000
2661900.00000000	0.00000000	0.00000000	96.00000000
2662200.00000000	0.00000000	0.00000000	96.00000000
2662500.00000000	0.00000000	0.00000000	96.00000000
2662800.00000000	0.00000000	0.00000000	96.00000000
2663100.00000000	0.00000000	0.00000000	96.00000000
2663400.00000000	0.00000000	0.00000000	96.00000000
2663700.00000000	0.00000000	0.00000000	96.00000000
2664000.00000000	0.00000000	0.00000000	96.00000000
2664300.00000000	0.00000000	0.00000000	96.00000000
2664600.00000000	0.00000000	0.00000000	96.00000000
2664900.00000000	0.00000000	0.00000000	96.00000000
2665200.00000000	0.00000000	0.00000000	96.00000000
2665500.00000000	0.00000000	0.00000000	96.00000000
2665800.00000000	0.00000000	0.00000000	96.00000000
2666100.00000000	0.00000000	0.00000000	96.00000000
2666400.00000000	0.00000000	0.00000000	96.00000000
2666700.00000000	0.00000000	0.00000000	96.00000000
2667000.00000000	0.00000000	0.00000000	96.00000000
2667300.00000000	0.00000000	0.00000000	96.00000000
2667600.00000000	0.00000000	0.00000000	96.00000000
2667900.00000000	0.00000000	0.00000000	96.00000000
2668200.00000000	0.00000000	0.00000000	96.00000000
2668500.00000000	0.00000000	0.00000000	96.00000000
2668800.00000000	0.00000000	0.00000000	96.00000000
2669100.00000000	0.00000000	0.00000000	96.00000000
2669400.00000000	0.00000000	0.00000000	96.00000000
2669700.00000000	0.00000000	0.00000000	96.00000000
2670000.00000000	0.00000000	0.00000000	96.00000000
2670300.00000000	0.00000000	0.00000000	96.00000000
2670600.00000000	0.00000000	0.00000000	96.00000000
2670900.00000000	0.00000000	0.00000000	96.00000000
2671200.00000000	0.00000000	0.00000000	96.00000000
2671500.00000000	0.00000000	0.00000000	96.00000000
2671800.00000000	0.00000000	0.00000000	96.00000000
2672100.00000000	0.00000000	0.00000000	96.00000000
2672400.00000000	0.00000000	0.00000000	96.00000000
2672700.00000000	0.00000000	0.00000000	96.00000000
2673000.00000000	0.00000000	0.00000000	96.00000000
2673300.00000000	0.00000000	0.00000000	96.00000000
2673600.00000000	0.00000000	0.00000000	96.00000000
2673900.00000000	0.00000000	0.00000000	96.00000000
2674200.00000000	0.00000000	0.00000000	96.00000000
2674500.00000000	0.00000000	0.00000000	96.00000000
2674800.00000000	0.00000000	0.00000000	96.00000000
2675100.00000000	0.00000000	0.00000000	96.00000000
2675400.00000000	0.00000000	0.00000000	96.00000000
2675700.00000000	0.00000000	0.00000000	96.00000000
2676000.00000000	0.00000000	0.00000000	96.00000000
2676300.00000000	0.00000000	0.00000000	96.00000000
2676600.00000000	0.00000000	0.00000000	96.00000000
2676900.00000000	0.00000000	0.00000000	96.00000000
2677200.00000000	0.00000000	0.00000000	96.00000000
2677500.00000000	0.00000000	0.00000000	96.00000000
2677800.00000000	0.00000000	0.00000000	96.00000000
2678100.00000000	0.00000000	0.00000000	96.00000000
2678400.00000000	0.00000000	0.00000000	96.00000000
2678700.00000000	0.00000000	0.00000000	96.00000000
2679000.00000000	0.00000000	0.00000000	96.00000000
2679300.00000000	0.00000000	0.00000000	96.00000000
2679600.00000000	0.00000000	0.00000000	96.00000000
2679900.00000000	0.00000000	0.00000000	96.00000000
2680200.00000000	0.00000000	0.00000000	96.00000000
2680500.00000000	0.00000000	0.00000000	96.00000000
2680800.00000000	0.00000000	0.00000000	96.00000000
2681100.00000000	0.00000000	0.00000000	96.00000000
2681400.00000000	0.00000000	0.00000000	96.00000000
2681700.00000000	0.00000000	0.00000000	96.00000000
2682000.00000000	0.00000000	0.00000000	96.00000000
2682300.00000000	0.00000000	0.00000000	96.00000000
2682600.00000000	0.00000000	0.00000000	96.00000000
2682900.00000000	0.00000000	0.00000000	96.00000000
2683200.00000000	0.00000000	0.00000000	96.00000000
2683500.00000000	0.00000000	0.00000000	96.00000000
2683800.00000000	0.00000000	0.00000000	96.00000000
2684100.00000000	0.00000000	0.00000000	96.00000000
2684400.00000000	0.00000000	0.00000000	96.00000000
2684700.00000000	0.00000000	0.00000000	96.00000000
2685000.00000000	0.00000000	0.00000000	96.00000000
2685300.00000000	0.00000000	0.00000000	96.00000000
2685600.00000000	0.00000000	0.00000000	96.00000000
2685900.00000000	0.00000000	0.00000000	96.00000000
2686200.00000000	0.00000000	0.00000000	96.00000000
2686500.00000000	0.00000000	0.00000000	96.00000000
2686800.00000000	0.00000000	0.00000000	96.00000000
2687100.00000000	0.00000000	0.00000000	96.00000000
2687400.00000000	0.00000000	0.00000000	96.00000000
2687700.00000000	0.00000000	0.00000000	96.00000000
2688000.00000000	0.00000000	0.00000000	96.00000000
2688300.00000000	0.00000000	0.00000000	96.00000000
2688600.00000000	0.00000000	0.00000000	96.00000000
2688900.00000000	0.00000000	0.00000000	96.00000000
2689200.00000000	0.00000000	0.00000000	96.00000000
2689500.00000000	0.00000000	0.00000000	96.00000000
2689800.00000000	0.00000000	0.00000000	96.00000000
2690100.00000000	0.00000000	0.00000000	96.00000000
2690400.00000000	0.00000000	0.00000000	96.00000000
2690700.00000000	0.00000000	0.00000000	96.00000000
2691000.00000000	0.00000000	0.00000000	96.00000000
2691300.00000000	0.00000000	0.00000000	96.00000000
2691600.00000000	0.00000000	0.00000000	96.00000000
2691900.00000000	0.00000000	0.00000000	96.00000000
2692200.00000000	0.00000000	0.00000000	96.00000000
2692500.00000000	0.00000000	0.00000000	96.00000000
2692800.00000000	0.00000000	0.00000000	96.00000000
2693100.00000000	0.00000000	0.00000000	96.00000000
2693400.00000000	0.00000000	0.00000000	96.00000000
2693700.00000000	0.00000000	0.00000000	96.00000000
2694000.00000000	0.00000000	0.00000000	96.00000000
2694300.00000000	0.00000000	0.00000000	96.00000000
2694600.00000000	0.00000000	0.00000000	96.00000000
2694900.00000000	0.00000000	0.00000000	96.00000000
2695200.00000000	0.00000000	0.00000000	96.00000000
2695500.00000000	0.00000000	0.00000000	96.00000000
2695800.00000000	0.00000000	0.00000000	96.00000000
2696100.00000000	0.00000000	0.00000000	96.00000000
2696400.00000000	0.00000000	0.00000000	96.00000000
2696700.00000000	0.00000000	0.00000000	96.00000000
2697000.00000000	0.00000000	0.00000000	96.00000000
2697300.00000000	0.00000000	0.00000000	96.00000000
2697600.00000000	0.00000000	0.00000000	96.00000000
2697900.00000000	0.00000000	0.00000000	96.00000000
2698200.00000000	0.00000000	0.00000000	96.00000000
2698500.00000000	0.00000000	0.00000000	96.00000000
2698800.00000000	0.00000000	0.00000000	96.00000000
2699100.00000000	0.00000000	0.00000000	96.00000000
2699400.00000000	0.00000000	0.00000000	96.00000000
2699700.00000000	0.00000000	0.00000000	96.00000000
2700000.00000000	0.00000000	0.00000000	96.00000000
2700300.00000000	0.00000000	0.00000000	96.00000000
2700600.00000000	0.00000000	0.00000000	96.00000000
2700900.00000000	0.00000000	0.00000000	96.00000000
2701200.00000000	0.00000000	0.00000000	96.00000000
2701500.00000000	0.00000000	0.00000000	96.00000000
2701800.00000000	0.00000000	0.00000000	96.00000000
2702100.00000000	0.00000000	0.00000000	96.00000000
2702400.00000000	0.00000000	0.00000000	96.00000000
2702700.00000000	0.00000000	0.00000000	96.00000000
2703000.00000000	0.00000000	0.00000000	96.00000000
2703300.00000000	0.00000000	0.00000000	96.00000000
2703600.00000000	0.00000000	0.00000000	96.00000000
2703900.00000000	0.00000000	0.00000000	96.00000000
2704200.00000000	0.00000000	0.00000000	96.00000000
2704500.00000000	0.00000000	0.00000000	96.00000000
2704800.00000000	0.00000000	0.00000000	96.00000000
2705100.00000000	0.00000000	0.00000000	96.00000000
2705400.00000000	0.00000000	0.00000000	96.00000000
2705700.00000000	0.00000000	0.00000000	96.00000000
2706000.00000000	0.00000000	0.00000000	96.00000000
2706300.00000000	0.00000000	0.00000000	96.00000000
2706600.00000000	0.00000000	0.00000000	96.00000000
2706900.00000000	0.00000000	0.00000000	96.00000000
2707200.00000000	0.00000000	0.00000000	96.00000000
2707500.00000000	0.00000000	0.00000000	96.00000000
2707800.00000000	0.00000000	0.00000000	96.00000000
2708100.00000000	0.00000000	0.00000000	96.00000000
2708400.00000000	0.00000000	0.00000000	96.00000000
2708700.00000000	0.00000000	0.00000000	96.00000000
2709000.00000000	0.00000000	0.00000000	96.00000000
2709300.00000000	0.00000000	0.00000000	96.00000000
2709600.00000000	0.00000000	0.00000000	96.00000000
2709900.00000000	0.00000000	0.00000000	96.00000000
2710200.00000000	0.00000000	0.00000000	96.00000000
2710500.00000000	0.00000000	0.00000000	96.00000000
2710800.00000000	0.00000000	0.00000000	96.00000000
2711100.00000000	0.00000000	0.00000000	96.00000000
2711400.00000000	0.00000000	0.00000000	96.00000000
2711700.00000000	0.00000000	0.00000000	96.00000000
2712000.00000000	0.00000000	0.00000000	96.00000000
2712300.00000000	0.00000000	0.00000000	96.00000000
2712600.00000000	0.00000000	0.00000000	96.00000000
2712900.00000000	0.00000000	0.00000000	96.00000000
2713200.00000000	0.00000000	0.00000000	96.00000000
2713500.00000000	0.00000000	0.00000000	96.00000000
2713800.00000000	0.00000000	0.00000000	96.00000000
2714100.00000000	0.00000000	0.00000000	96.00000000
2714400.00000000	0.00000000	0.00000000	96.00000000
2714700.00000000	0.00000000	0.00000000	96.00000000
2715000.00000000	0.00000000	0.00000000	96.00000000
2715300.00000000	0.00000000	0.00000000	96.00000000
2715600.00000000	0.00000000	0.00000000	96.00000000
2715900.00000000	0.00000000	0.00000000	96.00000000
2716200.00000000	0.00000000	0.00000000	96.00000000
2716500.00000000	0.00000000	0.00000000	96.00000000
2716800.00000000	0.00000000	0.00000000	96.00000000
2717100.00000000	0.00000000	0.00000000	96.00000000
2717400.00000000	0.00000000	0.00000000	96.00000000
2717700.00000000	0.00000000	0.00000000	96.00000000
2718000.00000000	0.00000000	0.00000000	96.00000000
2718300.00000000	0.00000000	0.00000000	96.00000000
2718600.00000000	0.00000000	0.00000000	96.00000000
2718900.00000000	0.00000000	0.00000000	96.00000000
2719200.00000000	0.00000000	0.00000000	96.00000000
2719500.00000000	0.00000000	0.00000000	96.00000000
2719800.00000000	0.00000000	0.00000000	96.00000000
2720100.00000000	0.00000000	0.00000000	96.00000000
2720400.00000000	0.00000000	0.00000000	96.00000000
2720700.00000000	0.00000000	0.00000000	96.00000000
2721000.00000000	0.00000000	0.00000000	96.00000000
2721300.00000000	0.00000000	0.00000000	96.00000000
2721600.00000000	0.00000000	0.00000000	96.00000000
2721900.00000000	0.00000000	0.00000000	96.00000000
2722200.00000000	0.00000000	0.00000000	96.00000000
2722500.00000000	0.00000000	0.00000000	96.00000000
2722800.00000000	0.00000000	0.00000000	96.00000000
2723100.00000000	0.00000000	0.00000000	96.00000000
2723400.00000000	0.00000000	0.00000000	96.00000000
2723700.00000000	0.00000000	0.00000000	96.00000000
2724000.00000000	0.00000000	0.00000000	96.00000000
2724300.00000000	0.00000000	0.00000000	96.00000000
2724600.00000000	0.00000000	0.00000000	96.00000000
2724900.00000000	0.00000000	0.00000000	96.00000000
2725200.00000000	0.00000000	0.00000000	96.00000000
2725500.00000000	0.00000000	0.00000000	96.00000000
2725800.00000000	0.00000000	0.00000000	96.00000000
2726100.00000000	0.00000000	0.00000000	96.00000000
2726400.00000000	0.00000000	0.00000000	96.00000000
2726700.00000000	0.00000000	0.00000000	96.00000000
2727000.00000000	0.00000000	0.00000000	96.00000000
2727300.00000000	0.00000000	0.00000000	96.00000000
2727600.00000000	0.00000000	0.00000000	96.00000000
2727900.00000000	0.00000000	0.00000000	96.00000000
2728200.00000000	0.00000000	0.00000000	96.00000000
2728500.00000000	0.00000000	0.00000000	96.00000000
2728800.00000000	0.00000000	0.00000000	96.00000000
2729100.00000000	0.00000000	0.00000000	96.00000000
2729400.00000000	0.00000000	0.00000000	96.00000000
2729700.00000000	0.00000000	0.00000000	96.00000000
2730000.00000000	0.00000000	0.00000000	96.00000000
2730300.00000000	0.00000000	0.00000000	96.00000000
2730600.00000000	0.00000000	0.00000000	96.00000000
2730900.00000000	0.00000000	0.00000000	96.00000000
2731200.00000000	0.00000000	0.00000000	96.00000000
2731500.00000000	0.00000000	0.00000000	96.00000000
2731800.00000000	0.00000000	0.00000000	96.00000000
2732100.00000000	0.00000000	0.00000000	96.00000000
2732400.00000000	0.00000000	0.00000000	96.00000000
2732700.00000000	0.00000000	0.00000000	96.00000000
2733000.00000000	0.00000000	0.00000000	96.00000000
2733300.00000000	0.00000000	0.00000000	96.00000000
2733600.00000000	0.00000000	0.00000000	96.00000000
2733900.00000000	0.00000000	0.00000000	96.00000000
2734200.00000000	0.00000000	0.00000000	96.00000000
2734500.00000000	0.00000000	0.00000000	96.00000000
2734800.00000000	0.00000000	0.00000000	96.00000000
2735100.00000000	0.00000000	0.00000000	96.00000000
2735400.00000000	0.00000000	0.00000000	96.00000000
2735700.00000000	0.00000000	0.00000000	96.00000000
2736000.00000000	0.00000000	0.00000000	96.00000000
2736300.00000000	0.00000000	0.00000000	96.00000000
2736600.00000000	0.00000000	0.00000000	96.00000000
2736900.00000000	0.00000000	0.00000000	96.00000000
2737200.00000000	0.00000000	0.00000000	96.00000000
2737500.00000000	0.00000000	0.00000000	96.00000000
2737800.00000000	0.00000000	0.00000000	96.00000000
2738100.00000000	0.00000000	0.00000000	96.00000000
2738400.00000000	0.00000000	0.00000000	96.00000000
2738700.00000000	0.00000000	0.00000000	96.00000000
2739000.00000000	0.00000000	0.00000000	96.00000000
2739300.00000000	0.00000000	0.00000000	96.00000000
2739600.00000000	0.00000000	0.00000000	96.00000000
2739900.00000000	0.00000000	0.00000000	96.00000000
2740200.00000000	0.00000000	0.00000000	96.00000000
2740500.00000000	0.00000000	0.00000000	96.00000000
2740800.00000000	0.00000000	0.00000000	96.00000000
2741100.00000000	0.00000000	0.00000000	96.00000000
2741400.00000000	0.00000000	0.00000000	96.00000000
2741700.00000000	0.00000000	0.00000000	96.00000000
2742000.00000000	0.00000000	0.00000000	96.00000000
2742300.00000000	0.00000000	0.00000000	96.00000000
2742600.00000000	0.00000000	0.00000000	96.00000000
2742900.00000000	0.00000000	0.00000000	96.00000000
2743200.00000000	0.00000000	0.00000000	96.00000000
2743500.00000000	0.00000000	0.00000000	96.00000000
2743800.00000000	0.00000000	0.00000000	96.00000000
2744100.00000000	0.00000000	0.00000000	96.00000000
2744400.00000000	0.00000000	0.00000000	96.00000000
2744700.00000000	0.00000000	0.00000000	96.00000000
2745000.00000000	0.00000000	0.00000000	96.00000000
2745300.00000000	0.00000000	0.00000000	96.00000000
2745600.00000000	0.00000000	0.00000000	96.00000000
2745900.00000000	0.00000000	0.00000000	96.00000000
2746200.00000000	0.00000000	0.00000000	96.00000000
2746500.00000000	0.00000000	0.00000000	96.00000000
2746800.00000000	0.00000000	0.00000000	96.00000000
2747100.00000000	0.00000000	0.00000000	96.00000000
2747400.00000000	0.00000000	0.00000000	96.00000000
2747700.00000000	0.00000000	0.00000000	96.00000000
2748000.00000000	0.00000000	0.00000000	96.00000000
2748300.00000000	0.00000000	0.00000000	96.00000000
2748600.00000000	0.00000000	0.00000000	96.00000000
2748900.00000000	0.00000000	0.00000000	96.00000000
2749200.00000000	0.00000000	0.00000000	96.00000000
2749500.00000000	0.00000000	0.00000000	96.00000000
2749800.00000000	0.00000000	0.00000000	96.00000000
2750100.00000000	0.00000000	0.00000000	96.00000000
2750400.00000000	0.00000000	0.00000000	96.00000000
2750700.00000000	0.00000000	0.00000000	96.00000000
2751000.00000000	0.00000000	0.00000000	96.00000000
2751300.00000000	0.00000000	0.00000000	96.00000000
2751600.00000000	0.00000000	0.00000000	96.00000000
2751900.00000000	0.00000000	0.00000000	96.00000000
2752200.00000000	0.00000000	0.00000000	96.00000000
2752500.00000000	0.00000000	0.00000000	96.00000000
2752800.00000000	0.00000000	0.00000000	96.00000000
2753100.00000000	0.00000000	0.00000000	96.00000000
2753400.00000000	0.00000000	0.00000000	96.00000000
2753700.00000000	0.00000000	0.00000000	96.00000000
2754000.00000000	0.00000000	0.00000000	96.00000000
2754300.00000000	0.00000000	0.00000000	96.00000000
2754600.00000000	0.00000000	0.00000000	96.00000000
2754900.00000000	0.00000000	0.00000000	96.00000000
2755200.00000000	0.00000000	0.00000000	96.00000000
2755500.00000000	0.00000000	0.00000000	96.00000000
2755800.00000000	0.00000000	0.00000000	96.00000000
2756100.00000000	0.00000000	0.00000000	96.00000000
2756400.00000000	0.00000000	0.00000000	96.00000000
2756700.00000000	0.00000000	0.00000000	96.00000000
2757000.00000000	0.00000000	0.00000000	96.00000000
2757300.00000000	0.00000000	0.00000000	96.00000000
2757600.00000000	0.00000000	0.00000000	96.00000000
2757900.00000000	0.00000000	0.00000000	96.00000000
2758200.00000000	0.00000000	0.00000000	96.00000000
2758500.00000000	0.00000000	0.00000000	96.00000000
2758800.00000000	0.00000000	0.00000000	96.00000000
2759100.00000000	0.00000000	0.00000000	96.00000000
2759400.00000000	0.00000000	0.00000000	96.00000000
2759700.00000000	0.00000000	0.00000000	96.00000000
2760000.00000000	0.00000000	0.00000000	96.00000000
2760300.00000000	0.00000000	0.00000000	96.00000000
2760600.00000000	0.00000000	0.00000000	96.00000000
2760900.00000000	0.00000000	0.00000000	96.00000000
2761200.00000000	0.00000000	0.00000000	96.00000000
2761500.00000000	0.00000000	0.00000000	96.00000000
2761800.00000000	0.00000000	0.00000000	96.00000000
2762100.00000000	0.00000000	0.00000000	96.00000000
2762400.00000000	0.00000000	0.00000000	96.00000000
2762700.00000000	0.00000000	0.00000000	96.00000000
2763000.00000000	0.00000000	0.00000000	96.00000000
2763300.00000000	0.00000000	0.00000000	96.00000000
2763600.00000000	0.00000000	0.00000000	96.00000000
2763900.00000000	0.00000000	0.00000000	96.00000000
2764200.00000000	0.00000000	0.00000000	96.00000000
2764500.00000000	0.00000000	0.00000000	96.00000000
2764800.00000000	142.20000000	492.00000000	96.00000000
2765100.00000000	0.00000000	0.00000000	96.00000000
2765400.00000000	0.00000000	0.00000000	96.00000000
2765700.00000000	0.00000000	0.00000000	96.00000000
2766000.00000000	0.00000000	0.00000000	96.00000000
2766300.00000000	0.00000000	0.00000000	96.00000000
2766600.00000000	0.00000000	0.00000000	96.00000000
2766900.00000000	0.00000000	0.00000000	96.00000000
2767200.00000000	0.00000000	0.00000000	96.00000000
2767500.00000000	0.00000000	0.00000000	96.00000000
2767800.00000000	0.00000000	0.00000000	96.00000000
2768100.00000000	0.00000000	0.00000000	96.00000000
2768400.00000000	0.00000000	0.00000000	96.00000000
2768700.00000000	0.00000000	0.00000000	96.00000000
2769000.00000000	0.00000000	0.00000000	96.00000000
2769300.00000000	0.00000000	0.00000000	96.00000000
2769600.00000000	0.00000000	0.00000000	96.00000000
2769900.00000000	0.00000000	0.00000000	96.00000000
2770200.00000000	0.00000000	0.00000000	96.00000000
2770500.00000000	0.00000000	0.00000000	96.00000000
2770800.00000000	0.00000000	0.00000000	96.00000000
2771100.00000000	0.00000000	0.00000000	96.00000000
2771400.00000000	0.00000000	0.00000000	96.00000000
2771700.00000000	0.00000000	0.00000000	96.00000000
2772000.00000000	0.00000000	0.00000000	96.00000000
2772300.00000000	0.00000000	0.00000000	96.00000000
2772600.00000000	0.00000000	0.00000000	96.00000000
2772900.00000000	0.00000000	0.00000000	96.00000000
2773200.00000000	0.00000000	0.00000000	96.00000000
2773500.00000000	0.00000000	0.00000000	96.00000000
2773800.00000000	0.00000000	0.00000000	96.00000000
2774100.00000000	0.00000000	0.00000000	96.00000000
2774400.00000000	0.00000000	0.00000000	96.00000000
2774700.00000000	0.00000000	0.00000000	96.00000000
2775000.00000000	0.00000000	0.00000000	96.00000000
2775300.00000000	0.00000000	0.00000000	96.00000000
2775600.00000000	0.00000000	0.00000000	96.00000000
2775900.00000000	0.00000000	0.00000000	96.00000000
2776200.00000000	0.00000000	0.00000000	96.00000000
2776500.00000000	0.00000000	0.00000000	96.00000000
2776800.00000000	0.00000000	0.00000000	96.00000000
2777100.00000000	0.00000000	0.00000000	96.00000000
2777400.00000000	0.00000000	0.00000000	96.00000000
2777700.00000000	0.00000000	0.00000000	96.00000000
2778000.00000000	0.00000000	0.00000000	96.00000000
2778300.00000000	0.00000000	0.00000000	96.00000000
2778600.00000000	0.00000000	0.00000000	96.00000000
2778900.00000000	0.00000000	0.00000000	96.00000000
2779200.00000000	0.00000000	0.00000000	96.00000000
2779500.00000000	0.00000000	0.00000000	96.00000000
2779800.00000000	0.00000000	0.00000000	96.00000000
2780100.00000000	0.00000000	0.00000000	96.00000000
2780400.00000000	0.00000000	0.00000000	96.00000000
2780700.00000000	0.00000000	0.00000000	96.00000000
2781000.00000000	0.00000000	0.00000000	96.00000000
2781300.00000000	0.00000000	0.00000000	96.00000000
2781600.00000000	0.00000000	0.00000000	96.00000000
2781900.00000000	0.00000000	0.00000000	96.00000000
2782200.00000000	0.00000000	0.00000000	96.00000000
2782500.00000000	0.00000000	0.00000000	96.00000000
2782800.00000000	0.00000000	0.00000000	96.00000000
2783100.00000000	0.00000000	0.00000000	96.00000000
2783400.00000000	0.00000000	0.00000000	96.00000000
2783700.00000000	0.00000000	0.00000000	96.00000000
2784000.00000000	0.00000000	0.00000000	96.00000000
2784300.00000000	0.00000000	0.00000000	96.00000000
2784600.00000000	0.00000000	0.00000000	96.00000000
2784900.00000000	0.00000000	0.00000000	96.00000000
2785200.00000000	0.00000000	0.00000000	96.00000000
2785500.00000000	0.00000000	0.00000000	96.00000000
2785800.00000000	0.00000000	0.00000000	96.00000000
2786100.00000000	0.00000000	0.00000000	96.00000000
2786400.00000000	0.00000000	0.00000000	96.00000000
2786700.00000000	0.00000000	0.00000000	96.00000000
2787000.00000000	0.00000000	0.00000000	96.00000000
2787300.00000000	0.00000000	0.00000000	96.00000000
2787600.00000000	0.00000000	0.00000000	96.00000000
2787900.00000000	0.00000000	0.00000000	96.00000000
2788200.00000000	0.00000000	0.00000000	96.00000000
2788500.00000000	0.00000000	0.00000000	96.00000000
2788800.00000000	0.00000000	0.00000000	96.00000000
2789100.00000000	0.00000000	0.00000000	96.00000000
2789400.00000000	0.00000000	0.00000000	96.00000000
2789700.00000000	0.00000000	0.00000000	96.00000000
2790000.00000000	0.00000000	0.00000000	96.00000000
2790300.00000000	0.00000000	0.00000000	96.00000000
2790600.00000000	0.00000000	0.00000000	96.00000000
2790900.00000000	0.00000000	0.00000000	96.00000000
2791200.00000000	0.00000000	0.00000000	96.00000000
2791500.00000000	0.00000000	0.00000000	96.00000000
2791800.00000000	0.00000000	0.00000000	96.00000000
2792100.00000000	0.00000000	0.00000000	96.00000000
2792400.00000000	0.00000000	0.00000000	96.00000000
2792700.00000000	0.00000000	0.00000000	96.00000000
2793000.00000000	0.00000000	0.00000000	96.00000000
2793300.00000000	0.00000000	0.00000000	96.00000000
2793600.00000000	0.00000000	0.00000000	96.00000000
2793900.00000000	0.00000000	0.00000000	96.00000000
2794200.00000000	0.00000000	0.00000000	96.00000000
2794500.00000000	0.00000000	0.00000000	96.00000000
2794800.00000000	0.00000000	0.00000000	96.00000000
2795100.00000000	0.00000000	0.00000000	96.00000000
2795400.00000000	0.00000000	0.00000000	96.00000000
2795700.00000000	0.00000000	0.00000000	96.00000000
2796000.00000000	0.00000000	0.00000000	96.00000000
2796300.00000000	0.00000000	0.00000000	96.00000000
2796600.00000000	0.00000000	0.00000000	96.00000000
2796900.00000000	0.00000000	0.00000000	96.00000000
2797200.00000000	0.00000000	0.00000000	96.00000000
2797500.00000000	0.00000000	0.00000000	96.00000000
2797800.00000000	0.00000000	0.00000000	96.00000000
2798100.00000000	0.00000000	0.00000000	96.00000000
2798400.00000000	0.00000000	0.00000000	96.00000000
2798700.00000000	0.00000000	0.00000000	96.00000000
2799000.00000000	0.00000000	0.00000000	96.00000000
2799300.00000000	0.00000000	0.00000000	96.00000000
2799600.00000000	0.00000000	0.00000000	96.00000000
2799900.00000000	0.00000000	0.00000000	96.00000000
2800200.00000000	0.00000000	0.00000000	96.00000000
2800500.00000000	0.00000000	0.00000000	96.00000000
2800800.00000000	0.00000000	0.00000000	96.00000000
2801100.00000000	0.00000000	0.00000000	96.00000000
2801400.00000000	0.00000000	0.00000000	96.00000000
2801700.00000000	0.00000000	0.00000000	96.00000000
2802000.00000000	0.00000000	0.00000000	96.00000000
2802300.00000000	0.00000000	0.00000000	96.00000000
2802600.00000000	0.00000000	0.00000000	96.00000000
2802900.00000000	0.00000000	0.00000000	96.00000000
2803200.00000000	0.00000000	0.00000000	96.00000000
2803500.00000000	0.00000000	0.00000000	96.00000000
2803800.00000000	0.00000000	0.00000000	96.00000000
2804100.00000000	0.00000000	0.00000000	96.00000000
2804400.00000000	0.00000000	0.00000000	96.00000000
2804700.00000000	0.00000000	0.00000000	96.00000000
2805000.00000000	0.00000000	0.00000000	96.00000000
2805300.00000000	0.00000000	0.00000000	96.00000000
2805600.00000000	0.00000000	0.00000000	96.00000000
2805900.00000000	0.00000000	0.00000000	96.00000000
2806200.00000000	0.00000000	0.00000000	96.00000000
2806500.00000000	0.00000000	0.00000000	96.00000000
2806800.00000000	0.00000000	0.00000000	96.00000000
2807100.00000000	0.00000000	0.00000000	96.00000000
2807400.00000000	0.00000000	0.00000000	96.00000000
2807700.00000000	0.00000000	0.00000000	96.00000000
2808000.00000000	0.00000000	0.00000000	96.00000000
2808300.00000000	0.00000000	0.00000000	96.00000000
2808600.00000000	0.00000000	0.00000000	96.00000000
2808900.00000000	0.00000000	0.00000000	96.00000000
2809200.00000000	0.00000000	0.00000000	96.00000000
2809500.00000000	0.00000000	0.00000000	96.00000000
2809800.00000000	0.00000000	0.00000000	96.00000000
2810100.00000000	0.00000000	0.00000000	96.00000000
2810400.00000000	0.00000000	0.00000000	96.00000000
2810700.00000000	0.00000000	0.00000000	96.00000000
2811000.00000000	0.00000000	0.00000000	96.00000000
2811300.00000000	0.00000000	0.00000000	96.00000000
2811600.00000000	0.00000000	0.00000000	96.00000000
2811900.00000000	0.00000000	0.00000000	96.00000000
2812200.00000000	0.00000000	0.00000000	96.00000000
2812500.00000000	0.00000000	0.00000000	96.00000000
2812800.00000000	0.00000000	0.00000000	96.00000000
2813100.00000000	0.00000000	0.00000000	96.00000000
2813400.00000000	0.00000000	0.00000000	96.00000000
2813700.00000000	0.00000000	0.00000000	96.00000000
2814000.00000000	0.00000000	0.00000000	96.00000000
2814300.00000000	0.00000000	0.00000000	96.00000000
2814600.00000000	0.00000000	0.00000000	96.00000000
2814900.00000000	0.00000000	0.00000000	96.00000000
2815200.00000000	0.00000000	0.00000000	96.00000000
2815500.00000000	0.00000000	0.00000000	96.00000000
2815800.00000000	0.00000000	0.00000000	96.00000000
2816100.00000000	0.00000000	0.00000000	96.00000000
2816400.00000000	0.00000000	0.00000000	96.00000000
2816700.00000000	0.00000000	0.00000000	96.00000000
2817000.00000000	0.00000000	0.00000000	96.00000000
2817300.00000000	0.00000000	0.00000000	96.00000000
2817600.00000000	0.00000000	0.00000000	96.00000000
2817900.00000000	0.00000000	0.00000000	96.00000000
2818200.00000000	0.00000000	0.00000000	96.00000000
2818500.00000000	0.00000000	0.00000000	96.00000000
2818800.00000000	0.00000000	0.00000000	96.00000000
2819100.00000000	0.00000000	0.00000000	96.00000000
2819400.00000000	0.00000000	0.00000000	96.00000000
2819700.00000000	0.00000000	0.00000000	96.00000000
2820000.00000000	0.00000000	0.00000000	96.00000000
2820300.00000000	0.00000000	0.00000000	96.00000000
2820600.00000000	0.00000000	0.00000000	96.00000000
2820900.00000000	0.00000000	0.00000000	96.00000000
2821200.00000000	0.00000000	0.00000000	96.00000000
2821500.00000000	0.00000000	0.00000000	96.00000000
2821800.00000000	0.00000000	0.00000000	96.00000000
2822100.00000000	0.00000000	0.00000000	96.00000000
2822400.00000000	0.00000000	0.00000000	96.00000000
2822700.00000000	0.00000000	0.00000000	96.00000000
2823000.00000000	0.00000000	0.00000000	96.00000000
2823300.00000000	0.00000000	0.00000000	96.00000000
2823600.00000000	0.00000000	0.00000000	96.00000000
2823900.00000000	0.00000000	0.00000000	96.00000000
2824200.00000000	0.00000000	0.00000000	96.00000000
2824500.00000000	0.00000000	0.00000000	96.00000000
2824800.00000000	0.00000000	0.00000000	96.00000000
2825100.00000000	0.00000000	0.00000000	96.00000000
2825400.00000000	0.00000000	0.00000000	96.00000000
2825700.00000000	0.00000000	0.00000000	96.00000000
2826000.00000000	0.00000000	0.00000000	96.00000000
2826300.00000000	0.00000000	0.00000000	96.00000000
2826600.00000000	0.00000000	0.00000000	96.00000000
2826900.00000000	0.00000000	0.00000000	96.00000000
2827200.00000000	0.00000000	0.00000000	96.00000000
2827500.00000000	0.00000000	0.00000000	96.00000000
2827800.00000000	0.00000000	0.00000000	96.00000000
2828100.00000000	0.00000000	0.00000000	96.00000000
2828400.00000000	0.00000000	0.00000000	96.00000000
2828700.00000000	0.00000000	0.00000000	96.00000000
2829000.00000000	0.00000000	0.00000000	96.00000000
2829300.00000000	0.00000000	0.00000000	96.00000000
2829600.00000000	0.00000000	0.00000000	96.00000000
2829900.00000000	0.00000000	0.00000000	96.00000000
2830200.00000000	0.00000000	0.00000000	96.00000000
2830500.00000000	0.00000000	0.00000000	96.00000000
2830800.00000000	0.00000000	0.00000000	96.00000000
2831100.00000000	0.00000000	0.00000000	96.00000000
2831400.00000000	0.00000000	0.00000000	96.00000000
2831700.00000000	0.00000000	0.00000000	96.00000000
2832000.00000000	0.00000000	0.00000000	96.00000000
2832300.00000000	0.00000000	0.00000000	96.00000000
2832600.00000000	0.00000000	0.00000000	96.00000000
2832900.00000000	0.00000000	0.00000000	96.00000000
2833200.00000000	0.00000000	0.00000000	96.00000000
2833500.00000000	0.00000000	0.00000000	96.00000000
2833800.00000000	0.00000000	0.00000000	96.00000000
2834100.00000000	0.00000000	0.00000000	96.00000000
2834400.00000000	0.00000000	0.00000000	96.00000000
2834700.00000000	0.00000000	0.00000000	96.00000000
2835000.00000000	0.00000000	0.00000000	96.00000000
2835300.00000000	0.00000000	0.00000000	96.00000000
2835600.00000000	0.00000000	0.00000000	96.00000000
2835900.00000000	0.00000000	0.00000000	96.00000000
2836200.00000000	0.00000000	0.00000000	96.00000000
2836500.00000000	0.00000000	0.00000000	96.00000000
2836800.00000000	0.00000000	0.00000000	96.00000000
2837100.00000000	0.00000000	0.00000000	96.00000000
2837400.00000000	0.00000000	0.00000000	96.00000000
2837700.00000000	0.00000000	0.00000000	96.00000000
2838000.00000000	0.00000000	0.00000000	96.00000000
2838300.00000000	0.00000000	0.00000000	96.00000000
2838600.00000000	0.00000000	0.00000000	96.00000000
2838900.00000000	0.00000000	0.00000000	96.00000000
2839200.00000000	0.00000000	0.00000000	96.00000000
2839500.00000000	0.00000000	0.00000000	96.00000000
2839800.00000000	0.00000000	0.00000000	96.00000000
2840100.00000000	0.00000000	0.00000000	96.00000000
2840400.00000000	0.00000000	0.00000000	96.00000000
2840700.00000000	0.00000000	0.00000000	96.00000000
2841000.00000000	0.00000000	0.00000000	96.00000000
2841300.00000000	0.00000000	0.00000000	96.00000000
2841600.00000000	0.00000000	0.00000000	96.00000000
2841900.00000000	0.00000000	0.00000000	96.00000000
2842200.00000000	0.00000000	0.00000000	96.00000000
2842500.00000000	0.00000000	0.00000000	96.00000000
2842800.00000000	0.00000000	0.00000000	96.00000000
2843100.00000000	0.00000000	0.00000000	96.00000000
2843400.00000000	0.00000000	0.00000000	96.00000000
2843700.00000000	0.00000000	0.00000000	96.00000000
2844000.00000000	0.00000000	0.00000000	96.00000000
2844300.00000000	0.00000000	0.00000000	96.00000000
2844600.00000000	0.00000000	0.00000000	96.00000000
2844900.00000000	0.00000000	0.00000000	96.00000000
2845200.00000000	0.00000000	0.00000000	96.00000000
2845500.00000000	0.00000000	0.00000000	96.00000000
2845800.00000000	0.00000000	0.00000000	96.00000000
2846100.00000000	0.00000000	0.00000000	96.00000000
2846400.00000000	0.00000000	0.00000000	96.00000000
2846700.00000000	0.00000000	0.00000000	96.00000000
2847000.00000000	0.00000000	0.00000000	96.00000000
2847300.00000000	0.00000000	0.00000000	96.00000000
2847600.00000000	0.00000000	0.00000000	96.00000000
2847900.00000000	0.00000000	0.00000000	96.00000000
2848200.00000000	0.00000000	0.00000000	96.00000000
2848500.00000000	0.00000000	0.00000000	96.00000000
2848800.00000000	0.00000000	0.00000000	96.00000000
2849100.00000000	0.00000000	0.00000000	96.00000000
2849400.00000000	0.00000000	0.00000000	96.00000000
2849700.00000000	0.00000000	0.00000000	96.00000000
2850000.00000000	0.00000000	0.00000000	96.00000000
2850300.00000000	0.00000000	0.00000000	96.00000000
2850600.00000000	0.00000000	0.00000000	96.00000000
2850900.00000000	0.00000000	0.00000000	96.00000000
2851200.00000000	0.00000000	0.00000000	96.00000000
2851500.00000000	0.00000000	0.00000000	96.00000000
2851800.00000000	0.00000000	0.00000000	96.00000000
2852100.00000000	0.00000000	0.00000000	96.00000000
2852400.00000000	0.00000000	0.00000000	96.00000000
2852700.00000000	0.00000000	0.00000000	96.00000000
2853000.00000000	0.00000000	0.00000000	96.00000000
2853300.00000000	0.00000000	0.00000000	96.00000000
2853600.00000000	0.00000000	0.00000000	96.00000000
2853900.00000000	0.00000000	0.00000000	96.00000000
2854200.00000000	0.00000000	0.00000000	96.00000000
2854500.00000000	0.00000000	0.00000000	96.00000000
2854800.00000000	0.00000000	0.00000000	96.00000000
2855100.00000000	0.00000000	0.00000000	96.00000000
2855400.00000000	0.00000000	0.00000000	96.00000000
2855700.00000000	0.00000000	0.00000000	96.00000000
2856000.00000000	0.00000000	0.00000000	96.00000000
2856300.00000000	0.00000000	0.00000000	96.00000000
2856600.00000000	0.00000000	0.00000000	96.00000000
2856900.00000000	0.00000000	0.00000000	96.00000000
2857200.00000000	0.00000000	0.00000000	96.00000000
2857500.00000000	0.00000000	0.00000000	96.00000000
2857800.00000000	0.00000000	0.00000000	96.00000000
2858100.00000000	0.00000000	0.00000000	96.00000000
2858400.00000000	0.00000000	0.00000000	96.00000000
2858700.00000000	0.00000000	0.00000000	96.00000000
2859000.00000000	0.00000000	0.00000000	96.00000000
2859300.00000000	0.00000000	0.00000000	96.00000000
2859600.00000000	0.00000000	0.00000000	96.00000000
2859900.00000000	0.00000000	0.00000000	96.00000000
2860200.00000000	0.00000000	0.00000000	96.00000000
2860500.00000000	0.00000000	0.00000000	96.00000000
2860800.00000000	0.00000000	0.00000000	96.00000000
2861100.00000000	0.00000000	0.00000000	96.00000000
2861400.00000000	0.00000000	0.00000000	96.00000000
2861700.00000000	0.00000000	0.00000000	96.00000000
2862000.00000000	0.00000000	0.00000000	96.00000000
2862300.00000000	0.00000000	0.00000000	96.00000000
2862600.00000000	0.00000000	0.00000000	96.00000000
2862900.00000000	0.00000000	0.00000000	96.00000000
2863200.00000000	0.00000000	0.00000000	96.00000000
2863500.00000000	0.00000000	0.00000000	96.00000000
2863800.00000000	0.00000000	0.00000000	96.00000000
2864100.00000000	0.00000000	0.00000000	96.00000000
2864400.00000000	0.00000000	0.00000000	96.00000000
2864700.00000000	0.00000000	0.00000000	96.00000000
2865000.00000000	0.00000000	0.00000000	96.00000000
2865300.00000000	0.00000000	0.00000000	96.00000000
2865600.00000000	0.00000000	0.00000000	96.00000000
2865900.00000000	0.00000000	0.00000000	96.00000000
2866200.00000000	0.00000000	0.00000000	96.00000000
2866500.00000000	0.00000000	0.00000000	96.00000000
2866800.00000000	0.00000000	0.00000000	96.00000000
2867100.00000000	0.00000000	0.00000000	96.00000000
2867400.00000000	0.00000000	0.00000000	96.00000000
2867700.00000000	0.00000000	0.00000000	96.00000000
2868000.00000000	0.00000000	0.00000000	96.00000000
2868300.00000000	0.00000000	0.00000000	96.00000000
2868600.00000000	0.00000000	0.00000000	96.00000000
2868900.00000000	0.00000000	0.00000000	96.00000000
2869200.00000000	0.00000000	0.00000000	96.00000000
2869500.00000000	0.00000000	0.00000000	96.00000000
2869800.00000000	0.00000000	0.00000000	96.00000000
2870100.00000000	0.00000000	0.00000000	96.00000000
2870400.00000000	0.00000000	0.00000000	96.00000000
2870700.00000000	0.00000000	0.00000000	96.00000000
2871000.00000000	0.00000000	0.00000000	96.00000000
2871300.00000000	0.00000000	0.00000000	96.00000000
2871600.00000000	0.00000000	0.00000000	96.00000000
2871900.00000000	0.00000000	0.00000000	96.00000000
2872200.00000000	0.00000000	0.00000000	96.00000000
2872500.00000000	0.00000000	0.00000000	96.00000000
2872800.00000000	0.00000000	0.00000000	96.00000000
2873100.00000000	0.00000000	0.00000000	96.00000000
2873400.00000000	0.00000000	0.00000000	96.00000000
2873700.00000000	0.00000000	0.00000000	96.00000000
2874000.00000000	0.00000000	0.00000000	96.00000000
2874300.00000000	0.00000000	0.00000000	96.00000000
2874600.00000000	0.00000000	0.00000000	96.00000000
2874900.00000000	0.00000000	0.00000000	96.00000000
2875200.00000000	0.00000000	0.00000000	96.00000000
2875500.00000000	0.00000000	0.00000000	96.00000000
2875800.00000000	0.00000000	0.00000000	96.00000000
2876100.00000000	0.00000000	0.00000000	96.00000000
2876400.00000000	0.00000000	0.00000000	96.00000000
2876700.00000000	0.00000000	0.00000000	96.00000000
2877000.00000000	0.00000000	0.00000000	96.00000000
2877300.00000000	0.00000000	0.00000000	96.00000000
2877600.00000000	0.00000000	0.00000000	96.00000000
2877900.00000000	0.00000000	0.00000000	96.00000000
2878200.00000000	0.00000000	0.00000000	96.00000000
2878500.00000000	0.00000000	0.00000000	96.00000000
2878800.00000000	0.00000000	0.00000000	96.00000000
2879100.00000000	0.00000000	0.00000000	96.00000000
2879400.00000000	0.00000000	0.00000000	96.00000000
2879700.00000000	0.00000000	0.00000000	96.00000000
2880000.00000000	0.00000000	0.00000000	96.00000000
2880300.00000000	0.00000000	0.00000000	96.00000000
2880600.00000000	0.00000000	0.00000000	96.00000000
2880900.00000000	0.00000000	0.00000000	96.00000000
2881200.00000000	0.00000000	0.00000000	96.00000000
2881500.00000000	0.00000000	0.00000000	96.00000000
2881800.00000000	0.00000000	0.00000000	96.00000000
2882100.00000000	0.00000000	0.00000000	96.00000000
2882400.00000000	0.00000000	0.00000000	96.00000000
2882700.00000000	0.00000000	0.00000000	96.00000000
2883000.00000000	0.00000000	0.00000000	96.00000000
2883300.00000000	0.00000000	0.00000000	96.00000000
2883600.00000000	0.00000000	0.00000000	96.00000000
2883900.00000000	0.00000000	0.00000000	96.00000000
2884200.00000000	0.00000000	0.00000000	96.00000000
2884500.00000000	0.00000000	0.00000000	96.00000000
2884800.00000000	0.00000000	0.00000000	96.00000000
2885100.00000000	0.00000000	0.00000000	96.00000000
2885400.00000000	0.00000000	0.00000000	96.00000000
2885700.00000000	0.00000000	0.00000000	96.00000000
2886000.00000000	0.00000000	0.00000000	96.00000000
2886300.00000000	0.00000000	0.00000000	96.00000000
2886600.00000000	0.00000000	0.00000000	96.00000000
2886900.00000000	0.00000000	0.00000000	96.00000000
2887200.00000000	0.00000000	0.00000000	96.00000000
2887500.00000000	0.00000000	0.00000000	96.00000000
2887800.00000000	0.00000000	0.00000000	96.00000000
2888100.00000000	0.00000000	0.00000000	96.00000000
2888400.00000000	0.00000000	0.00000000	96.00000000
2888700.00000000	0.00000000	0.00000000	96.00000000
2889000.00000000	0.00000000	0.00000000	96.00000000
2889300.00000000	0.00000000	0.00000000	96.00000000
2889600.00000000	0.00000000	0.00000000	96.00000000
2889900.00000000	0.00000000	0.00000000	96.00000000
2890200.00000000	0.00000000	0.00000000	96.00000000
2890500.00000000	0.00000000	0.00000000	96.00000000
2890800.00000000	0.00000000	0.00000000	96.00000000
2891100.00000000	0.00000000	0.00000000	96.00000000
2891400.00000000	0.00000000	0.00000000	96.00000000
2891700.00000000	0.00000000	0.00000000	96.00000000
2892000.00000000	0.00000000	0.00000000	96.00000000
2892300.00000000	0.00000000	0.00000000	96.00000000
2892600.00000000	0.00000000	0.00000000	96.00000000
2892900.00000000	0.00000000	0.00000000	96.00000000
2893200.00000000	0.00000000	0.00000000	96.00000000
2893500.00000000	0.00000000	0.00000000	96.00000000
2893800.00000000	0.00000000	0.00000000	96.00000000
2894100.00000000	0.00000000	0.00000000	96.00000000
2894400.00000000	0.00000000	0.00000000	96.00000000
2894700.00000000	0.00000000	0.00000000	96.00000000
2895000.00000000	0.00000000	0.00000000	96.00000000
2895300.00000000	0.00000000	0.00000000	96.00000000
2895600.00000000	0.00000000	0.00000000	96.00000000
2895900.00000000	0.00000000	0.00000000	96.00000000
2896200.00000000	0.00000000	0.00000000	96.00000000
2896500.00000000	0.00000000	0.00000000	96.00000000
2896800.00000000	0.00000000	0.00000000	96.00000000
2897100.00000000	0.00000000	0.00000000	96.00000000
2897400.00000000	0.00000000	0.00000000	96.00000000
2897700.00000000	0.00000000	0.00000000	96.00000000
2898000.00000000	0.00000000	0.00000000	96.00000000
2898300.00000000	0.00000000	0.00000000	96.00000000
2898600.00000000	0.00000000	0.00000000	96.00000000
2898900.00000000	0.00000000	0.00000000	96.00000000
2899200.00000000	0.00000000	0.00000000	96.00000000
2899500.00000000	0.00000000	0.00000000	96.00000000
2899800.00000000	0.00000000	0.00000000	96.00000000
2900100.00000000	0.00000000	0.00000000	96.00000000
2900400.00000000	0.00000000	0.00000000	96.00000000
2900700.00000000	0.00000000	0.00000000	96.00000000
2901000.00000000	0.00000000	0.00000000	96.00000000
2901300.00000000	0.00000000	0.00000000	96.00000000
2901600.00000000	0.00000000	0.00000000	96.00000000
2901900.00000000	0.00000000	0.00000000	96.00000000
2902200.00000000	0.00000000	0.00000000	96.00000000
2902500.00000000	0.00000000	0.00000000	96.00000000
2902800.00000000	0.00000000	0.00000000	96.00000000
2903100.00000000	0.00000000	0.00000000	96.00000000
2903400.00000000	0.00000000	0.00000000	96.00000000
2903700.00000000	0.00000000	0.00000000	96.00000000
2904000.00000000	0.00000000	0.00000000	96.00000000
2904300.00000000	0.00000000	0.00000000	96.00000000
2904600.00000000	0.00000000	0.00000000	96.00000000
2904900.00000000	0.00000000	0.00000000	96.00000000
2905200.00000000	0.00000000	0.00000000	96.00000000
2905500.00000000	0.00000000	0.00000000	96.00000000
2905800.00000000	0.00000000	0.00000000	96.00000000
2906100.00000000	0.00000000	0.00000000	96.00000000
2906400.00000000	0.00000000	0.00000000	96.00000000
2906700.00000000	0.00000000	0.00000000	96.00000000
2907000.00000000	0.00000000	0.00000000	96.00000000
2907300.00000000	0.00000000	0.00000000	96.00000000
2907600.00000000	0.00000000	0.00000000	96.00000000
2907900.00000000	0.00000000	0.00000000	96.00000000
2908200.00000000	0.00000000	0.00000000	96.00000000
2908500.00000000	0.00000000	0.00000000	96.00000000
2908800.00000000	0.00000000	0.00000000	96.00000000
2909100.00000000	0.00000000	0.00000000	96.00000000
2909400.00000000	0.00000000	0.00000000	96.00000000
2909700.00000000	0.00000000	0.00000000	96.00000000
2910000.00000000	0.00000000	0.00000000	96.00000000
2910300.00000000	0.00000000	0.00000000	96.00000000
2910600.00000000	0.00000000	0.00000000	96.00000000
2910900.00000000	0.00000000	0.00000000	96.00000000
2911200.00000000	0.00000000	0.00000000	96.00000000
2911500.00000000	0.00000000	0.00000000	96.00000000
2911800.00000000	0.00000000	0.00000000	96.00000000
2912100.00000000	0.00000000	0.00000000	96.00000000
2912400.00000000	0.00000000	0.00000000	96.00000000
2912700.00000000	0.00000000	0.00000000	96.00000000
2913000.00000000	0.00000000	0.00000000	96.00000000
2913300.00000000	0.00000000	0.00000000	96.00000000
2913600.00000000	0.00000000	0.00000000	96.00000000
2913900.00000000	0.00000000	0.00000000	96.00000000
2914200.00000000	0.00000000	0.00000000	96.00000000
2914500.00000000	0.00000000	0.00000000	96.00000000
2914800.00000000	0.00000000	0.00000000	96.00000000
2915100.00000000	0.00000000	0.00000000	96.00000000
2915400.00000000	0.00000000	0.00000000	96.00000000
2915700.00000000	0.00000000	0.00000000	96.00000000
2916000.00000000	0.00000000	0.00000000	96.00000000
2916300.00000000	0.00000000	0.00000000	96.00000000
2916600.00000000	0.00000000	0.00000000	96.00000000
2916900.00000000	0.00000000	0.00000000	96.00000000
2917200.00000000	0.00000000	0.00000000	96.00000000
2917500.00000000	0.00000000	0.00000000	96.00000000
2917800.00000000	0.00000000	0.00000000	96.00000000
2918100.00000000	0.00000000	0.00000000	96.00000000
2918400.00000000	0.00000000	0.00000000	96.00000000
2918700.00000000	0.00000000	0.00000000	96.00000000
2919000.00000000	0.00000000	0.00000000	96.00000000
2919300.00000000	0.00000000	0.00000000	96.00000000
2919600.00000000	0.00000000	0.00000000	96.00000000
2919900.00000000	0.00000000	0.00000000	96.00000000
2920200.00000000	0.00000000	0.00000000	96.00000000
2920500.00000000	0.00000000	0.00000000	96.00000000
2920800.00000000	0.00000000	0.00000000	96.00000000
2921100.00000000	0.00000000	0.00000000	96.00000000
2921400.00000000	0.00000000	0.00000000	96.00000000
2921700.00000000	0.00000000	0.00000000	96.00000000
2922000.00000000	0.00000000	0.00000000	96.00000000
2922300.00000000	0.00000000	0.00000000	96.00000000
2922600.00000000	0.00000000	0.00000000	96.00000000
2922900.00000000	0.00000000	0.00000000	96.00000000
2923200.00000000	0.00000000	0.00000000	96.00000000
2923500.00000000	0.00000000	0.00000000	96.00000000
2923800.00000000	0.00000000	0.00000000	96.00000000
2924100.00000000	0.00000000	0.00000000	96.00000000
2924400.00000000	0.00000000	0.00000000	96.00000000
2924700.00000000	0.00000000	0.00000000	96.00000000
2925000.00000000	0.00000000	0.00000000	96.00000000
2925300.00000000	0.00000000	0.00000000	96.00000000
2925600.00000000	0.00000000	0.00000000	96.00000000
2925900.00000000	0.00000000	0.00000000	96.00000000
2926200.00000000	0.00000000	0.00000000	96.00000000
2926500.00000000	0.00000000	0.00000000	96.00000000
2926800.00000000	0.00000000	0.00000000	96.00000000
2927100.00000000	0.00000000	0.00000000	96.00000000
2927400.00000000	0.00000000	0.00000000	96.00000000
2927700.00000000	0.00000000	0.00000000	96.00000000
2928000.00000000	0.00000000	0.00000000	96.00000000
2928300.00000000	0.00000000	0.00000000	96.00000000
2928600.00000000	0.00000000	0.00000000	96.00000000
2928900.00000000	0.00000000	0.00000000	96.00000000
2929200.00000000	0.00000000	0.00000000	96.00000000
2929500.00000000	0.00000000	0.00000000	96.00000000
2929800.00000000	0.00000000	0.00000000	96.00000000
2930100.00000000	0.00000000	0.00000000	96.00000000
2930400.00000000	0.00000000	0.00000000	96.00000000
2930700.00000000	0.00000000	0.00000000	96.00000000
2931000.00000000	0.00000000	0.00000000	96.00000000
2931300.00000000	0.00000000	0.00000000	96.00000000
2931600.00000000	0.00000000	0.00000000	96.00000000
2931900.00000000	0.00000000	0.00000000	96.00000000
2932200.00000000	0.00000000	0.00000000	96.00000000
2932500.00000000	0.00000000	0.00000000	96.00000000
2932800.00000000	0.00000000	0.00000000	96.00000000
2933100.00000000	0.00000000	0.00000000	96.00000000
2933400.00000000	0.00000000	0.00000000	96.00000000
2933700.00000000	0.00000000	0.00000000	96.00000000
2934000.00000000	0.00000000	0.00000000	96.00000000
2934300.00000000	0.00000000	0.00000000	96.00000000
2934600.00000000	0.00000000	0.00000000	96.00000000
2934900.00000000	0.00000000	0.00000000	96.00000000
2935200.00000000	0.00000000	0.00000000	96.00000000
2935500.00000000	0.00000000	0.00000000	96.00000000
2935800.00000000	0.00000000	0.00000000	96.00000000
2936100.00000000	0.00000000	0.00000000	96.00000000
2936400.00000000	0.00000000	0.00000000	96.00000000
2936700.00000000	0.00000000	0.00000000	96.00000000
2937000.00000000	0.00000000	0.00000000	96.00000000
2937300.00000000	0.00000000	0.00000000	96.00000000
2937600.00000000	0.00000000	0.00000000	96.00000000
2937900.00000000	0.00000000	0.00000000	96.00000000
2938200.00000000	0.00000000	0.00000000	96.00000000
2938500.00000000	0.00000000	0.00000000	96.00000000
2938800.00000000	0.00000000	0.00000000	96.00000000
2939100.00000000	0.00000000	0.00000000	96.00000000
2939400.00000000	0.00000000	0.00000000	96.00000000
2939700.00000000	0.00000000	0.00000000	96.00000000
2940000.00000000	0.00000000	0.00000000	96.00000000
2940300.00000000	0.00000000	0.00000000	96.00000000
2940600.00000000	0.00000000	0.00000000	96.00000000
2940900.00000000	0.00000000	0.00000000	96.00000000
2941200.00000000	0.00000000	0.00000000	96.00000000
2941500.00000000	0.00000000	0.00000000	96.00000000
2941800.00000000	0.00000000	0.00000000	96.00000000
2942100.00000000	0.00000000	0.00000000	96.00000000
2942400.00000000	0.00000000	0.00000000	96.00000000
2942700.00000000	0.00000000	0.00000000	96.00000000
2943000.00000000	0.00000000	0.00000000	96.00000000
2943300.00000000	0.00000000	0.00000000	96.00000000
2943600.00000000	0.00000000	0.00000000	96.00000000
2943900.00000000	0.00000000	0.00000000	96.00000000
2944200.00000000	0.00000000	0.00000000	96.00000000
2944500.00000000	0.00000000	0.00000000	96.00000000
2944800.00000000	0.00000000	0.00000000	96.00000000
2945100.00000000	0.00000000	0.00000000	96.00000000
2945400.00000000	0.00000000	0.00000000	96.00000000
2945700.00000000	0.00000000	0.00000000	96.00000000
2946000.00000000	0.00000000	0.00000000	96.00000000
2946300.00000000	0.00000000	0.00000000	96.00000000
2946600.00000000	0.00000000	0.00000000	96.00000000
2946900.00000000	0.00000000	0.00000000	96.00000000
2947200.00000000	0.00000000	0.00000000	96.00000000
2947500.00000000	0.00000000	0.00000000	96.00000000
2947800.00000000	0.00000000	0.00000000	96.00000000
2948100.00000000	0.00000000	0.00000000	96.00000000
2948400.00000000	0.00000000	0.00000000	96.00000000
2948700.00000000	0.00000000	0.00000000	96.00000000
2949000.00000000	0.00000000	0.00000000	96.00000000
2949300.00000000	0.00000000	0.00000000	96.00000000
2949600.00000000	0.00000000	0.00000000	96.00000000
2949900.00000000	0.00000000	0.00000000	96.00000000
2950200.00000000	0.00000000	0.00000000	96.00000000
2950500.00000000	0.00000000	0.00000000	96.00000000
2950800.00000000	0.00000000	0.00000000	96.00000000
2951100.00000000	0.00000000	0.00000000	96.00000000
2951400.00000000	0.00000000	0.00000000	96.00000000
2951700.00000000	0.00000000	0.00000000	96.00000000
2952000.00000000	0.00000000	0.00000000	96.00000000
2952300.00000000	0.00000000	0.00000000	96.00000000
2952600.00000000	0.00000000	0.00000000	96.00000000
2952900.00000000	0.00000000	0.00000000	96.00000000
2953200.00000000	0.00000000	0.00000000	96.00000000
2953500.00000000	0.00000000	0.00000000	96.00000000
2953800.00000000	0.00000000	0.00000000	96.00000000
2954100.00000000	0.00000000	0.00000000	96.00000000
2954400.00000000	0.00000000	0.00000000	96.00000000
2954700.00000000	0.00000000	0.00000000	96.00000000
2955000.00000000	0.00000000	0.00000000	96.00000000
2955300.00000000	0.00000000	0.00000000	96.00000000
2955600.00000000	0.00000000	0.00000000	96.00000000
2955900.00000000	0.00000000	0.00000000	96.00000000
2956200.00000000	0.00000000	0.00000000	96.00000000
2956500.00000000	0.00000000	0.00000000	96.00000000
2956800.00000000	0.00000000	0.00000000	96.00000000
2957100.00000000	0.00000000	0.00000000	96.00000000
2957400.00000000	0.00000000	0.00000000	96.00000000
2957700.00000000	0.00000000	0.00000000	96.00000000
2958000.00000000	0.00000000	0.00000000	96.00000000
2958300.00000000	0.00000000	0.00000000	96.00000000
2958600.00000000	0.00000000	0.00000000	96.00000000
2958900.00000000	0.00000000	0.00000000	96.00000000
2959200.00000000	0.00000000	0.00000000	96.00000000
2959500.00000000	0.00000000	0.00000000	96.00000000
2959800.00000000	0.00000000	0.00000000	96.00000000
2960100.00000000	0.00000000	0.00000000	96.00000000
2960400.00000000	0.00000000	0.00000000	96.00000000
2960700.00000000	0.00000000	0.00000000	96.00000000
2961000.00000000	0.00000000	0.00000000	96.00000000
2961300.00000000	0.00000000	0.00000000	96.00000000
2961600.00000000	0.00000000	0.00000000	96.00000000
2961900.00000000	0.00000000	0.00000000	96.00000000
2962200.00000000	0.00000000	0.00000000	96.00000000
2962500.00000000	0.00000000	0.00000000	96.00000000
2962800.00000000	0.00000000	0.00000000	96.00000000
2963100.00000000	0.00000000	0.00000000	96.00000000
2963400.00000000	0.00000000	0.00000000	96.00000000
2963700.00000000	0.00000000	0.00000000	96.00000000
2964000.00000000	0.00000000	0.00000000	96.00000000
2964300.00000000	0.00000000	0.00000000	96.00000000
2964600.00000000	0.00000000	0.00000000	96.00000000
2964900.00000000	0.00000000	0.00000000	96.00000000
2965200.00000000	0.00000000	0.00000000	96.00000000
2965500.00000000	0.00000000	0.00000000	96.00000000
2965800.00000000	0.00000000	0.00000000	96.00000000
2966100.00000000	0.00000000	0.00000000	96.00000000
2966400.00000000	0.00000000	0.00000000	96.00000000
2966700.00000000	0.00000000	0.00000000	96.00000000
2967000.00000000	0.00000000	0.00000000	96.00000000
2967300.00000000	0.00000000	0.00000000	96.00000000
2967600.00000000	0.00000000	0.00000000	96.00000000
2967900.00000000	0.00000000	0.00000000	96.00000000
2968200.00000000	0.00000000	0.00000000	96.00000000
2968500.00000000	0.00000000	0.00000000	96.00000000
2968800.00000000	0.00000000	0.00000000	96.00000000
2969100.00000000	0.00000000	0.00000000	96.00000000
2969400.00000000	0.00000000	0.00000000	96.00000000
2969700.00000000	0.00000000	0.00000000	96.00000000
2970000.00000000	0.00000000	0.00000000	96.00000000
2970300.00000000	0.00000000	0.00000000	96.00000000
2970600.00000000	0.00000000	0.00000000	96.00000000
2970900.00000000	0.00000000	0.00000000	96.00000000
2971200.00000000	0.00000000	0.00000000	96.00000000
2971500.00000000	0.00000000	0.00000000	96.00000000
2971800.00000000	0.00000000	0.00000000	96.00000000
2972100.00000000	0.00000000	0.00000000	96.00000000
2972400.00000000	0.00000000	0.00000000	96.00000000
2972700.00000000	0.00000000	0.00000000	96.00000000
2973000.00000000	0.00000000	0.00000000	96.00000000
2973300.00000000	0.00000000	0.00000000	96.00000000
2973600.00000000	0.00000000	0.00000000	96.00000000
2973900.00000000	0.00000000	0.00000000	96.00000000
2974200.00000000	0.00000000	0.00000000	96.00000000
2974500.00000000	0.00000000	0.00000000	96.00000000
2974800.00000000	0.00000000	0.00000000	96.00000000
2975100.00000000	0.00000000	0.00000000	96.00000000
2975400.00000000	0.00000000	0.00000000	96.00000000
2975700.00000000	0.00000000	0.00000000	96.00000000
2976000.00000000	0.00000000	0.00000000	96.00000000
2976300.00000000	0.00000000	0.00000000	96.00000000
2976600.00000000	0.00000000	0.00000000	96.00000000
2976900.00000000	0.00000000	0.00000000	96.00000000
2977200.00000000	0.00000000	0.00000000	96.00000000
2977500.00000000	0.00000000	0.00000000	96.00000000
2977800.00000000	0.00000000	0.00000000	96.00000000
2978100.00000000	0.00000000	0.00000000	96.00000000
2978400.00000000	0.00000000	0.00000000	96.00000000
2978700.00000000	0.00000000	0.00000000	96.00000000
2979000.00000000	0.00000000	0.00000000	96.00000000
2979300.00000000	0.00000000	0.00000000	96.00000000
2979600.00000000	0.00000000	0.00000000	96.00000000
2979900.00000000	0.00000000	0.00000000	96.00000000
2980200.00000000	0.00000000	0.00000000	96.00000000
2980500.00000000	0.00000000	0.00000000	96.00000000
2980800.00000000	0.00000000	0.00000000	96.00000000
2981100.00000000	0.00000000	0.00000000	96.00000000
2981400.00000000	0.00000000	0.00000000	96.00000000
2981700.00000000	0.00000000	0.00000000	96.00000000
2982000.00000000	0.00000000	0.00000000	96.00000000
2982300.00000000	0.00000000	0.00000000	96.00000000
2982600.00000000	0.00000000	0.00000000	96.00000000
2982900.00000000	0.00000000	0.00000000	96.00000000
2983200.00000000	0.00000000	0.00000000	96.00000000
2983500.00000000	0.00000000	0.00000000	96.00000000
2983800.00000000	0.00000000	0.00000000	96.00000000
2984100.00000000	0.00000000	0.00000000	96.00000000
2984400.00000000	0.00000000	0.00000000	96.00000000
2984700.00000000	0.00000000	0.00000000	96.00000000
2985000.00000000	0.00000000	0.00000000	96.00000000
2985300.00000000	0.00000000	0.00000000	96.00000000
2985600.00000000	0.00000000	0.00000000	96.00000000
2985900.00000000	0.00000000	0.00000000	96.00000000
2986200.00000000	0.00000000	0.00000000	96.00000000
2986500.00000000	0.00000000	0.00000000	96.00000000
2986800.00000000	0.00000000	0.00000000	96.00000000
2987100.00000000	0.00000000	0.00000000	96.00000000
2987400.00000000	0.00000000	0.00000000	96.00000000
2987700.00000000	0.00000000	0.00000000	96.00000000
2988000.00000000	0.00000000	0.00000000	96.00000000
2988300.00000000	0.00000000	0.00000000	96.00000000
2988600.00000000	0.00000000	0.00000000	96.00000000
2988900.00000000	0.00000000	0.00000000	96.00000000
2989200.00000000	0.00000000	0.00000000	96.00000000
2989500.00000000	0.00000000	0.00000000	96.00000000
2989800.00000000	0.00000000	0.00000000	96.00000000
2990100.00000000	0.00000000	0.00000000	96.00000000
2990400.00000000	0.00000000	0.00000000	96.00000000
2990700.00000000	0.00000000	0.00000000	96.00000000
2991000.00000000	0.00000000	0.00000000	96.00000000
2991300.00000000	0.00000000	0.00000000	96.00000000
2991600.00000000	0.00000000	0.00000000	96.00000000
2991900.00000000	0.00000000	0.00000000	96.00000000
2992200.00000000	0.00000000	0.00000000	96.00000000
2992500.00000000	0.00000000	0.00000000	96.00000000
2992800.00000000	0.00000000	0.00000000	96.00000000
2993100.00000000	0.00000000	0.00000000	96.00000000
2993400.00000000	0.00000000	0.00000000	96.00000000
2993700.00000000	0.00000000	0.00000000	96.00000000
2994000.00000000	0.00000000	0.00000000	96.00000000
2994300.00000000	0.00000000	0.00000000	96.00000000
2994600.00000000	0.00000000	0.00000000	96.00000000
2994900.00000000	0.00000000	0.00000000	96.00000000
2995200.00000000	0.00000000	0.00000000	96.00000000
2995500.00000000	0.00000000	0.00000000	96.00000000
2995800.00000000	0.00000000	0.00000000	96.00000000
2996100.00000000	0.00000000	0.00000000	96.00000000
2996400.00000000	0.00000000	0.00000000	96.00000000
2996700.00000000	0.00000000	0.00000000	96.00000000
2997000.00000000	0.00000000	0.00000000	96.00000000
2997300.00000000	0.00000000	0.00000000	96.00000000
2997600.00000000	0.00000000	0.00000000	96.00000000
2997900.00000000	0.00000000	0.00000000	96.00000000
2998200.00000000	0.00000000	0.00000000	96.00000000
2998500.00000000	0.00000000	0.00000000	96.00000000
2998800.00000000	0.00000000	0.00000000	96.00000000
2999100.00000000	0.00000000	0.00000000	96.00000000
2999400.00000000	0.00000000	0.00000000	96.00000000
2999700.00000000	0.00000000	0.00000000	96.00000000
3000000.00000000	0.00000000	0.00000000	96.00000000
3000300.00000000	0.00000000	0.00000000	96.00000000
3000600.00000000	0.00000000	0.00000000	96.00000000
3000900.00000000	0.00000000	0.00000000	96.00000000
3001200.00000000	0.00000000	0.00000000	96.00000000
3001500.00000000	0.00000000	0.00000000	96.00000000
3001800.00000000	0.00000000	0.00000000	96.00000000
3002100.00000000	0.00000000	0.00000000	96.00000000
3002400.00000000	0.00000000	0.00000000	96.00000000
3002700.00000000	0.00000000	0.00000000	96.00000000
3003000.00000000	0.00000000	0.00000000	96.00000000
3003300.00000000	0.00000000	0.00000000	96.00000000
3003600.00000000	0.00000000	0.00000000	96.00000000
3003900.00000000	0.00000000	0.00000000	96.00000000
3004200.00000000	0.00000000	0.00000000	96.00000000
3004500.00000000	0.00000000	0.00000000	96.00000000
3004800.00000000	0.00000000	0.00000000	96.00000000
3005100.00000000	0.00000000	0.00000000	96.00000000
3005400.00000000	0.00000000	0.00000000	96.00000000
3005700.00000000	0.00000000	0.00000000	96.00000000
3006000.00000000	0.00000000	0.00000000	96.00000000
3006300.00000000	0.00000000	0.00000000	96.00000000
3006600.00000000	0.00000000	0.00000000	96.00000000
3006900.00000000	0.00000000	0.00000000	96.00000000
3007200.00000000	0.00000000	0.00000000	96.00000000
3007500.00000000	0.00000000	0.00000000	96.00000000
3007800.00000000	0.00000000	0.00000000	96.00000000
3008100.00000000	0.00000000	0.00000000	96.00000000
3008400.00000000	0.00000000	0.00000000	96.00000000
3008700.00000000	0.00000000	0.00000000	96.00000000
3009000.00000000	0.00000000	0.00000000	96.00000000
3009300.00000000	0.00000000	0.00000000	96.00000000
3009600.00000000	0.00000000	0.00000000	96.00000000
3009900.00000000	0.00000000	0.00000000	96.00000000
3010200.00000000	0.00000000	0.00000000	96.00000000
3010500.00000000	0.00000000	0.00000000	96.00000000
3010800.00000000	0.00000000	0.00000000	96.00000000
3011100.00000000	0.00000000	0.00000000	96.00000000
3011400.00000000	0.00000000	0.00000000	96.00000000
3011700.00000000	0.00000000	0.00000000	96.00000000
3012000.00000000	0.00000000	0.00000000	96.00000000
3012300.00000000	0.00000000	0.00000000	96.00000000
3012600.00000000	0.00000000	0.00000000	96.00000000
3012900.00000000	0.00000000	0.00000000	96.00000000
3013200.00000000	0.00000000	0.00000000	96.00000000
3013500.00000000	0.00000000	0.00000000	96.00000000
3013800.00000000	0.00000000	0.00000000	96.00000000
3014100.00000000	0.00000000	0.00000000	96.00000000
3014400.00000000	0.00000000	0.00000000	96.00000000
3014700.00000000	0.00000000	0.00000000	96.00000000
3015000.00000000	0.00000000	0.00000000	96.00000000
3015300.00000000	0.00000000	0.00000000	96.00000000
3015600.00000000	0.00000000	0.00000000	96.00000000
3015900.00000000	0.00000000	0.00000000	96.00000000
3016200.00000000	0.00000000	0.00000000	96.00000000
3016500.00000000	0.00000000	0.00000000	96.00000000
3016800.00000000	0.00000000	0.00000000	96.00000000
3017100.00000000	0.00000000	0.00000000	96.00000000
3017400.00000000	0.00000000	0.00000000	96.00000000
3017700.00000000	0.00000000	0.00000000	96.00000000
3018000.00000000	0.00000000	0.00000000	96.00000000
3018300.00000000	0.00000000	0.00000000	96.00000000
3018600.00000000	0.00000000	0.00000000	96.00000000
3018900.00000000	0.00000000	0.00000000	96.00000000
3019200.00000000	0.00000000	0.00000000	96.00000000
3019500.00000000	0.00000000	0.00000000	96.00000000
3019800.00000000	0.00000000	0.00000000	96.00000000
3020100.00000000	0.00000000	0.00000000	96.00000000
3020400.00000000	0.00000000	0.00000000	96.00000000
3020700.00000000	0.00000000	0.00000000	96.00000000
3021000.00000000	0.00000000	0.00000000	96.00000000
3021300.00000000	0.00000000	0.00000000	96.00000000
3021600.00000000	0.00000000	0.00000000	96.00000000
3021900.00000000	0.00000000	0.00000000	96.00000000
3022200.00000000	0.00000000	0.00000000	96.00000000
3022500.00000000	0.00000000	0.00000000	96.00000000
3022800.00000000	0.00000000	0.00000000	96.00000000
3023100.00000000	0.00000000	0.00000000	96.00000000
3023400.00000000	0.00000000	0.00000000	96.00000000
3023700.00000000	0.00000000	0.00000000	96.00000000
3024000.00000000	94.80000000	328.00000000	96.00000000
3024300.00000000	0.00000000	0.00000000	96.00000000
3024600.00000000	0.00000000	0.00000000	96.00000000
3024900.00000000	0.00000000	0.00000000	96.00000000
3025200.00000000	0.00000000	0.00000000	96.00000000
3025500.00000000	0.00000000	0.00000000	96.00000000
3025800.00000000	0.00000000	0.00000000	96.00000000
3026100.00000000	0.00000000	0.00000000	96.00000000
3026400.00000000	0.00000000	0.00000000	96.00000000
3026700.00000000	0.00000000	0.00000000	96.00000000
3027000.00000000	0.00000000	0.00000000	96.00000000
3027300.00000000	0.00000000	0.00000000	96.00000000
3027600.00000000	0.00000000	0.00000000	96.00000000
3027900.00000000	0.00000000	0.00000000	96.00000000
3028200.00000000	0.00000000	0.00000000	96.00000000
3028500.00000000	0.00000000	0.00000000	96.00000000
3028800.00000000	0.00000000	0.00000000	96.00000000
3029100.00000000	0.00000000	0.00000000	96.00000000
3029400.00000000	0.00000000	0.00000000	96.00000000
3029700.00000000	0.00000000	0.00000000	96.00000000
3030000.00000000	0.00000000	0.00000000	96.00000000
3030300.00000000	0.00000000	0.00000000	96.00000000
3030600.00000000	0.00000000	0.00000000	96.00000000
3030900.00000000	0.00000000	0.00000000	96.00000000
3031200.00000000	0.00000000	0.00000000	96.00000000
3031500.00000000	0.00000000	0.00000000	96.00000000
3031800.00000000	0.00000000	0.00000000	96.00000000
3032100.00000000	0.00000000	0.00000000	96.00000000
3032400.00000000	0.00000000	0.00000000	96.00000000
3032700.00000000	0.00000000	0.00000000	96.00000000
3033000.00000000	0.00000000	0.00000000	96.00000000
3033300.00000000	0.00000000	0.00000000	96.00000000
3033600.00000000	0.00000000	0.00000000	96.00000000
3033900.00000000	0.00000000	0.00000000	96.00000000
3034200.00000000	0.00000000	0.00000000	96.00000000
3034500.00000000	0.00000000	0.00000000	96.00000000
3034800.00000000	0.00000000	0.00000000	96.00000000
3035100.00000000	0.00000000	0.00000000	96.00000000
3035400.00000000	0.00000000	0.00000000	96.00000000
3035700.00000000	0.00000000	0.00000000	96.00000000
3036000.00000000	0.00000000	0.00000000	96.00000000
3036300.00000000	0.00000000	0.00000000	96.00000000
3036600.00000000	0.00000000	0.00000000	96.00000000
3036900.00000000	0.00000000	0.00000000	96.00000000
3037200.00000000	0.00000000	0.00000000	96.00000000
3037500.00000000	0.00000000	0.00000000	96.00000000
3037800.00000000	0.00000000	0.00000000	96.00000000
3038100.00000000	0.00000000	0.00000000	96.00000000
3038400.00000000	0.00000000	0.00000000	96.00000000
3038700.00000000	0.00000000	0.00000000	96.00000000
3039000.00000000	0.00000000	0.00000000	96.00000000
3039300.00000000	0.00000000	0.00000000	96.00000000
3039600.00000000	0.00000000	0.00000000	96.00000000
3039900.00000000	0.00000000	0.00000000	96.00000000
3040200.00000000	0.00000000	0.00000000	96.00000000
3040500.00000000	0.00000000	0.00000000	96.00000000
3040800.00000000	0.00000000	0.00000000	96.00000000
3041100.00000000	0.00000000	0.00000000	96.00000000
3041400.00000000	0.00000000	0.00000000	96.00000000
3041700.00000000	0.00000000	0.00000000	96.00000000
3042000.00000000	0.00000000	0.00000000	96.00000000
3042300.00000000	0.00000000	0.00000000	96.00000000
3042600.00000000	0.00000000	0.00000000	96.00000000
3042900.00000000	0.00000000	0.00000000	96.00000000
3043200.00000000	0.00000000	0.00000000	96.00000000
3043500.00000000	0.00000000	0.00000000	96.00000000
3043800.00000000	0.00000000	0.00000000	96.00000000
3044100.00000000	0.00000000	0.00000000	96.00000000
3044400.00000000	0.00000000	0.00000000	96.00000000
3044700.00000000	0.00000000	0.00000000	96.00000000
3045000.00000000	0.00000000	0.00000000	96.00000000
3045300.00000000	0.00000000	0.00000000	96.00000000
3045600.00000000	0.00000000	0.00000000	96.00000000
3045900.00000000	0.00000000	0.00000000	96.00000000
3046200.00000000	0.00000000	0.00000000	96.00000000
3046500.00000000	0.00000000	0.00000000	96.00000000
3046800.00000000	0.00000000	0.00000000	96.00000000
3047100.00000000	0.00000000	0.00000000	96.00000000
3047400.00000000	0.00000000	0.00000000	96.00000000
3047700.00000000	0.00000000	0.00000000	96.00000000
3048000.00000000	0.00000000	0.00000000	96.00000000
3048300.00000000	0.00000000	0.00000000	96.00000000
3048600.00000000	0.00000000	0.00000000	96.00000000
3048900.00000000	0.00000000	0.00000000	96.00000000
3049200.00000000	0.00000000	0.00000000	96.00000000
3049500.00000000	0.00000000	0.00000000	96.00000000
3049800.00000000	0.00000000	0.00000000	96.00000000
3050100.00000000	0.00000000	0.00000000	96.00000000
3050400.00000000	0.00000000	0.00000000	96.00000000
3050700.00000000	0.00000000	0.00000000	96.00000000
3051000.00000000	0.00000000	0.00000000	96.00000000
3051300.00000000	0.00000000	0.00000000	96.00000000
3051600.00000000	0.00000000	0.00000000	96.00000000
3051900.00000000	0.00000000	0.00000000	96.00000000
3052200.00000000	0.00000000	0.00000000	96.00000000
3052500.00000000	0.00000000	0.00000000	96.00000000
3052800.00000000	0.00000000	0.00000000	96.00000000
3053100.00000000	0.00000000	0.00000000	96.00000000
3053400.00000000	0.00000000	0.00000000	96.00000000
3053700.00000000	0.00000000	0.00000000	96.00000000
3054000.00000000	0.00000000	0.00000000	96.00000000
3054300.00000000	0.00000000	0.00000000	96.00000000
3054600.00000000	0.00000000	0.00000000	96.00000000
3054900.00000000	0.00000000	0.00000000	96.00000000
3055200.00000000	0.00000000	0.00000000	96.00000000
3055500.00000000	0.00000000	0.00000000	96.00000000
3055800.00000000	0.00000000	0.00000000	96.00000000
3056100.00000000	0.00000000	0.00000000	96.00000000
3056400.00000000	0.00000000	0.00000000	96.00000000
3056700.00000000	0.00000000	0.00000000	96.00000000
3057000.00000000	0.00000000	0.00000000	96.00000000
3057300.00000000	0.00000000	0.00000000	96.00000000
3057600.00000000	0.00000000	0.00000000	96.00000000
3057900.00000000	0.00000000	0.00000000	96.00000000
3058200.00000000	0.00000000	0.00000000	96.00000000
3058500.00000000	0.00000000	0.00000000	96.00000000
3058800.00000000	0.00000000	0.00000000	96.00000000
3059100.00000000	0.00000000	0.00000000	96.00000000
3059400.00000000	0.00000000	0.00000000	96.00000000
3059700.00000000	0.00000000	0.00000000	96.00000000
3060000.00000000	0.00000000	0.00000000	96.00000000
3060300.00000000	0.00000000	0.00000000	96.00000000
3060600.00000000	0.00000000	0.00000000	96.00000000
3060900.00000000	0.00000000	0.00000000	96.00000000
3061200.00000000	0.00000000	0.00000000	96.00000000
3061500.00000000	0.00000000	0.00000000	96.00000000
3061800.00000000	0.00000000	0.00000000	96.00000000
3062100.00000000	0.00000000	0.00000000	96.00000000
3062400.00000000	0.00000000	0.00000000	96.00000000
3062700.00000000	0.00000000	0.00000000	96.00000000
3063000.00000000	0.00000000	0.00000000	96.00000000
3063300.00000000	0.00000000	0.00000000	96.00000000
3063600.00000000	0.00000000	0.00000000	96.00000000
3063900.00000000	0.00000000	0.00000000	96.00000000
3064200.00000000	0.00000000	0.00000000	96.00000000
3064500.00000000	0.00000000	0.00000000	96.00000000
3064800.00000000	0.00000000	0.00000000	96.00000000
3065100.00000000	0.00000000	0.00000000	96.00000000
3065400.00000000	0.00000000	0.00000000	96.00000000
3065700.00000000	0.00000000	0.00000000	96.00000000
3066000.00000000	0.00000000	0.00000000	96.00000000
3066300.00000000	0.00000000	0.00000000	96.00000000
3066600.00000000	0.00000000	0.00000000	96.00000000
3066900.00000000	0.00000000	0.00000000	96.00000000
3067200.00000000	0.00000000	0.00000000	96.00000000
3067500.00000000	0.00000000	0.00000000	96.00000000
3067800.00000000	0.00000000	0.00000000	96.00000000
3068100.00000000	0.00000000	0.00000000	96.00000000
3068400.00000000	0.00000000	0.00000000	96.00000000
3068700.00000000	0.00000000	0.00000000	96.00000000
3069000.00000000	0.00000000	0.00000000	96.00000000
3069300.00000000	0.00000000	0.00000000	96.00000000
3069600.00000000	0.00000000	0.00000000	96.00000000
3069900.00000000	0.00000000	0.00000000	96.00000000
3070200.00000000	0.00000000	0.00000000	96.00000000
3070500.00000000	0.00000000	0.00000000	96.00000000
3070800.00000000	0.00000000	0.00000000	96.00000000
3071100.00000000	0.00000000	0.00000000	96.00000000
3071400.00000000	0.00000000	0.00000000	96.00000000
3071700.00000000	0.00000000	0.00000000	96.00000000
3072000.00000000	0.00000000	0.00000000	96.00000000
3072300.00000000	0.00000000	0.00000000	96.00000000
3072600.00000000	0.00000000	0.00000000	96.00000000
3072900.00000000	0.00000000	0.00000000	96.00000000
3073200.00000000	0.00000000	0.00000000	96.00000000
3073500.00000000	0.00000000	0.00000000	96.00000000
3073800.00000000	0.00000000	0.00000000	96.00000000
3074100.00000000	0.00000000	0.00000000	96.00000000
3074400.00000000	0.00000000	0.00000000	96.00000000
3074700.00000000	0.00000000	0.00000000	96.00000000
3075000.00000000	0.00000000	0.00000000	96.00000000
3075300.00000000	0.00000000	0.00000000	96.00000000
3075600.00000000	0.00000000	0.00000000	96.00000000
3075900.00000000	0.00000000	0.00000000	96.00000000
3076200.00000000	0.00000000	0.00000000	96.00000000
3076500.00000000	0.00000000	0.00000000	96.00000000
3076800.00000000	0.00000000	0.00000000	96.00000000
3077100.00000000	0.00000000	0.00000000	96.00000000
3077400.00000000	0.00000000	0.00000000	96.00000000
3077700.00000000	0.00000000	0.00000000	96.00000000
3078000.00000000	0.00000000	0.00000000	96.00000000
3078300.00000000	0.00000000	0.00000000	96.00000000
3078600.00000000	0.00000000	0.00000000	96.00000000
3078900.00000000	0.00000000	0.00000000	96.00000000
3079200.00000000	0.00000000	0.00000000	96.00000000
3079500.00000000	0.00000000	0.00000000	96.00000000
3079800.00000000	0.00000000	0.00000000	96.00000000
3080100.00000000	0.00000000	0.00000000	96.00000000
3080400.00000000	0.00000000	0.00000000	96.00000000
3080700.00000000	0.00000000	0.00000000	96.00000000
3081000.00000000	0.00000000	0.00000000	96.00000000
3081300.00000000	0.00000000	0.00000000	96.00000000
3081600.00000000	0.00000000	0.00000000	96.00000000
3081900.00000000	0.00000000	0.00000000	96.00000000
3082200.00000000	0.00000000	0.00000000	96.00000000
3082500.00000000	0.00000000	0.00000000	96.00000000
3082800.00000000	0.00000000	0.00000000	96.00000000
3083100.00000000	0.00000000	0.00000000	96.00000000
3083400.00000000	0.00000000	0.00000000	96.00000000
3083700.00000000	0.00000000	0.00000000	96.00000000
3084000.00000000	0.00000000	0.00000000	96.00000000
3084300.00000000	0.00000000	0.00000000	96.00000000
3084600.00000000	0.00000000	0.00000000	96.00000000
3084900.00000000	0.00000000	0.00000000	96.00000000
3085200.00000000	0.00000000	0.00000000	96.00000000
3085500.00000000	0.00000000	0.00000000	96.00000000
3085800.00000000	0.00000000	0.00000000	96.00000000
3086100.00000000	0.00000000	0.00000000	96.00000000
3086400.00000000	0.00000000	0.00000000	96.00000000
3086700.00000000	0.00000000	0.00000000	96.00000000
3087000.00000000	0.00000000	0.00000000	96.00000000
3087300.00000000	0.00000000	0.00000000	96.00000000
3087600.00000000	0.00000000	0.00000000	96.00000000
3087900.00000000	0.00000000	0.00000000	96.00000000
3088200.00000000	0.00000000	0.00000000	96.00000000
3088500.00000000	0.00000000	0.00000000	96.00000000
3088800.00000000	0.00000000	0.00000000	96.00000000
3089100.00000000	0.00000000	0.00000000	96.00000000
3089400.00000000	0.00000000	0.00000000	96.00000000
3089700.00000000	0.00000000	0.00000000	96.00000000
3090000.00000000	0.00000000	0.00000000	96.00000000
3090300.00000000	0.00000000	0.00000000	96.00000000
3090600.00000000	0.00000000	0.00000000	96.00000000
3090900.00000000	0.00000000	0.00000000	96.00000000
3091200.00000000	0.00000000	0.00000000	96.00000000
3091500.00000000	0.00000000	0.00000000	96.00000000
3091800.00000000	0.00000000	0.00000000	96.00000000
3092100.00000000	0.00000000	0.00000000	96.00000000
3092400.00000000	0.00000000	0.00000000	96.00000000
3092700.00000000	0.00000000	0.00000000	96.00000000
3093000.00000000	0.00000000	0.00000000	96.00000000
3093300.00000000	0.00000000	0.00000000	96.00000000
3093600.00000000	0.00000000	0.00000000	96.00000000
3093900.00000000	0.00000000	0.00000000	96.00000000
3094200.00000000	0.00000000	0.00000000	96.00000000
3094500.00000000	0.00000000	0.00000000	96.00000000
3094800.00000000	0.00000000	0.00000000	96.00000000
3095100.00000000	0.00000000	0.00000000	96.00000000
3095400.00000000	0.00000000	0.00000000	96.00000000
3095700.00000000	0.00000000	0.00000000	96.00000000
3096000.00000000	0.00000000	0.00000000	96.00000000
3096300.00000000	0.00000000	0.00000000	96.00000000
3096600.00000000	0.00000000	0.00000000	96.00000000
3096900.00000000	0.00000000	0.00000000	96.00000000
3097200.00000000	0.00000000	0.00000000	96.00000000
3097500.00000000	0.00000000	0.00000000	96.00000000
3097800.00000000	0.00000000	0.00000000	96.00000000
3098100.00000000	0.00000000	0.00000000	96.00000000
3098400.00000000	0.00000000	0.00000000	96.00000000
3098700.00000000	0.00000000	0.00000000	96.00000000
3099000.00000000	0.00000000	0.00000000	96.00000000
3099300.00000000	0.00000000	0.00000000	96.00000000
3099600.00000000	0.00000000	0.00000000	96.00000000
3099900.00000000	0.00000000	0.00000000	96.00000000
3100200.00000000	0.00000000	0.00000000	96.00000000
3100500.00000000	0.00000000	0.00000000	96.00000000
3100800.00000000	0.00000000	0.00000000	96.00000000
3101100.00000000	0.00000000	0.00000000	96.00000000
3101400.00000000	0.00000000	0.00000000	96.00000000
3101700.00000000	0.00000000	0.00000000	96.00000000
3102000.00000000	0.00000000	0.00000000	96.00000000
3102300.00000000	0.00000000	0.00000000	96.00000000
3102600.00000000	0.00000000	0.00000000	96.00000000
3102900.00000000	0.00000000	0.00000000	96.00000000
3103200.00000000	0.00000000	0.00000000	96.00000000
3103500.00000000	0.00000000	0.00000000	96.00000000
3103800.00000000	0.00000000	0.00000000	96.00000000
3104100.00000000	0.00000000	0.00000000	96.00000000
3104400.00000000	0.00000000	0.00000000	96.00000000
3104700.00000000	0.00000000	0.00000000	96.00000000
3105000.00000000	0.00000000	0.00000000	96.00000000
3105300.00000000	0.00000000	0.00000000	96.00000000
3105600.00000000	0.00000000	0.00000000	96.00000000
3105900.00000000	0.00000000	0.00000000	96.00000000
3106200.00000000	0.00000000	0.00000000	96.00000000
3106500.00000000	0.00000000	0.00000000	96.00000000
3106800.00000000	0.00000000	0.00000000	96.00000000
3107100.00000000	0.00000000	0.00000000	96.00000000
3107400.00000000	0.00000000	0.00000000	96.00000000
3107700.00000000	0.00000000	0.00000000	96.00000000
3108000.00000000	0.00000000	0.00000000	96.00000000
3108300.00000000	0.00000000	0.00000000	96.00000000
3108600.00000000	0.00000000	0.00000000	96.00000000
3108900.00000000	0.00000000	0.00000000	96.00000000
3109200.00000000	0.00000000	0.00000000	96.00000000
3109500.00000000	0.00000000	0.00000000	96.00000000
3109800.00000000	0.00000000	0.00000000	96.00000000
3110100.00000000	0.00000000	0.00000000	96.00000000
3110400.00000000	0.00000000	0.00000000	96.00000000
3110700.00000000	0.00000000	0.00000000	96.00000000
3111000.00000000	0.00000000	0.00000000	96.00000000
3111300.00000000	0.00000000	0.00000000	96.00000000
3111600.00000000	0.00000000	0.00000000	96.00000000
3111900.00000000	0.00000000	0.00000000	96.00000000
3112200.00000000	0.00000000	0.00000000	96.00000000
3112500.00000000	0.00000000	0.00000000	96.00000000
3112800.00000000	0.00000000	0.00000000	96.00000000
3113100.00000000	0.00000000	0.00000000	96.00000000
3113400.00000000	0.00000000	0.00000000	96.00000000
3113700.00000000	0.00000000	0.00000000	96.00000000
3114000.00000000	0.00000000	0.00000000	96.00000000
3114300.00000000	0.00000000	0.00000000	96.00000000
3114600.00000000	0.00000000	0.00000000	96.00000000
3114900.00000000	0.00000000	0.00000000	96.00000000
3115200.00000000	0.00000000	0.00000000	96.00000000
3115500.00000000	0.00000000	0.00000000	96.00000000
3115800.00000000	0.00000000	0.00000000	96.00000000
3116100.00000000	0.00000000	0.00000000	96.00000000
3116400.00000000	0.00000000	0.00000000	96.00000000
3116700.00000000	0.00000000	0.00000000	96.00000000
3117000.00000000	0.00000000	0.00000000	96.00000000
3117300.00000000	0.00000000	0.00000000	96.00000000
3117600.00000000	0.00000000	0.00000000	96.00000000
3117900.00000000	0.00000000	0.00000000	96.00000000
3118200.00000000	0.00000000	0.00000000	96.00000000
3118500.00000000	0.00000000	0.00000000	96.00000000
3118800.00000000	0.00000000	0.00000000	96.00000000
3119100.00000000	0.00000000	0.00000000	96.00000000
3119400.00000000	0.00000000	0.00000000	96.00000000
3119700.00000000	0.00000000	0.00000000	96.00000000
3120000.00000000	0.00000000	0.00000000	96.00000000
3120300.00000000	0.00000000	0.00000000	96.00000000
3120600.00000000	0.00000000	0.00000000	96.00000000
3120900.00000000	0.00000000	0.00000000	96.00000000
3121200.00000000	0.00000000	0.00000000	96.00000000
3121500.00000000	0.00000000	0.00000000	96.00000000
3121800.00000000	0.00000000	0.00000000	96.00000000
3122100.00000000	0.00000000	0.00000000	96.00000000
3122400.00000000	0.00000000	0.00000000	96.00000000
3122700.00000000	0.00000000	0.00000000	96.00000000
3123000.00000000	0.00000000	0.00000000	96.00000000
3123300.00000000	0.00000000	0.00000000	96.00000000
3123600.00000000	0.00000000	0.00000000	96.00000000
3123900.00000000	0.00000000	0.00000000	96.00000000
3124200.00000000	0.00000000	0.00000000	96.00000000
3124500.00000000	0.00000000	0.00000000	96.00000000
3124800.00000000	0.00000000	0.00000000	96.00000000
3125100.00000000	0.00000000	0.00000000	96.00000000
3125400.00000000	0.00000000	0.00000000	96.00000000
3125700.00000000	0.00000000	0.00000000	96.00000000
3126000.00000000	0.00000000	0.00000000	96.00000000
3126300.00000000	0.00000000	0.00000000	96.00000000
3126600.00000000	0.00000000	0.00000000	96.00000000
3126900.00000000	0.00000000	0.00000000	96.00000000
3127200.00000000	0.00000000	0.00000000	96.00000000
3127500.00000000	0.00000000	0.00000000	96.00000000
3127800.00000000	0.00000000	0.00000000	96.00000000
3128100.00000000	0.00000000	0.00000000	96.00000000
3128400.00000000	0.00000000	0.00000000	96.00000000
3128700.00000000	0.00000000	0.00000000	96.00000000
3129000.00000000	0.00000000	0.00000000	96.00000000
3129300.00000000	0.00000000	0.00000000	96.00000000
3129600.00000000	0.00000000	0.00000000	96.00000000
3129900.00000000	0.00000000	0.00000000	96.00000000
3130200.00000000	0.00000000	0.00000000	96.00000000
3130500.00000000	0.00000000	0.00000000	96.00000000
3130800.00000000	0.00000000	0.00000000	96.00000000
3131100.00000000	0.00000000	0.00000000	96.00000000
3131400.00000000	0.00000000	0.00000000	96.00000000
3131700.00000000	0.00000000	0.00000000	96.00000000
3132000.00000000	0.00000000	0.00000000	96.00000000
3132300.00000000	0.00000000	0.00000000	96.00000000
3132600.00000000	0.00000000	0.00000000	96.00000000
3132900.00000000	0.00000000	0.00000000	96.00000000
3133200.00000000	0.00000000	0.00000000	96.00000000
3133500.00000000	0.00000000	0.00000000	96.00000000
3133800.00000000	0.00000000	0.00000000	96.00000000
3134100.00000000	0.00000000	0.00000000	96.00000000
3134400.00000000	0.00000000	0.00000000	96.00000000
3134700.00000000	0.00000000	0.00000000	96.00000000
3135000.00000000	0.00000000	0.00000000	96.00000000
3135300.00000000	0.00000000	0.00000000	96.00000000
3135600.00000000	0.00000000	0.00000000	96.00000000
3135900.00000000	0.00000000	0.00000000	96.00000000
3136200.00000000	0.00000000	0.00000000	96.00000000
3136500.00000000	0.00000000	0.00000000	96.00000000
3136800.00000000	0.00000000	0.00000000	96.00000000
3137100.00000000	0.00000000	0.00000000	96.00000000
3137400.00000000	0.00000000	0.00000000	96.00000000
3137700.00000000	0.00000000	0.00000000	96.00000000
3138000.00000000	0.00000000	0.00000000	96.00000000
3138300.00000000	0.00000000	0.00000000	96.00000000
3138600.00000000	0.00000000	0.00000000	96.00000000
3138900.00000000	0.00000000	0.00000000	96.00000000
3139200.00000000	0.00000000	0.00000000	96.00000000
3139500.00000000	0.00000000	0.00000000	96.00000000
3139800.00000000	0.00000000	0.00000000	96.00000000
3140100.00000000	0.00000000	0.00000000	96.00000000
3140400.00000000	0.00000000	0.00000000	96.00000000
3140700.00000000	0.00000000	0.00000000	96.00000000
3141000.00000000	0.00000000	0.00000000	96.00000000
3141300.00000000	0.00000000	0.00000000	96.00000000
3141600.00000000	0.00000000	0.00000000	96.00000000
3141900.00000000	0.00000000	0.00000000	96.00000000
3142200.00000000	0.00000000	0.00000000	96.00000000
3142500.00000000	0.00000000	0.00000000	96.00000000
3142800.00000000	0.00000000	0.00000000	96.00000000
3143100.00000000	0.00000000	0.00000000	96.00000000
3143400.00000000	0.00000000	0.00000000	96.00000000
3143700.00000000	0.00000000	0.00000000	96.00000000
3144000.00000000	0.00000000	0.00000000	96.00000000
3144300.00000000	0.00000000	0.00000000	96.00000000
3144600.00000000	0.00000000	0.00000000	96.00000000
3144900.00000000	0.00000000	0.00000000	96.00000000
3145200.00000000	0.00000000	0.00000000	96.00000000
3145500.00000000	0.00000000	0.00000000	96.00000000
3145800.00000000	0.00000000	0.00000000	96.00000000
3146100.00000000	0.00000000	0.00000000	96.00000000
3146400.00000000	0.00000000	0.00000000	96.00000000
3146700.00000000	0.00000000	0.00000000	96.00000000
3147000.00000000	0.00000000	0.00000000	96.00000000
3147300.00000000	0.00000000	0.00000000	96.00000000
3147600.00000000	0.00000000	0.00000000	96.00000000
3147900.00000000	0.00000000	0.00000000	96.00000000
3148200.00000000	0.00000000	0.00000000	96.00000000
3148500.00000000	0.00000000	0.00000000	96.00000000
3148800.00000000	0.00000000	0.00000000	96.00000000
3149100.00000000	0.00000000	0.00000000	96.00000000
3149400.00000000	0.00000000	0.00000000	96.00000000
3149700.00000000	0.00000000	0.00000000	96.00000000
3150000.00000000	0.00000000	0.00000000	96.00000000
3150300.00000000	0.00000000	0.00000000	96.00000000
3150600.00000000	0.00000000	0.00000000	96.00000000
3150900.00000000	0.00000000	0.00000000	96.00000000
3151200.00000000	0.00000000	0.00000000	96.00000000
3151500.00000000	0.00000000	0.00000000	96.00000000
3151800.00000000	0.00000000	0.00000000	96.00000000
3152100.00000000	0.00000000	0.00000000	96.00000000
3152400.00000000	0.00000000	0.00000000	96.00000000
3152700.00000000	0.00000000	0.00000000	96.00000000
3153000.00000000	0.00000000	0.00000000	96.00000000
3153300.00000000	0.00000000	0.00000000	96.00000000
3153600.00000000	0.00000000	0.00000000	96.00000000
3153900.00000000	0.00000000	0.00000000	96.00000000
3154200.00000000	0.00000000	0.00000000	96.00000000
3154500.00000000	0.00000000	0.00000000	96.00000000
3154800.00000000	0.00000000	0.00000000	96.00000000
3155100.00000000	0.00000000	0.00000000	96.00000000
3155400.00000000	0.00000000	0.00000000	96.00000000
3155700.00000000	0.00000000	0.00000000	96.00000000
3156000.00000000	0.00000000	0.00000000	96.00000000
3156300.00000000	0.00000000	0.00000000	96.00000000
3156600.00000000	0.00000000	0.00000000	96.00000000
3156900.00000000	0.00000000	0.00000000	96.00000000
3157200.00000000	0.00000000	0.00000000	96.00000000
3157500.00000000	0.00000000	0.00000000	96.00000000
3157800.00000000	0.00000000	0.00000000	96.00000000
3158100.00000000	0.00000000	0.00000000	96.00000000
3158400.00000000	0.00000000	0.00000000	96.00000000
3158700.00000000	0.00000000	0.00000000	96.00000000
3159000.00000000	0.00000000	0.00000000	96.00000000
3159300.00000000	0.00000000	0.00000000	96.00000000
3159600.00000000	0.00000000	0.00000000	96.00000000
3159900.00000000	0.00000000	0.00000000	96.00000000
3160200.00000000	0.00000000	0.00000000	96.00000000
3160500.00000000	0.00000000	0.00000000	96.00000000
3160800.00000000	0.00000000	0.00000000	96.00000000
3161100.00000000	0.00000000	0.00000000	96.00000000
3161400.00000000	0.00000000	0.00000000	96.00000000
3161700.00000000	0.00000000	0.00000000	96.00000000
3162000.00000000	0.00000000	0.00000000	96.00000000
3162300.00000000	0.00000000	0.00000000	96.00000000
3162600.00000000	0.00000000	0.00000000	96.00000000
3162900.00000000	0.00000000	0.00000000	96.00000000
3163200.00000000	0.00000000	0.00000000	96.00000000
3163500.00000000	0.00000000	0.00000000	96.00000000
3163800.00000000	0.00000000	0.00000000	96.00000000
3164100.00000000	0.00000000	0.00000000	96.00000000
3164400.00000000	0.00000000	0.00000000	96.00000000
3164700.00000000	0.00000000	0.00000000	96.00000000
3165000.00000000	0.00000000	0.00000000	96.00000000
3165300.00000000	0.00000000	0.00000000	96.00000000
3165600.00000000	0.00000000	0.00000000	96.00000000
3165900.00000000	0.00000000	0.00000000	96.00000000
3166200.00000000	0.00000000	0.00000000	96.00000000
3166500.00000000	0.00000000	0.00000000	96.00000000
3166800.00000000	0.00000000	0.00000000	96.00000000
3167100.00000000	0.00000000	0.00000000	96.00000000
3167400.00000000	0.00000000	0.00000000	96.00000000
3167700.00000000	0.00000000	0.00000000	96.00000000
3168000.00000000	0.00000000	0.00000000	96.00000000
3168300.00000000	0.00000000	0.00000000	96.00000000
3168600.00000000	0.00000000	0.00000000	96.00000000
3168900.00000000	0.00000000	0.00000000	96.00000000
3169200.00000000	0.00000000	0.00000000	96.00000000
3169500.00000000	0.00000000	0.00000000	96.00000000
3169800.00000000	0.00000000	0.00000000	96.00000000
3170100.00000000	0.00000000	0.00000000	96.00000000
3170400.00000000	0.00000000	0.00000000	96.00000000
3170700.00000000	0.00000000	0.00000000	96.00000000
3171000.00000000	0.00000000	0.00000000	96.00000000
3171300.00000000	0.00000000	0.00000000	96.00000000
3171600.00000000	0.00000000	0.00000000	96.00000000
3171900.00000000	0.00000000	0.00000000	96.00000000
3172200.00000000	0.00000000	0.00000000	96.00000000
3172500.00000000	0.00000000	0.00000000	96.00000000
3172800.00000000	0.00000000	0.00000000	96.00000000
3173100.00000000	0.00000000	0.00000000	96.00000000
3173400.00000000	0.00000000	0.00000000	96.00000000
3173700.00000000	0.00000000	0.00000000	96.00000000
3174000.00000000	0.00000000	0.00000000	96.00000000
3174300.00000000	0.00000000	0.00000000	96.00000000
3174600.00000000	0.00000000	0.00000000	96.00000000
3174900.00000000	0.00000000	0.00000000	96.00000000
3175200.00000000	0.00000000	0.00000000	96.00000000
3175500.00000000	0.00000000	0.00000000	96.00000000
3175800.00000000	0.00000000	0.00000000	96.00000000
3176100.00000000	0.00000000	0.00000000	96.00000000
3176400.00000000	0.00000000	0.00000000	96.00000000
3176700.00000000	0.00000000	0.00000000	96.00000000
3177000.00000000	0.00000000	0.00000000	96.00000000
3177300.00000000	0.00000000	0.00000000	96.00000000
3177600.00000000	0.00000000	0.00000000	96.00000000
3177900.00000000	0.00000000	0.00000000	96.00000000
3178200.00000000	0.00000000	0.00000000	96.00000000
3178500.00000000	0.00000000	0.00000000	96.00000000
3178800.00000000	0.00000000	0.00000000	96.00000000
3179100.00000000	0.00000000	0.00000000	96.00000000
3179400.00000000	0.00000000	0.00000000	96.00000000
3179700.00000000	0.00000000	0.00000000	96.00000000
3180000.00000000	0.00000000	0.00000000	96.00000000
3180300.00000000	0.00000000	0.00000000	96.00000000
3180600.00000000	0.00000000	0.00000000	96.00000000
3180900.00000000	0.00000000	0.00000000	96.00000000
3181200.00000000	0.00000000	0.00000000	96.00000000
3181500.00000000	0.00000000	0.00000000	96.00000000
3181800.00000000	0.00000000	0.00000000	96.00000000
3182100.00000000	0.00000000	0.00000000	96.00000000
3182400.00000000	0.00000000	0.00000000	96.00000000
3182700.00000000	0.00000000	0.00000000	96.00000000
3183000.00000000	0.00000000	0.00000000	96.00000000
3183300.00000000	0.00000000	0.00000000	96.00000000
3183600.00000000	0.00000000	0.00000000	96.00000000
3183900.00000000	0.00000000	0.00000000	96.00000000
3184200.00000000	0.00000000	0.00000000	96.00000000
3184500.00000000	0.00000000	0.00000000	96.00000000
3184800.00000000	0.00000000	0.00000000	96.00000000
3185100.00000000	0.00000000	0.00000000	96.00000000
3185400.00000000	0.00000000	0.00000000	96.00000000
3185700.00000000	0.00000000	0.00000000	96.00000000
3186000.00000000	0.00000000	0.00000000	96.00000000
3186300.00000000	0.00000000	0.00000000	96.00000000
3186600.00000000	0.00000000	0.00000000	96.00000000
3186900.00000000	0.00000000	0.00000000	96.00000000
3187200.00000000	0.00000000	0.00000000	96.00000000
3187500.00000000	0.00000000	0.00000000	96.00000000
3187800.00000000	0.00000000	0.00000000	96.00000000
3188100.00000000	0.00000000	0.00000000	96.00000000
3188400.00000000	0.00000000	0.00000000	96.00000000
3188700.00000000	0.00000000	0.00000000	96.00000000
3189000.00000000	0.00000000	0.00000000	96.00000000
3189300.00000000	0.00000000	0.00000000	96.00000000
3189600.00000000	0.00000000	0.00000000	96.00000000
3189900.00000000	0.00000000	0.00000000	96.00000000
3190200.00000000	0.00000000	0.00000000	96.00000000
3190500.00000000	0.00000000	0.00000000	96.00000000
3190800.00000000	0.00000000	0.00000000	96.00000000
3191100.00000000	0.00000000	0.00000000	96.00000000
3191400.00000000	0.00000000	0.00000000	96.00000000
3191700.00000000	0.00000000	0.00000000	96.00000000
3192000.00000000	0.00000000	0.00000000	96.00000000
3192300.00000000	0.00000000	0.00000000	96.00000000
3192600.00000000	0.00000000	0.00000000	96.00000000
3192900.00000000	0.00000000	0.00000000	96.00000000
3193200.00000000	0.00000000	0.00000000	96.00000000
3193500.00000000	0.00000000	0.00000000	96.00000000
3193800.00000000	0.00000000	0.00000000	96.00000000
3194100.00000000	0.00000000	0.00000000	96.00000000
3194400.00000000	0.00000000	0.00000000	96.00000000
3194700.00000000	0.00000000	0.00000000	96.00000000
3195000.00000000	0.00000000	0.00000000	96.00000000
3195300.00000000	0.00000000	0.00000000	96.00000000
3195600.00000000	0.00000000	0.00000000	96.00000000
3195900.00000000	0.00000000	0.00000000	96.00000000
3196200.00000000	0.00000000	0.00000000	96.00000000
3196500.00000000	0.00000000	0.00000000	96.00000000
3196800.00000000	94.80000000	328.00000000	96.00000000
3197100.00000000	0.00000000	0.00000000	96.00000000
3197400.00000000	0.00000000	0.00000000	96.00000000
3197700.00000000	0.00000000	0.00000000	96.00000000
3198000.00000000	0.00000000	0.00000000	96.00000000
3198300.00000000	0.00000000	0.00000000	96.00000000
3198600.00000000	0.00000000	0.00000000	96.00000000
3198900.00000000	0.00000000	0.00000000	96.00000000
3199200.00000000	0.00000000	0.00000000	96.00000000
3199500.00000000	0.00000000	0.00000000	96.00000000
3199800.00000000	0.00000000	0.00000000	96.00000000
3200100.00000000	0.00000000	0.00000000	96.00000000
3200400.00000000	0.00000000	0.00000000	96.00000000
3200700.00000000	0.00000000	0.00000000	96.00000000
3201000.00000000	0.00000000	0.00000000	96.00000000
3201300.00000000	0.00000000	0.00000000	96.00000000
3201600.00000000	0.00000000	0.00000000	96.00000000
3201900.00000000	0.00000000	0.00000000	96.00000000
3202200.00000000	0.00000000	0.00000000	96.00000000
3202500.00000000	0.00000000	0.00000000	96.00000000
3202800.00000000	0.00000000	0.00000000	96.00000000
3203100.00000000	0.00000000	0.00000000	96.00000000
3203400.00000000	0.00000000	0.00000000	96.00000000
3203700.00000000	0.00000000	0.00000000	96.00000000
3204000.00000000	0.00000000	0.00000000	96.00000000
3204300.00000000	0.00000000	0.00000000	96.00000000
3204600.00000000	0.00000000	0.00000000	96.00000000
3204900.00000000	0.00000000	0.00000000	96.00000000
3205200.00000000	0.00000000	0.00000000	96.00000000
3205500.00000000	0.00000000	0.00000000	96.00000000
3205800.00000000	0.00000000	0.00000000	96.00000000
3206100.00000000	0.00000000	0.00000000	96.00000000
3206400.00000000	0.00000000	0.00000000	96.00000000
3206700.00000000	0.00000000	0.00000000	96.00000000
3207000.00000000	0.00000000	0.00000000	96.00000000
3207300.00000000	0.00000000	0.00000000	96.00000000
3207600.00000000	0.00000000	0.00000000	96.00000000
3207900.00000000	0.00000000	0.00000000	96.00000000
3208200.00000000	0.00000000	0.00000000	96.00000000
3208500.00000000	0.00000000	0.00000000	96.00000000
3208800.00000000	0.00000000	0.00000000	96.00000000
3209100.00000000	0.00000000	0.00000000	96.00000000
3209400.00000000	0.00000000	0.00000000	96.00000000
3209700.00000000	0.00000000	0.00000000	96.00000000
3210000.00000000	0.00000000	0.00000000	96.00000000
3210300.00000000	0.00000000	0.00000000	96.00000000
3210600.00000000	0.00000000	0.00000000	96.00000000
3210900.00000000	0.00000000	0.00000000	96.00000000
3211200.00000000	0.00000000	0.00000000	96.00000000
3211500.00000000	0.00000000	0.00000000	96.00000000
3211800.00000000	0.00000000	0.00000000	96.00000000
3212100.00000000	0.00000000	0.00000000	96.00000000
3212400.00000000	0.00000000	0.00000000	96.00000000
3212700.00000000	0.00000000	0.00000000	96.00000000
3213000.00000000	0.00000000	0.00000000	96.00000000
3213300.00000000	0.00000000	0.00000000	96.00000000
3213600.00000000	0.00000000	0.00000000	96.00000000
3213900.00000000	0.00000000	0.00000000	96.00000000
3214200.00000000	0.00000000	0.00000000	96.00000000
3214500.00000000	0.00000000	0.00000000	96.00000000
3214800.00000000	0.00000000	0.00000000	96.00000000
3215100.00000000	0.00000000	0.00000000	96.00000000
3215400.00000000	0.00000000	0.00000000	96.00000000
3215700.00000000	0.00000000	0.00000000	96.00000000
3216000.00000000	0.00000000	0.00000000	96.00000000
3216300.00000000	0.00000000	0.00000000	96.00000000
3216600.00000000	0.00000000	0.00000000	96.00000000
3216900.00000000	0.00000000	0.00000000	96.00000000
3217200.00000000	0.00000000	0.00000000	96.00000000
3217500.00000000	0.00000000	0.00000000	96.00000000
3217800.00000000	0.00000000	0.00000000	96.00000000
3218100.00000000	0.00000000	0.00000000	96.00000000
3218400.00000000	0.00000000	0.00000000	96.00000000
3218700.00000000	0.00000000	0.00000000	96.00000000
3219000.00000000	0.00000000	0.00000000	96.00000000
3219300.00000000	0.00000000	0.00000000	96.00000000
3219600.00000000	0.00000000	0.00000000	96.00000000
3219900.00000000	0.00000000	0.00000000	96.00000000
3220200.00000000	0.00000000	0.00000000	96.00000000
3220500.00000000	0.00000000	0.00000000	96.00000000
3220800.00000000	0.00000000	0.00000000	96.00000000
3221100.00000000	0.00000000	0.00000000	96.00000000
3221400.00000000	0.00000000	0.00000000	96.00000000
3221700.00000000	0.00000000	0.00000000	96.00000000
3222000.00000000	0.00000000	0.00000000	96.00000000
3222300.00000000	0.00000000	0.00000000	96.00000000
3222600.00000000	0.00000000	0.00000000	96.00000000
3222900.00000000	0.00000000	0.00000000	96.00000000
3223200.00000000	0.00000000	0.00000000	96.00000000
3223500.00000000	0.00000000	0.00000000	96.00000000
3223800.00000000	0.00000000	0.00000000	96.00000000
3224100.00000000	0.00000000	0.00000000	96.00000000
3224400.00000000	0.00000000	0.00000000	96.00000000
3224700.00000000	0.00000000	0.00000000	96.00000000
3225000.00000000	0.00000000	0.00000000	96.00000000
3225300.00000000	0.00000000	0.00000000	96.00000000
3225600.00000000	0.00000000	0.00000000	96.00000000
3225900.00000000	0.00000000	0.00000000	96.00000000
3226200.00000000	0.00000000	0.00000000	96.00000000
3226500.00000000	0.00000000	0.00000000	96.00000000
3226800.00000000	0.00000000	0.00000000	96.00000000
3227100.00000000	0.00000000	0.00000000	96.00000000
3227400.00000000	0.00000000	0.00000000	96.00000000
3227700.00000000	0.00000000	0.00000000	96.00000000
3228000.00000000	0.00000000	0.00000000	96.00000000
3228300.00000000	0.00000000	0.00000000	96.00000000
3228600.00000000	0.00000000	0.00000000	96.00000000
3228900.00000000	0.00000000	0.00000000	96.00000000
3229200.00000000	0.00000000	0.00000000	96.00000000
3229500.00000000	0.00000000	0.00000000	96.00000000
3229800.00000000	0.00000000	0.00000000	96.00000000
3230100.00000000	0.00000000	0.00000000	96.00000000
3230400.00000000	0.00000000	0.00000000	96.00000000
3230700.00000000	0.00000000	0.00000000	96.00000000
3231000.00000000	0.00000000	0.00000000	96.00000000
3231300.00000000	0.00000000	0.00000000	96.00000000
3231600.00000000	0.00000000	0.00000000	96.00000000
3231900.00000000	0.00000000	0.00000000	96.00000000
3232200.00000000	0.00000000	0.00000000	96.00000000
3232500.00000000	0.00000000	0.00000000	96.00000000
3232800.00000000	0.00000000	0.00000000	96.00000000
3233100.00000000	0.00000000	0.00000000	96.00000000
3233400.00000000	0.00000000	0.00000000	96.00000000
3233700.00000000	0.00000000	0.00000000	96.00000000
3234000.00000000	0.00000000	0.00000000	96.00000000
3234300.00000000	0.00000000	0.00000000	96.00000000
3234600.00000000	0.00000000	0.00000000	96.00000000
3234900.00000000	0.00000000	0.00000000	96.00000000
3235200.00000000	0.00000000	0.00000000	96.00000000
3235500.00000000	0.00000000	0.00000000	96.00000000
3235800.00000000	0.00000000	0.00000000	96.00000000
3236100.00000000	0.00000000	0.00000000	96.00000000
3236400.00000000	0.00000000	0.00000000	96.00000000
3236700.00000000	0.00000000	0.00000000	96.00000000
3237000.00000000	0.00000000	0.00000000	96.00000000
3237300.00000000	0.00000000	0.00000000	96.00000000
3237600.00000000	0.00000000	0.00000000	96.00000000
3237900.00000000	0.00000000	0.00000000	96.00000000
3238200.00000000	0.00000000	0.00000000	96.00000000
3238500.00000000	0.00000000	0.00000000	96.00000000
3238800.00000000	0.00000000	0.00000000	96.00000000
3239100.00000000	0.00000000	0.00000000	96.00000000
3239400.00000000	0.00000000	0.00000000	96.00000000
3239700.00000000	0.00000000	0.00000000	96.00000000
3240000.00000000	0.00000000	0.00000000	96.00000000
3240300.00000000	0.00000000	0.00000000	96.00000000
3240600.00000000	0.00000000	0.00000000	96.00000000
3240900.00000000	0.00000000	0.00000000	96.00000000
3241200.00000000	0.00000000	0.00000000	96.00000000
3241500.00000000	0.00000000	0.00000000	96.00000000
3241800.00000000	0.00000000	0.00000000	96.00000000
3242100.00000000	0.00000000	0.00000000	96.00000000
3242400.00000000	0.00000000	0.00000000	96.00000000
3242700.00000000	0.00000000	0.00000000	96.00000000
3243000.00000000	0.00000000	0.00000000	96.00000000
3243300.00000000	0.00000000	0.00000000	96.00000000
3243600.00000000	0.00000000	0.00000000	96.00000000
3243900.00000000	0.00000000	0.00000000	96.00000000
3244200.00000000	0.00000000	0.00000000	96.00000000
3244500.00000000	0.00000000	0.00000000	96.00000000
3244800.00000000	0.00000000	0.00000000	96.00000000
3245100.00000000	0.00000000	0.00000000	96.00000000
3245400.00000000	0.00000000	0.00000000	96.00000000
3245700.00000000	0.00000000	0.00000000	96.00000000
3246000.00000000	0.00000000	0.00000000	96.00000000
3246300.00000000	0.00000000	0.00000000	96.00000000
3246600.00000000	0.00000000	0.00000000	96.00000000
3246900.00000000	0.00000000	0.00000000	96.00000000
3247200.00000000	0.00000000	0.00000000	96.00000000
3247500.00000000	0.00000000	0.00000000	96.00000000
3247800.00000000	0.00000000	0.00000000	96.00000000
3248100.00000000	0.00000000	0.00000000	96.00000000
3248400.00000000	0.00000000	0.00000000	96.00000000
3248700.00000000	0.00000000	0.00000000	96.00000000
3249000.00000000	0.00000000	0.00000000	96.00000000
3249300.00000000	0.00000000	0.00000000	96.00000000
3249600.00000000	0.00000000	0.00000000	96.00000000
3249900.00000000	0.00000000	0.00000000	96.00000000
3250200.00000000	0.00000000	0.00000000	96.00000000
3250500.00000000	0.00000000	0.00000000	96.00000000
3250800.00000000	0.00000000	0.00000000	96.00000000
3251100.00000000	0.00000000	0.00000000	96.00000000
3251400.00000000	0.00000000	0.00000000	96.00000000
3251700.00000000	0.00000000	0.00000000	96.00000000
3252000.00000000	0.00000000	0.00000000	96.00000000
3252300.00000000	0.00000000	0.00000000	96.00000000
3252600.00000000	0.00000000	0.00000000	96.00000000
3252900.00000000	0.00000000	0.00000000	96.00000000
3253200.00000000	0.00000000	0.00000000	96.00000000
3253500.00000000	0.00000000	0.00000000	96.00000000
3253800.00000000	0.00000000	0.00000000	96.00000000
3254100.00000000	0.00000000	0.00000000	96.00000000
3254400.00000000	0.00000000	0.00000000	96.00000000
3254700.00000000	0.00000000	0.00000000	96.00000000
3255000.00000000	0.00000000	0.00000000	96.00000000
3255300.00000000	0.00000000	0.00000000	96.00000000
3255600.00000000	0.00000000	0.00000000	96.00000000
3255900.00000000	0.00000000	0.00000000	96.00000000
3256200.00000000	0.00000000	0.00000000	96.00000000
3256500.00000000	0.00000000	0.00000000	96.00000000
3256800.00000000	0.00000000	0.00000000	96.00000000
3257100.00000000	0.00000000	0.00000000	96.00000000
3257400.00000000	0.00000000	0.00000000	96.00000000
3257700.00000000	0.00000000	0.00000000	96.00000000
3258000.00000000	0.00000000	0.00000000	96.00000000
3258300.00000000	0.00000000	0.00000000	96.00000000
3258600.00000000	0.00000000	0.00000000	96.00000000
3258900.00000000	0.00000000	0.00000000	96.00000000
3259200.00000000	0.00000000	0.00000000	96.00000000
3259500.00000000	0.00000000	0.00000000	96.00000000
3259800.00000000	0.00000000	0.00000000	96.00000000
3260100.00000000	0.00000000	0.00000000	96.00000000
3260400.00000000	0.00000000	0.00000000	96.00000000
3260700.00000000	0.00000000	0.00000000	96.00000000
3261000.00000000	0.00000000	0.00000000	96.00000000
3261300.00000000	0.00000000	0.00000000	96.00000000
3261600.00000000	0.00000000	0.00000000	96.00000000
3261900.00000000	0.00000000	0.00000000	96.00000000
3262200.00000000	0.00000000	0.00000000	96.00000000
3262500.00000000	0.00000000	0.00000000	96.00000000
3262800.00000000	0.00000000	0.00000000	96.00000000
3263100.00000000	0.00000000	0.00000000	96.00000000
3263400.00000000	0.00000000	0.00000000	96.00000000
3263700.00000000	0.00000000	0.00000000	96.00000000
3264000.00000000	0.00000000	0.00000000	96.00000000
3264300.00000000	0.00000000	0.00000000	96.00000000
3264600.00000000	0.00000000	0.00000000	96.00000000
3264900.00000000	0.00000000	0.00000000	96.00000000
3265200.00000000	0.00000000	0.00000000	96.00000000
3265500.00000000	0.00000000	0.00000000	96.00000000
3265800.00000000	0.00000000	0.00000000	96.00000000
3266100.00000000	0.00000000	0.00000000	96.00000000
3266400.00000000	0.00000000	0.00000000	96.00000000
3266700.00000000	0.00000000	0.00000000	96.00000000
3267000.00000000	0.00000000	0.00000000	96.00000000
3267300.00000000	0.00000000	0.00000000	96.00000000
3267600.00000000	0.00000000	0.00000000	96.00000000
3267900.00000000	0.00000000	0.00000000	96.00000000
3268200.00000000	0.00000000	0.00000000	96.00000000
3268500.00000000	0.00000000	0.00000000	96.00000000
3268800.00000000	0.00000000	0.00000000	96.00000000
3269100.00000000	0.00000000	0.00000000	96.00000000
3269400.00000000	0.00000000	0.00000000	96.00000000
3269700.00000000	0.00000000	0.00000000	96.00000000
3270000.00000000	0.00000000	0.00000000	96.00000000
3270300.00000000	0.00000000	0.00000000	96.00000000
3270600.00000000	0.00000000	0.00000000	96.00000000
3270900.00000000	0.00000000	0.00000000	96.00000000
3271200.00000000	0.00000000	0.00000000	96.00000000
3271500.00000000	0.00000000	0.00000000	96.00000000
3271800.00000000	0.00000000	0.00000000	96.00000000
3272100.00000000	0.00000000	0.00000000	96.00000000
3272400.00000000	0.00000000	0.00000000	96.00000000
3272700.00000000	0.00000000	0.00000000	96.00000000
3273000.00000000	0.00000000	0.00000000	96.00000000
3273300.00000000	0.00000000	0.00000000	96.00000000
3273600.00000000	0.00000000	0.00000000	96.00000000
3273900.00000000	0.00000000	0.00000000	96.00000000
3274200.00000000	0.00000000	0.00000000	96.00000000
3274500.00000000	0.00000000	0.00000000	96.00000000
3274800.00000000	0.00000000	0.00000000	96.00000000
3275100.00000000	0.00000000	0.00000000	96.00000000
3275400.00000000	0.00000000	0.00000000	96.00000000
3275700.00000000	0.00000000	0.00000000	96.00000000
3276000.00000000	0.00000000	0.00000000	96.00000000
3276300.00000000	0.00000000	0.00000000	96.00000000
3276600.00000000	0.00000000	0.00000000	96.00000000
3276900.00000000	0.00000000	0.00000000	96.00000000
3277200.00000000	0.00000000	0.00000000	96.00000000
3277500.00000000	0.00000000	0.00000000	96.00000000
3277800.00000000	0.00000000	0.00000000	96.00000000
3278100.00000000	0.00000000	0.00000000	96.00000000
3278400.00000000	0.00000000	0.00000000	96.00000000
3278700.00000000	0.00000000	0.00000000	96.00000000
3279000.00000000	0.00000000	0.00000000	96.00000000
3279300.00000000	0.00000000	0.00000000	96.00000000
3279600.00000000	0.00000000	0.00000000	96.00000000
3279900.00000000	0.00000000	0.00000000	96.00000000
3280200.00000000	0.00000000	0.00000000	96.00000000
3280500.00000000	0.00000000	0.00000000	96.00000000
3280800.00000000	0.00000000	0.00000000	96.00000000
3281100.00000000	0.00000000	0.00000000	96.00000000
3281400.00000000	0.00000000	0.00000000	96.00000000
3281700.00000000	0.00000000	0.00000000	96.00000000
3282000.00000000	0.00000000	0.00000000	96.00000000
3282300.00000000	0.00000000	0.00000000	96.00000000
3282600.00000000	0.00000000	0.00000000	96.00000000
3282900.00000000	0.00000000	0.00000000	96.00000000
3283200.00000000	0.00000000	0.00000000	96.00000000
3283500.00000000	0.00000000	0.00000000	96.00000000
3283800.00000000	0.00000000	0.00000000	96.00000000
3284100.00000000	0.00000000	0.00000000	96.00000000
3284400.00000000	0.00000000	0.00000000	96.00000000
3284700.00000000	0.00000000	0.00000000	96.00000000
3285000.00000000	0.00000000	0.00000000	96.00000000
3285300.00000000	0.00000000	0.00000000	96.00000000
3285600.00000000	0.00000000	0.00000000	96.00000000
3285900.00000000	0.00000000	0.00000000	96.00000000
3286200.00000000	0.00000000	0.00000000	96.00000000
3286500.00000000	0.00000000	0.00000000	96.00000000
3286800.00000000	0.00000000	0.00000000	96.00000000
3287100.00000000	0.00000000	0.00000000	96.00000000
3287400.00000000	0.00000000	0.00000000	96.00000000
3287700.00000000	0.00000000	0.00000000	96.00000000
3288000.00000000	0.00000000	0.00000000	96.00000000
3288300.00000000	0.00000000	0.00000000	96.00000000
3288600.00000000	0.00000000	0.00000000	96.00000000
3288900.00000000	0.00000000	0.00000000	96.00000000
3289200.00000000	0.00000000	0.00000000	96.00000000
3289500.00000000	0.00000000	0.00000000	96.00000000
3289800.00000000	0.00000000	0.00000000	96.00000000
3290100.00000000	0.00000000	0.00000000	96.00000000
3290400.00000000	0.00000000	0.00000000	96.00000000
3290700.00000000	0.00000000	0.00000000	96.00000000
3291000.00000000	0.00000000	0.00000000	96.00000000
3291300.00000000	0.00000000	0.00000000	96.00000000
3291600.00000000	0.00000000	0.00000000	96.00000000
3291900.00000000	0.00000000	0.00000000	96.00000000
3292200.00000000	0.00000000	0.00000000	96.00000000
3292500.00000000	0.00000000	0.00000000	96.00000000
3292800.00000000	0.00000000	0.00000000	96.00000000
3293100.00000000	0.00000000	0.00000000	96.00000000
3293400.00000000	0.00000000	0.00000000	96.00000000
3293700.00000000	0.00000000	0.00000000	96.00000000
3294000.00000000	0.00000000	0.00000000	96.00000000
3294300.00000000	0.00000000	0.00000000	96.00000000
3294600.00000000	0.00000000	0.00000000	96.00000000
3294900.00000000	0.00000000	0.00000000	96.00000000
3295200.00000000	0.00000000	0.00000000	96.00000000
3295500.00000000	0.00000000	0.00000000	96.00000000
3295800.00000000	0.00000000	0.00000000	96.00000000
3296100.00000000	0.00000000	0.00000000	96.00000000
3296400.00000000	0.00000000	0.00000000	96.00000000
3296700.00000000	0.00000000	0.00000000	96.00000000
3297000.00000000	0.00000000	0.00000000	96.00000000
3297300.00000000	0.00000000	0.00000000	96.00000000
3297600.00000000	0.00000000	0.00000000	96.00000000
3297900.00000000	0.00000000	0.00000000	96.00000000
3298200.00000000	0.00000000	0.00000000	96.00000000
3298500.00000000	0.00000000	0.00000000	96.00000000
3298800.00000000	0.00000000	0.00000000	96.00000000
3299100.00000000	0.00000000	0.00000000	96.00000000
3299400.00000000	0.00000000	0.00000000	96.00000000
3299700.00000000	0.00000000	0.00000000	96.00000000
3300000.00000000	0.00000000	0.00000000	96.00000000
3300300.00000000	0.00000000	0.00000000	96.00000000
3300600.00000000	0.00000000	0.00000000	96.00000000
3300900.00000000	0.00000000	0.00000000	96.00000000
3301200.00000000	0.00000000	0.00000000	96.00000000
3301500.00000000	0.00000000	0.00000000	96.00000000
3301800.00000000	0.00000000	0.00000000	96.00000000
3302100.00000000	0.00000000	0.00000000	96.00000000
3302400.00000000	0.00000000	0.00000000	96.00000000
3302700.00000000	0.00000000	0.00000000	96.00000000
3303000.00000000	0.00000000	0.00000000	96.00000000
3303300.00000000	0.00000000	0.00000000	96.00000000
3303600.00000000	0.00000000	0.00000000	96.00000000
3303900.00000000	0.00000000	0.00000000	96.00000000
3304200.00000000	0.00000000	0.00000000	96.00000000
3304500.00000000	0.00000000	0.00000000	96.00000000
3304800.00000000	0.00000000	0.00000000	96.00000000
3305100.00000000	0.00000000	0.00000000	96.00000000
3305400.00000000	0.00000000	0.00000000	96.00000000
3305700.00000000	0.00000000	0.00000000	96.00000000
3306000.00000000	0.00000000	0.00000000	96.00000000
3306300.00000000	0.00000000	0.00000000	96.00000000
3306600.00000000	0.00000000	0.00000000	96.00000000
3306900.00000000	0.00000000	0.00000000	96.00000000
3307200.00000000	0.00000000	0.00000000	96.00000000
3307500.00000000	0.00000000	0.00000000	96.00000000
3307800.00000000	0.00000000	0.00000000	96.00000000
3308100.00000000	0.00000000	0.00000000	96.00000000
3308400.00000000	0.00000000	0.00000000	96.00000000
3308700.00000000	0.00000000	0.00000000	96.00000000
3309000.00000000	0.00000000	0.00000000	96.00000000
3309300.00000000	0.00000000	0.00000000	96.00000000
3309600.00000000	0.00000000	0.00000000	96.00000000
3309900.00000000	0.00000000	0.00000000	96.00000000
3310200.00000000	0.00000000	0.00000000	96.00000000
3310500.00000000	0.00000000	0.00000000	96.00000000
3310800.00000000	0.00000000	0.00000000	96.00000000
3311100.00000000	0.00000000	0.00000000	96.00000000
3311400.00000000	0.00000000	0.00000000	96.00000000
3311700.00000000	0.00000000	0.00000000	96.00000000
3312000.00000000	0.00000000	0.00000000	96.00000000
3312300.00000000	0.00000000	0.00000000	96.00000000
3312600.00000000	0.00000000	0.00000000	96.00000000
3312900.00000000	0.00000000	0.00000000	96.00000000
3313200.00000000	0.00000000	0.00000000	96.00000000
3313500.00000000	0.00000000	0.00000000	96.00000000
3313800.00000000	0.00000000	0.00000000	96.00000000
3314100.00000000	0.00000000	0.00000000	96.00000000
3314400.00000000	0.00000000	0.00000000	96.00000000
3314700.00000000	0.00000000	0.00000000	96.00000000
3315000.00000000	0.00000000	0.00000000	96.00000000
3315300.00000000	0.00000000	0.00000000	96.00000000
3315600.00000000	0.00000000	0.00000000	96.00000000
3315900.00000000	0.00000000	0.00000000	96.00000000
3316200.00000000	0.00000000	0.00000000	96.00000000
3316500.00000000	0.00000000	0.00000000	96.00000000
3316800.00000000	0.00000000	0.00000000	96.00000000
3317100.00000000	0.00000000	0.00000000	96.00000000
3317400.00000000	0.00000000	0.00000000	96.00000000
3317700.00000000	0.00000000	0.00000000	96.00000000
3318000.00000000	0.00000000	0.00000000	96.00000000
3318300.00000000	0.00000000	0.00000000	96.00000000
3318600.00000000	0.00000000	0.00000000	96.00000000
3318900.00000000	0.00000000	0.00000000	96.00000000
3319200.00000000	0.00000000	0.00000000	96.00000000
3319500.00000000	0.00000000	0.00000000	96.00000000
3319800.00000000	0.00000000	0.00000000	96.00000000
3320100.00000000	0.00000000	0.00000000	96.00000000
3320400.00000000	0.00000000	0.00000000	96.00000000
3320700.00000000	0.00000000	0.00000000	96.00000000
3321000.00000000	0.00000000	0.00000000	96.00000000
3321300.00000000	0.00000000	0.00000000	96.00000000
3321600.00000000	0.00000000	0.00000000	96.00000000
3321900.00000000	0.00000000	0.00000000	96.00000000
3322200.00000000	0.00000000	0.00000000	96.00000000
3322500.00000000	0.00000000	0.00000000	96.00000000
3322800.00000000	0.00000000	0.00000000	96.00000000
3323100.00000000	0.00000000	0.00000000	96.00000000
3323400.00000000	0.00000000	0.00000000	96.00000000
3323700.00000000	0.00000000	0.00000000	96.00000000
3324000.00000000	0.00000000	0.00000000	96.00000000
3324300.00000000	0.00000000	0.00000000	96.00000000
3324600.00000000	0.00000000	0.00000000	96.00000000
3324900.00000000	0.00000000	0.00000000	96.00000000
3325200.00000000	0.00000000	0.00000000	96.00000000
3325500.00000000	0.00000000	0.00000000	96.00000000
3325800.00000000	0.00000000	0.00000000	96.00000000
3326100.00000000	0.00000000	0.00000000	96.00000000
3326400.00000000	0.00000000	0.00000000	96.00000000
3326700.00000000	0.00000000	0.00000000	96.00000000
3327000.00000000	0.00000000	0.00000000	96.00000000
3327300.00000000	0.00000000	0.00000000	96.00000000
3327600.00000000	0.00000000	0.00000000	96.00000000
3327900.00000000	0.00000000	0.00000000	96.00000000
3328200.00000000	0.00000000	0.00000000	96.00000000
3328500.00000000	0.00000000	0.00000000	96.00000000
3328800.00000000	0.00000000	0.00000000	96.00000000
3329100.00000000	0.00000000	0.00000000	96.00000000
3329400.00000000	0.00000000	0.00000000	96.00000000
3329700.00000000	0.00000000	0.00000000	96.00000000
3330000.00000000	0.00000000	0.00000000	96.00000000
3330300.00000000	0.00000000	0.00000000	96.00000000
3330600.00000000	0.00000000	0.00000000	96.00000000
3330900.00000000	0.00000000	0.00000000	96.00000000
3331200.00000000	0.00000000	0.00000000	96.00000000
3331500.00000000	0.00000000	0.00000000	96.00000000
3331800.00000000	0.00000000	0.00000000	96.00000000
3332100.00000000	0.00000000	0.00000000	96.00000000
3332400.00000000	0.00000000	0.00000000	96.00000000
3332700.00000000	0.00000000	0.00000000	96.00000000
3333000.00000000	0.00000000	0.00000000	96.00000000
3333300.00000000	0.00000000	0.00000000	96.00000000
3333600.00000000	0.00000000	0.00000000	96.00000000
3333900.00000000	0.00000000	0.00000000	96.00000000
3334200.00000000	0.00000000	0.00000000	96.00000000
3334500.00000000	0.00000000	0.00000000	96.00000000
3334800.00000000	0.00000000	0.00000000	96.00000000
3335100.00000000	0.00000000	0.00000000	96.00000000
3335400.00000000	0.00000000	0.00000000	96.00000000
3335700.00000000	0.00000000	0.00000000	96.00000000
3336000.00000000	0.00000000	0.00000000	96.00000000
3336300.00000000	0.00000000	0.00000000	96.00000000
3336600.00000000	0.00000000	0.00000000	96.00000000
3336900.00000000	0.00000000	0.00000000	96.00000000
3337200.00000000	0.00000000	0.00000000	96.00000000
3337500.00000000	0.00000000	0.00000000	96.00000000
3337800.00000000	0.00000000	0.00000000	96.00000000
3338100.00000000	0.00000000	0.00000000	96.00000000
3338400.00000000	0.00000000	0.00000000	96.00000000
3338700.00000000	0.00000000	0.00000000	96.00000000
3339000.00000000	0.00000000	0.00000000	96.00000000
3339300.00000000	0.00000000	0.00000000	96.00000000
3339600.00000000	0.00000000	0.00000000	96.00000000
3339900.00000000	0.00000000	0.00000000	96.00000000
3340200.00000000	0.00000000	0.00000000	96.00000000
3340500.00000000	0.00000000	0.00000000	96.00000000
3340800.00000000	0.00000000	0.00000000	96.00000000
3341100.00000000	0.00000000	0.00000000	96.00000000
3341400.00000000	0.00000000	0.00000000	96.00000000
3341700.00000000	0.00000000	0.00000000	96.00000000
3342000.00000000	0.00000000	0.00000000	96.00000000
3342300.00000000	0.00000000	0.00000000	96.00000000
3342600.00000000	0.00000000	0.00000000	96.00000000
3342900.00000000	0.00000000	0.00000000	96.00000000
3343200.00000000	0.00000000	0.00000000	96.00000000
3343500.00000000	0.00000000	0.00000000	96.00000000
3343800.00000000	0.00000000	0.00000000	96.00000000
3344100.00000000	0.00000000	0.00000000	96.00000000
3344400.00000000	0.00000000	0.00000000	96.00000000
3344700.00000000	0.00000000	0.00000000	96.00000000
3345000.00000000	0.00000000	0.00000000	96.00000000
3345300.00000000	0.00000000	0.00000000	96.00000000
3345600.00000000	0.00000000	0.00000000	96.00000000
3345900.00000000	0.00000000	0.00000000	96.00000000
3346200.00000000	0.00000000	0.00000000	96.00000000
3346500.00000000	0.00000000	0.00000000	96.00000000
3346800.00000000	0.00000000	0.00000000	96.00000000
3347100.00000000	0.00000000	0.00000000	96.00000000
3347400.00000000	0.00000000	0.00000000	96.00000000
3347700.00000000	0.00000000	0.00000000	96.00000000
3348000.00000000	0.00000000	0.00000000	96.00000000
3348300.00000000	0.00000000	0.00000000	96.00000000
3348600.00000000	0.00000000	0.00000000	96.00000000
3348900.00000000	0.00000000	0.00000000	96.00000000
3349200.00000000	0.00000000	0.00000000	96.00000000
3349500.00000000	0.00000000	0.00000000	96.00000000
3349800.00000000	0.00000000	0.00000000	96.00000000
3350100.00000000	0.00000000	0.00000000	96.00000000
3350400.00000000	0.00000000	0.00000000	96.00000000
3350700.00000000	0.00000000	0.00000000	96.00000000
3351000.00000000	0.00000000	0.00000000	96.00000000
3351300.00000000	0.00000000	0.00000000	96.00000000
3351600.00000000	0.00000000	0.00000000	96.00000000
3351900.00000000	0.00000000	0.00000000	96.00000000
3352200.00000000	0.00000000	0.00000000	96.00000000
3352500.00000000	0.00000000	0.00000000	96.00000000
3352800.00000000	0.00000000	0.00000000	96.00000000
3353100.00000000	0.00000000	0.00000000	96.00000000
3353400.00000000	0.00000000	0.00000000	96.00000000
3353700.00000000	0.00000000	0.00000000	96.00000000
3354000.00000000	0.00000000	0.00000000	96.00000000
3354300.00000000	0.00000000	0.00000000	96.00000000
3354600.00000000	0.00000000	0.00000000	96.00000000
3354900.00000000	0.00000000	0.00000000	96.00000000
3355200.00000000	0.00000000	0.00000000	96.00000000
3355500.00000000	0.00000000	0.00000000	96.00000000
3355800.00000000	0.00000000	0.00000000	96.00000000
3356100.00000000	0.00000000	0.00000000	96.00000000
3356400.00000000	0.00000000	0.00000000	96.00000000
3356700.00000000	0.00000000	0.00000000	96.00000000
3357000.00000000	0.00000000	0.00000000	96.00000000
3357300.00000000	0.00000000	0.00000000	96.00000000
3357600.00000000	0.00000000	0.00000000	96.00000000
3357900.00000000	0.00000000	0.00000000	96.00000000
3358200.00000000	0.00000000	0.00000000	96.00000000
3358500.00000000	0.00000000	0.00000000	96.00000000
3358800.00000000	0.00000000	0.00000000	96.00000000
3359100.00000000	0.00000000	0.00000000	96.00000000
3359400.00000000	0.00000000	0.00000000	96.00000000
3359700.00000000	0.00000000	0.00000000	96.00000000
3360000.00000000	0.00000000	0.00000000	96.00000000
3360300.00000000	0.00000000	0.00000000	96.00000000
3360600.00000000	0.00000000	0.00000000	96.00000000
3360900.00000000	0.00000000	0.00000000	96.00000000
3361200.00000000	0.00000000	0.00000000	96.00000000
3361500.00000000	0.00000000	0.00000000	96.00000000
3361800.00000000	0.00000000	0.00000000	96.00000000
3362100.00000000	0.00000000	0.00000000	96.00000000
3362400.00000000	0.00000000	0.00000000	96.00000000
3362700.00000000	0.00000000	0.00000000	96.00000000
3363000.00000000	0.00000000	0.00000000	96.00000000
3363300.00000000	0.00000000	0.00000000	96.00000000
3363600.00000000	0.00000000	0.00000000	96.00000000
3363900.00000000	0.00000000	0.00000000	96.00000000
3364200.00000000	0.00000000	0.00000000	96.00000000
3364500.00000000	0.00000000	0.00000000	96.00000000
3364800.00000000	0.00000000	0.00000000	96.00000000
3365100.00000000	0.00000000	0.00000000	96.00000000
3365400.00000000	0.00000000	0.00000000	96.00000000
3365700.00000000	0.00000000	0.00000000	96.00000000
3366000.00000000	0.00000000	0.00000000	96.00000000
3366300.00000000	0.00000000	0.00000000	96.00000000
3366600.00000000	0.00000000	0.00000000	96.00000000
3366900.00000000	0.00000000	0.00000000	96.00000000
3367200.00000000	0.00000000	0.00000000	96.00000000
3367500.00000000	0.00000000	0.00000000	96.00000000
3367800.00000000	0.00000000	0.00000000	96.00000000
3368100.00000000	0.00000000	0.00000000	96.00000000
3368400.00000000	0.00000000	0.00000000	96.00000000
3368700.00000000	0.00000000	0.00000000	96.00000000
3369000.00000000	0.00000000	0.00000000	96.00000000
3369300.00000000	0.00000000	0.00000000	96.00000000
3369600.00000000	142.20000000	492.00000000	96.00000000
3369900.00000000	0.00000000	0.00000000	96.00000000
3370200.00000000	0.00000000	0.00000000	96.00000000
3370500.00000000	0.00000000	0.00000000	96.00000000
3370800.00000000	0.00000000	0.00000000	96.00000000
3371100.00000000	0.00000000	0.00000000	96.00000000
3371400.00000000	0.00000000	0.00000000	96.00000000
3371700.00000000	0.00000000	0.00000000	96.00000000
3372000.00000000	0.00000000	0.00000000	96.00000000
3372300.00000000	0.00000000	0.00000000	96.00000000
3372600.00000000	0.00000000	0.00000000	96.00000000
3372900.00000000	0.00000000	0.00000000	96.00000000
3373200.00000000	0.00000000	0.00000000	96.00000000
3373500.00000000	0.00000000	0.00000000	96.00000000
3373800.00000000	0.00000000	0.00000000	96.00000000
3374100.00000000	0.00000000	0.00000000	96.00000000
3374400.00000000	0.00000000	0.00000000	96.00000000
3374700.00000000	0.00000000	0.00000000	96.00000000
3375000.00000000	0.00000000	0.00000000	96.00000000
3375300.00000000	0.00000000	0.00000000	96.00000000
3375600.00000000	0.00000000	0.00000000	96.00000000
3375900.00000000	0.00000000	0.00000000	96.00000000
3376200.00000000	0.00000000	0.00000000	96.00000000
3376500.00000000	0.00000000	0.00000000	96.00000000
3376800.00000000	0.00000000	0.00000000	96.00000000
3377100.00000000	0.00000000	0.00000000	96.00000000
3377400.00000000	0.00000000	0.00000000	96.00000000
3377700.00000000	0.00000000	0.00000000	96.00000000
3378000.00000000	0.00000000	0.00000000	96.00000000
3378300.00000000	0.00000000	0.00000000	96.00000000
3378600.00000000	0.00000000	0.00000000	96.00000000
3378900.00000000	0.00000000	0.00000000	96.00000000
3379200.00000000	0.00000000	0.00000000	96.00000000
3379500.00000000	0.00000000	0.00000000	96.00000000
3379800.00000000	0.00000000	0.00000000	96.00000000
3380100.00000000	0.00000000	0.00000000	96.00000000
3380400.00000000	0.00000000	0.00000000	96.00000000
3380700.00000000	0.00000000	0.00000000	96.00000000
3381000.00000000	0.00000000	0.00000000	96.00000000
3381300.00000000	0.00000000	0.00000000	96.00000000
3381600.00000000	0.00000000	0.00000000	96.00000000
3381900.00000000	0.00000000	0.00000000	96.00000000
3382200.00000000	0.00000000	0.00000000	96.00000000
3382500.00000000	0.00000000	0.00000000	96.00000000
3382800.00000000	0.00000000	0.00000000	96.00000000
3383100.00000000	0.00000000	0.00000000	96.00000000
3383400.00000000	0.00000000	0.00000000	96.00000000
3383700.00000000	0.00000000	0.00000000	96.00000000
3384000.00000000	0.00000000	0.00000000	96.00000000
3384300.00000000	0.00000000	0.00000000	96.00000000
3384600.00000000	0.00000000	0.00000000	96.00000000
3384900.00000000	0.00000000	0.00000000	96.00000000
3385200.00000000	0.00000000	0.00000000	96.00000000
3385500.00000000	0.00000000	0.00000000	96.00000000
3385800.00000000	0.00000000	0.00000000	96.00000000
3386100.00000000	0.00000000	0.00000000	96.00000000
3386400.00000000	0.00000000	0.00000000	96.00000000
3386700.00000000	0.00000000	0.00000000	96.00000000
3387000.00000000	0.00000000	0.00000000	96.00000000
3387300.00000000	0.00000000	0.00000000	96.00000000
3387600.00000000	0.00000000	0.00000000	96.00000000
3387900.00000000	0.00000000	0.00000000	96.00000000
3388200.00000000	0.00000000	0.00000000	96.00000000
3388500.00000000	0.00000000	0.00000000	96.00000000
3388800.00000000	0.00000000	0.00000000	96.00000000
3389100.00000000	0.00000000	0.00000000	96.00000000
3389400.00000000	0.00000000	0.00000000	96.00000000
3389700.00000000	0.00000000	0.00000000	96.00000000
3390000.00000000	0.00000000	0.00000000	96.00000000
3390300.00000000	0.00000000	0.00000000	96.00000000
3390600.00000000	0.00000000	0.00000000	96.00000000
3390900.00000000	0.00000000	0.00000000	96.00000000
3391200.00000000	0.00000000	0.00000000	96.00000000
3391500.00000000	0.00000000	0.00000000	96.00000000
3391800.00000000	0.00000000	0.00000000	96.00000000
3392100.00000000	0.00000000	0.00000000	96.00000000
3392400.00000000	0.00000000	0.00000000	96.00000000
3392700.00000000	0.00000000	0.00000000	96.00000000
3393000.00000000	0.00000000	0.00000000	96.00000000
3393300.00000000	0.00000000	0.00000000	96.00000000
3393600.00000000	0.00000000	0.00000000	96.00000000
3393900.00000000	0.00000000	0.00000000	96.00000000
3394200.00000000	0.00000000	0.00000000	96.00000000
3394500.00000000	0.00000000	0.00000000	96.00000000
3394800.00000000	0.00000000	0.00000000	96.00000000
3395100.00000000	0.00000000	0.00000000	96.00000000
3395400.00000000	0.00000000	0.00000000	96.00000000
3395700.00000000	0.00000000	0.00000000	96.00000000
3396000.00000000	0.00000000	0.00000000	96.00000000
3396300.00000000	0.00000000	0.00000000	96.00000000
3396600.00000000	0.00000000	0.00000000	96.00000000
3396900.00000000	0.00000000	0.00000000	96.00000000
3397200.00000000	0.00000000	0.00000000	96.00000000
3397500.00000000	0.00000000	0.00000000	96.00000000
3397800.00000000	0.00000000	0.00000000	96.00000000
3398100.00000000	0.00000000	0.00000000	96.00000000
3398400.00000000	0.00000000	0.00000000	96.00000000
3398700.00000000	0.00000000	0.00000000	96.00000000
3399000.00000000	0.00000000	0.00000000	96.00000000
3399300.00000000	0.00000000	0.00000000	96.00000000
3399600.00000000	0.00000000	0.00000000	96.00000000
3399900.00000000	0.00000000	0.00000000	96.00000000
3400200.00000000	0.00000000	0.00000000	96.00000000
3400500.00000000	0.00000000	0.00000000	96.00000000
3400800.00000000	0.00000000	0.00000000	96.00000000
3401100.00000000	0.00000000	0.00000000	96.00000000
3401400.00000000	0.00000000	0.00000000	96.00000000
3401700.00000000	0.00000000	0.00000000	96.00000000
3402000.00000000	0.00000000	0.00000000	96.00000000
3402300.00000000	0.00000000	0.00000000	96.00000000
3402600.00000000	0.00000000	0.00000000	96.00000000
3402900.00000000	0.00000000	0.00000000	96.00000000
3403200.00000000	0.00000000	0.00000000	96.00000000
3403500.00000000	0.00000000	0.00000000	96.00000000
3403800.00000000	0.00000000	0.00000000	96.00000000
3404100.00000000	0.00000000	0.00000000	96.00000000
3404400.00000000	0.00000000	0.00000000	96.00000000
3404700.00000000	0.00000000	0.00000000	96.00000000
3405000.00000000	0.00000000	0.00000000	96.00000000
3405300.00000000	0.00000000	0.00000000	96.00000000
3405600.00000000	0.00000000	0.00000000	96.00000000
3405900.00000000	0.00000000	0.00000000	96.00000000
3406200.00000000	0.00000000	0.00000000	96.00000000
3406500.00000000	0.00000000	0.00000000	96.00000000
3406800.00000000	0.00000000	0.00000000	96.00000000
3407100.00000000	0.00000000	0.00000000	96.00000000
3407400.00000000	0.00000000	0.00000000	96.00000000
3407700.00000000	0.00000000	0.00000000	96.00000000
3408000.00000000	0.00000000	0.00000000	96.00000000
3408300.00000000	0.00000000	0.00000000	96.00000000
3408600.00000000	0.00000000	0.00000000	96.00000000
3408900.00000000	0.00000000	0.00000000	96.00000000
3409200.00000000	0.00000000	0.00000000	96.00000000
3409500.00000000	0.00000000	0.00000000	96.00000000
3409800.00000000	0.00000000	0.00000000	96.00000000
3410100.00000000	0.00000000	0.00000000	96.00000000
3410400.00000000	0.00000000	0.00000000	96.00000000
3410700.00000000	0.00000000	0.00000000	96.00000000
3411000.00000000	0.00000000	0.00000000	96.00000000
3411300.00000000	0.00000000	0.00000000	96.00000000
3411600.00000000	0.00000000	0.00000000	96.00000000
3411900.00000000	0.00000000	0.00000000	96.00000000
3412200.00000000	0.00000000	0.00000000	96.00000000
3412500.00000000	0.00000000	0.00000000	96.00000000
3412800.00000000	0.00000000	0.00000000	96.00000000
3413100.00000000	0.00000000	0.00000000	96.00000000
3413400.00000000	0.00000000	0.00000000	96.00000000
3413700.00000000	0.00000000	0.00000000	96.00000000
3414000.00000000	0.00000000	0.00000000	96.00000000
3414300.00000000	0.00000000	0.00000000	96.00000000
3414600.00000000	0.00000000	0.00000000	96.00000000
3414900.00000000	0.00000000	0.00000000	96.00000000
3415200.00000000	0.00000000	0.00000000	96.00000000
3415500.00000000	0.00000000	0.00000000	96.00000000
3415800.00000000	0.00000000	0.00000000	96.00000000
3416100.00000000	0.00000000	0.00000000	96.00000000
3416400.00000000	0.00000000	0.00000000	96.00000000
3416700.00000000	0.00000000	0.00000000	96.00000000
3417000.00000000	0.00000000	0.00000000	96.00000000
3417300.00000000	0.00000000	0.00000000	96.00000000
3417600.00000000	0.00000000	0.00000000	96.00000000
3417900.00000000	0.00000000	0.00000000	96.00000000
3418200.00000000	0.00000000	0.00000000	96.00000000
3418500.00000000	0.00000000	0.00000000	96.00000000
3418800.00000000	0.00000000	0.00000000	96.00000000
3419100.00000000	0.00000000	0.00000000	96.00000000
3419400.00000000	0.00000000	0.00000000	96.00000000
3419700.00000000	0.00000000	0.00000000	96.00000000
3420000.00000000	0.00000000	0.00000000	96.00000000
3420300.00000000	0.00000000	0.00000000	96.00000000
3420600.00000000	0.00000000	0.00000000	96.00000000
3420900.00000000	0.00000000	0.00000000	96.00000000
3421200.00000000	0.00000000	0.00000000	96.00000000
3421500.00000000	0.00000000	0.00000000	96.00000000
3421800.00000000	0.00000000	0.00000000	96.00000000
3422100.00000000	0.00000000	0.00000000	96.00000000
3422400.00000000	0.00000000	0.00000000	96.00000000
3422700.00000000	0.00000000	0.00000000	96.00000000
3423000.00000000	0.00000000	0.00000000	96.00000000
3423300.00000000	0.00000000	0.00000000	96.00000000
3423600.00000000	0.00000000	0.00000000	96.00000000
3423900.00000000	0.00000000	0.00000000	96.00000000
3424200.00000000	0.00000000	0.00000000	96.00000000
3424500.00000000	0.00000000	0.00000000	96.00000000
3424800.00000000	0.00000000	0.00000000	96.00000000
3425100.00000000	0.00000000	0.00000000	96.00000000
3425400.00000000	0.00000000	0.00000000	96.00000000
3425700.00000000	0.00000000	0.00000000	96.00000000
3426000.00000000	0.00000000	0.00000000	96.00000000
3426300.00000000	0.00000000	0.00000000	96.00000000
3426600.00000000	0.00000000	0.00000000	96.00000000
3426900.00000000	0.00000000	0.00000000	96.00000000
3427200.00000000	0.00000000	0.00000000	96.00000000
3427500.00000000	0.00000000	0.00000000	96.00000000
3427800.00000000	0.00000000	0.00000000	96.00000000
3428100.00000000	0.00000000	0.00000000	96.00000000
3428400.00000000	0.00000000	0.00000000	96.00000000
3428700.00000000	0.00000000	0.00000000	96.00000000
3429000.00000000	0.00000000	0.00000000	96.00000000
3429300.00000000	0.00000000	0.00000000	96.00000000
3429600.00000000	0.00000000	0.00000000	96.00000000
3429900.00000000	0.00000000	0.00000000	96.00000000
3430200.00000000	0.00000000	0.00000000	96.00000000
3430500.00000000	0.00000000	0.00000000	96.00000000
3430800.00000000	0.00000000	0.00000000	96.00000000
3431100.00000000	0.00000000	0.00000000	96.00000000
3431400.00000000	0.00000000	0.00000000	96.00000000
3431700.00000000	0.00000000	0.00000000	96.00000000
3432000.00000000	0.00000000	0.00000000	96.00000000
3432300.00000000	0.00000000	0.00000000	96.00000000
3432600.00000000	0.00000000	0.00000000	96.00000000
3432900.00000000	0.00000000	0.00000000	96.00000000
3433200.00000000	0.00000000	0.00000000	96.00000000
3433500.00000000	0.00000000	0.00000000	96.00000000
3433800.00000000	0.00000000	0.00000000	96.00000000
3434100.00000000	0.00000000	0.00000000	96.00000000
3434400.00000000	0.00000000	0.00000000	96.00000000
3434700.00000000	0.00000000	0.00000000	96.00000000
3435000.00000000	0.00000000	0.00000000	96.00000000
3435300.00000000	0.00000000	0.00000000	96.00000000
3435600.00000000	0.00000000	0.00000000	96.00000000
3435900.00000000	0.00000000	0.00000000	96.00000000
3436200.00000000	0.00000000	0.00000000	96.00000000
3436500.00000000	0.00000000	0.00000000	96.00000000
3436800.00000000	0.00000000	0.00000000	96.00000000
3437100.00000000	0.00000000	0.00000000	96.00000000
3437400.00000000	0.00000000	0.00000000	96.00000000
3437700.00000000	0.00000000	0.00000000	96.00000000
3438000.00000000	0.00000000	0.00000000	96.00000000
3438300.00000000	0.00000000	0.00000000	96.00000000
3438600.00000000	0.00000000	0.00000000	96.00000000
3438900.00000000	0.00000000	0.00000000	96.00000000
3439200.00000000	0.00000000	0.00000000	96.00000000
3439500.00000000	0.00000000	0.00000000	96.00000000
3439800.00000000	0.00000000	0.00000000	96.00000000
3440100.00000000	0.00000000	0.00000000	96.00000000
3440400.00000000	0.00000000	0.00000000	96.00000000
3440700.00000000	0.00000000	0.00000000	96.00000000
3441000.00000000	0.00000000	0.00000000	96.00000000
3441300.00000000	0.00000000	0.00000000	96.00000000
3441600.00000000	0.00000000	0.00000000	96.00000000
3441900.00000000	0.00000000	0.00000000	96.00000000
3442200.00000000	0.00000000	0.00000000	96.00000000
3442500.00000000	0.00000000	0.00000000	96.00000000
3442800.00000000	0.00000000	0.00000000	96.00000000
3443100.00000000	0.00000000	0.00000000	96.00000000
3443400.00000000	0.00000000	0.00000000	96.00000000
3443700.00000000	0.00000000	0.00000000	96.00000000
3444000.00000000	0.00000000	0.00000000	96.00000000
3444300.00000000	0.00000000	0.00000000	96.00000000
3444600.00000000	0.00000000	0.00000000	96.00000000
3444900.00000000	0.00000000	0.00000000	96.00000000
3445200.00000000	0.00000000	0.00000000	96.00000000
3445500.00000000	0.00000000	0.00000000	96.00000000
3445800.00000000	0.00000000	0.00000000	96.00000000
3446100.00000000	0.00000000	0.00000000	96.00000000
3446400.00000000	0.00000000	0.00000000	96.00000000
3446700.00000000	0.00000000	0.00000000	96.00000000
3447000.00000000	0.00000000	0.00000000	96.00000000
3447300.00000000	0.00000000	0.00000000	96.00000000
3447600.00000000	0.00000000	0.00000000	96.00000000
3447900.00000000	0.00000000	0.00000000	96.00000000
3448200.00000000	0.00000000	0.00000000	96.00000000
3448500.00000000	0.00000000	0.00000000	96.00000000
3448800.00000000	0.00000000	0.00000000	96.00000000
3449100.00000000	0.00000000	0.00000000	96.00000000
3449400.00000000	0.00000000	0.00000000	96.00000000
3449700.00000000	0.00000000	0.00000000	96.00000000
3450000.00000000	0.00000000	0.00000000	96.00000000
3450300.00000000	0.00000000	0.00000000	96.00000000
3450600.00000000	0.00000000	0.00000000	96.00000000
3450900.00000000	0.00000000	0.00000000	96.00000000
3451200.00000000	0.00000000	0.00000000	96.00000000
3451500.00000000	0.00000000	0.00000000	96.00000000
3451800.00000000	0.00000000	0.00000000	96.00000000
3452100.00000000	0.00000000	0.00000000	96.00000000
3452400.00000000	0.00000000	0.00000000	96.00000000
3452700.00000000	0.00000000	0.00000000	96.00000000
3453000.00000000	0.00000000	0.00000000	96.00000000
3453300.00000000	0.00000000	0.00000000	96.00000000
3453600.00000000	0.00000000	0.00000000	96.00000000
3453900.00000000	0.00000000	0.00000000	96.00000000
3454200.00000000	0.00000000	0.00000000	96.00000000
3454500.00000000	0.00000000	0.00000000	96.00000000
3454800.00000000	0.00000000	0.00000000	96.00000000
3455100.00000000	0.00000000	0.00000000	96.00000000
3455400.00000000	0.00000000	0.00000000	96.00000000
3455700.00000000	0.00000000	0.00000000	96.00000000
3456000.00000000	0.00000000	0.00000000	96.00000000
3456300.00000000	0.00000000	0.00000000	96.00000000
3456600.00000000	0.00000000	0.00000000	96.00000000
3456900.00000000	0.00000000	0.00000000	96.00000000
3457200.00000000	0.00000000	0.00000000	96.00000000
3457500.00000000	0.00000000	0.00000000	96.00000000
3457800.00000000	0.00000000	0.00000000	96.00000000
3458100.00000000	0.00000000	0.00000000	96.00000000
3458400.00000000	0.00000000	0.00000000	96.00000000
3458700.00000000	0.00000000	0.00000000	96.00000000
3459000.00000000	0.00000000	0.00000000	96.00000000
3459300.00000000	0.00000000	0.00000000	96.00000000
3459600.00000000	0.00000000	0.00000000	96.00000000
3459900.00000000	0.00000000	0.00000000	96.00000000
3460200.00000000	0.00000000	0.00000000	96.00000000
3460500.00000000	0.00000000	0.00000000	96.00000000
3460800.00000000	0.00000000	0.00000000	96.00000000
3461100.00000000	0.00000000	0.00000000	96.00000000
3461400.00000000	0.00000000	0.00000000	96.00000000
3461700.00000000	0.00000000	0.00000000	96.00000000
3462000.00000000	0.00000000	0.00000000	96.00000000
3462300.00000000	0.00000000	0.00000000	96.00000000
3462600.00000000	0.00000000	0.00000000	96.00000000
3462900.00000000	0.00000000	0.00000000	96.00000000
3463200.00000000	0.00000000	0.00000000	96.00000000
3463500.00000000	0.00000000	0.00000000	96.00000000
3463800.00000000	0.00000000	0.00000000	96.00000000
3464100.00000000	0.00000000	0.00000000	96.00000000
3464400.00000000	0.00000000	0.00000000	96.00000000
3464700.00000000	0.00000000	0.00000000	96.00000000
3465000.00000000	0.00000000	0.00000000	96.00000000
3465300.00000000	0.00000000	0.00000000	96.00000000
3465600.00000000	0.00000000	0.00000000	96.00000000
3465900.00000000	0.00000000	0.00000000	96.00000000
3466200.00000000	0.00000000	0.00000000	96.00000000
3466500.00000000	0.00000000	0.00000000	96.00000000
3466800.00000000	0.00000000	0.00000000	96.00000000
3467100.00000000	0.00000000	0.00000000	96.00000000
3467400.00000000	0.00000000	0.00000000	96.00000000
3467700.00000000	0.00000000	0.00000000	96.00000000
3468000.00000000	0.00000000	0.00000000	96.00000000
3468300.00000000	0.00000000	0.00000000	96.00000000
3468600.00000000	0.00000000	0.00000000	96.00000000
3468900.00000000	0.00000000	0.00000000	96.00000000
3469200.00000000	0.00000000	0.00000000	96.00000000
3469500.00000000	0.00000000	0.00000000	96.00000000
3469800.00000000	0.00000000	0.00000000	96.00000000
3470100.00000000	0.00000000	0.00000000	96.00000000
3470400.00000000	0.00000000	0.00000000	96.00000000
3470700.00000000	0.00000000	0.00000000	96.00000000
3471000.00000000	0.00000000	0.00000000	96.00000000
3471300.00000000	0.00000000	0.00000000	96.00000000
3471600.00000000	0.00000000	0.00000000	96.00000000
3471900.00000000	0.00000000	0.00000000	96.00000000
3472200.00000000	0.00000000	0.00000000	96.00000000
3472500.00000000	0.00000000	0.00000000	96.00000000
3472800.00000000	0.00000000	0.00000000	96.00000000
3473100.00000000	0.00000000	0.00000000	96.00000000
3473400.00000000	0.00000000	0.00000000	96.00000000
3473700.00000000	0.00000000	0.00000000	96.00000000
3474000.00000000	0.00000000	0.00000000	96.00000000
3474300.00000000	0.00000000	0.00000000	96.00000000
3474600.00000000	0.00000000	0.00000000	96.00000000
3474900.00000000	0.00000000	0.00000000	96.00000000
3475200.00000000	0.00000000	0.00000000	96.00000000
3475500.00000000	0.00000000	0.00000000	96.00000000
3475800.00000000	0.00000000	0.00000000	96.00000000
3476100.00000000	0.00000000	0.00000000	96.00000000
3476400.00000000	0.00000000	0.00000000	96.00000000
3476700.00000000	0.00000000	0.00000000	96.00000000
3477000.00000000	0.00000000	0.00000000	96.00000000
3477300.00000000	0.00000000	0.00000000	96.00000000
3477600.00000000	0.00000000	0.00000000	96.00000000
3477900.00000000	0.00000000	0.00000000	96.00000000
3478200.00000000	0.00000000	0.00000000	96.00000000
3478500.00000000	0.00000000	0.00000000	96.00000000
3478800.00000000	0.00000000	0.00000000	96.00000000
3479100.00000000	0.00000000	0.00000000	96.00000000
3479400.00000000	0.00000000	0.00000000	96.00000000
3479700.00000000	0.00000000	0.00000000	96.00000000
3480000.00000000	0.00000000	0.00000000	96.00000000
3480300.00000000	0.00000000	0.00000000	96.00000000
3480600.00000000	0.00000000	0.00000000	96.00000000
3480900.00000000	0.00000000	0.00000000	96.00000000
3481200.00000000	0.00000000	0.00000000	96.00000000
3481500.00000000	0.00000000	0.00000000	96.00000000
3481800.00000000	0.00000000	0.00000000	96.00000000
3482100.00000000	0.00000000	0.00000000	96.00000000
3482400.00000000	0.00000000	0.00000000	96.00000000
3482700.00000000	0.00000000	0.00000000	96.00000000
3483000.00000000	0.00000000	0.00000000	96.00000000
3483300.00000000	0.00000000	0.00000000	96.00000000
3483600.00000000	0.00000000	0.00000000	96.00000000
3483900.00000000	0.00000000	0.00000000	96.00000000
3484200.00000000	0.00000000	0.00000000	96.00000000
3484500.00000000	0.00000000	0.00000000	96.00000000
3484800.00000000	0.00000000	0.00000000	96.00000000
3485100.00000000	0.00000000	0.00000000	96.00000000
3485400.00000000	0.00000000	0.00000000	96.00000000
3485700.00000000	0.00000000	0.00000000	96.00000000
3486000.00000000	0.00000000	0.00000000	96.00000000
3486300.00000000	0.00000000	0.00000000	96.00000000
3486600.00000000	0.00000000	0.00000000	96.00000000
3486900.00000000	0.00000000	0.00000000	96.00000000
3487200.00000000	0.00000000	0.00000000	96.00000000
3487500.00000000	0.00000000	0.00000000	96.00000000
3487800.00000000	0.00000000	0.00000000	96.00000000
3488100.00000000	0.00000000	0.00000000	96.00000000
3488400.00000000	0.00000000	0.00000000	96.00000000
3488700.00000000	0.00000000	0.00000000	96.00000000
3489000.00000000	0.00000000	0.00000000	96.00000000
3489300.00000000	0.00000000	0.00000000	96.00000000
3489600.00000000	0.00000000	0.00000000	96.00000000
3489900.00000000	0.00000000	0.00000000	96.00000000
3490200.00000000	0.00000000	0.00000000	96.00000000
3490500.00000000	0.00000000	0.00000000	96.00000000
3490800.00000000	0.00000000	0.00000000	96.00000000
3491100.00000000	0.00000000	0.00000000	96.00000000
3491400.00000000	0.00000000	0.00000000	96.00000000
3491700.00000000	0.00000000	0.00000000	96.00000000
3492000.00000000	0.00000000	0.00000000	96.00000000
3492300.00000000	0.00000000	0.00000000	96.00000000
3492600.00000000	0.00000000	0.00000000	96.00000000
3492900.00000000	0.00000000	0.00000000	96.00000000
3493200.00000000	0.00000000	0.00000000	96.00000000
3493500.00000000	0.00000000	0.00000000	96.00000000
3493800.00000000	0.00000000	0.00000000	96.00000000
3494100.00000000	0.00000000	0.00000000	96.00000000
3494400.00000000	0.00000000	0.00000000	96.00000000
3494700.00000000	0.00000000	0.00000000	96.00000000
3495000.00000000	0.00000000	0.00000000	96.00000000
3495300.00000000	0.00000000	0.00000000	96.00000000
3495600.00000000	0.00000000	0.00000000	96.00000000
3495900.00000000	0.00000000	0.00000000	96.00000000
3496200.00000000	0.00000000	0.00000000	96.00000000
3496500.00000000	0.00000000	0.00000000	96.00000000
3496800.00000000	0.00000000	0.00000000	96.00000000
3497100.00000000	0.00000000	0.00000000	96.00000000
3497400.00000000	0.00000000	0.00000000	96.00000000
3497700.00000000	0.00000000	0.00000000	96.00000000
3498000.00000000	0.00000000	0.00000000	96.00000000
3498300.00000000	0.00000000	0.00000000	96.00000000
3498600.00000000	0.00000000	0.00000000	96.00000000
3498900.00000000	0.00000000	0.00000000	96.00000000
3499200.00000000	0.00000000	0.00000000	96.00000000
3499500.00000000	0.00000000	0.00000000	96.00000000
3499800.00000000	0.00000000	0.00000000	96.00000000
3500100.00000000	0.00000000	0.00000000	96.00000000
3500400.00000000	0.00000000	0.00000000	96.00000000
3500700.00000000	0.00000000	0.00000000	96.00000000
3501000.00000000	0.00000000	0.00000000	96.00000000
3501300.00000000	0.00000000	0.00000000	96.00000000
3501600.00000000	0.00000000	0.00000000	96.00000000
3501900.00000000	0.00000000	0.00000000	96.00000000
3502200.00000000	0.00000000	0.00000000	96.00000000
3502500.00000000	0.00000000	0.00000000	96.00000000
3502800.00000000	0.00000000	0.00000000	96.00000000
3503100.00000000	0.00000000	0.00000000	96.00000000
3503400.00000000	0.00000000	0.00000000	96.00000000
3503700.00000000	0.00000000	0.00000000	96.00000000
3504000.00000000	0.00000000	0.00000000	96.00000000
3504300.00000000	0.00000000	0.00000000	96.00000000
3504600.00000000	0.00000000	0.00000000	96.00000000
3504900.00000000	0.00000000	0.00000000	96.00000000
3505200.00000000	0.00000000	0.00000000	96.00000000
3505500.00000000	0.00000000	0.00000000	96.00000000
3505800.00000000	0.00000000	0.00000000	96.00000000
3506100.00000000	0.00000000	0.00000000	96.00000000
3506400.00000000	0.00000000	0.00000000	96.00000000
3506700.00000000	0.00000000	0.00000000	96.00000000
3507000.00000000	0.00000000	0.00000000	96.00000000
3507300.00000000	0.00000000	0.00000000	96.00000000
3507600.00000000	0.00000000	0.00000000	96.00000000
3507900.00000000	0.00000000	0.00000000	96.00000000
3508200.00000000	0.00000000	0.00000000	96.00000000
3508500.00000000	0.00000000	0.00000000	96.00000000
3508800.00000000	0.00000000	0.00000000	96.00000000
3509100.00000000	0.00000000	0.00000000	96.00000000
3509400.00000000	0.00000000	0.00000000	96.00000000
3509700.00000000	0.00000000	0.00000000	96.00000000
3510000.00000000	0.00000000	0.00000000	96.00000000
3510300.00000000	0.00000000	0.00000000	96.00000000
3510600.00000000	0.00000000	0.00000000	96.00000000
3510900.00000000	0.00000000	0.00000000	96.00000000
3511200.00000000	0.00000000	0.00000000	96.00000000
3511500.00000000	0.00000000	0.00000000	96.00000000
3511800.00000000	0.00000000	0.00000000	96.00000000
3512100.00000000	0.00000000	0.00000000	96.00000000
3512400.00000000	0.00000000	0.00000000	96.00000000
3512700.00000000	0.00000000	0.00000000	96.00000000
3513000.00000000	0.00000000	0.00000000	96.00000000
3513300.00000000	0.00000000	0.00000000	96.00000000
3513600.00000000	0.00000000	0.00000000	96.00000000
3513900.00000000	0.00000000	0.00000000	96.00000000
3514200.00000000	0.00000000	0.00000000	96.00000000
3514500.00000000	0.00000000	0.00000000	96.00000000
3514800.00000000	0.00000000	0.00000000	96.00000000
3515100.00000000	0.00000000	0.00000000	96.00000000
3515400.00000000	0.00000000	0.00000000	96.00000000
3515700.00000000	0.00000000	0.00000000	96.00000000
3516000.00000000	0.00000000	0.00000000	96.00000000
3516300.00000000	0.00000000	0.00000000	96.00000000
3516600.00000000	0.00000000	0.00000000	96.00000000
3516900.00000000	0.00000000	0.00000000	96.00000000
3517200.00000000	0.00000000	0.00000000	96.00000000
3517500.00000000	0.00000000	0.00000000	96.00000000
3517800.00000000	0.00000000	0.00000000	96.00000000
3518100.00000000	0.00000000	0.00000000	96.00000000
3518400.00000000	0.00000000	0.00000000	96.00000000
3518700.00000000	0.00000000	0.00000000	96.00000000
3519000.00000000	0.00000000	0.00000000	96.00000000
3519300.00000000	0.00000000	0.00000000	96.00000000
3519600.00000000	0.00000000	0.00000000	96.00000000
3519900.00000000	0.00000000	0.00000000	96.00000000
3520200.00000000	0.00000000	0.00000000	96.00000000
3520500.00000000	0.00000000	0.00000000	96.00000000
3520800.00000000	0.00000000	0.00000000	96.00000000
3521100.00000000	0.00000000	0.00000000	96.00000000
3521400.00000000	0.00000000	0.00000000	96.00000000
3521700.00000000	0.00000000	0.00000000	96.00000000
3522000.00000000	0.00000000	0.00000000	96.00000000
3522300.00000000	0.00000000	0.00000000	96.00000000
3522600.00000000	0.00000000	0.00000000	96.00000000
3522900.00000000	0.00000000	0.00000000	96.00000000
3523200.00000000	0.00000000	0.00000000	96.00000000
3523500.00000000	0.00000000	0.00000000	96.00000000
3523800.00000000	0.00000000	0.00000000	96.00000000
3524100.00000000	0.00000000	0.00000000	96.00000000
3524400.00000000	0.00000000	0.00000000	96.00000000
3524700.00000000	0.00000000	0.00000000	96.00000000
3525000.00000000	0.00000000	0.00000000	96.00000000
3525300.00000000	0.00000000	0.00000000	96.00000000
3525600.00000000	0.00000000	0.00000000	96.00000000
3525900.00000000	0.00000000	0.00000000	96.00000000
3526200.00000000	0.00000000	0.00000000	96.00000000
3526500.00000000	0.00000000	0.00000000	96.00000000
3526800.00000000	0.00000000	0.00000000	96.00000000
3527100.00000000	0.00000000	0.00000000	96.00000000
3527400.00000000	0.00000000	0.00000000	96.00000000
3527700.00000000	0.00000000	0.00000000	96.00000000
3528000.00000000	0.00000000	0.00000000	96.00000000
3528300.00000000	0.00000000	0.00000000	96.00000000
3528600.00000000	0.00000000	0.00000000	96.00000000
3528900.00000000	0.00000000	0.00000000	96.00000000
3529200.00000000	0.00000000	0.00000000	96.00000000
3529500.00000000	0.00000000	0.00000000	96.00000000
3529800.00000000	0.00000000	0.00000000	96.00000000
3530100.00000000	0.00000000	0.00000000	96.00000000
3530400.00000000	0.00000000	0.00000000	96.00000000
3530700.00000000	0.00000000	0.00000000	96.00000000
3531000.00000000	0.00000000	0.00000000	96.00000000
3531300.00000000	0.00000000	0.00000000	96.00000000
3531600.00000000	0.00000000	0.00000000	96.00000000
3531900.00000000	0.00000000	0.00000000	96.00000000
3532200.00000000	0.00000000	0.00000000	96.00000000
3532500.00000000	0.00000000	0.00000000	96.00000000
3532800.00000000	0.00000000	0.00000000	96.00000000
3533100.00000000	0.00000000	0.00000000	96.00000000
3533400.00000000	0.00000000	0.00000000	96.00000000
3533700.00000000	0.00000000	0.00000000	96.00000000
3534000.00000000	0.00000000	0.00000000	96.00000000
3534300.00000000	0.00000000	0.00000000	96.00000000
3534600.00000000	0.00000000	0.00000000	96.00000000
3534900.00000000	0.00000000	0.00000000	96.00000000
3535200.00000000	0.00000000	0.00000000	96.00000000
3535500.00000000	0.00000000	0.00000000	96.00000000
3535800.00000000	0.00000000	0.00000000	96.00000000
3536100.00000000	0.00000000	0.00000000	96.00000000
3536400.00000000	0.00000000	0.00000000	96.00000000
3536700.00000000	0.00000000	0.00000000	96.00000000
3537000.00000000	0.00000000	0.00000000	96.00000000
3537300.00000000	0.00000000	0.00000000	96.00000000
3537600.00000000	0.00000000	0.00000000	96.00000000
3537900.00000000	0.00000000	0.00000000	96.00000000
3538200.00000000	0.00000000	0.00000000	96.00000000
3538500.00000000	0.00000000	0.00000000	96.00000000
3538800.00000000	0.00000000	0.00000000	96.00000000
3539100.00000000	0.00000000	0.00000000	96.00000000
3539400.00000000	0.00000000	0.00000000	96.00000000
3539700.00000000	0.00000000	0.00000000	96.00000000
3540000.00000000	0.00000000	0.00000000	96.00000000
3540300.00000000	0.00000000	0.00000000	96.00000000
3540600.00000000	0.00000000	0.00000000	96.00000000
3540900.00000000	0.00000000	0.00000000	96.00000000
3541200.00000000	0.00000000	0.00000000	96.00000000
3541500.00000000	0.00000000	0.00000000	96.00000000
3541800.00000000	0.00000000	0.00000000	96.00000000
3542100.00000000	0.00000000	0.00000000	96.00000000
3542400.00000000	0.00000000	0.00000000	96.00000000
3542700.00000000	0.00000000	0.00000000	96.00000000
3543000.00000000	0.00000000	0.00000000	96.00000000
3543300.00000000	0.00000000	0.00000000	96.00000000
3543600.00000000	0.00000000	0.00000000	96.00000000
3543900.00000000	0.00000000	0.00000000	96.00000000
3544200.00000000	0.00000000	0.00000000	96.00000000
3544500.00000000	0.00000000	0.00000000	96.00000000
3544800.00000000	0.00000000	0.00000000	96.00000000
3545100.00000000	0.00000000	0.00000000	96.00000000
3545400.00000000	0.00000000	0.00000000	96.00000000
3545700.00000000	0.00000000	0.00000000	96.00000000
3546000.00000000	0.00000000	0.00000000	96.00000000
3546300.00000000	0.00000000	0.00000000	96.00000000
3546600.00000000	0.00000000	0.00000000	96.00000000
3546900.00000000	0.00000000	0.00000000	96.00000000
3547200.00000000	0.00000000	0.00000000	96.00000000
3547500.00000000	0.00000000	0.00000000	96.00000000
3547800.00000000	0.00000000	0.00000000	96.00000000
3548100.00000000	0.00000000	0.00000000	96.00000000
3548400.00000000	0.00000000	0.00000000	96.00000000
3548700.00000000	0.00000000	0.00000000	96.00000000
3549000.00000000	0.00000000	0.00000000	96.00000000
3549300.00000000	0.00000000	0.00000000	96.00000000
3549600.00000000	0.00000000	0.00000000	96.00000000
3549900.00000000	0.00000000	0.00000000	96.00000000
3550200.00000000	0.00000000	0.00000000	96.00000000
3550500.00000000	0.00000000	0.00000000	96.00000000
3550800.00000000	0.00000000	0.00000000	96.00000000
3551100.00000000	0.00000000	0.00000000	96.00000000
3551400.00000000	0.00000000	0.00000000	96.00000000
3551700.00000000	0.00000000	0.00000000	96.00000000
3552000.00000000	0.00000000	0.00000000	96.00000000
3552300.00000000	0.00000000	0.00000000	96.00000000
3552600.00000000	0.00000000	0.00000000	96.00000000
3552900.00000000	0.00000000	0.00000000	96.00000000
3553200.00000000	0.00000000	0.00000000	96.00000000
3553500.00000000	0.00000000	0.00000000	96.00000000
3553800.00000000	0.00000000	0.00000000	96.00000000
3554100.00000000	0.00000000	0.00000000	96.00000000
3554400.00000000	0.00000000	0.00000000	96.00000000
3554700.00000000	0.00000000	0.00000000	96.00000000
3555000.00000000	0.00000000	0.00000000	96.00000000
3555300.00000000	0.00000000	0.00000000	96.00000000
3555600.00000000	0.00000000	0.00000000	96.00000000
3555900.00000000	0.00000000	0.00000000	96.00000000
3556200.00000000	0.00000000	0.00000000	96.00000000
3556500.00000000	0.00000000	0.00000000	96.00000000
3556800.00000000	0.00000000	0.00000000	96.00000000
3557100.00000000	0.00000000	0.00000000	96.00000000
3557400.00000000	0.00000000	0.00000000	96.00000000
3557700.00000000	0.00000000	0.00000000	96.00000000
3558000.00000000	0.00000000	0.00000000	96.00000000
3558300.00000000	0.00000000	0.00000000	96.00000000
3558600.00000000	0.00000000	0.00000000	96.00000000
3558900.00000000	0.00000000	0.00000000	96.00000000
3559200.00000000	0.00000000	0.00000000	96.00000000
3559500.00000000	0.00000000	0.00000000	96.00000000
3559800.00000000	0.00000000	0.00000000	96.00000000
3560100.00000000	0.00000000	0.00000000	96.00000000
3560400.00000000	0.00000000	0.00000000	96.00000000
3560700.00000000	0.00000000	0.00000000	96.00000000
3561000.00000000	0.00000000	0.00000000	96.00000000
3561300.00000000	0.00000000	0.00000000	96.00000000
3561600.00000000	0.00000000	0.00000000	96.00000000
3561900.00000000	0.00000000	0.00000000	96.00000000
3562200.00000000	0.00000000	0.00000000	96.00000000
3562500.00000000	0.00000000	0.00000000	96.00000000
3562800.00000000	0.00000000	0.00000000	96.00000000
3563100.00000000	0.00000000	0.00000000	96.00000000
3563400.00000000	0.00000000	0.00000000	96.00000000
3563700.00000000	0.00000000	0.00000000	96.00000000
3564000.00000000	0.00000000	0.00000000	96.00000000
3564300.00000000	0.00000000	0.00000000	96.00000000
3564600.00000000	0.00000000	0.00000000	96.00000000
3564900.00000000	0.00000000	0.00000000	96.00000000
3565200.00000000	0.00000000	0.00000000	96.00000000
3565500.00000000	0.00000000	0.00000000	96.00000000
3565800.00000000	0.00000000	0.00000000	96.00000000
3566100.00000000	0.00000000	0.00000000	96.00000000
3566400.00000000	0.00000000	0.00000000	96.00000000
3566700.00000000	0.00000000	0.00000000	96.00000000
3567000.00000000	0.00000000	0.00000000	96.00000000
3567300.00000000	0.00000000	0.00000000	96.00000000
3567600.00000000	0.00000000	0.00000000	96.00000000
3567900.00000000	0.00000000	0.00000000	96.00000000
3568200.00000000	0.00000000	0.00000000	96.00000000
3568500.00000000	0.00000000	0.00000000	96.00000000
3568800.00000000	0.00000000	0.00000000	96.00000000
3569100.00000000	0.00000000	0.00000000	96.00000000
3569400.00000000	0.00000000	0.00000000	96.00000000
3569700.00000000	0.00000000	0.00000000	96.00000000
3570000.00000000	0.00000000	0.00000000	96.00000000
3570300.00000000	0.00000000	0.00000000	96.00000000
3570600.00000000	0.00000000	0.00000000	96.00000000
3570900.00000000	0.00000000	0.00000000	96.00000000
3571200.00000000	0.00000000	0.00000000	96.00000000
3571500.00000000	0.00000000	0.00000000	96.00000000
3571800.00000000	0.00000000	0.00000000	96.00000000
3572100.00000000	0.00000000	0.00000000	96.00000000
3572400.00000000	0.00000000	0.00000000	96.00000000
3572700.00000000	0.00000000	0.00000000	96.00000000
3573000.00000000	0.00000000	0.00000000	96.00000000
3573300.00000000	0.00000000	0.00000000	96.00000000
3573600.00000000	0.00000000	0.00000000	96.00000000
3573900.00000000	0.00000000	0.00000000	96.00000000
3574200.00000000	0.00000000	0.00000000	96.00000000
3574500.00000000	0.00000000	0.00000000	96.00000000
3574800.00000000	0.00000000	0.00000000	96.00000000
3575100.00000000	0.00000000	0.00000000	96.00000000
3575400.00000000	0.00000000	0.00000000	96.00000000
3575700.00000000	0.00000000	0.00000000	96.00000000
3576000.00000000	0.00000000	0.00000000	96.00000000
3576300.00000000	0.00000000	0.00000000	96.00000000
3576600.00000000	0.00000000	0.00000000	96.00000000
3576900.00000000	0.00000000	0.00000000	96.00000000
3577200.00000000	0.00000000	0.00000000	96.00000000
3577500.00000000	0.00000000	0.00000000	96.00000000
3577800.00000000	0.00000000	0.00000000	96.00000000
3578100.00000000	0.00000000	0.00000000	96.00000000
3578400.00000000	0.00000000	0.00000000	96.00000000
3578700.00000000	0.00000000	0.00000000	96.00000000
3579000.00000000	0.00000000	0.00000000	96.00000000
3579300.00000000	0.00000000	0.00000000	96.00000000
3579600.00000000	0.00000000	0.00000000	96.00000000
3579900.00000000	0.00000000	0.00000000	96.00000000
3580200.00000000	0.00000000	0.00000000	96.00000000
3580500.00000000	0.00000000	0.00000000	96.00000000
3580800.00000000	0.00000000	0.00000000	96.00000000
3581100.00000000	0.00000000	0.00000000	96.00000000
3581400.00000000	0.00000000	0.00000000	96.00000000
3581700.00000000	0.00000000	0.00000000	96.00000000
3582000.00000000	0.00000000	0.00000000	96.00000000
3582300.00000000	0.00000000	0.00000000	96.00000000
3582600.00000000	0.00000000	0.00000000	96.00000000
3582900.00000000	0.00000000	0.00000000	96.00000000
3583200.00000000	0.00000000	0.00000000	96.00000000
3583500.00000000	0.00000000	0.00000000	96.00000000
3583800.00000000	0.00000000	0.00000000	96.00000000
3584100.00000000	0.00000000	0.00000000	96.00000000
3584400.00000000	0.00000000	0.00000000	96.00000000
3584700.00000000	0.00000000	0.00000000	96.00000000
3585000.00000000	0.00000000	0.00000000	96.00000000
3585300.00000000	0.00000000	0.00000000	96.00000000
3585600.00000000	0.00000000	0.00000000	96.00000000
3585900.00000000	0.00000000	0.00000000	96.00000000
3586200.00000000	0.00000000	0.00000000	96.00000000
3586500.00000000	0.00000000	0.00000000	96.00000000
3586800.00000000	0.00000000	0.00000000	96.00000000
3587100.00000000	0.00000000	0.00000000	96.00000000
3587400.00000000	0.00000000	0.00000000	96.00000000
3587700.00000000	0.00000000	0.00000000	96.00000000
3588000.00000000	0.00000000	0.00000000	96.00000000
3588300.00000000	0.00000000	0.00000000	96.00000000
3588600.00000000	0.00000000	0.00000000	96.00000000
3588900.00000000	0.00000000	0.00000000	96.00000000
3589200.00000000	0.00000000	0.00000000	96.00000000
3589500.00000000	0.00000000	0.00000000	96.00000000
3589800.00000000	0.00000000	0.00000000	96.00000000
3590100.00000000	0.00000000	0.00000000	96.00000000
3590400.00000000	0.00000000	0.00000000	96.00000000
3590700.00000000	0.00000000	0.00000000	96.00000000
3591000.00000000	0.00000000	0.00000000	96.00000000
3591300.00000000	0.00000000	0.00000000	96.00000000
3591600.00000000	0.00000000	0.00000000	96.00000000
3591900.00000000	0.00000000	0.00000000	96.00000000
3592200.00000000	0.00000000	0.00000000	96.00000000
3592500.00000000	0.00000000	0.00000000	96.00000000
3592800.00000000	0.00000000	0.00000000	96.00000000
3593100.00000000	0.00000000	0.00000000	96.00000000
3593400.00000000	0.00000000	0.00000000	96.00000000
3593700.00000000	0.00000000	0.00000000	96.00000000
3594000.00000000	0.00000000	0.00000000	96.00000000
3594300.00000000	0.00000000	0.00000000	96.00000000
3594600.00000000	0.00000000	0.00000000	96.00000000
3594900.00000000	0.00000000	0.00000000	96.00000000
3595200.00000000	0.00000000	0.00000000	96.00000000
3595500.00000000	0.00000000	0.00000000	96.00000000
3595800.00000000	0.00000000	0.00000000	96.00000000
3596100.00000000	0.00000000	0.00000000	96.00000000
3596400.00000000	0.00000000	0.00000000	96.00000000
3596700.00000000	0.00000000	0.00000000	96.00000000
3597000.00000000	0.00000000	0.00000000	96.00000000
3597300.00000000	0.00000000	0.00000000	96.00000000
3597600.00000000	0.00000000	0.00000000	96.00000000
3597900.00000000	0.00000000	0.00000000	96.00000000
3598200.00000000	0.00000000	0.00000000	96.00000000
3598500.00000000	0.00000000	0.00000000	96.00000000
3598800.00000000	0.00000000	0.00000000	96.00000000
3599100.00000000	0.00000000	0.00000000	96.00000000
3599400.00000000	0.00000000	0.00000000	96.00000000
3599700.00000000	0.00000000	0.00000000	96.00000000
3600000.00000000	0.00000000	0.00000000	96.00000000
3600300.00000000	0.00000000	0.00000000	96.00000000
3600600.00000000	0.00000000	0.00000000	96.00000000
3600900.00000000	0.00000000	0.00000000	96.00000000
3601200.00000000	0.00000000	0.00000000	96.00000000
3601500.00000000	0.00000000	0.00000000	96.00000000
3601800.00000000	0.00000000	0.00000000	96.00000000
3602100.00000000	0.00000000	0.00000000	96.00000000
3602400.00000000	0.00000000	0.00000000	96.00000000
3602700.00000000	0.00000000	0.00000000	96.00000000
3603000.00000000	0.00000000	0.00000000	96.00000000
3603300.00000000	0.00000000	0.00000000	96.00000000
3603600.00000000	0.00000000	0.00000000	96.00000000
3603900.00000000	0.00000000	0.00000000	96.00000000
3604200.00000000	0.00000000	0.00000000	96.00000000
3604500.00000000	0.00000000	0.00000000	96.00000000
3604800.00000000	0.00000000	0.00000000	96.00000000
3605100.00000000	0.00000000	0.00000000	96.00000000
3605400.00000000	0.00000000	0.00000000	96.00000000
3605700.00000000	0.00000000	0.00000000	96.00000000
3606000.00000000	0.00000000	0.00000000	96.00000000
3606300.00000000	0.00000000	0.00000000	96.00000000
3606600.00000000	0.00000000	0.00000000	96.00000000
3606900.00000000	0.00000000	0.00000000	96.00000000
3607200.00000000	0.00000000	0.00000000	96.00000000
3607500.00000000	0.00000000	0.00000000	96.00000000
3607800.00000000	0.00000000	0.00000000	96.00000000
3608100.00000000	0.00000000	0.00000000	96.00000000
3608400.00000000	0.00000000	0.00000000	96.00000000
3608700.00000000	0.00000000	0.00000000	96.00000000
3609000.00000000	0.00000000	0.00000000	96.00000000
3609300.00000000	0.00000000	0.00000000	96.00000000
3609600.00000000	0.00000000	0.00000000	96.00000000
3609900.00000000	0.00000000	0.00000000	96.00000000
3610200.00000000	0.00000000	0.00000000	96.00000000
3610500.00000000	0.00000000	0.00000000	96.00000000
3610800.00000000	0.00000000	0.00000000	96.00000000
3611100.00000000	0.00000000	0.00000000	96.00000000
3611400.00000000	0.00000000	0.00000000	96.00000000
3611700.00000000	0.00000000	0.00000000	96.00000000
3612000.00000000	0.00000000	0.00000000	96.00000000
3612300.00000000	0.00000000	0.00000000	96.00000000
3612600.00000000	0.00000000	0.00000000	96.00000000
3612900.00000000	0.00000000	0.00000000	96.00000000
3613200.00000000	0.00000000	0.00000000	96.00000000
3613500.00000000	0.00000000	0.00000000	96.00000000
3613800.00000000	0.00000000	0.00000000	96.00000000
3614100.00000000	0.00000000	0.00000000	96.00000000
3614400.00000000	0.00000000	0.00000000	96.00000000
3614700.00000000	0.00000000	0.00000000	96.00000000
3615000.00000000	0.00000000	0.00000000	96.00000000
3615300.00000000	0.00000000	0.00000000	96.00000000
3615600.00000000	0.00000000	0.00000000	96.00000000
3615900.00000000	0.00000000	0.00000000	96.00000000
3616200.00000000	0.00000000	0.00000000	96.00000000
3616500.00000000	0.00000000	0.00000000	96.00000000
3616800.00000000	0.00000000	0.00000000	96.00000000
3617100.00000000	0.00000000	0.00000000	96.00000000
3617400.00000000	0.00000000	0.00000000	96.00000000
3617700.00000000	0.00000000	0.00000000	96.00000000
3618000.00000000	0.00000000	0.00000000	96.00000000
3618300.00000000	0.00000000	0.00000000	96.00000000
3618600.00000000	0.00000000	0.00000000	96.00000000
3618900.00000000	0.00000000	0.00000000	96.00000000
3619200.00000000	0.00000000	0.00000000	96.00000000
3619500.00000000	0.00000000	0.00000000	96.00000000
3619800.00000000	0.00000000	0.00000000	96.00000000
3620100.00000000	0.00000000	0.00000000	96.00000000
3620400.00000000	0.00000000	0.00000000	96.00000000
3620700.00000000	0.00000000	0.00000000	96.00000000
3621000.00000000	0.00000000	0.00000000	96.00000000
3621300.00000000	0.00000000	0.00000000	96.00000000
3621600.00000000	0.00000000	0.00000000	96.00000000
3621900.00000000	0.00000000	0.00000000	96.00000000
3622200.00000000	0.00000000	0.00000000	96.00000000
3622500.00000000	0.00000000	0.00000000	96.00000000
3622800.00000000	0.00000000	0.00000000	96.00000000
3623100.00000000	0.00000000	0.00000000	96.00000000
3623400.00000000	0.00000000	0.00000000	96.00000000
3623700.00000000	0.00000000	0.00000000	96.00000000
3624000.00000000	0.00000000	0.00000000	96.00000000
3624300.00000000	0.00000000	0.00000000	96.00000000
3624600.00000000	0.00000000	0.00000000	96.00000000
3624900.00000000	0.00000000	0.00000000	96.00000000
3625200.00000000	0.00000000	0.00000000	96.00000000
3625500.00000000	0.00000000	0.00000000	96.00000000
3625800.00000000	0.00000000	0.00000000	96.00000000
3626100.00000000	0.00000000	0.00000000	96.00000000
3626400.00000000	0.00000000	0.00000000	96.00000000
3626700.00000000	0.00000000	0.00000000	96.00000000
3627000.00000000	0.00000000	0.00000000	96.00000000
3627300.00000000	0.00000000	0.00000000	96.00000000
3627600.00000000	0.00000000	0.00000000	96.00000000
3627900.00000000	0.00000000	0.00000000	96.00000000
3628200.00000000	0.00000000	0.00000000	96.00000000
3628500.00000000	0.00000000	0.00000000	96.00000000
3628800.00000000	94.80000000	328.00000000	96.00000000
3629100.00000000	0.00000000	0.00000000	96.00000000
3629400.00000000	0.00000000	0.00000000	96.00000000
3629700.00000000	0.00000000	0.00000000	96.00000000
3630000.00000000	0.00000000	0.00000000	96.00000000
3630300.00000000	0.00000000	0.00000000	96.00000000
3630600.00000000	0.00000000	0.00000000	96.00000000
3630900.00000000	0.00000000	0.00000000	96.00000000
3631200.00000000	0.00000000	0.00000000	96.00000000
3631500.00000000	0.00000000	0.00000000	96.00000000
3631800.00000000	0.00000000	0.00000000	96.00000000
3632100.00000000	0.00000000	0.00000000	96.00000000
3632400.00000000	0.00000000	0.00000000	96.00000000
3632700.00000000	0.00000000	0.00000000	96.00000000
3633000.00000000	0.00000000	0.00000000	96.00000000
3633300.00000000	0.00000000	0.00000000	96.00000000
3633600.00000000	0.00000000	0.00000000	96.00000000
3633900.00000000	0.00000000	0.00000000	96.00000000
3634200.00000000	0.00000000	0.00000000	96.00000000
3634500.00000000	0.00000000	0.00000000	96.00000000
3634800.00000000	0.00000000	0.00000000	96.00000000
3635100.00000000	0.00000000	0.00000000	96.00000000
3635400.00000000	0.00000000	0.00000000	96.00000000
3635700.00000000	0.00000000	0.00000000	96.00000000
3636000.00000000	0.00000000	0.00000000	96.00000000
3636300.00000000	0.00000000	0.00000000	96.00000000
3636600.00000000	0.00000000	0.00000000	96.00000000
3636900.00000000	0.00000000	0.00000000	96.00000000
3637200.00000000	0.00000000	0.00000000	96.00000000
3637500.00000000	0.00000000	0.00000000	96.00000000
3637800.00000000	0.00000000	0.00000000	96.00000000
3638100.00000000	0.00000000	0.00000000	96.00000000
3638400.00000000	0.00000000	0.00000000	96.00000000
3638700.00000000	0.00000000	0.00000000	96.00000000
3639000.00000000	0.00000000	0.00000000	96.00000000
3639300.00000000	0.00000000	0.00000000	96.00000000
3639600.00000000	0.00000000	0.00000000	96.00000000
3639900.00000000	0.00000000	0.00000000	96.00000000
3640200.00000000	0.00000000	0.00000000	96.00000000
3640500.00000000	0.00000000	0.00000000	96.00000000
3640800.00000000	0.00000000	0.00000000	96.00000000
3641100.00000000	0.00000000	0.00000000	96.00000000
3641400.00000000	0.00000000	0.00000000	96.00000000
3641700.00000000	0.00000000	0.00000000	96.00000000
3642000.00000000	0.00000000	0.00000000	96.00000000
3642300.00000000	0.00000000	0.00000000	96.00000000
3642600.00000000	0.00000000	0.00000000	96.00000000
3642900.00000000	0.00000000	0.00000000	96.00000000
3643200.00000000	0.00000000	0.00000000	96.00000000
3643500.00000000	0.00000000	0.00000000	96.00000000
3643800.00000000	0.00000000	0.00000000	96.00000000
3644100.00000000	0.00000000	0.00000000	96.00000000
3644400.00000000	0.00000000	0.00000000	96.00000000
3644700.00000000	0.00000000	0.00000000	96.00000000
3645000.00000000	0.00000000	0.00000000	96.00000000
3645300.00000000	0.00000000	0.00000000	96.00000000
3645600.00000000	0.00000000	0.00000000	96.00000000
3645900.00000000	0.00000000	0.00000000	96.00000000
3646200.00000000	0.00000000	0.00000000	96.00000000
3646500.00000000	0.00000000	0.00000000	96.00000000
3646800.00000000	0.00000000	0.00000000	96.00000000
3647100.00000000	0.00000000	0.00000000	96.00000000
3647400.00000000	0.00000000	0.00000000	96.00000000
3647700.00000000	0.00000000	0.00000000	96.00000000
3648000.00000000	0.00000000	0.00000000	96.00000000
3648300.00000000	0.00000000	0.00000000	96.00000000
3648600.00000000	0.00000000	0.00000000	96.00000000
3648900.00000000	0.00000000	0.00000000	96.00000000
3649200.00000000	0.00000000	0.00000000	96.00000000
3649500.00000000	0.00000000	0.00000000	96.00000000
3649800.00000000	0.00000000	0.00000000	96.00000000
3650100.00000000	0.00000000	0.00000000	96.00000000
3650400.00000000	0.00000000	0.00000000	96.00000000
3650700.00000000	0.00000000	0.00000000	96.00000000
3651000.00000000	0.00000000	0.00000000	96.00000000
3651300.00000000	0.00000000	0.00000000	96.00000000
3651600.00000000	0.00000000	0.00000000	96.00000000
3651900.00000000	0.00000000	0.00000000	96.00000000
3652200.00000000	0.00000000	0.00000000	96.00000000
3652500.00000000	0.00000000	0.00000000	96.00000000
3652800.00000000	0.00000000	0.00000000	96.00000000
3653100.00000000	0.00000000	0.00000000	96.00000000
3653400.00000000	0.00000000	0.00000000	96.00000000
3653700.00000000	0.00000000	0.00000000	96.00000000
3654000.00000000	0.00000000	0.00000000	96.00000000
3654300.00000000	0.00000000	0.00000000	96.00000000
3654600.00000000	0.00000000	0.00000000	96.00000000
3654900.00000000	0.00000000	0.00000000	96.00000000
3655200.00000000	0.00000000	0.00000000	96.00000000
3655500.00000000	0.00000000	0.00000000	96.00000000
3655800.00000000	0.00000000	0.00000000	96.00000000
3656100.00000000	0.00000000	0.00000000	96.00000000
3656400.00000000	0.00000000	0.00000000	96.00000000
3656700.00000000	0.00000000	0.00000000	96.00000000
3657000.00000000	0.00000000	0.00000000	96.00000000
3657300.00000000	0.00000000	0.00000000	96.00000000
3657600.00000000	0.00000000	0.00000000	96.00000000
3657900.00000000	0.00000000	0.00000000	96.00000000
3658200.00000000	0.00000000	0.00000000	96.00000000
3658500.00000000	0.00000000	0.00000000	96.00000000
3658800.00000000	0.00000000	0.00000000	96.00000000
3659100.00000000	0.00000000	0.00000000	96.00000000
3659400.00000000	0.00000000	0.00000000	96.00000000
3659700.00000000	0.00000000	0.00000000	96.00000000
3660000.00000000	0.00000000	0.00000000	96.00000000
3660300.00000000	0.00000000	0.00000000	96.00000000
3660600.00000000	0.00000000	0.00000000	96.00000000
3660900.00000000	0.00000000	0.00000000	96.00000000
3661200.00000000	0.00000000	0.00000000	96.00000000
3661500.00000000	0.00000000	0.00000000	96.00000000
3661800.00000000	0.00000000	0.00000000	96.00000000
3662100.00000000	0.00000000	0.00000000	96.00000000
3662400.00000000	0.00000000	0.00000000	96.00000000
3662700.00000000	0.00000000	0.00000000	96.00000000
3663000.00000000	0.00000000	0.00000000	96.00000000
3663300.00000000	0.00000000	0.00000000	96.00000000
3663600.00000000	0.00000000	0.00000000	96.00000000
3663900.00000000	0.00000000	0.00000000	96.00000000
3664200.00000000	0.00000000	0.00000000	96.00000000
3664500.00000000	0.00000000	0.00000000	96.00000000
3664800.00000000	0.00000000	0.00000000	96.00000000
3665100.00000000	0.00000000	0.00000000	96.00000000
3665400.00000000	0.00000000	0.00000000	96.00000000
3665700.00000000	0.00000000	0.00000000	96.00000000
3666000.00000000	0.00000000	0.00000000	96.00000000
3666300.00000000	0.00000000	0.00000000	96.00000000
3666600.00000000	0.00000000	0.00000000	96.00000000
3666900.00000000	0.00000000	0.00000000	96.00000000
3667200.00000000	0.00000000	0.00000000	96.00000000
3667500.00000000	0.00000000	0.00000000	96.00000000
3667800.00000000	0.00000000	0.00000000	96.00000000
3668100.00000000	0.00000000	0.00000000	96.00000000
3668400.00000000	0.00000000	0.00000000	96.00000000
3668700.00000000	0.00000000	0.00000000	96.00000000
3669000.00000000	0.00000000	0.00000000	96.00000000
3669300.00000000	0.00000000	0.00000000	96.00000000
3669600.00000000	0.00000000	0.00000000	96.00000000
3669900.00000000	0.00000000	0.00000000	96.00000000
3670200.00000000	0.00000000	0.00000000	96.00000000
3670500.00000000	0.00000000	0.00000000	96.00000000
3670800.00000000	0.00000000	0.00000000	96.00000000
3671100.00000000	0.00000000	0.00000000	96.00000000
3671400.00000000	0.00000000	0.00000000	96.00000000
3671700.00000000	0.00000000	0.00000000	96.00000000
3672000.00000000	0.00000000	0.00000000	96.00000000
3672300.00000000	0.00000000	0.00000000	96.00000000
3672600.00000000	0.00000000	0.00000000	96.00000000
3672900.00000000	0.00000000	0.00000000	96.00000000
3673200.00000000	0.00000000	0.00000000	96.00000000
3673500.00000000	0.00000000	0.00000000	96.00000000
3673800.00000000	0.00000000	0.00000000	96.00000000
3674100.00000000	0.00000000	0.00000000	96.00000000
3674400.00000000	0.00000000	0.00000000	96.00000000
3674700.00000000	0.00000000	0.00000000	96.00000000
3675000.00000000	0.00000000	0.00000000	96.00000000
3675300.00000000	0.00000000	0.00000000	96.00000000
3675600.00000000	0.00000000	0.00000000	96.00000000
3675900.00000000	0.00000000	0.00000000	96.00000000
3676200.00000000	0.00000000	0.00000000	96.00000000
3676500.00000000	0.00000000	0.00000000	96.00000000
3676800.00000000	0.00000000	0.00000000	96.00000000
3677100.00000000	0.00000000	0.00000000	96.00000000
3677400.00000000	0.00000000	0.00000000	96.00000000
3677700.00000000	0.00000000	0.00000000	96.00000000
3678000.00000000	0.00000000	0.00000000	96.00000000
3678300.00000000	0.00000000	0.00000000	96.00000000
3678600.00000000	0.00000000	0.00000000	96.00000000
3678900.00000000	0.00000000	0.00000000	96.00000000
3679200.00000000	0.00000000	0.00000000	96.00000000
3679500.00000000	0.00000000	0.00000000	96.00000000
3679800.00000000	0.00000000	0.00000000	96.00000000
3680100.00000000	0.00000000	0.00000000	96.00000000
3680400.00000000	0.00000000	0.00000000	96.00000000
3680700.00000000	0.00000000	0.00000000	96.00000000
3681000.00000000	0.00000000	0.00000000	96.00000000
3681300.00000000	0.00000000	0.00000000	96.00000000
3681600.00000000	0.00000000	0.00000000	96.00000000
3681900.00000000	0.00000000	0.00000000	96.00000000
3682200.00000000	0.00000000	0.00000000	96.00000000
3682500.00000000	0.00000000	0.00000000	96.00000000
3682800.00000000	0.00000000	0.00000000	96.00000000
3683100.00000000	0.00000000	0.00000000	96.00000000
3683400.00000000	0.00000000	0.00000000	96.00000000
3683700.00000000	0.00000000	0.00000000	96.00000000
3684000.00000000	0.00000000	0.00000000	96.00000000
3684300.00000000	0.00000000	0.00000000	96.00000000
3684600.00000000	0.00000000	0.00000000	96.00000000
3684900.00000000	0.00000000	0.00000000	96.00000000
3685200.00000000	0.00000000	0.00000000	96.00000000
3685500.00000000	0.00000000	0.00000000	96.00000000
3685800.00000000	0.00000000	0.00000000	96.00000000
3686100.00000000	0.00000000	0.00000000	96.00000000
3686400.00000000	0.00000000	0.00000000	96.00000000
3686700.00000000	0.00000000	0.00000000	96.00000000
3687000.00000000	0.00000000	0.00000000	96.00000000
3687300.00000000	0.00000000	0.00000000	96.00000000
3687600.00000000	0.00000000	0.00000000	96.00000000
3687900.00000000	0.00000000	0.00000000	96.00000000
3688200.00000000	0.00000000	0.00000000	96.00000000
3688500.00000000	0.00000000	0.00000000	96.00000000
3688800.00000000	0.00000000	0.00000000	96.00000000
3689100.00000000	0.00000000	0.00000000	96.00000000
3689400.00000000	0.00000000	0.00000000	96.00000000
3689700.00000000	0.00000000	0.00000000	96.00000000
3690000.00000000	0.00000000	0.00000000	96.00000000
3690300.00000000	0.00000000	0.00000000	96.00000000
3690600.00000000	0.00000000	0.00000000	96.00000000
3690900.00000000	0.00000000	0.00000000	96.00000000
3691200.00000000	0.00000000	0.00000000	96.00000000
3691500.00000000	0.00000000	0.00000000	96.00000000
3691800.00000000	0.00000000	0.00000000	96.00000000
3692100.00000000	0.00000000	0.00000000	96.00000000
3692400.00000000	0.00000000	0.00000000	96.00000000
3692700.00000000	0.00000000	0.00000000	96.00000000
3693000.00000000	0.00000000	0.00000000	96.00000000
3693300.00000000	0.00000000	0.00000000	96.00000000
3693600.00000000	0.00000000	0.00000000	96.00000000
3693900.00000000	0.00000000	0.00000000	96.00000000
3694200.00000000	0.00000000	0.00000000	96.00000000
3694500.00000000	0.00000000	0.00000000	96.00000000
3694800.00000000	0.00000000	0.00000000	96.00000000
3695100.00000000	0.00000000	0.00000000	96.00000000
3695400.00000000	0.00000000	0.00000000	96.00000000
3695700.00000000	0.00000000	0.00000000	96.00000000
3696000.00000000	0.00000000	0.00000000	96.00000000
3696300.00000000	0.00000000	0.00000000	96.00000000
3696600.00000000	0.00000000	0.00000000	96.00000000
3696900.00000000	0.00000000	0.00000000	96.00000000
3697200.00000000	0.00000000	0.00000000	96.00000000
3697500.00000000	0.00000000	0.00000000	96.00000000
3697800.00000000	0.00000000	0.00000000	96.00000000
3698100.00000000	0.00000000	0.00000000	96.00000000
3698400.00000000	0.00000000	0.00000000	96.00000000
3698700.00000000	0.00000000	0.00000000	96.00000000
3699000.00000000	0.00000000	0.00000000	96.00000000
3699300.00000000	0.00000000	0.00000000	96.00000000
3699600.00000000	0.00000000	0.00000000	96.00000000
3699900.00000000	0.00000000	0.00000000	96.00000000
3700200.00000000	0.00000000	0.00000000	96.00000000
3700500.00000000	0.00000000	0.00000000	96.00000000
3700800.00000000	0.00000000	0.00000000	96.00000000
3701100.00000000	0.00000000	0.00000000	96.00000000
3701400.00000000	0.00000000	0.00000000	96.00000000
3701700.00000000	0.00000000	0.00000000	96.00000000
3702000.00000000	0.00000000	0.00000000	96.00000000
3702300.00000000	0.00000000	0.00000000	96.00000000
3702600.00000000	0.00000000	0.00000000	96.00000000
3702900.00000000	0.00000000	0.00000000	96.00000000
3703200.00000000	0.00000000	0.00000000	96.00000000
3703500.00000000	0.00000000	0.00000000	96.00000000
3703800.00000000	0.00000000	0.00000000	96.00000000
3704100.00000000	0.00000000	0.00000000	96.00000000
3704400.00000000	0.00000000	0.00000000	96.00000000
3704700.00000000	0.00000000	0.00000000	96.00000000
3705000.00000000	0.00000000	0.00000000	96.00000000
3705300.00000000	0.00000000	0.00000000	96.00000000
3705600.00000000	0.00000000	0.00000000	96.00000000
3705900.00000000	0.00000000	0.00000000	96.00000000
3706200.00000000	0.00000000	0.00000000	96.00000000
3706500.00000000	0.00000000	0.00000000	96.00000000
3706800.00000000	0.00000000	0.00000000	96.00000000
3707100.00000000	0.00000000	0.00000000	96.00000000
3707400.00000000	0.00000000	0.00000000	96.00000000
3707700.00000000	0.00000000	0.00000000	96.00000000
3708000.00000000	0.00000000	0.00000000	96.00000000
3708300.00000000	0.00000000	0.00000000	96.00000000
3708600.00000000	0.00000000	0.00000000	96.00000000
3708900.00000000	0.00000000	0.00000000	96.00000000
3709200.00000000	0.00000000	0.00000000	96.00000000
3709500.00000000	0.00000000	0.00000000	96.00000000
3709800.00000000	0.00000000	0.00000000	96.00000000
3710100.00000000	0.00000000	0.00000000	96.00000000
3710400.00000000	0.00000000	0.00000000	96.00000000
3710700.00000000	0.00000000	0.00000000	96.00000000
3711000.00000000	0.00000000	0.00000000	96.00000000
3711300.00000000	0.00000000	0.00000000	96.00000000
3711600.00000000	0.00000000	0.00000000	96.00000000
3711900.00000000	0.00000000	0.00000000	96.00000000
3712200.00000000	0.00000000	0.00000000	96.00000000
3712500.00000000	0.00000000	0.00000000	96.00000000
3712800.00000000	0.00000000	0.00000000	96.00000000
3713100.00000000	0.00000000	0.00000000	96.00000000
3713400.00000000	0.00000000	0.00000000	96.00000000
3713700.00000000	0.00000000	0.00000000	96.00000000
3714000.00000000	0.00000000	0.00000000	96.00000000
3714300.00000000	0.00000000	0.00000000	96.00000000
3714600.00000000	0.00000000	0.00000000	96.00000000
3714900.00000000	0.00000000	0.00000000	96.00000000
3715200.00000000	0.00000000	0.00000000	96.00000000
3715500.00000000	0.00000000	0.00000000	96.00000000
3715800.00000000	0.00000000	0.00000000	96.00000000
3716100.00000000	0.00000000	0.00000000	96.00000000
3716400.00000000	0.00000000	0.00000000	96.00000000
3716700.00000000	0.00000000	0.00000000	96.00000000
3717000.00000000	0.00000000	0.00000000	96.00000000
3717300.00000000	0.00000000	0.00000000	96.00000000
3717600.00000000	0.00000000	0.00000000	96.00000000
3717900.00000000	0.00000000	0.00000000	96.00000000
3718200.00000000	0.00000000	0.00000000	96.00000000
3718500.00000000	0.00000000	0.00000000	96.00000000
3718800.00000000	0.00000000	0.00000000	96.00000000
3719100.00000000	0.00000000	0.00000000	96.00000000
3719400.00000000	0.00000000	0.00000000	96.00000000
3719700.00000000	0.00000000	0.00000000	96.00000000
3720000.00000000	0.00000000	0.00000000	96.00000000
3720300.00000000	0.00000000	0.00000000	96.00000000
3720600.00000000	0.00000000	0.00000000	96.00000000
3720900.00000000	0.00000000	0.00000000	96.00000000
3721200.00000000	0.00000000	0.00000000	96.00000000
3721500.00000000	0.00000000	0.00000000	96.00000000
3721800.00000000	0.00000000	0.00000000	96.00000000
3722100.00000000	0.00000000	0.00000000	96.00000000
3722400.00000000	0.00000000	0.00000000	96.00000000
3722700.00000000	0.00000000	0.00000000	96.00000000
3723000.00000000	0.00000000	0.00000000	96.00000000
3723300.00000000	0.00000000	0.00000000	96.00000000
3723600.00000000	0.00000000	0.00000000	96.00000000
3723900.00000000	0.00000000	0.00000000	96.00000000
3724200.00000000	0.00000000	0.00000000	96.00000000
3724500.00000000	0.00000000	0.00000000	96.00000000
3724800.00000000	0.00000000	0.00000000	96.00000000
3725100.00000000	0.00000000	0.00000000	96.00000000
3725400.00000000	0.00000000	0.00000000	96.00000000
3725700.00000000	0.00000000	0.00000000	96.00000000
3726000.00000000	0.00000000	0.00000000	96.00000000
3726300.00000000	0.00000000	0.00000000	96.00000000
3726600.00000000	0.00000000	0.00000000	96.00000000
3726900.00000000	0.00000000	0.00000000	96.00000000
3727200.00000000	0.00000000	0.00000000	96.00000000
3727500.00000000	0.00000000	0.00000000	96.00000000
3727800.00000000	0.00000000	0.00000000	96.00000000
3728100.00000000	0.00000000	0.00000000	96.00000000
3728400.00000000	0.00000000	0.00000000	96.00000000
3728700.00000000	0.00000000	0.00000000	96.00000000
3729000.00000000	0.00000000	0.00000000	96.00000000
3729300.00000000	0.00000000	0.00000000	96.00000000
3729600.00000000	0.00000000	0.00000000	96.00000000
3729900.00000000	0.00000000	0.00000000	96.00000000
3730200.00000000	0.00000000	0.00000000	96.00000000
3730500.00000000	0.00000000	0.00000000	96.00000000
3730800.00000000	0.00000000	0.00000000	96.00000000
3731100.00000000	0.00000000	0.00000000	96.00000000
3731400.00000000	0.00000000	0.00000000	96.00000000
3731700.00000000	0.00000000	0.00000000	96.00000000
3732000.00000000	0.00000000	0.00000000	96.00000000
3732300.00000000	0.00000000	0.00000000	96.00000000
3732600.00000000	0.00000000	0.00000000	96.00000000
3732900.00000000	0.00000000	0.00000000	96.00000000
3733200.00000000	0.00000000	0.00000000	96.00000000
3733500.00000000	0.00000000	0.00000000	96.00000000
3733800.00000000	0.00000000	0.00000000	96.00000000
3734100.00000000	0.00000000	0.00000000	96.00000000
3734400.00000000	0.00000000	0.00000000	96.00000000
3734700.00000000	0.00000000	0.00000000	96.00000000
3735000.00000000	0.00000000	0.00000000	96.00000000
3735300.00000000	0.00000000	0.00000000	96.00000000
3735600.00000000	0.00000000	0.00000000	96.00000000
3735900.00000000	0.00000000	0.00000000	96.00000000
3736200.00000000	0.00000000	0.00000000	96.00000000
3736500.00000000	0.00000000	0.00000000	96.00000000
3736800.00000000	0.00000000	0.00000000	96.00000000
3737100.00000000	0.00000000	0.00000000	96.00000000
3737400.00000000	0.00000000	0.00000000	96.00000000
3737700.00000000	0.00000000	0.00000000	96.00000000
3738000.00000000	0.00000000	0.00000000	96.00000000
3738300.00000000	0.00000000	0.00000000	96.00000000
3738600.00000000	0.00000000	0.00000000	96.00000000
3738900.00000000	0.00000000	0.00000000	96.00000000
3739200.00000000	0.00000000	0.00000000	96.00000000
3739500.00000000	0.00000000	0.00000000	96.00000000
3739800.00000000	0.00000000	0.00000000	96.00000000
3740100.00000000	0.00000000	0.00000000	96.00000000
3740400.00000000	0.00000000	0.00000000	96.00000000
3740700.00000000	0.00000000	0.00000000	96.00000000
3741000.00000000	0.00000000	0.00000000	96.00000000
3741300.00000000	0.00000000	0.00000000	96.00000000
3741600.00000000	0.00000000	0.00000000	96.00000000
3741900.00000000	0.00000000	0.00000000	96.00000000
3742200.00000000	0.00000000	0.00000000	96.00000000
3742500.00000000	0.00000000	0.00000000	96.00000000
3742800.00000000	0.00000000	0.00000000	96.00000000
3743100.00000000	0.00000000	0.00000000	96.00000000
3743400.00000000	0.00000000	0.00000000	96.00000000
3743700.00000000	0.00000000	0.00000000	96.00000000
3744000.00000000	0.00000000	0.00000000	96.00000000
3744300.00000000	0.00000000	0.00000000	96.00000000
3744600.00000000	0.00000000	0.00000000	96.00000000
3744900.00000000	0.00000000	0.00000000	96.00000000
3745200.00000000	0.00000000	0.00000000	96.00000000
3745500.00000000	0.00000000	0.00000000	96.00000000
3745800.00000000	0.00000000	0.00000000	96.00000000
3746100.00000000	0.00000000	0.00000000	96.00000000
3746400.00000000	0.00000000	0.00000000	96.00000000
3746700.00000000	0.00000000	0.00000000	96.00000000
3747000.00000000	0.00000000	0.00000000	96.00000000
3747300.00000000	0.00000000	0.00000000	96.00000000
3747600.00000000	0.00000000	0.00000000	96.00000000
3747900.00000000	0.00000000	0.00000000	96.00000000
3748200.00000000	0.00000000	0.00000000	96.00000000
3748500.00000000	0.00000000	0.00000000	96.00000000
3748800.00000000	0.00000000	0.00000000	96.00000000
3749100.00000000	0.00000000	0.00000000	96.00000000
3749400.00000000	0.00000000	0.00000000	96.00000000
3749700.00000000	0.00000000	0.00000000	96.00000000
3750000.00000000	0.00000000	0.00000000	96.00000000
3750300.00000000	0.00000000	0.00000000	96.00000000
3750600.00000000	0.00000000	0.00000000	96.00000000
3750900.00000000	0.00000000	0.00000000	96.00000000
3751200.00000000	0.00000000	0.00000000	96.00000000
3751500.00000000	0.00000000	0.00000000	96.00000000
3751800.00000000	0.00000000	0.00000000	96.00000000
3752100.00000000	0.00000000	0.00000000	96.00000000
3752400.00000000	0.00000000	0.00000000	96.00000000
3752700.00000000	0.00000000	0.00000000	96.00000000
3753000.00000000	0.00000000	0.00000000	96.00000000
3753300.00000000	0.00000000	0.00000000	96.00000000
3753600.00000000	0.00000000	0.00000000	96.00000000
3753900.00000000	0.00000000	0.00000000	96.00000000
3754200.00000000	0.00000000	0.00000000	96.00000000
3754500.00000000	0.00000000	0.00000000	96.00000000
3754800.00000000	0.00000000	0.00000000	96.00000000
3755100.00000000	0.00000000	0.00000000	96.00000000
3755400.00000000	0.00000000	0.00000000	96.00000000
3755700.00000000	0.00000000	0.00000000	96.00000000
3756000.00000000	0.00000000	0.00000000	96.00000000
3756300.00000000	0.00000000	0.00000000	96.00000000
3756600.00000000	0.00000000	0.00000000	96.00000000
3756900.00000000	0.00000000	0.00000000	96.00000000
3757200.00000000	0.00000000	0.00000000	96.00000000
3757500.00000000	0.00000000	0.00000000	96.00000000
3757800.00000000	0.00000000	0.00000000	96.00000000
3758100.00000000	0.00000000	0.00000000	96.00000000
3758400.00000000	0.00000000	0.00000000	96.00000000
3758700.00000000	0.00000000	0.00000000	96.00000000
3759000.00000000	0.00000000	0.00000000	96.00000000
3759300.00000000	0.00000000	0.00000000	96.00000000
3759600.00000000	0.00000000	0.00000000	96.00000000
3759900.00000000	0.00000000	0.00000000	96.00000000
3760200.00000000	0.00000000	0.00000000	96.00000000
3760500.00000000	0.00000000	0.00000000	96.00000000
3760800.00000000	0.00000000	0.00000000	96.00000000
3761100.00000000	0.00000000	0.00000000	96.00000000
3761400.00000000	0.00000000	0.00000000	96.00000000
3761700.00000000	0.00000000	0.00000000	96.00000000
3762000.00000000	0.00000000	0.00000000	96.00000000
3762300.00000000	0.00000000	0.00000000	96.00000000
3762600.00000000	0.00000000	0.00000000	96.00000000
3762900.00000000	0.00000000	0.00000000	96.00000000
3763200.00000000	0.00000000	0.00000000	96.00000000
3763500.00000000	0.00000000	0.00000000	96.00000000
3763800.00000000	0.00000000	0.00000000	96.00000000
3764100.00000000	0.00000000	0.00000000	96.00000000
3764400.00000000	0.00000000	0.00000000	96.00000000
3764700.00000000	0.00000000	0.00000000	96.00000000
3765000.00000000	0.00000000	0.00000000	96.00000000
3765300.00000000	0.00000000	0.00000000	96.00000000
3765600.00000000	0.00000000	0.00000000	96.00000000
3765900.00000000	0.00000000	0.00000000	96.00000000
3766200.00000000	0.00000000	0.00000000	96.00000000
3766500.00000000	0.00000000	0.00000000	96.00000000
3766800.00000000	0.00000000	0.00000000	96.00000000
3767100.00000000	0.00000000	0.00000000	96.00000000
3767400.00000000	0.00000000	0.00000000	96.00000000
3767700.00000000	0.00000000	0.00000000	96.00000000
3768000.00000000	0.00000000	0.00000000	96.00000000
3768300.00000000	0.00000000	0.00000000	96.00000000
3768600.00000000	0.00000000	0.00000000	96.00000000
3768900.00000000	0.00000000	0.00000000	96.00000000
3769200.00000000	0.00000000	0.00000000	96.00000000
3769500.00000000	0.00000000	0.00000000	96.00000000
3769800.00000000	0.00000000	0.00000000	96.00000000
3770100.00000000	0.00000000	0.00000000	96.00000000
3770400.00000000	0.00000000	0.00000000	96.00000000
3770700.00000000	0.00000000	0.00000000	96.00000000
3771000.00000000	0.00000000	0.00000000	96.00000000
3771300.00000000	0.00000000	0.00000000	96.00000000
3771600.00000000	0.00000000	0.00000000	96.00000000
3771900.00000000	0.00000000	0.00000000	96.00000000
3772200.00000000	0.00000000	0.00000000	96.00000000
3772500.00000000	0.00000000	0.00000000	96.00000000
3772800.00000000	0.00000000	0.00000000	96.00000000
3773100.00000000	0.00000000	0.00000000	96.00000000
3773400.00000000	0.00000000	0.00000000	96.00000000
3773700.00000000	0.00000000	0.00000000	96.00000000
3774000.00000000	0.00000000	0.00000000	96.00000000
3774300.00000000	0.00000000	0.00000000	96.00000000
3774600.00000000	0.00000000	0.00000000	96.00000000
3774900.00000000	0.00000000	0.00000000	96.00000000
3775200.00000000	0.00000000	0.00000000	96.00000000
3775500.00000000	0.00000000	0.00000000	96.00000000
3775800.00000000	0.00000000	0.00000000	96.00000000
3776100.00000000	0.00000000	0.00000000	96.00000000
3776400.00000000	0.00000000	0.00000000	96.00000000
3776700.00000000	0.00000000	0.00000000	96.00000000
3777000.00000000	0.00000000	0.00000000	96.00000000
3777300.00000000	0.00000000	0.00000000	96.00000000
3777600.00000000	0.00000000	0.00000000	96.00000000
3777900.00000000	0.00000000	0.00000000	96.00000000
3778200.00000000	0.00000000	0.00000000	96.00000000
3778500.00000000	0.00000000	0.00000000	96.00000000
3778800.00000000	0.00000000	0.00000000	96.00000000
3779100.00000000	0.00000000	0.00000000	96.00000000
3779400.00000000	0.00000000	0.00000000	96.00000000
3779700.00000000	0.00000000	0.00000000	96.00000000
3780000.00000000	0.00000000	0.00000000	96.00000000
3780300.00000000	0.00000000	0.00000000	96.00000000
3780600.00000000	0.00000000	0.00000000	96.00000000
3780900.00000000	0.00000000	0.00000000	96.00000000
3781200.00000000	0.00000000	0.00000000	96.00000000
3781500.00000000	0.00000000	0.00000000	96.00000000
3781800.00000000	0.00000000	0.00000000	96.00000000
3782100.00000000	0.00000000	0.00000000	96.00000000
3782400.00000000	0.00000000	0.00000000	96.00000000
3782700.00000000	0.00000000	0.00000000	96.00000000
3783000.00000000	0.00000000	0.00000000	96.00000000
3783300.00000000	0.00000000	0.00000000	96.00000000
3783600.00000000	0.00000000	0.00000000	96.00000000
3783900.00000000	0.00000000	0.00000000	96.00000000
3784200.00000000	0.00000000	0.00000000	96.00000000
3784500.00000000	0.00000000	0.00000000	96.00000000
3784800.00000000	0.00000000	0.00000000	96.00000000
3785100.00000000	0.00000000	0.00000000	96.00000000
3785400.00000000	0.00000000	0.00000000	96.00000000
3785700.00000000	0.00000000	0.00000000	96.00000000
3786000.00000000	0.00000000	0.00000000	96.00000000
3786300.00000000	0.00000000	0.00000000	96.00000000
3786600.00000000	0.00000000	0.00000000	96.00000000
3786900.00000000	0.00000000	0.00000000	96.00000000
3787200.00000000	0.00000000	0.00000000	96.00000000
3787500.00000000	0.00000000	0.00000000	96.00000000
3787800.00000000	0.00000000	0.00000000	96.00000000
3788100.00000000	0.00000000	0.00000000	96.00000000
3788400.00000000	0.00000000	0.00000000	96.00000000
3788700.00000000	0.00000000	0.00000000	96.00000000
3789000.00000000	0.00000000	0.00000000	96.00000000
3789300.00000000	0.00000000	0.00000000	96.00000000
3789600.00000000	0.00000000	0.00000000	96.00000000
3789900.00000000	0.00000000	0.00000000	96.00000000
3790200.00000000	0.00000000	0.00000000	96.00000000
3790500.00000000	0.00000000	0.00000000	96.00000000
3790800.00000000	0.00000000	0.00000000	96.00000000
3791100.00000000	0.00000000	0.00000000	96.00000000
3791400.00000000	0.00000000	0.00000000	96.00000000
3791700.00000000	0.00000000	0.00000000	96.00000000
3792000.00000000	0.00000000	0.00000000	96.00000000
3792300.00000000	0.00000000	0.00000000	96.00000000
3792600.00000000	0.00000000	0.00000000	96.00000000
3792900.00000000	0.00000000	0.00000000	96.00000000
3793200.00000000	0.00000000	0.00000000	96.00000000
3793500.00000000	0.00000000	0.00000000	96.00000000
3793800.00000000	0.00000000	0.00000000	96.00000000
3794100.00000000	0.00000000	0.00000000	96.00000000
3794400.00000000	0.00000000	0.00000000	96.00000000
3794700.00000000	0.00000000	0.00000000	96.00000000
3795000.00000000	0.00000000	0.00000000	96.00000000
3795300.00000000	0.00000000	0.00000000	96.00000000
3795600.00000000	0.00000000	0.00000000	96.00000000
3795900.00000000	0.00000000	0.00000000	96.00000000
3796200.00000000	0.00000000	0.00000000	96.00000000
3796500.00000000	0.00000000	0.00000000	96.00000000
3796800.00000000	0.00000000	0.00000000	96.00000000
3797100.00000000	0.00000000	0.00000000	96.00000000
3797400.00000000	0.00000000	0.00000000	96.00000000
3797700.00000000	0.00000000	0.00000000	96.00000000
3798000.00000000	0.00000000	0.00000000	96.00000000
3798300.00000000	0.00000000	0.00000000	96.00000000
3798600.00000000	0.00000000	0.00000000	96.00000000
3798900.00000000	0.00000000	0.00000000	96.00000000
3799200.00000000	0.00000000	0.00000000	96.00000000
3799500.00000000	0.00000000	0.00000000	96.00000000
3799800.00000000	0.00000000	0.00000000	96.00000000
3800100.00000000	0.00000000	0.00000000	96.00000000
3800400.00000000	0.00000000	0.00000000	96.00000000
3800700.00000000	0.00000000	0.00000000	96.00000000
3801000.00000000	0.00000000	0.00000000	96.00000000
3801300.00000000	0.00000000	0.00000000	96.00000000
3801600.00000000	94.80000000	328.00000000	96.00000000
3801900.00000000	0.00000000	0.00000000	96.00000000
3802200.00000000	0.00000000	0.00000000	96.00000000
3802500.00000000	0.00000000	0.00000000	96.00000000
3802800.00000000	0.00000000	0.00000000	96.00000000
3803100.00000000	0.00000000	0.00000000	96.00000000
3803400.00000000	0.00000000	0.00000000	96.00000000
3803700.00000000	0.00000000	0.00000000	96.00000000
3804000.00000000	0.00000000	0.00000000	96.00000000
3804300.00000000	0.00000000	0.00000000	96.00000000
3804600.00000000	0.00000000	0.00000000	96.00000000
3804900.00000000	0.00000000	0.00000000	96.00000000
3805200.00000000	0.00000000	0.00000000	96.00000000
3805500.00000000	0.00000000	0.00000000	96.00000000
3805800.00000000	0.00000000	0.00000000	96.00000000
3806100.00000000	0.00000000	0.00000000	96.00000000
3806400.00000000	0.00000000	0.00000000	96.00000000
3806700.00000000	0.00000000	0.00000000	96.00000000
3807000.00000000	0.00000000	0.00000000	96.00000000
3807300.00000000	0.00000000	0.00000000	96.00000000
3807600.00000000	0.00000000	0.00000000	96.00000000
3807900.00000000	0.00000000	0.00000000	96.00000000
3808200.00000000	0.00000000	0.00000000	96.00000000
3808500.00000000	0.00000000	0.00000000	96.00000000
3808800.00000000	0.00000000	0.00000000	96.00000000
3809100.00000000	0.00000000	0.00000000	96.00000000
3809400.00000000	0.00000000	0.00000000	96.00000000
3809700.00000000	0.00000000	0.00000000	96.00000000
3810000.00000000	0.00000000	0.00000000	96.00000000
3810300.00000000	0.00000000	0.00000000	96.00000000
3810600.00000000	0.00000000	0.00000000	96.00000000
3810900.00000000	0.00000000	0.00000000	96.00000000
3811200.00000000	0.00000000	0.00000000	96.00000000
3811500.00000000	0.00000000	0.00000000	96.00000000
3811800.00000000	0.00000000	0.00000000	96.00000000
3812100.00000000	0.00000000	0.00000000	96.00000000
3812400.00000000	0.00000000	0.00000000	96.00000000
3812700.00000000	0.00000000	0.00000000	96.00000000
3813000.00000000	0.00000000	0.00000000	96.00000000
3813300.00000000	0.00000000	0.00000000	96.00000000
3813600.00000000	0.00000000	0.00000000	96.00000000
3813900.00000000	0.00000000	0.00000000	96.00000000
3814200.00000000	0.00000000	0.00000000	96.00000000
3814500.00000000	0.00000000	0.00000000	96.00000000
3814800.00000000	0.00000000	0.00000000	96.00000000
3815100.00000000	0.00000000	0.00000000	96.00000000
3815400.00000000	0.00000000	0.00000000	96.00000000
3815700.00000000	0.00000000	0.00000000	96.00000000
3816000.00000000	0.00000000	0.00000000	96.00000000
3816300.00000000	0.00000000	0.00000000	96.00000000
3816600.00000000	0.00000000	0.00000000	96.00000000
3816900.00000000	0.00000000	0.00000000	96.00000000
3817200.00000000	0.00000000	0.00000000	96.00000000
3817500.00000000	0.00000000	0.00000000	96.00000000
3817800.00000000	0.00000000	0.00000000	96.00000000
3818100.00000000	0.00000000	0.00000000	96.00000000
3818400.00000000	0.00000000	0.00000000	96.00000000
3818700.00000000	0.00000000	0.00000000	96.00000000
3819000.00000000	0.00000000	0.00000000	96.00000000
3819300.00000000	0.00000000	0.00000000	96.00000000
3819600.00000000	0.00000000	0.00000000	96.00000000
3819900.00000000	0.00000000	0.00000000	96.00000000
3820200.00000000	0.00000000	0.00000000	96.00000000
3820500.00000000	0.00000000	0.00000000	96.00000000
3820800.00000000	0.00000000	0.00000000	96.00000000
3821100.00000000	0.00000000	0.00000000	96.00000000
3821400.00000000	0.00000000	0.00000000	96.00000000
3821700.00000000	0.00000000	0.00000000	96.00000000
3822000.00000000	0.00000000	0.00000000	96.00000000
3822300.00000000	0.00000000	0.00000000	96.00000000
3822600.00000000	0.00000000	0.00000000	96.00000000
3822900.00000000	0.00000000	0.00000000	96.00000000
3823200.00000000	0.00000000	0.00000000	96.00000000
3823500.00000000	0.00000000	0.00000000	96.00000000
3823800.00000000	0.00000000	0.00000000	96.00000000
3824100.00000000	0.00000000	0.00000000	96.00000000
3824400.00000000	0.00000000	0.00000000	96.00000000
3824700.00000000	0.00000000	0.00000000	96.00000000
3825000.00000000	0.00000000	0.00000000	96.00000000
3825300.00000000	0.00000000	0.00000000	96.00000000
3825600.00000000	0.00000000	0.00000000	96.00000000
3825900.00000000	0.00000000	0.00000000	96.00000000
3826200.00000000	0.00000000	0.00000000	96.00000000
3826500.00000000	0.00000000	0.00000000	96.00000000
3826800.00000000	0.00000000	0.00000000	96.00000000
3827100.00000000	0.00000000	0.00000000	96.00000000
3827400.00000000	0.00000000	0.00000000	96.00000000
3827700.00000000	0.00000000	0.00000000	96.00000000
3828000.00000000	0.00000000	0.00000000	96.00000000
3828300.00000000	0.00000000	0.00000000	96.00000000
3828600.00000000	0.00000000	0.00000000	96.00000000
3828900.00000000	0.00000000	0.00000000	96.00000000
3829200.00000000	0.00000000	0.00000000	96.00000000
3829500.00000000	0.00000000	0.00000000	96.00000000
3829800.00000000	0.00000000	0.00000000	96.00000000
3830100.00000000	0.00000000	0.00000000	96.00000000
3830400.00000000	0.00000000	0.00000000	96.00000000
3830700.00000000	0.00000000	0.00000000	96.00000000
3831000.00000000	0.00000000	0.00000000	96.00000000
3831300.00000000	0.00000000	0.00000000	96.00000000
3831600.00000000	0.00000000	0.00000000	96.00000000
3831900.00000000	0.00000000	0.00000000	96.00000000
3832200.00000000	0.00000000	0.00000000	96.00000000
3832500.00000000	0.00000000	0.00000000	96.00000000
3832800.00000000	0.00000000	0.00000000	96.00000000
3833100.00000000	0.00000000	0.00000000	96.00000000
3833400.00000000	0.00000000	0.00000000	96.00000000
3833700.00000000	0.00000000	0.00000000	96.00000000
3834000.00000000	0.00000000	0.00000000	96.00000000
3834300.00000000	0.00000000	0.00000000	96.00000000
3834600.00000000	0.00000000	0.00000000	96.00000000
3834900.00000000	0.00000000	0.00000000	96.00000000
3835200.00000000	0.00000000	0.00000000	96.00000000
3835500.00000000	0.00000000	0.00000000	96.00000000
3835800.00000000	0.00000000	0.00000000	96.00000000
3836100.00000000	0.00000000	0.00000000	96.00000000
3836400.00000000	0.00000000	0.00000000	96.00000000
3836700.00000000	0.00000000	0.00000000	96.00000000
3837000.00000000	0.00000000	0.00000000	96.00000000
3837300.00000000	0.00000000	0.00000000	96.00000000
3837600.00000000	0.00000000	0.00000000	96.00000000
3837900.00000000	0.00000000	0.00000000	96.00000000
3838200.00000000	0.00000000	0.00000000	96.00000000
3838500.00000000	0.00000000	0.00000000	96.00000000
3838800.00000000	0.00000000	0.00000000	96.00000000
3839100.00000000	0.00000000	0.00000000	96.00000000
3839400.00000000	0.00000000	0.00000000	96.00000000
3839700.00000000	0.00000000	0.00000000	96.00000000
3840000.00000000	0.00000000	0.00000000	96.00000000
3840300.00000000	0.00000000	0.00000000	96.00000000
3840600.00000000	0.00000000	0.00000000	96.00000000
3840900.00000000	0.00000000	0.00000000	96.00000000
3841200.00000000	0.00000000	0.00000000	96.00000000
3841500.00000000	0.00000000	0.00000000	96.00000000
3841800.00000000	0.00000000	0.00000000	96.00000000
3842100.00000000	0.00000000	0.00000000	96.00000000
3842400.00000000	0.00000000	0.00000000	96.00000000
3842700.00000000	0.00000000	0.00000000	96.00000000
3843000.00000000	0.00000000	0.00000000	96.00000000
3843300.00000000	0.00000000	0.00000000	96.00000000
3843600.00000000	0.00000000	0.00000000	96.00000000
3843900.00000000	0.00000000	0.00000000	96.00000000
3844200.00000000	0.00000000	0.00000000	96.00000000
3844500.00000000	0.00000000	0.00000000	96.00000000
3844800.00000000	0.00000000	0.00000000	96.00000000
3845100.00000000	0.00000000	0.00000000	96.00000000
3845400.00000000	0.00000000	0.00000000	96.00000000
3845700.00000000	0.00000000	0.00000000	96.00000000
3846000.00000000	0.00000000	0.00000000	96.00000000
3846300.00000000	0.00000000	0.00000000	96.00000000
3846600.00000000	0.00000000	0.00000000	96.00000000
3846900.00000000	0.00000000	0.00000000	96.00000000
3847200.00000000	0.00000000	0.00000000	96.00000000
3847500.00000000	0.00000000	0.00000000	96.00000000
3847800.00000000	0.00000000	0.00000000	96.00000000
3848100.00000000	0.00000000	0.00000000	96.00000000
3848400.00000000	0.00000000	0.00000000	96.00000000
3848700.00000000	0.00000000	0.00000000	96.00000000
3849000.00000000	0.00000000	0.00000000	96.00000000
3849300.00000000	0.00000000	0.00000000	96.00000000
3849600.00000000	0.00000000	0.00000000	96.00000000
3849900.00000000	0.00000000	0.00000000	96.00000000
3850200.00000000	0.00000000	0.00000000	96.00000000
3850500.00000000	0.00000000	0.00000000	96.00000000
3850800.00000000	0.00000000	0.00000000	96.00000000
3851100.00000000	0.00000000	0.00000000	96.00000000
3851400.00000000	0.00000000	0.00000000	96.00000000
3851700.00000000	0.00000000	0.00000000	96.00000000
3852000.00000000	0.00000000	0.00000000	96.00000000
3852300.00000000	0.00000000	0.00000000	96.00000000
3852600.00000000	0.00000000	0.00000000	96.00000000
3852900.00000000	0.00000000	0.00000000	96.00000000
3853200.00000000	0.00000000	0.00000000	96.00000000
3853500.00000000	0.00000000	0.00000000	96.00000000
3853800.00000000	0.00000000	0.00000000	96.00000000
3854100.00000000	0.00000000	0.00000000	96.00000000
3854400.00000000	0.00000000	0.00000000	96.00000000
3854700.00000000	0.00000000	0.00000000	96.00000000
3855000.00000000	0.00000000	0.00000000	96.00000000
3855300.00000000	0.00000000	0.00000000	96.00000000
3855600.00000000	0.00000000	0.00000000	96.00000000
3855900.00000000	0.00000000	0.00000000	96.00000000
3856200.00000000	0.00000000	0.00000000	96.00000000
3856500.00000000	0.00000000	0.00000000	96.00000000
3856800.00000000	0.00000000	0.00000000	96.00000000
3857100.00000000	0.00000000	0.00000000	96.00000000
3857400.00000000	0.00000000	0.00000000	96.00000000
3857700.00000000	0.00000000	0.00000000	96.00000000
3858000.00000000	0.00000000	0.00000000	96.00000000
3858300.00000000	0.00000000	0.00000000	96.00000000
3858600.00000000	0.00000000	0.00000000	96.00000000
3858900.00000000	0.00000000	0.00000000	96.00000000
3859200.00000000	0.00000000	0.00000000	96.00000000
3859500.00000000	0.00000000	0.00000000	96.00000000
3859800.00000000	0.00000000	0.00000000	96.00000000
3860100.00000000	0.00000000	0.00000000	96.00000000
3860400.00000000	0.00000000	0.00000000	96.00000000
3860700.00000000	0.00000000	0.00000000	96.00000000
3861000.00000000	0.00000000	0.00000000	96.00000000
3861300.00000000	0.00000000	0.00000000	96.00000000
3861600.00000000	0.00000000	0.00000000	96.00000000
3861900.00000000	0.00000000	0.00000000	96.00000000
3862200.00000000	0.00000000	0.00000000	96.00000000
3862500.00000000	0.00000000	0.00000000	96.00000000
3862800.00000000	0.00000000	0.00000000	96.00000000
3863100.00000000	0.00000000	0.00000000	96.00000000
3863400.00000000	0.00000000	0.00000000	96.00000000
3863700.00000000	0.00000000	0.00000000	96.00000000
3864000.00000000	0.00000000	0.00000000	96.00000000
3864300.00000000	0.00000000	0.00000000	96.00000000
3864600.00000000	0.00000000	0.00000000	96.00000000
3864900.00000000	0.00000000	0.00000000	96.00000000
3865200.00000000	0.00000000	0.00000000	96.00000000
3865500.00000000	0.00000000	0.00000000	96.00000000
3865800.00000000	0.00000000	0.00000000	96.00000000
3866100.00000000	0.00000000	0.00000000	96.00000000
3866400.00000000	0.00000000	0.00000000	96.00000000
3866700.00000000	0.00000000	0.00000000	96.00000000
3867000.00000000	0.00000000	0.00000000	96.00000000
3867300.00000000	0.00000000	0.00000000	96.00000000
3867600.00000000	0.00000000	0.00000000	96.00000000
3867900.00000000	0.00000000	0.00000000	96.00000000
3868200.00000000	0.00000000	0.00000000	96.00000000
3868500.00000000	0.00000000	0.00000000	96.00000000
3868800.00000000	0.00000000	0.00000000	96.00000000
3869100.00000000	0.00000000	0.00000000	96.00000000
3869400.00000000	0.00000000	0.00000000	96.00000000
3869700.00000000	0.00000000	0.00000000	96.00000000
3870000.00000000	0.00000000	0.00000000	96.00000000
3870300.00000000	0.00000000	0.00000000	96.00000000
3870600.00000000	0.00000000	0.00000000	96.00000000
3870900.00000000	0.00000000	0.00000000	96.00000000
3871200.00000000	0.00000000	0.00000000	96.00000000
3871500.00000000	0.00000000	0.00000000	96.00000000
3871800.00000000	0.00000000	0.00000000	96.00000000
3872100.00000000	0.00000000	0.00000000	96.00000000
3872400.00000000	0.00000000	0.00000000	96.00000000
3872700.00000000	0.00000000	0.00000000	96.00000000
3873000.00000000	0.00000000	0.00000000	96.00000000
3873300.00000000	0.00000000	0.00000000	96.00000000
3873600.00000000	0.00000000	0.00000000	96.00000000
3873900.00000000	0.00000000	0.00000000	96.00000000
3874200.00000000	0.00000000	0.00000000	96.00000000
3874500.00000000	0.00000000	0.00000000	96.00000000
3874800.00000000	0.00000000	0.00000000	96.00000000
3875100.00000000	0.00000000	0.00000000	96.00000000
3875400.00000000	0.00000000	0.00000000	96.00000000
3875700.00000000	0.00000000	0.00000000	96.00000000
3876000.00000000	0.00000000	0.00000000	96.00000000
3876300.00000000	0.00000000	0.00000000	96.00000000
3876600.00000000	0.00000000	0.00000000	96.00000000
3876900.00000000	0.00000000	0.00000000	96.00000000
3877200.00000000	0.00000000	0.00000000	96.00000000
3877500.00000000	0.00000000	0.00000000	96.00000000
3877800.00000000	0.00000000	0.00000000	96.00000000
3878100.00000000	0.00000000	0.00000000	96.00000000
3878400.00000000	0.00000000	0.00000000	96.00000000
3878700.00000000	0.00000000	0.00000000	96.00000000
3879000.00000000	0.00000000	0.00000000	96.00000000
3879300.00000000	0.00000000	0.00000000	96.00000000
3879600.00000000	0.00000000	0.00000000	96.00000000
3879900.00000000	0.00000000	0.00000000	96.00000000
3880200.00000000	0.00000000	0.00000000	96.00000000
3880500.00000000	0.00000000	0.00000000	96.00000000
3880800.00000000	0.00000000	0.00000000	96.00000000
3881100.00000000	0.00000000	0.00000000	96.00000000
3881400.00000000	0.00000000	0.00000000	96.00000000
3881700.00000000	0.00000000	0.00000000	96.00000000
3882000.00000000	0.00000000	0.00000000	96.00000000
3882300.00000000	0.00000000	0.00000000	96.00000000
3882600.00000000	0.00000000	0.00000000	96.00000000
3882900.00000000	0.00000000	0.00000000	96.00000000
3883200.00000000	0.00000000	0.00000000	96.00000000
3883500.00000000	0.00000000	0.00000000	96.00000000
3883800.00000000	0.00000000	0.00000000	96.00000000
3884100.00000000	0.00000000	0.00000000	96.00000000
3884400.00000000	0.00000000	0.00000000	96.00000000
3884700.00000000	0.00000000	0.00000000	96.00000000
3885000.00000000	0.00000000	0.00000000	96.00000000
3885300.00000000	0.00000000	0.00000000	96.00000000
3885600.00000000	0.00000000	0.00000000	96.00000000
3885900.00000000	0.00000000	0.00000000	96.00000000
3886200.00000000	0.00000000	0.00000000	96.00000000
3886500.00000000	0.00000000	0.00000000	96.00000000
3886800.00000000	0.00000000	0.00000000	96.00000000
3887100.00000000	0.00000000	0.00000000	96.00000000
3887400.00000000	0.00000000	0.00000000	96.00000000
3887700.00000000	0.00000000	0.00000000	96.00000000
3888000.00000000	0.00000000	0.00000000	96.00000000
3888300.00000000	0.00000000	0.00000000	96.00000000
3888600.00000000	0.00000000	0.00000000	96.00000000
3888900.00000000	0.00000000	0.00000000	96.00000000
3889200.00000000	0.00000000	0.00000000	96.00000000
3889500.00000000	0.00000000	0.00000000	96.00000000
3889800.00000000	0.00000000	0.00000000	96.00000000
3890100.00000000	0.00000000	0.00000000	96.00000000
3890400.00000000	0.00000000	0.00000000	96.00000000
3890700.00000000	0.00000000	0.00000000	96.00000000
3891000.00000000	0.00000000	0.00000000	96.00000000
3891300.00000000	0.00000000	0.00000000	96.00000000
3891600.00000000	0.00000000	0.00000000	96.00000000
3891900.00000000	0.00000000	0.00000000	96.00000000
3892200.00000000	0.00000000	0.00000000	96.00000000
3892500.00000000	0.00000000	0.00000000	96.00000000
3892800.00000000	0.00000000	0.00000000	96.00000000
3893100.00000000	0.00000000	0.00000000	96.00000000
3893400.00000000	0.00000000	0.00000000	96.00000000
3893700.00000000	0.00000000	0.00000000	96.00000000
3894000.00000000	0.00000000	0.00000000	96.00000000
3894300.00000000	0.00000000	0.00000000	96.00000000
3894600.00000000	0.00000000	0.00000000	96.00000000
3894900.00000000	0.00000000	0.00000000	96.00000000
3895200.00000000	0.00000000	0.00000000	96.00000000
3895500.00000000	0.00000000	0.00000000	96.00000000
3895800.00000000	0.00000000	0.00000000	96.00000000
3896100.00000000	0.00000000	0.00000000	96.00000000
3896400.00000000	0.00000000	0.00000000	96.00000000
3896700.00000000	0.00000000	0.00000000	96.00000000
3897000.00000000	0.00000000	0.00000000	96.00000000
3897300.00000000	0.00000000	0.00000000	96.00000000
3897600.00000000	0.00000000	0.00000000	96.00000000
3897900.00000000	0.00000000	0.00000000	96.00000000
3898200.00000000	0.00000000	0.00000000	96.00000000
3898500.00000000	0.00000000	0.00000000	96.00000000
3898800.00000000	0.00000000	0.00000000	96.00000000
3899100.00000000	0.00000000	0.00000000	96.00000000
3899400.00000000	0.00000000	0.00000000	96.00000000
3899700.00000000	0.00000000	0.00000000	96.00000000
3900000.00000000	0.00000000	0.00000000	96.00000000
3900300.00000000	0.00000000	0.00000000	96.00000000
3900600.00000000	0.00000000	0.00000000	96.00000000
3900900.00000000	0.00000000	0.00000000	96.00000000
3901200.00000000	0.00000000	0.00000000	96.00000000
3901500.00000000	0.00000000	0.00000000	96.00000000
3901800.00000000	0.00000000	0.00000000	96.00000000
3902100.00000000	0.00000000	0.00000000	96.00000000
3902400.00000000	0.00000000	0.00000000	96.00000000
3902700.00000000	0.00000000	0.00000000	96.00000000
3903000.00000000	0.00000000	0.00000000	96.00000000
3903300.00000000	0.00000000	0.00000000	96.00000000
3903600.00000000	0.00000000	0.00000000	96.00000000
3903900.00000000	0.00000000	0.00000000	96.00000000
3904200.00000000	0.00000000	0.00000000	96.00000000
3904500.00000000	0.00000000	0.00000000	96.00000000
3904800.00000000	0.00000000	0.00000000	96.00000000
3905100.00000000	0.00000000	0.00000000	96.00000000
3905400.00000000	0.00000000	0.00000000	96.00000000
3905700.00000000	0.00000000	0.00000000	96.00000000
3906000.00000000	0.00000000	0.00000000	96.00000000
3906300.00000000	0.00000000	0.00000000	96.00000000
3906600.00000000	0.00000000	0.00000000	96.00000000
3906900.00000000	0.00000000	0.00000000	96.00000000
3907200.00000000	0.00000000	0.00000000	96.00000000
3907500.00000000	0.00000000	0.00000000	96.00000000
3907800.00000000	0.00000000	0.00000000	96.00000000
3908100.00000000	0.00000000	0.00000000	96.00000000
3908400.00000000	0.00000000	0.00000000	96.00000000
3908700.00000000	0.00000000	0.00000000	96.00000000
3909000.00000000	0.00000000	0.00000000	96.00000000
3909300.00000000	0.00000000	0.00000000	96.00000000
3909600.00000000	0.00000000	0.00000000	96.00000000
3909900.00000000	0.00000000	0.00000000	96.00000000
3910200.00000000	0.00000000	0.00000000	96.00000000
3910500.00000000	0.00000000	0.00000000	96.00000000
3910800.00000000	0.00000000	0.00000000	96.00000000
3911100.00000000	0.00000000	0.00000000	96.00000000
3911400.00000000	0.00000000	0.00000000	96.00000000
3911700.00000000	0.00000000	0.00000000	96.00000000
3912000.00000000	0.00000000	0.00000000	96.00000000
3912300.00000000	0.00000000	0.00000000	96.00000000
3912600.00000000	0.00000000	0.00000000	96.00000000
3912900.00000000	0.00000000	0.00000000	96.00000000
3913200.00000000	0.00000000	0.00000000	96.00000000
3913500.00000000	0.00000000	0.00000000	96.00000000
3913800.00000000	0.00000000	0.00000000	96.00000000
3914100.00000000	0.00000000	0.00000000	96.00000000
3914400.00000000	0.00000000	0.00000000	96.00000000
3914700.00000000	0.00000000	0.00000000	96.00000000
3915000.00000000	0.00000000	0.00000000	96.00000000
3915300.00000000	0.00000000	0.00000000	96.00000000
3915600.00000000	0.00000000	0.00000000	96.00000000
3915900.00000000	0.00000000	0.00000000	96.00000000
3916200.00000000	0.00000000	0.00000000	96.00000000
3916500.00000000	0.00000000	0.00000000	96.00000000
3916800.00000000	0.00000000	0.00000000	96.00000000
3917100.00000000	0.00000000	0.00000000	96.00000000
3917400.00000000	0.00000000	0.00000000	96.00000000
3917700.00000000	0.00000000	0.00000000	96.00000000
3918000.00000000	0.00000000	0.00000000	96.00000000
3918300.00000000	0.00000000	0.00000000	96.00000000
3918600.00000000	0.00000000	0.00000000	96.00000000
3918900.00000000	0.00000000	0.00000000	96.00000000
3919200.00000000	0.00000000	0.00000000	96.00000000
3919500.00000000	0.00000000	0.00000000	96.00000000
3919800.00000000	0.00000000	0.00000000	96.00000000
3920100.00000000	0.00000000	0.00000000	96.00000000
3920400.00000000	0.00000000	0.00000000	96.00000000
3920700.00000000	0.00000000	0.00000000	96.00000000
3921000.00000000	0.00000000	0.00000000	96.00000000
3921300.00000000	0.00000000	0.00000000	96.00000000
3921600.00000000	0.00000000	0.00000000	96.00000000
3921900.00000000	0.00000000	0.00000000	96.00000000
3922200.00000000	0.00000000	0.00000000	96.00000000
3922500.00000000	0.00000000	0.00000000	96.00000000
3922800.00000000	0.00000000	0.00000000	96.00000000
3923100.00000000	0.00000000	0.00000000	96.00000000
3923400.00000000	0.00000000	0.00000000	96.00000000
3923700.00000000	0.00000000	0.00000000	96.00000000
3924000.00000000	0.00000000	0.00000000	96.00000000
3924300.00000000	0.00000000	0.00000000	96.00000000
3924600.00000000	0.00000000	0.00000000	96.00000000
3924900.00000000	0.00000000	0.00000000	96.00000000
3925200.00000000	0.00000000	0.00000000	96.00000000
3925500.00000000	0.00000000	0.00000000	96.00000000
3925800.00000000	0.00000000	0.00000000	96.00000000
3926100.00000000	0.00000000	0.00000000	96.00000000
3926400.00000000	0.00000000	0.00000000	96.00000000
3926700.00000000	0.00000000	0.00000000	96.00000000
3927000.00000000	0.00000000	0.00000000	96.00000000
3927300.00000000	0.00000000	0.00000000	96.00000000
3927600.00000000	0.00000000	0.00000000	96.00000000
3927900.00000000	0.00000000	0.00000000	96.00000000
3928200.00000000	0.00000000	0.00000000	96.00000000
3928500.00000000	0.00000000	0.00000000	96.00000000
3928800.00000000	0.00000000	0.00000000	96.00000000
3929100.00000000	0.00000000	0.00000000	96.00000000
3929400.00000000	0.00000000	0.00000000	96.00000000
3929700.00000000	0.00000000	0.00000000	96.00000000
3930000.00000000	0.00000000	0.00000000	96.00000000
3930300.00000000	0.00000000	0.00000000	96.00000000
3930600.00000000	0.00000000	0.00000000	96.00000000
3930900.00000000	0.00000000	0.00000000	96.00000000
3931200.00000000	0.00000000	0.00000000	96.00000000
3931500.00000000	0.00000000	0.00000000	96.00000000
3931800.00000000	0.00000000	0.00000000	96.00000000
3932100.00000000	0.00000000	0.00000000	96.00000000
3932400.00000000	0.00000000	0.00000000	96.00000000
3932700.00000000	0.00000000	0.00000000	96.00000000
3933000.00000000	0.00000000	0.00000000	96.00000000
3933300.00000000	0.00000000	0.00000000	96.00000000
3933600.00000000	0.00000000	0.00000000	96.00000000
3933900.00000000	0.00000000	0.00000000	96.00000000
3934200.00000000	0.00000000	0.00000000	96.00000000
3934500.00000000	0.00000000	0.00000000	96.00000000
3934800.00000000	0.00000000	0.00000000	96.00000000
3935100.00000000	0.00000000	0.00000000	96.00000000
3935400.00000000	0.00000000	0.00000000	96.00000000
3935700.00000000	0.00000000	0.00000000	96.00000000
3936000.00000000	0.00000000	0.00000000	96.00000000
3936300.00000000	0.00000000	0.00000000	96.00000000
3936600.00000000	0.00000000	0.00000000	96.00000000
3936900.00000000	0.00000000	0.00000000	96.00000000
3937200.00000000	0.00000000	0.00000000	96.00000000
3937500.00000000	0.00000000	0.00000000	96.00000000
3937800.00000000	0.00000000	0.00000000	96.00000000
3938100.00000000	0.00000000	0.00000000	96.00000000
3938400.00000000	0.00000000	0.00000000	96.00000000
3938700.00000000	0.00000000	0.00000000	96.00000000
3939000.00000000	0.00000000	0.00000000	96.00000000
3939300.00000000	0.00000000	0.00000000	96.00000000
3939600.00000000	0.00000000	0.00000000	96.00000000
3939900.00000000	0.00000000	0.00000000	96.00000000
3940200.00000000	0.00000000	0.00000000	96.00000000
3940500.00000000	0.00000000	0.00000000	96.00000000
3940800.00000000	0.00000000	0.00000000	96.00000000
3941100.00000000	0.00000000	0.00000000	96.00000000
3941400.00000000	0.00000000	0.00000000	96.00000000
3941700.00000000	0.00000000	0.00000000	96.00000000
3942000.00000000	0.00000000	0.00000000	96.00000000
3942300.00000000	0.00000000	0.00000000	96.00000000
3942600.00000000	0.00000000	0.00000000	96.00000000
3942900.00000000	0.00000000	0.00000000	96.00000000
3943200.00000000	0.00000000	0.00000000	96.00000000
3943500.00000000	0.00000000	0.00000000	96.00000000
3943800.00000000	0.00000000	0.00000000	96.00000000
3944100.00000000	0.00000000	0.00000000	96.00000000
3944400.00000000	0.00000000	0.00000000	96.00000000
3944700.00000000	0.00000000	0.00000000	96.00000000
3945000.00000000	0.00000000	0.00000000	96.00000000
3945300.00000000	0.00000000	0.00000000	96.00000000
3945600.00000000	0.00000000	0.00000000	96.00000000
3945900.00000000	0.00000000	0.00000000	96.00000000
3946200.00000000	0.00000000	0.00000000	96.00000000
3946500.00000000	0.00000000	0.00000000	96.00000000
3946800.00000000	0.00000000	0.00000000	96.00000000
3947100.00000000	0.00000000	0.00000000	96.00000000
3947400.00000000	0.00000000	0.00000000	96.00000000
3947700.00000000	0.00000000	0.00000000	96.00000000
3948000.00000000	0.00000000	0.00000000	96.00000000
3948300.00000000	0.00000000	0.00000000	96.00000000
3948600.00000000	0.00000000	0.00000000	96.00000000
3948900.00000000	0.00000000	0.00000000	96.00000000
3949200.00000000	0.00000000	0.00000000	96.00000000
3949500.00000000	0.00000000	0.00000000	96.00000000
3949800.00000000	0.00000000	0.00000000	96.00000000
3950100.00000000	0.00000000	0.00000000	96.00000000
3950400.00000000	0.00000000	0.00000000	96.00000000
3950700.00000000	0.00000000	0.00000000	96.00000000
3951000.00000000	0.00000000	0.00000000	96.00000000
3951300.00000000	0.00000000	0.00000000	96.00000000
3951600.00000000	0.00000000	0.00000000	96.00000000
3951900.00000000	0.00000000	0.00000000	96.00000000
3952200.00000000	0.00000000	0.00000000	96.00000000
3952500.00000000	0.00000000	0.00000000	96.00000000
3952800.00000000	0.00000000	0.00000000	96.00000000
3953100.00000000	0.00000000	0.00000000	96.00000000
3953400.00000000	0.00000000	0.00000000	96.00000000
3953700.00000000	0.00000000	0.00000000	96.00000000
3954000.00000000	0.00000000	0.00000000	96.00000000
3954300.00000000	0.00000000	0.00000000	96.00000000
3954600.00000000	0.00000000	0.00000000	96.00000000
3954900.00000000	0.00000000	0.00000000	96.00000000
3955200.00000000	0.00000000	0.00000000	96.00000000
3955500.00000000	0.00000000	0.00000000	96.00000000
3955800.00000000	0.00000000	0.00000000	96.00000000
3956100.00000000	0.00000000	0.00000000	96.00000000
3956400.00000000	0.00000000	0.00000000	96.00000000
3956700.00000000	0.00000000	0.00000000	96.00000000
3957000.00000000	0.00000000	0.00000000	96.00000000
3957300.00000000	0.00000000	0.00000000	96.00000000
3957600.00000000	0.00000000	0.00000000	96.00000000
3957900.00000000	0.00000000	0.00000000	96.00000000
3958200.00000000	0.00000000	0.00000000	96.00000000
3958500.00000000	0.00000000	0.00000000	96.00000000
3958800.00000000	0.00000000	0.00000000	96.00000000
3959100.00000000	0.00000000	0.00000000	96.00000000
3959400.00000000	0.00000000	0.00000000	96.00000000
3959700.00000000	0.00000000	0.00000000	96.00000000
3960000.00000000	0.00000000	0.00000000	96.00000000
3960300.00000000	0.00000000	0.00000000	96.00000000
3960600.00000000	0.00000000	0.00000000	96.00000000
3960900.00000000	0.00000000	0.00000000	96.00000000
3961200.00000000	0.00000000	0.00000000	96.00000000
3961500.00000000	0.00000000	0.00000000	96.00000000
3961800.00000000	0.00000000	0.00000000	96.00000000
3962100.00000000	0.00000000	0.00000000	96.00000000
3962400.00000000	0.00000000	0.00000000	96.00000000
3962700.00000000	0.00000000	0.00000000	96.00000000
3963000.00000000	0.00000000	0.00000000	96.00000000
3963300.00000000	0.00000000	0.00000000	96.00000000
3963600.00000000	0.00000000	0.00000000	96.00000000
3963900.00000000	0.00000000	0.00000000	96.00000000
3964200.00000000	0.00000000	0.00000000	96.00000000
3964500.00000000	0.00000000	0.00000000	96.00000000
3964800.00000000	0.00000000	0.00000000	96.00000000
3965100.00000000	0.00000000	0.00000000	96.00000000
3965400.00000000	0.00000000	0.00000000	96.00000000
3965700.00000000	0.00000000	0.00000000	96.00000000
3966000.00000000	0.00000000	0.00000000	96.00000000
3966300.00000000	0.00000000	0.00000000	96.00000000
3966600.00000000	0.00000000	0.00000000	96.00000000
3966900.00000000	0.00000000	0.00000000	96.00000000
3967200.00000000	0.00000000	0.00000000	96.00000000
3967500.00000000	0.00000000	0.00000000	96.00000000
3967800.00000000	0.00000000	0.00000000	96.00000000
3968100.00000000	0.00000000	0.00000000	96.00000000
3968400.00000000	0.00000000	0.00000000	96.00000000
3968700.00000000	0.00000000	0.00000000	96.00000000
3969000.00000000	0.00000000	0.00000000	96.00000000
3969300.00000000	0.00000000	0.00000000	96.00000000
3969600.00000000	0.00000000	0.00000000	96.00000000
3969900.00000000	0.00000000	0.00000000	96.00000000
3970200.00000000	0.00000000	0.00000000	96.00000000
3970500.00000000	0.00000000	0.00000000	96.00000000
3970800.00000000	0.00000000	0.00000000	96.00000000
3971100.00000000	0.00000000	0.00000000	96.00000000
3971400.00000000	0.00000000	0.00000000	96.00000000
3971700.00000000	0.00000000	0.00000000	96.00000000
3972000.00000000	0.00000000	0.00000000	96.00000000
3972300.00000000	0.00000000	0.00000000	96.00000000
3972600.00000000	0.00000000	0.00000000	96.00000000
3972900.00000000	0.00000000	0.00000000	96.00000000
3973200.00000000	0.00000000	0.00000000	96.00000000
3973500.00000000	0.00000000	0.00000000	96.00000000
3973800.00000000	0.00000000	0.00000000	96.00000000
3974100.00000000	0.00000000	0.00000000	96.00000000
3974400.00000000	142.20000000	492.00000000	96.00000000
3974700.00000000	0.00000000	0.00000000	96.00000000
3975000.00000000	0.00000000	0.00000000	96.00000000
3975300.00000000	0.00000000	0.00000000	96.00000000
3975600.00000000	0.00000000	0.00000000	96.00000000
3975900.00000000	0.00000000	0.00000000	96.00000000
3976200.00000000	0.00000000	0.00000000	96.00000000
3976500.00000000	0.00000000	0.00000000	96.00000000
3976800.00000000	0.00000000	0.00000000	96.00000000
3977100.00000000	0.00000000	0.00000000	96.00000000
3977400.00000000	0.00000000	0.00000000	96.00000000
3977700.00000000	0.00000000	0.00000000	96.00000000
3978000.00000000	0.00000000	0.00000000	96.00000000
3978300.00000000	0.00000000	0.00000000	96.00000000
3978600.00000000	0.00000000	0.00000000	96.00000000
3978900.00000000	0.00000000	0.00000000	96.00000000
3979200.00000000	0.00000000	0.00000000	96.00000000
3979500.00000000	0.00000000	0.00000000	96.00000000
3979800.00000000	0.00000000	0.00000000	96.00000000
3980100.00000000	0.00000000	0.00000000	96.00000000
3980400.00000000	0.00000000	0.00000000	96.00000000
3980700.00000000	0.00000000	0.00000000	96.00000000
3981000.00000000	0.00000000	0.00000000	96.00000000
3981300.00000000	0.00000000	0.00000000	96.00000000
3981600.00000000	0.00000000	0.00000000	96.00000000
3981900.00000000	0.00000000	0.00000000	96.00000000
3982200.00000000	0.00000000	0.00000000	96.00000000
3982500.00000000	0.00000000	0.00000000	96.00000000
3982800.00000000	0.00000000	0.00000000	96.00000000
3983100.00000000	0.00000000	0.00000000	96.00000000
3983400.00000000	0.00000000	0.00000000	96.00000000
3983700.00000000	0.00000000	0.00000000	96.00000000
3984000.00000000	0.00000000	0.00000000	96.00000000
3984300.00000000	0.00000000	0.00000000	96.00000000
3984600.00000000	0.00000000	0.00000000	96.00000000
3984900.00000000	0.00000000	0.00000000	96.00000000
3985200.00000000	0.00000000	0.00000000	96.00000000
3985500.00000000	0.00000000	0.00000000	96.00000000
3985800.00000000	0.00000000	0.00000000	96.00000000
3986100.00000000	0.00000000	0.00000000	96.00000000
3986400.00000000	0.00000000	0.00000000	96.00000000
3986700.00000000	0.00000000	0.00000000	96.00000000
3987000.00000000	0.00000000	0.00000000	96.00000000
3987300.00000000	0.00000000	0.00000000	96.00000000
3987600.00000000	0.00000000	0.00000000	96.00000000
3987900.00000000	0.00000000	0.00000000	96.00000000
3988200.00000000	0.00000000	0.00000000	96.00000000
3988500.00000000	0.00000000	0.00000000	96.00000000
3988800.00000000	0.00000000	0.00000000	96.00000000
3989100.00000000	0.00000000	0.00000000	96.00000000
3989400.00000000	0.00000000	0.00000000	96.00000000
3989700.00000000	0.00000000	0.00000000	96.00000000
3990000.00000000	0.00000000	0.00000000	96.00000000
3990300.00000000	0.00000000	0.00000000	96.00000000
3990600.00000000	0.00000000	0.00000000	96.00000000
3990900.00000000	0.00000000	0.00000000	96.00000000
3991200.00000000	0.00000000	0.00000000	96.00000000
3991500.00000000	0.00000000	0.00000000	96.00000000
3991800.00000000	0.00000000	0.00000000	96.00000000
3992100.00000000	0.00000000	0.00000000	96.00000000
3992400.00000000	0.00000000	0.00000000	96.00000000
3992700.00000000	0.00000000	0.00000000	96.00000000
3993000.00000000	0.00000000	0.00000000	96.00000000
3993300.00000000	0.00000000	0.00000000	96.00000000
3993600.00000000	0.00000000	0.00000000	96.00000000
3993900.00000000	0.00000000	0.00000000	96.00000000
3994200.00000000	0.00000000	0.00000000	96.00000000
3994500.00000000	0.00000000	0.00000000	96.00000000
3994800.00000000	0.00000000	0.00000000	96.00000000
3995100.00000000	0.00000000	0.00000000	96.00000000
3995400.00000000	0.00000000	0.00000000	96.00000000
3995700.00000000	0.00000000	0.00000000	96.00000000
3996000.00000000	0.00000000	0.00000000	96.00000000
3996300.00000000	0.00000000	0.00000000	96.00000000
3996600.00000000	0.00000000	0.00000000	96.00000000
3996900.00000000	0.00000000	0.00000000	96.00000000
3997200.00000000	0.00000000	0.00000000	96.00000000
3997500.00000000	0.00000000	0.00000000	96.00000000
3997800.00000000	0.00000000	0.00000000	96.00000000
3998100.00000000	0.00000000	0.00000000	96.00000000
3998400.00000000	0.00000000	0.00000000	96.00000000
3998700.00000000	0.00000000	0.00000000	96.00000000
3999000.00000000	0.00000000	0.00000000	96.00000000
3999300.00000000	0.00000000	0.00000000	96.00000000
3999600.00000000	0.00000000	0.00000000	96.00000000
3999900.00000000	0.00000000	0.00000000	96.00000000
4000200.00000000	0.00000000	0.00000000	96.00000000
4000500.00000000	0.00000000	0.00000000	96.00000000
4000800.00000000	0.00000000	0.00000000	96.00000000
4001100.00000000	0.00000000	0.00000000	96.00000000
4001400.00000000	0.00000000	0.00000000	96.00000000
4001700.00000000	0.00000000	0.00000000	96.00000000
4002000.00000000	0.00000000	0.00000000	96.00000000
4002300.00000000	0.00000000	0.00000000	96.00000000
4002600.00000000	0.00000000	0.00000000	96.00000000
4002900.00000000	0.00000000	0.00000000	96.00000000
4003200.00000000	0.00000000	0.00000000	96.00000000
4003500.00000000	0.00000000	0.00000000	96.00000000
4003800.00000000	0.00000000	0.00000000	96.00000000
4004100.00000000	0.00000000	0.00000000	96.00000000
4004400.00000000	0.00000000	0.00000000	96.00000000
4004700.00000000	0.00000000	0.00000000	96.00000000
4005000.00000000	0.00000000	0.00000000	96.00000000
4005300.00000000	0.00000000	0.00000000	96.00000000
4005600.00000000	0.00000000	0.00000000	96.00000000
4005900.00000000	0.00000000	0.00000000	96.00000000
4006200.00000000	0.00000000	0.00000000	96.00000000
4006500.00000000	0.00000000	0.00000000	96.00000000
4006800.00000000	0.00000000	0.00000000	96.00000000
4007100.00000000	0.00000000	0.00000000	96.00000000
4007400.00000000	0.00000000	0.00000000	96.00000000
4007700.00000000	0.00000000	0.00000000	96.00000000
4008000.00000000	0.00000000	0.00000000	96.00000000
4008300.00000000	0.00000000	0.00000000	96.00000000
4008600.00000000	0.00000000	0.00000000	96.00000000
4008900.00000000	0.00000000	0.00000000	96.00000000
4009200.00000000	0.00000000	0.00000000	96.00000000
4009500.00000000	0.00000000	0.00000000	96.00000000
4009800.00000000	0.00000000	0.00000000	96.00000000
4010100.00000000	0.00000000	0.00000000	96.00000000
4010400.00000000	0.00000000	0.00000000	96.00000000
4010700.00000000	0.00000000	0.00000000	96.00000000
4011000.00000000	0.00000000	0.00000000	96.00000000
4011300.00000000	0.00000000	0.00000000	96.00000000
4011600.00000000	0.00000000	0.00000000	96.00000000
4011900.00000000	0.00000000	0.00000000	96.00000000
4012200.00000000	0.00000000	0.00000000	96.00000000
4012500.00000000	0.00000000	0.00000000	96.00000000
4012800.00000000	0.00000000	0.00000000	96.00000000
4013100.00000000	0.00000000	0.00000000	96.00000000
4013400.00000000	0.00000000	0.00000000	96.00000000
4013700.00000000	0.00000000	0.00000000	96.00000000
4014000.00000000	0.00000000	0.00000000	96.00000000
4014300.00000000	0.00000000	0.00000000	96.00000000
4014600.00000000	0.00000000	0.00000000	96.00000000
4014900.00000000	0.00000000	0.00000000	96.00000000
4015200.00000000	0.00000000	0.00000000	96.00000000
4015500.00000000	0.00000000	0.00000000	96.00000000
4015800.00000000	0.00000000	0.00000000	96.00000000
4016100.00000000	0.00000000	0.00000000	96.00000000
4016400.00000000	0.00000000	0.00000000	96.00000000
4016700.00000000	0.00000000	0.00000000	96.00000000
4017000.00000000	0.00000000	0.00000000	96.00000000
4017300.00000000	0.00000000	0.00000000	96.00000000
4017600.00000000	0.00000000	0.00000000	96.00000000
4017900.00000000	0.00000000	0.00000000	96.00000000
4018200.00000000	0.00000000	0.00000000	96.00000000
4018500.00000000	0.00000000	0.00000000	96.00000000
4018800.00000000	0.00000000	0.00000000	96.00000000
4019100.00000000	0.00000000	0.00000000	96.00000000
4019400.00000000	0.00000000	0.00000000	96.00000000
4019700.00000000	0.00000000	0.00000000	96.00000000
4020000.00000000	0.00000000	0.00000000	96.00000000
4020300.00000000	0.00000000	0.00000000	96.00000000
4020600.00000000	0.00000000	0.00000000	96.00000000
4020900.00000000	0.00000000	0.00000000	96.00000000
4021200.00000000	0.00000000	0.00000000	96.00000000
4021500.00000000	0.00000000	0.00000000	96.00000000
4021800.00000000	0.00000000	0.00000000	96.00000000
4022100.00000000	0.00000000	0.00000000	96.00000000
4022400.00000000	0.00000000	0.00000000	96.00000000
4022700.00000000	0.00000000	0.00000000	96.00000000
4023000.00000000	0.00000000	0.00000000	96.00000000
4023300.00000000	0.00000000	0.00000000	96.00000000
4023600.00000000	0.00000000	0.00000000	96.00000000
4023900.00000000	0.00000000	0.00000000	96.00000000
4024200.00000000	0.00000000	0.00000000	96.00000000
4024500.00000000	0.00000000	0.00000000	96.00000000
4024800.00000000	0.00000000	0.00000000	96.00000000
4025100.00000000	0.00000000	0.00000000	96.00000000
4025400.00000000	0.00000000	0.00000000	96.00000000
4025700.00000000	0.00000000	0.00000000	96.00000000
4026000.00000000	0.00000000	0.00000000	96.00000000
4026300.00000000	0.00000000	0.00000000	96.00000000
4026600.00000000	0.00000000	0.00000000	96.00000000
4026900.00000000	0.00000000	0.00000000	96.00000000
4027200.00000000	0.00000000	0.00000000	96.00000000
4027500.00000000	0.00000000	0.00000000	96.00000000
4027800.00000000	0.00000000	0.00000000	96.00000000
4028100.00000000	0.00000000	0.00000000	96.00000000
4028400.00000000	0.00000000	0.00000000	96.00000000
4028700.00000000	0.00000000	0.00000000	96.00000000
4029000.00000000	0.00000000	0.00000000	96.00000000
4029300.00000000	0.00000000	0.00000000	96.00000000
4029600.00000000	0.00000000	0.00000000	96.00000000
4029900.00000000	0.00000000	0.00000000	96.00000000
4030200.00000000	0.00000000	0.00000000	96.00000000
4030500.00000000	0.00000000	0.00000000	96.00000000
4030800.00000000	0.00000000	0.00000000	96.00000000
4031100.00000000	0.00000000	0.00000000	96.00000000
4031400.00000000	0.00000000	0.00000000	96.00000000
4031700.00000000	0.00000000	0.00000000	96.00000000
4032000.00000000	0.00000000	0.00000000	96.00000000
4032300.00000000	0.00000000	0.00000000	96.00000000
4032600.00000000	0.00000000	0.00000000	96.00000000
4032900.00000000	0.00000000	0.00000000	96.00000000
4033200.00000000	0.00000000	0.00000000	96.00000000
4033500.00000000	0.00000000	0.00000000	96.00000000
4033800.00000000	0.00000000	0.00000000	96.00000000
4034100.00000000	0.00000000	0.00000000	96.00000000
4034400.00000000	0.00000000	0.00000000	96.00000000
4034700.00000000	0.00000000	0.00000000	96.00000000
4035000.00000000	0.00000000	0.00000000	96.00000000
4035300.00000000	0.00000000	0.00000000	96.00000000
4035600.00000000	0.00000000	0.00000000	96.00000000
4035900.00000000	0.00000000	0.00000000	96.00000000
4036200.00000000	0.00000000	0.00000000	96.00000000
4036500.00000000	0.00000000	0.00000000	96.00000000
4036800.00000000	0.00000000	0.00000000	96.00000000
4037100.00000000	0.00000000	0.00000000	96.00000000
4037400.00000000	0.00000000	0.00000000	96.00000000
4037700.00000000	0.00000000	0.00000000	96.00000000
4038000.00000000	0.00000000	0.00000000	96.00000000
4038300.00000000	0.00000000	0.00000000	96.00000000
4038600.00000000	0.00000000	0.00000000	96.00000000
4038900.00000000	0.00000000	0.00000000	96.00000000
4039200.00000000	0.00000000	0.00000000	96.00000000
4039500.00000000	0.00000000	0.00000000	96.00000000
4039800.00000000	0.00000000	0.00000000	96.00000000
4040100.00000000	0.00000000	0.00000000	96.00000000
4040400.00000000	0.00000000	0.00000000	96.00000000
4040700.00000000	0.00000000	0.00000000	96.00000000
4041000.00000000	0.00000000	0.00000000	96.00000000
4041300.00000000	0.00000000	0.00000000	96.00000000
4041600.00000000	0.00000000	0.00000000	96.00000000
4041900.00000000	0.00000000	0.00000000	96.00000000
4042200.00000000	0.00000000	0.00000000	96.00000000
4042500.00000000	0.00000000	0.00000000	96.00000000
4042800.00000000	0.00000000	0.00000000	96.00000000
4043100.00000000	0.00000000	0.00000000	96.00000000
4043400.00000000	0.00000000	0.00000000	96.00000000
4043700.00000000	0.00000000	0.00000000	96.00000000
4044000.00000000	0.00000000	0.00000000	96.00000000
4044300.00000000	0.00000000	0.00000000	96.00000000
4044600.00000000	0.00000000	0.00000000	96.00000000
4044900.00000000	0.00000000	0.00000000	96.00000000
4045200.00000000	0.00000000	0.00000000	96.00000000
4045500.00000000	0.00000000	0.00000000	96.00000000
4045800.00000000	0.00000000	0.00000000	96.00000000
4046100.00000000	0.00000000	0.00000000	96.00000000
4046400.00000000	0.00000000	0.00000000	96.00000000
4046700.00000000	0.00000000	0.00000000	96.00000000
4047000.00000000	0.00000000	0.00000000	96.00000000
4047300.00000000	0.00000000	0.00000000	96.00000000
4047600.00000000	0.00000000	0.00000000	96.00000000
4047900.00000000	0.00000000	0.00000000	96.00000000
4048200.00000000	0.00000000	0.00000000	96.00000000
4048500.00000000	0.00000000	0.00000000	96.00000000
4048800.00000000	0.00000000	0.00000000	96.00000000
4049100.00000000	0.00000000	0.00000000	96.00000000
4049400.00000000	0.00000000	0.00000000	96.00000000
4049700.00000000	0.00000000	0.00000000	96.00000000
4050000.00000000	0.00000000	0.00000000	96.00000000
4050300.00000000	0.00000000	0.00000000	96.00000000
4050600.00000000	0.00000000	0.00000000	96.00000000
4050900.00000000	0.00000000	0.00000000	96.00000000
4051200.00000000	0.00000000	0.00000000	96.00000000
4051500.00000000	0.00000000	0.00000000	96.00000000
4051800.00000000	0.00000000	0.00000000	96.00000000
4052100.00000000	0.00000000	0.00000000	96.00000000
4052400.00000000	0.00000000	0.00000000	96.00000000
4052700.00000000	0.00000000	0.00000000	96.00000000
4053000.00000000	0.00000000	0.00000000	96.00000000
4053300.00000000	0.00000000	0.00000000	96.00000000
4053600.00000000	0.00000000	0.00000000	96.00000000
4053900.00000000	0.00000000	0.00000000	96.00000000
4054200.00000000	0.00000000	0.00000000	96.00000000
4054500.00000000	0.00000000	0.00000000	96.00000000
4054800.00000000	0.00000000	0.00000000	96.00000000
4055100.00000000	0.00000000	0.00000000	96.00000000
4055400.00000000	0.00000000	0.00000000	96.00000000
4055700.00000000	0.00000000	0.00000000	96.00000000
4056000.00000000	0.00000000	0.00000000	96.00000000
4056300.00000000	0.00000000	0.00000000	96.00000000
4056600.00000000	0.00000000	0.00000000	96.00000000
4056900.00000000	0.00000000	0.00000000	96.00000000
4057200.00000000	0.00000000	0.00000000	96.00000000
4057500.00000000	0.00000000	0.00000000	96.00000000
4057800.00000000	0.00000000	0.00000000	96.00000000
4058100.00000000	0.00000000	0.00000000	96.00000000
4058400.00000000	0.00000000	0.00000000	96.00000000
4058700.00000000	0.00000000	0.00000000	96.00000000
4059000.00000000	0.00000000	0.00000000	96.00000000
4059300.00000000	0.00000000	0.00000000	96.00000000
4059600.00000000	0.00000000	0.00000000	96.00000000
4059900.00000000	0.00000000	0.00000000	96.00000000
4060200.00000000	0.00000000	0.00000000	96.00000000
4060500.00000000	0.00000000	0.00000000	96.00000000
4060800.00000000	0.00000000	0.00000000	96.00000000
4061100.00000000	0.00000000	0.00000000	96.00000000
4061400.00000000	0.00000000	0.00000000	96.00000000
4061700.00000000	0.00000000	0.00000000	96.00000000
4062000.00000000	0.00000000	0.00000000	96.00000000
4062300.00000000	0.00000000	0.00000000	96.00000000
4062600.00000000	0.00000000	0.00000000	96.00000000
4062900.00000000	0.00000000	0.00000000	96.00000000
4063200.00000000	0.00000000	0.00000000	96.00000000
4063500.00000000	0.00000000	0.00000000	96.00000000
4063800.00000000	0.00000000	0.00000000	96.00000000
4064100.00000000	0.00000000	0.00000000	96.00000000
4064400.00000000	0.00000000	0.00000000	96.00000000
4064700.00000000	0.00000000	0.00000000	96.00000000
4065000.00000000	0.00000000	0.00000000	96.00000000
4065300.00000000	0.00000000	0.00000000	96.00000000
4065600.00000000	0.00000000	0.00000000	96.00000000
4065900.00000000	0.00000000	0.00000000	96.00000000
4066200.00000000	0.00000000	0.00000000	96.00000000
4066500.00000000	0.00000000	0.00000000	96.00000000
4066800.00000000	0.00000000	0.00000000	96.00000000
4067100.00000000	0.00000000	0.00000000	96.00000000
4067400.00000000	0.00000000	0.00000000	96.00000000
4067700.00000000	0.00000000	0.00000000	96.00000000
4068000.00000000	0.00000000	0.00000000	96.00000000
4068300.00000000	0.00000000	0.00000000	96.00000000
4068600.00000000	0.00000000	0.00000000	96.00000000
4068900.00000000	0.00000000	0.00000000	96.00000000
4069200.00000000	0.00000000	0.00000000	96.00000000
4069500.00000000	0.00000000	0.00000000	96.00000000
4069800.00000000	0.00000000	0.00000000	96.00000000
4070100.00000000	0.00000000	0.00000000	96.00000000
4070400.00000000	0.00000000	0.00000000	96.00000000
4070700.00000000	0.00000000	0.00000000	96.00000000
4071000.00000000	0.00000000	0.00000000	96.00000000
4071300.00000000	0.00000000	0.00000000	96.00000000
4071600.00000000	0.00000000	0.00000000	96.00000000
4071900.00000000	0.00000000	0.00000000	96.00000000
4072200.00000000	0.00000000	0.00000000	96.00000000
4072500.00000000	0.00000000	0.00000000	96.00000000
4072800.00000000	0.00000000	0.00000000	96.00000000
4073100.00000000	0.00000000	0.00000000	96.00000000
4073400.00000000	0.00000000	0.00000000	96.00000000
4073700.00000000	0.00000000	0.00000000	96.00000000
4074000.00000000	0.00000000	0.00000000	96.00000000
4074300.00000000	0.00000000	0.00000000	96.00000000
4074600.00000000	0.00000000	0.00000000	96.00000000
4074900.00000000	0.00000000	0.00000000	96.00000000
4075200.00000000	0.00000000	0.00000000	96.00000000
4075500.00000000	0.00000000	0.00000000	96.00000000
4075800.00000000	0.00000000	0.00000000	96.00000000
4076100.00000000	0.00000000	0.00000000	96.00000000
4076400.00000000	0.00000000	0.00000000	96.00000000
4076700.00000000	0.00000000	0.00000000	96.00000000
4077000.00000000	0.00000000	0.00000000	96.00000000
4077300.00000000	0.00000000	0.00000000	96.00000000
4077600.00000000	0.00000000	0.00000000	96.00000000
4077900.00000000	0.00000000	0.00000000	96.00000000
4078200.00000000	0.00000000	0.00000000	96.00000000
4078500.00000000	0.00000000	0.00000000	96.00000000
4078800.00000000	0.00000000	0.00000000	96.00000000
4079100.00000000	0.00000000	0.00000000	96.00000000
4079400.00000000	0.00000000	0.00000000	96.00000000
4079700.00000000	0.00000000	0.00000000	96.00000000
4080000.00000000	0.00000000	0.00000000	96.00000000
4080300.00000000	0.00000000	0.00000000	96.00000000
4080600.00000000	0.00000000	0.00000000	96.00000000
4080900.00000000	0.00000000	0.00000000	96.00000000
4081200.00000000	0.00000000	0.00000000	96.00000000
4081500.00000000	0.00000000	0.00000000	96.00000000
4081800.00000000	0.00000000	0.00000000	96.00000000
4082100.00000000	0.00000000	0.00000000	96.00000000
4082400.00000000	0.00000000	0.00000000	96.00000000
4082700.00000000	0.00000000	0.00000000	96.00000000
4083000.00000000	0.00000000	0.00000000	96.00000000
4083300.00000000	0.00000000	0.00000000	96.00000000
4083600.00000000	0.00000000	0.00000000	96.00000000
4083900.00000000	0.00000000	0.00000000	96.00000000
4084200.00000000	0.00000000	0.00000000	96.00000000
4084500.00000000	0.00000000	0.00000000	96.00000000
4084800.00000000	0.00000000	0.00000000	96.00000000
4085100.00000000	0.00000000	0.00000000	96.00000000
4085400.00000000	0.00000000	0.00000000	96.00000000
4085700.00000000	0.00000000	0.00000000	96.00000000
4086000.00000000	0.00000000	0.00000000	96.00000000
4086300.00000000	0.00000000	0.00000000	96.00000000
4086600.00000000	0.00000000	0.00000000	96.00000000
4086900.00000000	0.00000000	0.00000000	96.00000000
4087200.00000000	0.00000000	0.00000000	96.00000000
4087500.00000000	0.00000000	0.00000000	96.00000000
4087800.00000000	0.00000000	0.00000000	96.00000000
4088100.00000000	0.00000000	0.00000000	96.00000000
4088400.00000000	0.00000000	0.00000000	96.00000000
4088700.00000000	0.00000000	0.00000000	96.00000000
4089000.00000000	0.00000000	0.00000000	96.00000000
4089300.00000000	0.00000000	0.00000000	96.00000000
4089600.00000000	0.00000000	0.00000000	96.00000000
4089900.00000000	0.00000000	0.00000000	96.00000000
4090200.00000000	0.00000000	0.00000000	96.00000000
4090500.00000000	0.00000000	0.00000000	96.00000000
4090800.00000000	0.00000000	0.00000000	96.00000000
4091100.00000000	0.00000000	0.00000000	96.00000000
4091400.00000000	0.00000000	0.00000000	96.00000000
4091700.00000000	0.00000000	0.00000000	96.00000000
4092000.00000000	0.00000000	0.00000000	96.00000000
4092300.00000000	0.00000000	0.00000000	96.00000000
4092600.00000000	0.00000000	0.00000000	96.00000000
4092900.00000000	0.00000000	0.00000000	96.00000000
4093200.00000000	0.00000000	0.00000000	96.00000000
4093500.00000000	0.00000000	0.00000000	96.00000000
4093800.00000000	0.00000000	0.00000000	96.00000000
4094100.00000000	0.00000000	0.00000000	96.00000000
4094400.00000000	0.00000000	0.00000000	96.00000000
4094700.00000000	0.00000000	0.00000000	96.00000000
4095000.00000000	0.00000000	0.00000000	96.00000000
4095300.00000000	0.00000000	0.00000000	96.00000000
4095600.00000000	0.00000000	0.00000000	96.00000000
4095900.00000000	0.00000000	0.00000000	96.00000000
4096200.00000000	0.00000000	0.00000000	96.00000000
4096500.00000000	0.00000000	0.00000000	96.00000000
4096800.00000000	0.00000000	0.00000000	96.00000000
4097100.00000000	0.00000000	0.00000000	96.00000000
4097400.00000000	0.00000000	0.00000000	96.00000000
4097700.00000000	0.00000000	0.00000000	96.00000000
4098000.00000000	0.00000000	0.00000000	96.00000000
4098300.00000000	0.00000000	0.00000000	96.00000000
4098600.00000000	0.00000000	0.00000000	96.00000000
4098900.00000000	0.00000000	0.00000000	96.00000000
4099200.00000000	0.00000000	0.00000000	96.00000000
4099500.00000000	0.00000000	0.00000000	96.00000000
4099800.00000000	0.00000000	0.00000000	96.00000000
4100100.00000000	0.00000000	0.00000000	96.00000000
4100400.00000000	0.00000000	0.00000000	96.00000000
4100700.00000000	0.00000000	0.00000000	96.00000000
4101000.00000000	0.00000000	0.00000000	96.00000000
4101300.00000000	0.00000000	0.00000000	96.00000000
4101600.00000000	0.00000000	0.00000000	96.00000000
4101900.00000000	0.00000000	0.00000000	96.00000000
4102200.00000000	0.00000000	0.00000000	96.00000000
4102500.00000000	0.00000000	0.00000000	96.00000000
4102800.00000000	0.00000000	0.00000000	96.00000000
4103100.00000000	0.00000000	0.00000000	96.00000000
4103400.00000000	0.00000000	0.00000000	96.00000000
4103700.00000000	0.00000000	0.00000000	96.00000000
4104000.00000000	0.00000000	0.00000000	96.00000000
4104300.00000000	0.00000000	0.00000000	96.00000000
4104600.00000000	0.00000000	0.00000000	96.00000000
4104900.00000000	0.00000000	0.00000000	96.00000000
4105200.00000000	0.00000000	0.00000000	96.00000000
4105500.00000000	0.00000000	0.00000000	96.00000000
4105800.00000000	0.00000000	0.00000000	96.00000000
4106100.00000000	0.00000000	0.00000000	96.00000000
4106400.00000000	0.00000000	0.00000000	96.00000000
4106700.00000000	0.00000000	0.00000000	96.00000000
4107000.00000000	0.00000000	0.00000000	96.00000000
4107300.00000000	0.00000000	0.00000000	96.00000000
4107600.00000000	0.00000000	0.00000000	96.00000000
4107900.00000000	0.00000000	0.00000000	96.00000000
4108200.00000000	0.00000000	0.00000000	96.00000000
4108500.00000000	0.00000000	0.00000000	96.00000000
4108800.00000000	0.00000000	0.00000000	96.00000000
4109100.00000000	0.00000000	0.00000000	96.00000000
4109400.00000000	0.00000000	0.00000000	96.00000000
4109700.00000000	0.00000000	0.00000000	96.00000000
4110000.00000000	0.00000000	0.00000000	96.00000000
4110300.00000000	0.00000000	0.00000000	96.00000000
4110600.00000000	0.00000000	0.00000000	96.00000000
4110900.00000000	0.00000000	0.00000000	96.00000000
4111200.00000000	0.00000000	0.00000000	96.00000000
4111500.00000000	0.00000000	0.00000000	96.00000000
4111800.00000000	0.00000000	0.00000000	96.00000000
4112100.00000000	0.00000000	0.00000000	96.00000000
4112400.00000000	0.00000000	0.00000000	96.00000000
4112700.00000000	0.00000000	0.00000000	96.00000000
4113000.00000000	0.00000000	0.00000000	96.00000000
4113300.00000000	0.00000000	0.00000000	96.00000000
4113600.00000000	0.00000000	0.00000000	96.00000000
4113900.00000000	0.00000000	0.00000000	96.00000000
4114200.00000000	0.00000000	0.00000000	96.00000000
4114500.00000000	0.00000000	0.00000000	96.00000000
4114800.00000000	0.00000000	0.00000000	96.00000000
4115100.00000000	0.00000000	0.00000000	96.00000000
4115400.00000000	0.00000000	0.00000000	96.00000000
4115700.00000000	0.00000000	0.00000000	96.00000000
4116000.00000000	0.00000000	0.00000000	96.00000000
4116300.00000000	0.00000000	0.00000000	96.00000000
4116600.00000000	0.00000000	0.00000000	96.00000000
4116900.00000000	0.00000000	0.00000000	96.00000000
4117200.00000000	0.00000000	0.00000000	96.00000000
4117500.00000000	0.00000000	0.00000000	96.00000000
4117800.00000000	0.00000000	0.00000000	96.00000000
4118100.00000000	0.00000000	0.00000000	96.00000000
4118400.00000000	0.00000000	0.00000000	96.00000000
4118700.00000000	0.00000000	0.00000000	96.00000000
4119000.00000000	0.00000000	0.00000000	96.00000000
4119300.00000000	0.00000000	0.00000000	96.00000000
4119600.00000000	0.00000000	0.00000000	96.00000000
4119900.00000000	0.00000000	0.00000000	96.00000000
4120200.00000000	0.00000000	0.00000000	96.00000000
4120500.00000000	0.00000000	0.00000000	96.00000000
4120800.00000000	0.00000000	0.00000000	96.00000000
4121100.00000000	0.00000000	0.00000000	96.00000000
4121400.00000000	0.00000000	0.00000000	96.00000000
4121700.00000000	0.00000000	0.00000000	96.00000000
4122000.00000000	0.00000000	0.00000000	96.00000000
4122300.00000000	0.00000000	0.00000000	96.00000000
4122600.00000000	0.00000000	0.00000000	96.00000000
4122900.00000000	0.00000000	0.00000000	96.00000000
4123200.00000000	0.00000000	0.00000000	96.00000000
4123500.00000000	0.00000000	0.00000000	96.00000000
4123800.00000000	0.00000000	0.00000000	96.00000000
4124100.00000000	0.00000000	0.00000000	96.00000000
4124400.00000000	0.00000000	0.00000000	96.00000000
4124700.00000000	0.00000000	0.00000000	96.00000000
4125000.00000000	0.00000000	0.00000000	96.00000000
4125300.00000000	0.00000000	0.00000000	96.00000000
4125600.00000000	0.00000000	0.00000000	96.00000000
4125900.00000000	0.00000000	0.00000000	96.00000000
4126200.00000000	0.00000000	0.00000000	96.00000000
4126500.00000000	0.00000000	0.00000000	96.00000000
4126800.00000000	0.00000000	0.00000000	96.00000000
4127100.00000000	0.00000000	0.00000000	96.00000000
4127400.00000000	0.00000000	0.00000000	96.00000000
4127700.00000000	0.00000000	0.00000000	96.00000000
4128000.00000000	0.00000000	0.00000000	96.00000000
4128300.00000000	0.00000000	0.00000000	96.00000000
4128600.00000000	0.00000000	0.00000000	96.00000000
4128900.00000000	0.00000000	0.00000000	96.00000000
4129200.00000000	0.00000000	0.00000000	96.00000000
4129500.00000000	0.00000000	0.00000000	96.00000000
4129800.00000000	0.00000000	0.00000000	96.00000000
4130100.00000000	0.00000000	0.00000000	96.00000000
4130400.00000000	0.00000000	0.00000000	96.00000000
4130700.00000000	0.00000000	0.00000000	96.00000000
4131000.00000000	0.00000000	0.00000000	96.00000000
4131300.00000000	0.00000000	0.00000000	96.00000000
4131600.00000000	0.00000000	0.00000000	96.00000000
4131900.00000000	0.00000000	0.00000000	96.00000000
4132200.00000000	0.00000000	0.00000000	96.00000000
4132500.00000000	0.00000000	0.00000000	96.00000000
4132800.00000000	0.00000000	0.00000000	96.00000000
4133100.00000000	0.00000000	0.00000000	96.00000000
4133400.00000000	0.00000000	0.00000000	96.00000000
4133700.00000000	0.00000000	0.00000000	96.00000000
4134000.00000000	0.00000000	0.00000000	96.00000000
4134300.00000000	0.00000000	0.00000000	96.00000000
4134600.00000000	0.00000000	0.00000000	96.00000000
4134900.00000000	0.00000000	0.00000000	96.00000000
4135200.00000000	0.00000000	0.00000000	96.00000000
4135500.00000000	0.00000000	0.00000000	96.00000000
4135800.00000000	0.00000000	0.00000000	96.00000000
4136100.00000000	0.00000000	0.00000000	96.00000000
4136400.00000000	0.00000000	0.00000000	96.00000000
4136700.00000000	0.00000000	0.00000000	96.00000000
4137000.00000000	0.00000000	0.00000000	96.00000000
4137300.00000000	0.00000000	0.00000000	96.00000000
4137600.00000000	0.00000000	0.00000000	96.00000000
4137900.00000000	0.00000000	0.00000000	96.00000000
4138200.00000000	0.00000000	0.00000000	96.00000000
4138500.00000000	0.00000000	0.00000000	96.00000000
4138800.00000000	0.00000000	0.00000000	96.00000000
4139100.00000000	0.00000000	0.00000000	96.00000000
4139400.00000000	0.00000000	0.00000000	96.00000000
4139700.00000000	0.00000000	0.00000000	96.00000000
4140000.00000000	0.00000000	0.00000000	96.00000000
4140300.00000000	0.00000000	0.00000000	96.00000000
4140600.00000000	0.00000000	0.00000000	96.00000000
4140900.00000000	0.00000000	0.00000000	96.00000000
4141200.00000000	0.00000000	0.00000000	96.00000000
4141500.00000000	0.00000000	0.00000000	96.00000000
4141800.00000000	0.00000000	0.00000000	96.00000000
4142100.00000000	0.00000000	0.00000000	96.00000000
4142400.00000000	0.00000000	0.00000000	96.00000000
4142700.00000000	0.00000000	0.00000000	96.00000000
4143000.00000000	0.00000000	0.00000000	96.00000000
4143300.00000000	0.00000000	0.00000000	96.00000000
4143600.00000000	0.00000000	0.00000000	96.00000000
4143900.00000000	0.00000000	0.00000000	96.00000000
4144200.00000000	0.00000000	0.00000000	96.00000000
4144500.00000000	0.00000000	0.00000000	96.00000000
4144800.00000000	0.00000000	0.00000000	96.00000000
4145100.00000000	0.00000000	0.00000000	96.00000000
4145400.00000000	0.00000000	0.00000000	96.00000000
4145700.00000000	0.00000000	0.00000000	96.00000000
4146000.00000000	0.00000000	0.00000000	96.00000000
4146300.00000000	0.00000000	0.00000000	96.00000000
4146600.00000000	0.00000000	0.00000000	96.00000000
4146900.00000000	0.00000000	0.00000000	96.00000000
4147200.00000000	0.00000000	0.00000000	96.00000000
4147500.00000000	0.00000000	0.00000000	96.00000000
4147800.00000000	0.00000000	0.00000000	96.00000000
4148100.00000000	0.00000000	0.00000000	96.00000000
4148400.00000000	0.00000000	0.00000000	96.00000000
4148700.00000000	0.00000000	0.00000000	96.00000000
4149000.00000000	0.00000000	0.00000000	96.00000000
4149300.00000000	0.00000000	0.00000000	96.00000000
4149600.00000000	0.00000000	0.00000000	96.00000000
4149900.00000000	0.00000000	0.00000000	96.00000000
4150200.00000000	0.00000000	0.00000000	96.00000000
4150500.00000000	0.00000000	0.00000000	96.00000000
4150800.00000000	0.00000000	0.00000000	96.00000000
4151100.00000000	0.00000000	0.00000000	96.00000000
4151400.00000000	0.00000000	0.00000000	96.00000000
4151700.00000000	0.00000000	0.00000000	96.00000000
4152000.00000000	0.00000000	0.00000000	96.00000000
4152300.00000000	0.00000000	0.00000000	96.00000000
4152600.00000000	0.00000000	0.00000000	96.00000000
4152900.00000000	0.00000000	0.00000000	96.00000000
4153200.00000000	0.00000000	0.00000000	96.00000000
4153500.00000000	0.00000000	0.00000000	96.00000000
4153800.00000000	0.00000000	0.00000000	96.00000000
4154100.00000000	0.00000000	0.00000000	96.00000000
4154400.00000000	0.00000000	0.00000000	96.00000000
4154700.00000000	0.00000000	0.00000000	96.00000000
4155000.00000000	0.00000000	0.00000000	96.00000000
4155300.00000000	0.00000000	0.00000000	96.00000000
4155600.00000000	0.00000000	0.00000000	96.00000000
4155900.00000000	0.00000000	0.00000000	96.00000000
4156200.00000000	0.00000000	0.00000000	96.00000000
4156500.00000000	0.00000000	0.00000000	96.00000000
4156800.00000000	0.00000000	0.00000000	96.00000000
4157100.00000000	0.00000000	0.00000000	96.00000000
4157400.00000000	0.00000000	0.00000000	96.00000000
4157700.00000000	0.00000000	0.00000000	96.00000000
4158000.00000000	0.00000000	0.00000000	96.00000000
4158300.00000000	0.00000000	0.00000000	96.00000000
4158600.00000000	0.00000000	0.00000000	96.00000000
4158900.00000000	0.00000000	0.00000000	96.00000000
4159200.00000000	0.00000000	0.00000000	96.00000000
4159500.00000000	0.00000000	0.00000000	96.00000000
4159800.00000000	0.00000000	0.00000000	96.00000000
4160100.00000000	0.00000000	0.00000000	96.00000000
4160400.00000000	0.00000000	0.00000000	96.00000000
4160700.00000000	0.00000000	0.00000000	96.00000000
4161000.00000000	0.00000000	0.00000000	96.00000000
4161300.00000000	0.00000000	0.00000000	96.00000000
4161600.00000000	0.00000000	0.00000000	96.00000000
4161900.00000000	0.00000000	0.00000000	96.00000000
4162200.00000000	0.00000000	0.00000000	96.00000000
4162500.00000000	0.00000000	0.00000000	96.00000000
4162800.00000000	0.00000000	0.00000000	96.00000000
4163100.00000000	0.00000000	0.00000000	96.00000000
4163400.00000000	0.00000000	0.00000000	96.00000000
4163700.00000000	0.00000000	0.00000000	96.00000000
4164000.00000000	0.00000000	0.00000000	96.00000000
4164300.00000000	0.00000000	0.00000000	96.00000000
4164600.00000000	0.00000000	0.00000000	96.00000000
4164900.00000000	0.00000000	0.00000000	96.00000000
4165200.00000000	0.00000000	0.00000000	96.00000000
4165500.00000000	0.00000000	0.00000000	96.00000000
4165800.00000000	0.00000000	0.00000000	96.00000000
4166100.00000000	0.00000000	0.00000000	96.00000000
4166400.00000000	0.00000000	0.00000000	96.00000000
4166700.00000000	0.00000000	0.00000000	96.00000000
4167000.00000000	0.00000000	0.00000000	96.00000000
4167300.00000000	0.00000000	0.00000000	96.00000000
4167600.00000000	0.00000000	0.00000000	96.00000000
4167900.00000000	0.00000000	0.00000000	96.00000000
4168200.00000000	0.00000000	0.00000000	96.00000000
4168500.00000000	0.00000000	0.00000000	96.00000000
4168800.00000000	0.00000000	0.00000000	96.00000000
4169100.00000000	0.00000000	0.00000000	96.00000000
4169400.00000000	0.00000000	0.00000000	96.00000000
4169700.00000000	0.00000000	0.00000000	96.00000000
4170000.00000000	0.00000000	0.00000000	96.00000000
4170300.00000000	0.00000000	0.00000000	96.00000000
4170600.00000000	0.00000000	0.00000000	96.00000000
4170900.00000000	0.00000000	0.00000000	96.00000000
4171200.00000000	0.00000000	0.00000000	96.00000000
4171500.00000000	0.00000000	0.00000000	96.00000000
4171800.00000000	0.00000000	0.00000000	96.00000000
4172100.00000000	0.00000000	0.00000000	96.00000000
4172400.00000000	0.00000000	0.00000000	96.00000000
4172700.00000000	0.00000000	0.00000000	96.00000000
4173000.00000000	0.00000000	0.00000000	96.00000000
4173300.00000000	0.00000000	0.00000000	96.00000000
4173600.00000000	0.00000000	0.00000000	96.00000000
4173900.00000000	0.00000000	0.00000000	96.00000000
4174200.00000000	0.00000000	0.00000000	96.00000000
4174500.00000000	0.00000000	0.00000000	96.00000000
4174800.00000000	0.00000000	0.00000000	96.00000000
4175100.00000000	0.00000000	0.00000000	96.00000000
4175400.00000000	0.00000000	0.00000000	96.00000000
4175700.00000000	0.00000000	0.00000000	96.00000000
4176000.00000000	0.00000000	0.00000000	96.00000000
4176300.00000000	0.00000000	0.00000000	96.00000000
4176600.00000000	0.00000000	0.00000000	96.00000000
4176900.00000000	0.00000000	0.00000000	96.00000000
4177200.00000000	0.00000000	0.00000000	96.00000000
4177500.00000000	0.00000000	0.00000000	96.00000000
4177800.00000000	0.00000000	0.00000000	96.00000000
4178100.00000000	0.00000000	0.00000000	96.00000000
4178400.00000000	0.00000000	0.00000000	96.00000000
4178700.00000000	0.00000000	0.00000000	96.00000000
4179000.00000000	0.00000000	0.00000000	96.00000000
4179300.00000000	0.00000000	0.00000000	96.00000000
4179600.00000000	0.00000000	0.00000000	96.00000000
4179900.00000000	0.00000000	0.00000000	96.00000000
4180200.00000000	0.00000000	0.00000000	96.00000000
4180500.00000000	0.00000000	0.00000000	96.00000000
4180800.00000000	0.00000000	0.00000000	96.00000000
4181100.00000000	0.00000000	0.00000000	96.00000000
4181400.00000000	0.00000000	0.00000000	96.00000000
4181700.00000000	0.00000000	0.00000000	96.00000000
4182000.00000000	0.00000000	0.00000000	96.00000000
4182300.00000000	0.00000000	0.00000000	96.00000000
4182600.00000000	0.00000000	0.00000000	96.00000000
4182900.00000000	0.00000000	0.00000000	96.00000000
4183200.00000000	0.00000000	0.00000000	96.00000000
4183500.00000000	0.00000000	0.00000000	96.00000000
4183800.00000000	0.00000000	0.00000000	96.00000000
4184100.00000000	0.00000000	0.00000000	96.00000000
4184400.00000000	0.00000000	0.00000000	96.00000000
4184700.00000000	0.00000000	0.00000000	96.00000000
4185000.00000000	0.00000000	0.00000000	96.00000000
4185300.00000000	0.00000000	0.00000000	96.00000000
4185600.00000000	0.00000000	0.00000000	96.00000000
4185900.00000000	0.00000000	0.00000000	96.00000000
4186200.00000000	0.00000000	0.00000000	96.00000000
4186500.00000000	0.00000000	0.00000000	96.00000000
4186800.00000000	0.00000000	0.00000000	96.00000000
4187100.00000000	0.00000000	0.00000000	96.00000000
4187400.00000000	0.00000000	0.00000000	96.00000000
4187700.00000000	0.00000000	0.00000000	96.00000000
4188000.00000000	0.00000000	0.00000000	96.00000000
4188300.00000000	0.00000000	0.00000000	96.00000000
4188600.00000000	0.00000000	0.00000000	96.00000000
4188900.00000000	0.00000000	0.00000000	96.00000000
4189200.00000000	0.00000000	0.00000000	96.00000000
4189500.00000000	0.00000000	0.00000000	96.00000000
4189800.00000000	0.00000000	0.00000000	96.00000000
4190100.00000000	0.00000000	0.00000000	96.00000000
4190400.00000000	0.00000000	0.00000000	96.00000000
4190700.00000000	0.00000000	0.00000000	96.00000000
4191000.00000000	0.00000000	0.00000000	96.00000000
4191300.00000000	0.00000000	0.00000000	96.00000000
4191600.00000000	0.00000000	0.00000000	96.00000000
4191900.00000000	0.00000000	0.00000000	96.00000000
4192200.00000000	0.00000000	0.00000000	96.00000000
4192500.00000000	0.00000000	0.00000000	96.00000000
4192800.00000000	0.00000000	0.00000000	96.00000000
4193100.00000000	0.00000000	0.00000000	96.00000000
4193400.00000000	0.00000000	0.00000000	96.00000000
4193700.00000000	0.00000000	0.00000000	96.00000000
4194000.00000000	0.00000000	0.00000000	96.00000000
4194300.00000000	0.00000000	0.00000000	96.00000000
4194600.00000000	0.00000000	0.00000000	96.00000000
4194900.00000000	0.00000000	0.00000000	96.00000000
4195200.00000000	0.00000000	0.00000000	96.00000000
4195500.00000000	0.00000000	0.00000000	96.00000000
4195800.00000000	0.00000000	0.00000000	96.00000000
4196100.00000000	0.00000000	0.00000000	96.00000000
4196400.00000000	0.00000000	0.00000000	96.00000000
4196700.00000000	0.00000000	0.00000000	96.00000000
4197000.00000000	0.00000000	0.00000000	96.00000000
4197300.00000000	0.00000000	0.00000000	96.00000000
4197600.00000000	0.00000000	0.00000000	96.00000000
4197900.00000000	0.00000000	0.00000000	96.00000000
4198200.00000000	0.00000000	0.00000000	96.00000000
4198500.00000000	0.00000000	0.00000000	96.00000000
4198800.00000000	0.00000000	0.00000000	96.00000000
4199100.00000000	0.00000000	0.00000000	96.00000000
4199400.00000000	0.00000000	0.00000000	96.00000000
4199700.00000000	0.00000000	0.00000000	96.00000000
4200000.00000000	0.00000000	0.00000000	96.00000000
4200300.00000000	0.00000000	0.00000000	96.00000000
4200600.00000000	0.00000000	0.00000000	96.00000000
4200900.00000000	0.00000000	0.00000000	96.00000000
4201200.00000000	0.00000000	0.00000000	96.00000000
4201500.00000000	0.00000000	0.00000000	96.00000000
4201800.00000000	0.00000000	0.00000000	96.00000000
4202100.00000000	0.00000000	0.00000000	96.00000000
4202400.00000000	0.00000000	0.00000000	96.00000000
4202700.00000000	0.00000000	0.00000000	96.00000000
4203000.00000000	0.00000000	0.00000000	96.00000000
4203300.00000000	0.00000000	0.00000000	96.00000000
4203600.00000000	0.00000000	0.00000000	96.00000000
4203900.00000000	0.00000000	0.00000000	96.00000000
4204200.00000000	0.00000000	0.00000000	96.00000000
4204500.00000000	0.00000000	0.00000000	96.00000000
4204800.00000000	0.00000000	0.00000000	96.00000000
4205100.00000000	0.00000000	0.00000000	96.00000000
4205400.00000000	0.00000000	0.00000000	96.00000000
4205700.00000000	0.00000000	0.00000000	96.00000000
4206000.00000000	0.00000000	0.00000000	96.00000000
4206300.00000000	0.00000000	0.00000000	96.00000000
4206600.00000000	0.00000000	0.00000000	96.00000000
4206900.00000000	0.00000000	0.00000000	96.00000000
4207200.00000000	0.00000000	0.00000000	96.00000000
4207500.00000000	0.00000000	0.00000000	96.00000000
4207800.00000000	0.00000000	0.00000000	96.00000000
4208100.00000000	0.00000000	0.00000000	96.00000000
4208400.00000000	0.00000000	0.00000000	96.00000000
4208700.00000000	0.00000000	0.00000000	96.00000000
4209000.00000000	0.00000000	0.00000000	96.00000000
4209300.00000000	0.00000000	0.00000000	96.00000000
4209600.00000000	0.00000000	0.00000000	96.00000000
4209900.00000000	0.00000000	0.00000000	96.00000000
4210200.00000000	0.00000000	0.00000000	96.00000000
4210500.00000000	0.00000000	0.00000000	96.00000000
4210800.00000000	0.00000000	0.00000000	96.00000000
4211100.00000000	0.00000000	0.00000000	96.00000000
4211400.00000000	0.00000000	0.00000000	96.00000000
4211700.00000000	0.00000000	0.00000000	96.00000000
4212000.00000000	0.00000000	0.00000000	96.00000000
4212300.00000000	0.00000000	0.00000000	96.00000000
4212600.00000000	0.00000000	0.00000000	96.00000000
4212900.00000000	0.00000000	0.00000000	96.00000000
4213200.00000000	0.00000000	0.00000000	96.00000000
4213500.00000000	0.00000000	0.00000000	96.00000000
4213800.00000000	0.00000000	0.00000000	96.00000000
4214100.00000000	0.00000000	0.00000000	96.00000000
4214400.00000000	0.00000000	0.00000000	96.00000000
4214700.00000000	0.00000000	0.00000000	96.00000000
4215000.00000000	0.00000000	0.00000000	96.00000000
4215300.00000000	0.00000000	0.00000000	96.00000000
4215600.00000000	0.00000000	0.00000000	96.00000000
4215900.00000000	0.00000000	0.00000000	96.00000000
4216200.00000000	0.00000000	0.00000000	96.00000000
4216500.00000000	0.00000000	0.00000000	96.00000000
4216800.00000000	0.00000000	0.00000000	96.00000000
4217100.00000000	0.00000000	0.00000000	96.00000000
4217400.00000000	0.00000000	0.00000000	96.00000000
4217700.00000000	0.00000000	0.00000000	96.00000000
4218000.00000000	0.00000000	0.00000000	96.00000000
4218300.00000000	0.00000000	0.00000000	96.00000000
4218600.00000000	0.00000000	0.00000000	96.00000000
4218900.00000000	0.00000000	0.00000000	96.00000000
4219200.00000000	0.00000000	0.00000000	96.00000000
4219500.00000000	0.00000000	0.00000000	96.00000000
4219800.00000000	0.00000000	0.00000000	96.00000000
4220100.00000000	0.00000000	0.00000000	96.00000000
4220400.00000000	0.00000000	0.00000000	96.00000000
4220700.00000000	0.00000000	0.00000000	96.00000000
4221000.00000000	0.00000000	0.00000000	96.00000000
4221300.00000000	0.00000000	0.00000000	96.00000000
4221600.00000000	0.00000000	0.00000000	96.00000000
4221900.00000000	0.00000000	0.00000000	96.00000000
4222200.00000000	0.00000000	0.00000000	96.00000000
4222500.00000000	0.00000000	0.00000000	96.00000000
4222800.00000000	0.00000000	0.00000000	96.00000000
4223100.00000000	0.00000000	0.00000000	96.00000000
4223400.00000000	0.00000000	0.00000000	96.00000000
4223700.00000000	0.00000000	0.00000000	96.00000000
4224000.00000000	0.00000000	0.00000000	96.00000000
4224300.00000000	0.00000000	0.00000000	96.00000000
4224600.00000000	0.00000000	0.00000000	96.00000000
4224900.00000000	0.00000000	0.00000000	96.00000000
4225200.00000000	0.00000000	0.00000000	96.00000000
4225500.00000000	0.00000000	0.00000000	96.00000000
4225800.00000000	0.00000000	0.00000000	96.00000000
4226100.00000000	0.00000000	0.00000000	96.00000000
4226400.00000000	0.00000000	0.00000000	96.00000000
4226700.00000000	0.00000000	0.00000000	96.00000000
4227000.00000000	0.00000000	0.00000000	96.00000000
4227300.00000000	0.00000000	0.00000000	96.00000000
4227600.00000000	0.00000000	0.00000000	96.00000000
4227900.00000000	0.00000000	0.00000000	96.00000000
4228200.00000000	0.00000000	0.00000000	96.00000000
4228500.00000000	0.00000000	0.00000000	96.00000000
4228800.00000000	0.00000000	0.00000000	96.00000000
4229100.00000000	0.00000000	0.00000000	96.00000000
4229400.00000000	0.00000000	0.00000000	96.00000000
4229700.00000000	0.00000000	0.00000000	96.00000000
4230000.00000000	0.00000000	0.00000000	96.00000000
4230300.00000000	0.00000000	0.00000000	96.00000000
4230600.00000000	0.00000000	0.00000000	96.00000000
4230900.00000000	0.00000000	0.00000000	96.00000000
4231200.00000000	0.00000000	0.00000000	96.00000000
4231500.00000000	0.00000000	0.00000000	96.00000000
4231800.00000000	0.00000000	0.00000000	96.00000000
4232100.00000000	0.00000000	0.00000000	96.00000000
4232400.00000000	0.00000000	0.00000000	96.00000000
4232700.00000000	0.00000000	0.00000000	96.00000000
4233000.00000000	0.00000000	0.00000000	96.00000000
4233300.00000000	0.00000000	0.00000000	96.00000000
4233600.00000000	94.80000000	328.00000000	96.00000000
4233900.00000000	0.00000000	0.00000000	96.00000000
4234200.00000000	0.00000000	0.00000000	96.00000000
4234500.00000000	0.00000000	0.00000000	96.00000000
4234800.00000000	0.00000000	0.00000000	96.00000000
4235100.00000000	0.00000000	0.00000000	96.00000000
4235400.00000000	0.00000000	0.00000000	96.00000000
4235700.00000000	0.00000000	0.00000000	96.00000000
4236000.00000000	0.00000000	0.00000000	96.00000000
4236300.00000000	0.00000000	0.00000000	96.00000000
4236600.00000000	0.00000000	0.00000000	96.00000000
4236900.00000000	0.00000000	0.00000000	96.00000000
4237200.00000000	0.00000000	0.00000000	96.00000000
4237500.00000000	0.00000000	0.00000000	96.00000000
4237800.00000000	0.00000000	0.00000000	96.00000000
4238100.00000000	0.00000000	0.00000000	96.00000000
4238400.00000000	0.00000000	0.00000000	96.00000000
4238700.00000000	0.00000000	0.00000000	96.00000000
4239000.00000000	0.00000000	0.00000000	96.00000000
4239300.00000000	0.00000000	0.00000000	96.00000000
4239600.00000000	0.00000000	0.00000000	96.00000000
4239900.00000000	0.00000000	0.00000000	96.00000000
4240200.00000000	0.00000000	0.00000000	96.00000000
4240500.00000000	0.00000000	0.00000000	96.00000000
4240800.00000000	0.00000000	0.00000000	96.00000000
4241100.00000000	0.00000000	0.00000000	96.00000000
4241400.00000000	0.00000000	0.00000000	96.00000000
4241700.00000000	0.00000000	0.00000000	96.00000000
4242000.00000000	0.00000000	0.00000000	96.00000000
4242300.00000000	0.00000000	0.00000000	96.00000000
4242600.00000000	0.00000000	0.00000000	96.00000000
4242900.00000000	0.00000000	0.00000000	96.00000000
4243200.00000000	0.00000000	0.00000000	96.00000000
4243500.00000000	0.00000000	0.00000000	96.00000000
4243800.00000000	0.00000000	0.00000000	96.00000000
4244100.00000000	0.00000000	0.00000000	96.00000000
4244400.00000000	0.00000000	0.00000000	96.00000000
4244700.00000000	0.00000000	0.00000000	96.00000000
4245000.00000000	0.00000000	0.00000000	96.00000000
4245300.00000000	0.00000000	0.00000000	96.00000000
4245600.00000000	0.00000000	0.00000000	96.00000000
4245900.00000000	0.00000000	0.00000000	96.00000000
4246200.00000000	0.00000000	0.00000000	96.00000000
4246500.00000000	0.00000000	0.00000000	96.00000000
4246800.00000000	0.00000000	0.00000000	96.00000000
4247100.00000000	0.00000000	0.00000000	96.00000000
4247400.00000000	0.00000000	0.00000000	96.00000000
4247700.00000000	0.00000000	0.00000000	96.00000000
4248000.00000000	0.00000000	0.00000000	96.00000000
4248300.00000000	0.00000000	0.00000000	96.00000000
4248600.00000000	0.00000000	0.00000000	96.00000000
4248900.00000000	0.00000000	0.00000000	96.00000000
4249200.00000000	0.00000000	0.00000000	96.00000000
4249500.00000000	0.00000000	0.00000000	96.00000000
4249800.00000000	0.00000000	0.00000000	96.00000000
4250100.00000000	0.00000000	0.00000000	96.00000000
4250400.00000000	0.00000000	0.00000000	96.00000000
4250700.00000000	0.00000000	0.00000000	96.00000000
4251000.00000000	0.00000000	0.00000000	96.00000000
4251300.00000000	0.00000000	0.00000000	96.00000000
4251600.00000000	0.00000000	0.00000000	96.00000000
4251900.00000000	0.00000000	0.00000000	96.00000000
4252200.00000000	0.00000000	0.00000000	96.00000000
4252500.00000000	0.00000000	0.00000000	96.00000000
4252800.00000000	0.00000000	0.00000000	96.00000000
4253100.00000000	0.00000000	0.00000000	96.00000000
4253400.00000000	0.00000000	0.00000000	96.00000000
4253700.00000000	0.00000000	0.00000000	96.00000000
4254000.00000000	0.00000000	0.00000000	96.00000000
4254300.00000000	0.00000000	0.00000000	96.00000000
4254600.00000000	0.00000000	0.00000000	96.00000000
4254900.00000000	0.00000000	0.00000000	96.00000000
4255200.00000000	0.00000000	0.00000000	96.00000000
4255500.00000000	0.00000000	0.00000000	96.00000000
4255800.00000000	0.00000000	0.00000000	96.00000000
4256100.00000000	0.00000000	0.00000000	96.00000000
4256400.00000000	0.00000000	0.00000000	96.00000000
4256700.00000000	0.00000000	0.00000000	96.00000000
4257000.00000000	0.00000000	0.00000000	96.00000000
4257300.00000000	0.00000000	0.00000000	96.00000000
4257600.00000000	0.00000000	0.00000000	96.00000000
4257900.00000000	0.00000000	0.00000000	96.00000000
4258200.00000000	0.00000000	0.00000000	96.00000000
4258500.00000000	0.00000000	0.00000000	96.00000000
4258800.00000000	0.00000000	0.00000000	96.00000000
4259100.00000000	0.00000000	0.00000000	96.00000000
4259400.00000000	0.00000000	0.00000000	96.00000000
4259700.00000000	0.00000000	0.00000000	96.00000000
4260000.00000000	0.00000000	0.00000000	96.00000000
4260300.00000000	0.00000000	0.00000000	96.00000000
4260600.00000000	0.00000000	0.00000000	96.00000000
4260900.00000000	0.00000000	0.00000000	96.00000000
4261200.00000000	0.00000000	0.00000000	96.00000000
4261500.00000000	0.00000000	0.00000000	96.00000000
4261800.00000000	0.00000000	0.00000000	96.00000000
4262100.00000000	0.00000000	0.00000000	96.00000000
4262400.00000000	0.00000000	0.00000000	96.00000000
4262700.00000000	0.00000000	0.00000000	96.00000000
4263000.00000000	0.00000000	0.00000000	96.00000000
4263300.00000000	0.00000000	0.00000000	96.00000000
4263600.00000000	0.00000000	0.00000000	96.00000000
4263900.00000000	0.00000000	0.00000000	96.00000000
4264200.00000000	0.00000000	0.00000000	96.00000000
4264500.00000000	0.00000000	0.00000000	96.00000000
4264800.00000000	0.00000000	0.00000000	96.00000000
4265100.00000000	0.00000000	0.00000000	96.00000000
4265400.00000000	0.00000000	0.00000000	96.00000000
4265700.00000000	0.00000000	0.00000000	96.00000000
4266000.00000000	0.00000000	0.00000000	96.00000000
4266300.00000000	0.00000000	0.00000000	96.00000000
4266600.00000000	0.00000000	0.00000000	96.00000000
4266900.00000000	0.00000000	0.00000000	96.00000000
4267200.00000000	0.00000000	0.00000000	96.00000000
4267500.00000000	0.00000000	0.00000000	96.00000000
4267800.00000000	0.00000000	0.00000000	96.00000000
4268100.00000000	0.00000000	0.00000000	96.00000000
4268400.00000000	0.00000000	0.00000000	96.00000000
4268700.00000000	0.00000000	0.00000000	96.00000000
4269000.00000000	0.00000000	0.00000000	96.00000000
4269300.00000000	0.00000000	0.00000000	96.00000000
4269600.00000000	0.00000000	0.00000000	96.00000000
4269900.00000000	0.00000000	0.00000000	96.00000000
4270200.00000000	0.00000000	0.00000000	96.00000000
4270500.00000000	0.00000000	0.00000000	96.00000000
4270800.00000000	0.00000000	0.00000000	96.00000000
4271100.00000000	0.00000000	0.00000000	96.00000000
4271400.00000000	0.00000000	0.00000000	96.00000000
4271700.00000000	0.00000000	0.00000000	96.00000000
4272000.00000000	0.00000000	0.00000000	96.00000000
4272300.00000000	0.00000000	0.00000000	96.00000000
4272600.00000000	0.00000000	0.00000000	96.00000000
4272900.00000000	0.00000000	0.00000000	96.00000000
4273200.00000000	0.00000000	0.00000000	96.00000000
4273500.00000000	0.00000000	0.00000000	96.00000000
4273800.00000000	0.00000000	0.00000000	96.00000000
4274100.00000000	0.00000000	0.00000000	96.00000000
4274400.00000000	0.00000000	0.00000000	96.00000000
4274700.00000000	0.00000000	0.00000000	96.00000000
4275000.00000000	0.00000000	0.00000000	96.00000000
4275300.00000000	0.00000000	0.00000000	96.00000000
4275600.00000000	0.00000000	0.00000000	96.00000000
4275900.00000000	0.00000000	0.00000000	96.00000000
4276200.00000000	0.00000000	0.00000000	96.00000000
4276500.00000000	0.00000000	0.00000000	96.00000000
4276800.00000000	0.00000000	0.00000000	96.00000000
4277100.00000000	0.00000000	0.00000000	96.00000000
4277400.00000000	0.00000000	0.00000000	96.00000000
4277700.00000000	0.00000000	0.00000000	96.00000000
4278000.00000000	0.00000000	0.00000000	96.00000000
4278300.00000000	0.00000000	0.00000000	96.00000000
4278600.00000000	0.00000000	0.00000000	96.00000000
4278900.00000000	0.00000000	0.00000000	96.00000000
4279200.00000000	0.00000000	0.00000000	96.00000000
4279500.00000000	0.00000000	0.00000000	96.00000000
4279800.00000000	0.00000000	0.00000000	96.00000000
4280100.00000000	0.00000000	0.00000000	96.00000000
4280400.00000000	0.00000000	0.00000000	96.00000000
4280700.00000000	0.00000000	0.00000000	96.00000000
4281000.00000000	0.00000000	0.00000000	96.00000000
4281300.00000000	0.00000000	0.00000000	96.00000000
4281600.00000000	0.00000000	0.00000000	96.00000000
4281900.00000000	0.00000000	0.00000000	96.00000000
4282200.00000000	0.00000000	0.00000000	96.00000000
4282500.00000000	0.00000000	0.00000000	96.00000000
4282800.00000000	0.00000000	0.00000000	96.00000000
4283100.00000000	0.00000000	0.00000000	96.00000000
4283400.00000000	0.00000000	0.00000000	96.00000000
4283700.00000000	0.00000000	0.00000000	96.00000000
4284000.00000000	0.00000000	0.00000000	96.00000000
4284300.00000000	0.00000000	0.00000000	96.00000000
4284600.00000000	0.00000000	0.00000000	96.00000000
4284900.00000000	0.00000000	0.00000000	96.00000000
4285200.00000000	0.00000000	0.00000000	96.00000000
4285500.00000000	0.00000000	0.00000000	96.00000000
4285800.00000000	0.00000000	0.00000000	96.00000000
4286100.00000000	0.00000000	0.00000000	96.00000000
4286400.00000000	0.00000000	0.00000000	96.00000000
4286700.00000000	0.00000000	0.00000000	96.00000000
4287000.00000000	0.00000000	0.00000000	96.00000000
4287300.00000000	0.00000000	0.00000000	96.00000000
4287600.00000000	0.00000000	0.00000000	96.00000000
4287900.00000000	0.00000000	0.00000000	96.00000000
4288200.00000000	0.00000000	0.00000000	96.00000000
4288500.00000000	0.00000000	0.00000000	96.00000000
4288800.00000000	0.00000000	0.00000000	96.00000000
4289100.00000000	0.00000000	0.00000000	96.00000000
4289400.00000000	0.00000000	0.00000000	96.00000000
4289700.00000000	0.00000000	0.00000000	96.00000000
4290000.00000000	0.00000000	0.00000000	96.00000000
4290300.00000000	0.00000000	0.00000000	96.00000000
4290600.00000000	0.00000000	0.00000000	96.00000000
4290900.00000000	0.00000000	0.00000000	96.00000000
4291200.00000000	0.00000000	0.00000000	96.00000000
4291500.00000000	0.00000000	0.00000000	96.00000000
4291800.00000000	0.00000000	0.00000000	96.00000000
4292100.00000000	0.00000000	0.00000000	96.00000000
4292400.00000000	0.00000000	0.00000000	96.00000000
4292700.00000000	0.00000000	0.00000000	96.00000000
4293000.00000000	0.00000000	0.00000000	96.00000000
4293300.00000000	0.00000000	0.00000000	96.00000000
4293600.00000000	0.00000000	0.00000000	96.00000000
4293900.00000000	0.00000000	0.00000000	96.00000000
4294200.00000000	0.00000000	0.00000000	96.00000000
4294500.00000000	0.00000000	0.00000000	96.00000000
4294800.00000000	0.00000000	0.00000000	96.00000000
4295100.00000000	0.00000000	0.00000000	96.00000000
4295400.00000000	0.00000000	0.00000000	96.00000000
4295700.00000000	0.00000000	0.00000000	96.00000000
4296000.00000000	0.00000000	0.00000000	96.00000000
4296300.00000000	0.00000000	0.00000000	96.00000000
4296600.00000000	0.00000000	0.00000000	96.00000000
4296900.00000000	0.00000000	0.00000000	96.00000000
4297200.00000000	0.00000000	0.00000000	96.00000000
4297500.00000000	0.00000000	0.00000000	96.00000000
4297800.00000000	0.00000000	0.00000000	96.00000000
4298100.00000000	0.00000000	0.00000000	96.00000000
4298400.00000000	0.00000000	0.00000000	96.00000000
4298700.00000000	0.00000000	0.00000000	96.00000000
4299000.00000000	0.00000000	0.00000000	96.00000000
4299300.00000000	0.00000000	0.00000000	96.00000000
4299600.00000000	0.00000000	0.00000000	96.00000000
4299900.00000000	0.00000000	0.00000000	96.00000000
4300200.00000000	0.00000000	0.00000000	96.00000000
4300500.00000000	0.00000000	0.00000000	96.00000000
4300800.00000000	0.00000000	0.00000000	96.00000000
4301100.00000000	0.00000000	0.00000000	96.00000000
4301400.00000000	0.00000000	0.00000000	96.00000000
4301700.00000000	0.00000000	0.00000000	96.00000000
4302000.00000000	0.00000000	0.00000000	96.00000000
4302300.00000000	0.00000000	0.00000000	96.00000000
4302600.00000000	0.00000000	0.00000000	96.00000000
4302900.00000000	0.00000000	0.00000000	96.00000000
4303200.00000000	0.00000000	0.00000000	96.00000000
4303500.00000000	0.00000000	0.00000000	96.00000000
4303800.00000000	0.00000000	0.00000000	96.00000000
4304100.00000000	0.00000000	0.00000000	96.00000000
4304400.00000000	0.00000000	0.00000000	96.00000000
4304700.00000000	0.00000000	0.00000000	96.00000000
4305000.00000000	0.00000000	0.00000000	96.00000000
4305300.00000000	0.00000000	0.00000000	96.00000000
4305600.00000000	0.00000000	0.00000000	96.00000000
4305900.00000000	0.00000000	0.00000000	96.00000000
4306200.00000000	0.00000000	0.00000000	96.00000000
4306500.00000000	0.00000000	0.00000000	96.00000000
4306800.00000000	0.00000000	0.00000000	96.00000000
4307100.00000000	0.00000000	0.00000000	96.00000000
4307400.00000000	0.00000000	0.00000000	96.00000000
4307700.00000000	0.00000000	0.00000000	96.00000000
4308000.00000000	0.00000000	0.00000000	96.00000000
4308300.00000000	0.00000000	0.00000000	96.00000000
4308600.00000000	0.00000000	0.00000000	96.00000000
4308900.00000000	0.00000000	0.00000000	96.00000000
4309200.00000000	0.00000000	0.00000000	96.00000000
4309500.00000000	0.00000000	0.00000000	96.00000000
4309800.00000000	0.00000000	0.00000000	96.00000000
4310100.00000000	0.00000000	0.00000000	96.00000000
4310400.00000000	0.00000000	0.00000000	96.00000000
4310700.00000000	0.00000000	0.00000000	96.00000000
4311000.00000000	0.00000000	0.00000000	96.00000000
4311300.00000000	0.00000000	0.00000000	96.00000000
4311600.00000000	0.00000000	0.00000000	96.00000000
4311900.00000000	0.00000000	0.00000000	96.00000000
4312200.00000000	0.00000000	0.00000000	96.00000000
4312500.00000000	0.00000000	0.00000000	96.00000000
4312800.00000000	0.00000000	0.00000000	96.00000000
4313100.00000000	0.00000000	0.00000000	96.00000000
4313400.00000000	0.00000000	0.00000000	96.00000000
4313700.00000000	0.00000000	0.00000000	96.00000000
4314000.00000000	0.00000000	0.00000000	96.00000000
4314300.00000000	0.00000000	0.00000000	96.00000000
4314600.00000000	0.00000000	0.00000000	96.00000000
4314900.00000000	0.00000000	0.00000000	96.00000000
4315200.00000000	0.00000000	0.00000000	96.00000000
4315500.00000000	0.00000000	0.00000000	96.00000000
4315800.00000000	0.00000000	0.00000000	96.00000000
4316100.00000000	0.00000000	0.00000000	96.00000000
4316400.00000000	0.00000000	0.00000000	96.00000000
4316700.00000000	0.00000000	0.00000000	96.00000000
4317000.00000000	0.00000000	0.00000000	96.00000000
4317300.00000000	0.00000000	0.00000000	96.00000000
4317600.00000000	0.00000000	0.00000000	96.00000000
4317900.00000000	0.00000000	0.00000000	96.00000000
4318200.00000000	0.00000000	0.00000000	96.00000000
4318500.00000000	0.00000000	0.00000000	96.00000000
4318800.00000000	0.00000000	0.00000000	96.00000000
4319100.00000000	0.00000000	0.00000000	96.00000000
4319400.00000000	0.00000000	0.00000000	96.00000000
4319700.00000000	0.00000000	0.00000000	96.00000000
4320000.00000000	0.00000000	0.00000000	96.00000000
4320300.00000000	0.00000000	0.00000000	96.00000000
4320600.00000000	0.00000000	0.00000000	96.00000000
4320900.00000000	0.00000000	0.00000000	96.00000000
4321200.00000000	0.00000000	0.00000000	96.00000000
4321500.00000000	0.00000000	0.00000000	96.00000000
4321800.00000000	0.00000000	0.00000000	96.00000000
4322100.00000000	0.00000000	0.00000000	96.00000000
4322400.00000000	0.00000000	0.00000000	96.00000000
4322700.00000000	0.00000000	0.00000000	96.00000000
4323000.00000000	0.00000000	0.00000000	96.00000000
4323300.00000000	0.00000000	0.00000000	96.00000000
4323600.00000000	0.00000000	0.00000000	96.00000000
4323900.00000000	0.00000000	0.00000000	96.00000000
4324200.00000000	0.00000000	0.00000000	96.00000000
4324500.00000000	0.00000000	0.00000000	96.00000000
4324800.00000000	0.00000000	0.00000000	96.00000000
4325100.00000000	0.00000000	0.00000000	96.00000000
4325400.00000000	0.00000000	0.00000000	96.00000000
4325700.00000000	0.00000000	0.00000000	96.00000000
4326000.00000000	0.00000000	0.00000000	96.00000000
4326300.00000000	0.00000000	0.00000000	96.00000000
4326600.00000000	0.00000000	0.00000000	96.00000000
4326900.00000000	0.00000000	0.00000000	96.00000000
4327200.00000000	0.00000000	0.00000000	96.00000000
4327500.00000000	0.00000000	0.00000000	96.00000000
4327800.00000000	0.00000000	0.00000000	96.00000000
4328100.00000000	0.00000000	0.00000000	96.00000000
4328400.00000000	0.00000000	0.00000000	96.00000000
4328700.00000000	0.00000000	0.00000000	96.00000000
4329000.00000000	0.00000000	0.00000000	96.00000000
4329300.00000000	0.00000000	0.00000000	96.00000000
4329600.00000000	0.00000000	0.00000000	96.00000000
4329900.00000000	0.00000000	0.00000000	96.00000000
4330200.00000000	0.00000000	0.00000000	96.00000000
4330500.00000000	0.00000000	0.00000000	96.00000000
4330800.00000000	0.00000000	0.00000000	96.00000000
4331100.00000000	0.00000000	0.00000000	96.00000000
4331400.00000000	0.00000000	0.00000000	96.00000000
4331700.00000000	0.00000000	0.00000000	96.00000000
4332000.00000000	0.00000000	0.00000000	96.00000000
4332300.00000000	0.00000000	0.00000000	96.00000000
4332600.00000000	0.00000000	0.00000000	96.00000000
4332900.00000000	0.00000000	0.00000000	96.00000000
4333200.00000000	0.00000000	0.00000000	96.00000000
4333500.00000000	0.00000000	0.00000000	96.00000000
4333800.00000000	0.00000000	0.00000000	96.00000000
4334100.00000000	0.00000000	0.00000000	96.00000000
4334400.00000000	0.00000000	0.00000000	96.00000000
4334700.00000000	0.00000000	0.00000000	96.00000000
4335000.00000000	0.00000000	0.00000000	96.00000000
4335300.00000000	0.00000000	0.00000000	96.00000000
4335600.00000000	0.00000000	0.00000000	96.00000000
4335900.00000000	0.00000000	0.00000000	96.00000000
4336200.00000000	0.00000000	0.00000000	96.00000000
4336500.00000000	0.00000000	0.00000000	96.00000000
4336800.00000000	0.00000000	0.00000000	96.00000000
4337100.00000000	0.00000000	0.00000000	96.00000000
4337400.00000000	0.00000000	0.00000000	96.00000000
4337700.00000000	0.00000000	0.00000000	96.00000000
4338000.00000000	0.00000000	0.00000000	96.00000000
4338300.00000000	0.00000000	0.00000000	96.00000000
4338600.00000000	0.00000000	0.00000000	96.00000000
4338900.00000000	0.00000000	0.00000000	96.00000000
4339200.00000000	0.00000000	0.00000000	96.00000000
4339500.00000000	0.00000000	0.00000000	96.00000000
4339800.00000000	0.00000000	0.00000000	96.00000000
4340100.00000000	0.00000000	0.00000000	96.00000000
4340400.00000000	0.00000000	0.00000000	96.00000000
4340700.00000000	0.00000000	0.00000000	96.00000000
4341000.00000000	0.00000000	0.00000000	96.00000000
4341300.00000000	0.00000000	0.00000000	96.00000000
4341600.00000000	0.00000000	0.00000000	96.00000000
4341900.00000000	0.00000000	0.00000000	96.00000000
4342200.00000000	0.00000000	0.00000000	96.00000000
4342500.00000000	0.00000000	0.00000000	96.00000000
4342800.00000000	0.00000000	0.00000000	96.00000000
4343100.00000000	0.00000000	0.00000000	96.00000000
4343400.00000000	0.00000000	0.00000000	96.00000000
4343700.00000000	0.00000000	0.00000000	96.00000000
4344000.00000000	0.00000000	0.00000000	96.00000000
4344300.00000000	0.00000000	0.00000000	96.00000000
4344600.00000000	0.00000000	0.00000000	96.00000000
4344900.00000000	0.00000000	0.00000000	96.00000000
4345200.00000000	0.00000000	0.00000000	96.00000000
4345500.00000000	0.00000000	0.00000000	96.00000000
4345800.00000000	0.00000000	0.00000000	96.00000000
4346100.00000000	0.00000000	0.00000000	96.00000000
4346400.00000000	0.00000000	0.00000000	96.00000000
4346700.00000000	0.00000000	0.00000000	96.00000000
4347000.00000000	0.00000000	0.00000000	96.00000000
4347300.00000000	0.00000000	0.00000000	96.00000000
4347600.00000000	0.00000000	0.00000000	96.00000000
4347900.00000000	0.00000000	0.00000000	96.00000000
4348200.00000000	0.00000000	0.00000000	96.00000000
4348500.00000000	0.00000000	0.00000000	96.00000000
4348800.00000000	0.00000000	0.00000000	96.00000000
4349100.00000000	0.00000000	0.00000000	96.00000000
4349400.00000000	0.00000000	0.00000000	96.00000000
4349700.00000000	0.00000000	0.00000000	96.00000000
4350000.00000000	0.00000000	0.00000000	96.00000000
4350300.00000000	0.00000000	0.00000000	96.00000000
4350600.00000000	0.00000000	0.00000000	96.00000000
4350900.00000000	0.00000000	0.00000000	96.00000000
4351200.00000000	0.00000000	0.00000000	96.00000000
4351500.00000000	0.00000000	0.00000000	96.00000000
4351800.00000000	0.00000000	0.00000000	96.00000000
4352100.00000000	0.00000000	0.00000000	96.00000000
4352400.00000000	0.00000000	0.00000000	96.00000000
4352700.00000000	0.00000000	0.00000000	96.00000000
4353000.00000000	0.00000000	0.00000000	96.00000000
4353300.00000000	0.00000000	0.00000000	96.00000000
4353600.00000000	0.00000000	0.00000000	96.00000000
4353900.00000000	0.00000000	0.00000000	96.00000000
4354200.00000000	0.00000000	0.00000000	96.00000000
4354500.00000000	0.00000000	0.00000000	96.00000000
4354800.00000000	0.00000000	0.00000000	96.00000000
4355100.00000000	0.00000000	0.00000000	96.00000000
4355400.00000000	0.00000000	0.00000000	96.00000000
4355700.00000000	0.00000000	0.00000000	96.00000000
4356000.00000000	0.00000000	0.00000000	96.00000000
4356300.00000000	0.00000000	0.00000000	96.00000000
4356600.00000000	0.00000000	0.00000000	96.00000000
4356900.00000000	0.00000000	0.00000000	96.00000000
4357200.00000000	0.00000000	0.00000000	96.00000000
4357500.00000000	0.00000000	0.00000000	96.00000000
4357800.00000000	0.00000000	0.00000000	96.00000000
4358100.00000000	0.00000000	0.00000000	96.00000000
4358400.00000000	0.00000000	0.00000000	96.00000000
4358700.00000000	0.00000000	0.00000000	96.00000000
4359000.00000000	0.00000000	0.00000000	96.00000000
4359300.00000000	0.00000000	0.00000000	96.00000000
4359600.00000000	0.00000000	0.00000000	96.00000000
4359900.00000000	0.00000000	0.00000000	96.00000000
4360200.00000000	0.00000000	0.00000000	96.00000000
4360500.00000000	0.00000000	0.00000000	96.00000000
4360800.00000000	0.00000000	0.00000000	96.00000000
4361100.00000000	0.00000000	0.00000000	96.00000000
4361400.00000000	0.00000000	0.00000000	96.00000000
4361700.00000000	0.00000000	0.00000000	96.00000000
4362000.00000000	0.00000000	0.00000000	96.00000000
4362300.00000000	0.00000000	0.00000000	96.00000000
4362600.00000000	0.00000000	0.00000000	96.00000000
4362900.00000000	0.00000000	0.00000000	96.00000000
4363200.00000000	0.00000000	0.00000000	96.00000000
4363500.00000000	0.00000000	0.00000000	96.00000000
4363800.00000000	0.00000000	0.00000000	96.00000000
4364100.00000000	0.00000000	0.00000000	96.00000000
4364400.00000000	0.00000000	0.00000000	96.00000000
4364700.00000000	0.00000000	0.00000000	96.00000000
4365000.00000000	0.00000000	0.00000000	96.00000000
4365300.00000000	0.00000000	0.00000000	96.00000000
4365600.00000000	0.00000000	0.00000000	96.00000000
4365900.00000000	0.00000000	0.00000000	96.00000000
4366200.00000000	0.00000000	0.00000000	96.00000000
4366500.00000000	0.00000000	0.00000000	96.00000000
4366800.00000000	0.00000000	0.00000000	96.00000000
4367100.00000000	0.00000000	0.00000000	96.00000000
4367400.00000000	0.00000000	0.00000000	96.00000000
4367700.00000000	0.00000000	0.00000000	96.00000000
4368000.00000000	0.00000000	0.00000000	96.00000000
4368300.00000000	0.00000000	0.00000000	96.00000000
4368600.00000000	0.00000000	0.00000000	96.00000000
4368900.00000000	0.00000000	0.00000000	96.00000000
4369200.00000000	0.00000000	0.00000000	96.00000000
4369500.00000000	0.00000000	0.00000000	96.00000000
4369800.00000000	0.00000000	0.00000000	96.00000000
4370100.00000000	0.00000000	0.00000000	96.00000000
4370400.00000000	0.00000000	0.00000000	96.00000000
4370700.00000000	0.00000000	0.00000000	96.00000000
4371000.00000000	0.00000000	0.00000000	96.00000000
4371300.00000000	0.00000000	0.00000000	96.00000000
4371600.00000000	0.00000000	0.00000000	96.00000000
4371900.00000000	0.00000000	0.00000000	96.00000000
4372200.00000000	0.00000000	0.00000000	96.00000000
4372500.00000000	0.00000000	0.00000000	96.00000000
4372800.00000000	0.00000000	0.00000000	96.00000000
4373100.00000000	0.00000000	0.00000000	96.00000000
4373400.00000000	0.00000000	0.00000000	96.00000000
4373700.00000000	0.00000000	0.00000000	96.00000000
4374000.00000000	0.00000000	0.00000000	96.00000000
4374300.00000000	0.00000000	0.00000000	96.00000000
4374600.00000000	0.00000000	0.00000000	96.00000000
4374900.00000000	0.00000000	0.00000000	96.00000000
4375200.00000000	0.00000000	0.00000000	96.00000000
4375500.00000000	0.00000000	0.00000000	96.00000000
4375800.00000000	0.00000000	0.00000000	96.00000000
4376100.00000000	0.00000000	0.00000000	96.00000000
4376400.00000000	0.00000000	0.00000000	96.00000000
4376700.00000000	0.00000000	0.00000000	96.00000000
4377000.00000000	0.00000000	0.00000000	96.00000000
4377300.00000000	0.00000000	0.00000000	96.00000000
4377600.00000000	0.00000000	0.00000000	96.00000000
4377900.00000000	0.00000000	0.00000000	96.00000000
4378200.00000000	0.00000000	0.00000000	96.00000000
4378500.00000000	0.00000000	0.00000000	96.00000000
4378800.00000000	0.00000000	0.00000000	96.00000000
4379100.00000000	0.00000000	0.00000000	96.00000000
4379400.00000000	0.00000000	0.00000000	96.00000000
4379700.00000000	0.00000000	0.00000000	96.00000000
4380000.00000000	0.00000000	0.00000000	96.00000000
4380300.00000000	0.00000000	0.00000000	96.00000000
4380600.00000000	0.00000000	0.00000000	96.00000000
4380900.00000000	0.00000000	0.00000000	96.00000000
4381200.00000000	0.00000000	0.00000000	96.00000000
4381500.00000000	0.00000000	0.00000000	96.00000000
4381800.00000000	0.00000000	0.00000000	96.00000000
4382100.00000000	0.00000000	0.00000000	96.00000000
4382400.00000000	0.00000000	0.00000000	96.00000000
4382700.00000000	0.00000000	0.00000000	96.00000000
4383000.00000000	0.00000000	0.00000000	96.00000000
4383300.00000000	0.00000000	0.00000000	96.00000000
4383600.00000000	0.00000000	0.00000000	96.00000000
4383900.00000000	0.00000000	0.00000000	96.00000000
4384200.00000000	0.00000000	0.00000000	96.00000000
4384500.00000000	0.00000000	0.00000000	96.00000000
4384800.00000000	0.00000000	0.00000000	96.00000000
4385100.00000000	0.00000000	0.00000000	96.00000000
4385400.00000000	0.00000000	0.00000000	96.00000000
4385700.00000000	0.00000000	0.00000000	96.00000000
4386000.00000000	0.00000000	0.00000000	96.00000000
4386300.00000000	0.00000000	0.00000000	96.00000000
4386600.00000000	0.00000000	0.00000000	96.00000000
4386900.00000000	0.00000000	0.00000000	96.00000000
4387200.00000000	0.00000000	0.00000000	96.00000000
4387500.00000000	0.00000000	0.00000000	96.00000000
4387800.00000000	0.00000000	0.00000000	96.00000000
4388100.00000000	0.00000000	0.00000000	96.00000000
4388400.00000000	0.00000000	0.00000000	96.00000000
4388700.00000000	0.00000000	0.00000000	96.00000000
4389000.00000000	0.00000000	0.00000000	96.00000000
4389300.00000000	0.00000000	0.00000000	96.00000000
4389600.00000000	0.00000000	0.00000000	96.00000000
4389900.00000000	0.00000000	0.00000000	96.00000000
4390200.00000000	0.00000000	0.00000000	96.00000000
4390500.00000000	0.00000000	0.00000000	96.00000000
4390800.00000000	0.00000000	0.00000000	96.00000000
4391100.00000000	0.00000000	0.00000000	96.00000000
4391400.00000000	0.00000000	0.00000000	96.00000000
4391700.00000000	0.00000000	0.00000000	96.00000000
4392000.00000000	0.00000000	0.00000000	96.00000000
4392300.00000000	0.00000000	0.00000000	96.00000000
4392600.00000000	0.00000000	0.00000000	96.00000000
4392900.00000000	0.00000000	0.00000000	96.00000000
4393200.00000000	0.00000000	0.00000000	96.00000000
4393500.00000000	0.00000000	0.00000000	96.00000000
4393800.00000000	0.00000000	0.00000000	96.00000000
4394100.00000000	0.00000000	0.00000000	96.00000000
4394400.00000000	0.00000000	0.00000000	96.00000000
4394700.00000000	0.00000000	0.00000000	96.00000000
4395000.00000000	0.00000000	0.00000000	96.00000000
4395300.00000000	0.00000000	0.00000000	96.00000000
4395600.00000000	0.00000000	0.00000000	96.00000000
4395900.00000000	0.00000000	0.00000000	96.00000000
4396200.00000000	0.00000000	0.00000000	96.00000000
4396500.00000000	0.00000000	0.00000000	96.00000000
4396800.00000000	0.00000000	0.00000000	96.00000000
4397100.00000000	0.00000000	0.00000000	96.00000000
4397400.00000000	0.00000000	0.00000000	96.00000000
4397700.00000000	0.00000000	0.00000000	96.00000000
4398000.00000000	0.00000000	0.00000000	96.00000000
4398300.00000000	0.00000000	0.00000000	96.00000000
4398600.00000000	0.00000000	0.00000000	96.00000000
4398900.00000000	0.00000000	0.00000000	96.00000000
4399200.00000000	0.00000000	0.00000000	96.00000000
4399500.00000000	0.00000000	0.00000000	96.00000000
4399800.00000000	0.00000000	0.00000000	96.00000000
4400100.00000000	0.00000000	0.00000000	96.00000000
4400400.00000000	0.00000000	0.00000000	96.00000000
4400700.00000000	0.00000000	0.00000000	96.00000000
4401000.00000000	0.00000000	0.00000000	96.00000000
4401300.00000000	0.00000000	0.00000000	96.00000000
4401600.00000000	0.00000000	0.00000000	96.00000000
4401900.00000000	0.00000000	0.00000000	96.00000000
4402200.00000000	0.00000000	0.00000000	96.00000000
4402500.00000000	0.00000000	0.00000000	96.00000000
4402800.00000000	0.00000000	0.00000000	96.00000000
4403100.00000000	0.00000000	0.00000000	96.00000000
4403400.00000000	0.00000000	0.00000000	96.00000000
4403700.00000000	0.00000000	0.00000000	96.00000000
4404000.00000000	0.00000000	0.00000000	96.00000000
4404300.00000000	0.00000000	0.00000000	96.00000000
4404600.00000000	0.00000000	0.00000000	96.00000000
4404900.00000000	0.00000000	0.00000000	96.00000000
4405200.00000000	0.00000000	0.00000000	96.00000000
4405500.00000000	0.00000000	0.00000000	96.00000000
4405800.00000000	0.00000000	0.00000000	96.00000000
4406100.00000000	0.00000000	0.00000000	96.00000000
4406400.00000000	94.80000000	328.00000000	96.00000000
4406700.00000000	0.00000000	0.00000000	96.00000000
4407000.00000000	0.00000000	0.00000000	96.00000000
4407300.00000000	0.00000000	0.00000000	96.00000000
4407600.00000000	0.00000000	0.00000000	96.00000000
4407900.00000000	0.00000000	0.00000000	96.00000000
4408200.00000000	0.00000000	0.00000000	96.00000000
4408500.00000000	0.00000000	0.00000000	96.00000000
4408800.00000000	0.00000000	0.00000000	96.00000000
4409100.00000000	0.00000000	0.00000000	96.00000000
4409400.00000000	0.00000000	0.00000000	96.00000000
4409700.00000000	0.00000000	0.00000000	96.00000000
4410000.00000000	0.00000000	0.00000000	96.00000000
4410300.00000000	0.00000000	0.00000000	96.00000000
4410600.00000000	0.00000000	0.00000000	96.00000000
4410900.00000000	0.00000000	0.00000000	96.00000000
4411200.00000000	0.00000000	0.00000000	96.00000000
4411500.00000000	0.00000000	0.00000000	96.00000000
4411800.00000000	0.00000000	0.00000000	96.00000000
4412100.00000000	0.00000000	0.00000000	96.00000000
4412400.00000000	0.00000000	0.00000000	96.00000000
4412700.00000000	0.00000000	0.00000000	96.00000000
4413000.00000000	0.00000000	0.00000000	96.00000000
4413300.00000000	0.00000000	0.00000000	96.00000000
4413600.00000000	0.00000000	0.00000000	96.00000000
4413900.00000000	0.00000000	0.00000000	96.00000000
4414200.00000000	0.00000000	0.00000000	96.00000000
4414500.00000000	0.00000000	0.00000000	96.00000000
4414800.00000000	0.00000000	0.00000000	96.00000000
4415100.00000000	0.00000000	0.00000000	96.00000000
4415400.00000000	0.00000000	0.00000000	96.00000000
4415700.00000000	0.00000000	0.00000000	96.00000000
4416000.00000000	0.00000000	0.00000000	96.00000000
4416300.00000000	0.00000000	0.00000000	96.00000000
4416600.00000000	0.00000000	0.00000000	96.00000000
4416900.00000000	0.00000000	0.00000000	96.00000000
4417200.00000000	0.00000000	0.00000000	96.00000000
4417500.00000000	0.00000000	0.00000000	96.00000000
4417800.00000000	0.00000000	0.00000000	96.00000000
4418100.00000000	0.00000000	0.00000000	96.00000000
4418400.00000000	0.00000000	0.00000000	96.00000000
4418700.00000000	0.00000000	0.00000000	96.00000000
4419000.00000000	0.00000000	0.00000000	96.00000000
4419300.00000000	0.00000000	0.00000000	96.00000000
4419600.00000000	0.00000000	0.00000000	96.00000000
4419900.00000000	0.00000000	0.00000000	96.00000000
4420200.00000000	0.00000000	0.00000000	96.00000000
4420500.00000000	0.00000000	0.00000000	96.00000000
4420800.00000000	0.00000000	0.00000000	96.00000000
4421100.00000000	0.00000000	0.00000000	96.00000000
4421400.00000000	0.00000000	0.00000000	96.00000000
4421700.00000000	0.00000000	0.00000000	96.00000000
4422000.00000000	0.00000000	0.00000000	96.00000000
4422300.00000000	0.00000000	0.00000000	96.00000000
4422600.00000000	0.00000000	0.00000000	96.00000000
4422900.00000000	0.00000000	0.00000000	96.00000000
4423200.00000000	0.00000000	0.00000000	96.00000000
4423500.00000000	0.00000000	0.00000000	96.00000000
4423800.00000000	0.00000000	0.00000000	96.00000000
4424100.00000000	0.00000000	0.00000000	96.00000000
4424400.00000000	0.00000000	0.00000000	96.00000000
4424700.00000000	0.00000000	0.00000000	96.00000000
4425000.00000000	0.00000000	0.00000000	96.00000000
4425300.00000000	0.00000000	0.00000000	96.00000000
4425600.00000000	0.00000000	0.00000000	96.00000000
4425900.00000000	0.00000000	0.00000000	96.00000000
4426200.00000000	0.00000000	0.00000000	96.00000000
4426500.00000000	0.00000000	0.00000000	96.00000000
4426800.00000000	0.00000000	0.00000000	96.00000000
4427100.00000000	0.00000000	0.00000000	96.00000000
4427400.00000000	0.00000000	0.00000000	96.00000000
4427700.00000000	0.00000000	0.00000000	96.00000000
4428000.00000000	0.00000000	0.00000000	96.00000000
4428300.00000000	0.00000000	0.00000000	96.00000000
4428600.00000000	0.00000000	0.00000000	96.00000000
4428900.00000000	0.00000000	0.00000000	96.00000000
4429200.00000000	0.00000000	0.00000000	96.00000000
4429500.00000000	0.00000000	0.00000000	96.00000000
4429800.00000000	0.00000000	0.00000000	96.00000000
4430100.00000000	0.00000000	0.00000000	96.00000000
4430400.00000000	0.00000000	0.00000000	96.00000000
4430700.00000000	0.00000000	0.00000000	96.00000000
4431000.00000000	0.00000000	0.00000000	96.00000000
4431300.00000000	0.00000000	0.00000000	96.00000000
4431600.00000000	0.00000000	0.00000000	96.00000000
4431900.00000000	0.00000000	0.00000000	96.00000000
4432200.00000000	0.00000000	0.00000000	96.00000000
4432500.00000000	0.00000000	0.00000000	96.00000000
4432800.00000000	0.00000000	0.00000000	96.00000000
4433100.00000000	0.00000000	0.00000000	96.00000000
4433400.00000000	0.00000000	0.00000000	96.00000000
4433700.00000000	0.00000000	0.00000000	96.00000000
4434000.00000000	0.00000000	0.00000000	96.00000000
4434300.00000000	0.00000000	0.00000000	96.00000000
4434600.00000000	0.00000000	0.00000000	96.00000000
4434900.00000000	0.00000000	0.00000000	96.00000000
4435200.00000000	0.00000000	0.00000000	96.00000000
4435500.00000000	0.00000000	0.00000000	96.00000000
4435800.00000000	0.00000000	0.00000000	96.00000000
4436100.00000000	0.00000000	0.00000000	96.00000000
4436400.00000000	0.00000000	0.00000000	96.00000000
4436700.00000000	0.00000000	0.00000000	96.00000000
4437000.00000000	0.00000000	0.00000000	96.00000000
4437300.00000000	0.00000000	0.00000000	96.00000000
4437600.00000000	0.00000000	0.00000000	96.00000000
4437900.00000000	0.00000000	0.00000000	96.00000000
4438200.00000000	0.00000000	0.00000000	96.00000000
4438500.00000000	0.00000000	0.00000000	96.00000000
4438800.00000000	0.00000000	0.00000000	96.00000000
4439100.00000000	0.00000000	0.00000000	96.00000000
4439400.00000000	0.00000000	0.00000000	96.00000000
4439700.00000000	0.00000000	0.00000000	96.00000000
4440000.00000000	0.00000000	0.00000000	96.00000000
4440300.00000000	0.00000000	0.00000000	96.00000000
4440600.00000000	0.00000000	0.00000000	96.00000000
4440900.00000000	0.00000000	0.00000000	96.00000000
4441200.00000000	0.00000000	0.00000000	96.00000000
4441500.00000000	0.00000000	0.00000000	96.00000000
4441800.00000000	0.00000000	0.00000000	96.00000000
4442100.00000000	0.00000000	0.00000000	96.00000000
4442400.00000000	0.00000000	0.00000000	96.00000000
4442700.00000000	0.00000000	0.00000000	96.00000000
4443000.00000000	0.00000000	0.00000000	96.00000000
4443300.00000000	0.00000000	0.00000000	96.00000000
4443600.00000000	0.00000000	0.00000000	96.00000000
4443900.00000000	0.00000000	0.00000000	96.00000000
4444200.00000000	0.00000000	0.00000000	96.00000000
4444500.00000000	0.00000000	0.00000000	96.00000000
4444800.00000000	0.00000000	0.00000000	96.00000000
4445100.00000000	0.00000000	0.00000000	96.00000000
4445400.00000000	0.00000000	0.00000000	96.00000000
4445700.00000000	0.00000000	0.00000000	96.00000000
4446000.00000000	0.00000000	0.00000000	96.00000000
4446300.00000000	0.00000000	0.00000000	96.00000000
4446600.00000000	0.00000000	0.00000000	96.00000000
4446900.00000000	0.00000000	0.00000000	96.00000000
4447200.00000000	0.00000000	0.00000000	96.00000000
4447500.00000000	0.00000000	0.00000000	96.00000000
4447800.00000000	0.00000000	0.00000000	96.00000000
4448100.00000000	0.00000000	0.00000000	96.00000000
4448400.00000000	0.00000000	0.00000000	96.00000000
4448700.00000000	0.00000000	0.00000000	96.00000000
4449000.00000000	0.00000000	0.00000000	96.00000000
4449300.00000000	0.00000000	0.00000000	96.00000000
4449600.00000000	0.00000000	0.00000000	96.00000000
4449900.00000000	0.00000000	0.00000000	96.00000000
4450200.00000000	0.00000000	0.00000000	96.00000000
4450500.00000000	0.00000000	0.00000000	96.00000000
4450800.00000000	0.00000000	0.00000000	96.00000000
4451100.00000000	0.00000000	0.00000000	96.00000000
4451400.00000000	0.00000000	0.00000000	96.00000000
4451700.00000000	0.00000000	0.00000000	96.00000000
4452000.00000000	0.00000000	0.00000000	96.00000000
4452300.00000000	0.00000000	0.00000000	96.00000000
4452600.00000000	0.00000000	0.00000000	96.00000000
4452900.00000000	0.00000000	0.00000000	96.00000000
4453200.00000000	0.00000000	0.00000000	96.00000000
4453500.00000000	0.00000000	0.00000000	96.00000000
4453800.00000000	0.00000000	0.00000000	96.00000000
4454100.00000000	0.00000000	0.00000000	96.00000000
4454400.00000000	0.00000000	0.00000000	96.00000000
4454700.00000000	0.00000000	0.00000000	96.00000000
4455000.00000000	0.00000000	0.00000000	96.00000000
4455300.00000000	0.00000000	0.00000000	96.00000000
4455600.00000000	0.00000000	0.00000000	96.00000000
4455900.00000000	0.00000000	0.00000000	96.00000000
4456200.00000000	0.00000000	0.00000000	96.00000000
4456500.00000000	0.00000000	0.00000000	96.00000000
4456800.00000000	0.00000000	0.00000000	96.00000000
4457100.00000000	0.00000000	0.00000000	96.00000000
4457400.00000000	0.00000000	0.00000000	96.00000000
4457700.00000000	0.00000000	0.00000000	96.00000000
4458000.00000000	0.00000000	0.00000000	96.00000000
4458300.00000000	0.00000000	0.00000000	96.00000000
4458600.00000000	0.00000000	0.00000000	96.00000000
4458900.00000000	0.00000000	0.00000000	96.00000000
4459200.00000000	0.00000000	0.00000000	96.00000000
4459500.00000000	0.00000000	0.00000000	96.00000000
4459800.00000000	0.00000000	0.00000000	96.00000000
4460100.00000000	0.00000000	0.00000000	96.00000000
4460400.00000000	0.00000000	0.00000000	96.00000000
4460700.00000000	0.00000000	0.00000000	96.00000000
4461000.00000000	0.00000000	0.00000000	96.00000000
4461300.00000000	0.00000000	0.00000000	96.00000000
4461600.00000000	0.00000000	0.00000000	96.00000000
4461900.00000000	0.00000000	0.00000000	96.00000000
4462200.00000000	0.00000000	0.00000000	96.00000000
4462500.00000000	0.00000000	0.00000000	96.00000000
4462800.00000000	0.00000000	0.00000000	96.00000000
4463100.00000000	0.00000000	0.00000000	96.00000000
4463400.00000000	0.00000000	0.00000000	96.00000000
4463700.00000000	0.00000000	0.00000000	96.00000000
4464000.00000000	0.00000000	0.00000000	96.00000000
4464300.00000000	0.00000000	0.00000000	96.00000000
4464600.00000000	0.00000000	0.00000000	96.00000000
4464900.00000000	0.00000000	0.00000000	96.00000000
4465200.00000000	0.00000000	0.00000000	96.00000000
4465500.00000000	0.00000000	0.00000000	96.00000000
4465800.00000000	0.00000000	0.00000000	96.00000000
4466100.00000000	0.00000000	0.00000000	96.00000000
4466400.00000000	0.00000000	0.00000000	96.00000000
4466700.00000000	0.00000000	0.00000000	96.00000000
4467000.00000000	0.00000000	0.00000000	96.00000000
4467300.00000000	0.00000000	0.00000000	96.00000000
4467600.00000000	0.00000000	0.00000000	96.00000000
4467900.00000000	0.00000000	0.00000000	96.00000000
4468200.00000000	0.00000000	0.00000000	96.00000000
4468500.00000000	0.00000000	0.00000000	96.00000000
4468800.00000000	0.00000000	0.00000000	96.00000000
4469100.00000000	0.00000000	0.00000000	96.00000000
4469400.00000000	0.00000000	0.00000000	96.00000000
4469700.00000000	0.00000000	0.00000000	96.00000000
4470000.00000000	0.00000000	0.00000000	96.00000000
4470300.00000000	0.00000000	0.00000000	96.00000000
4470600.00000000	0.00000000	0.00000000	96.00000000
4470900.00000000	0.00000000	0.00000000	96.00000000
4471200.00000000	0.00000000	0.00000000	96.00000000
4471500.00000000	0.00000000	0.00000000	96.00000000
4471800.00000000	0.00000000	0.00000000	96.00000000
4472100.00000000	0.00000000	0.00000000	96.00000000
4472400.00000000	0.00000000	0.00000000	96.00000000
4472700.00000000	0.00000000	0.00000000	96.00000000
4473000.00000000	0.00000000	0.00000000	96.00000000
4473300.00000000	0.00000000	0.00000000	96.00000000
4473600.00000000	0.00000000	0.00000000	96.00000000
4473900.00000000	0.00000000	0.00000000	96.00000000
4474200.00000000	0.00000000	0.00000000	96.00000000
4474500.00000000	0.00000000	0.00000000	96.00000000
4474800.00000000	0.00000000	0.00000000	96.00000000
4475100.00000000	0.00000000	0.00000000	96.00000000
4475400.00000000	0.00000000	0.00000000	96.00000000
4475700.00000000	0.00000000	0.00000000	96.00000000
4476000.00000000	0.00000000	0.00000000	96.00000000
4476300.00000000	0.00000000	0.00000000	96.00000000
4476600.00000000	0.00000000	0.00000000	96.00000000
4476900.00000000	0.00000000	0.00000000	96.00000000
4477200.00000000	0.00000000	0.00000000	96.00000000
4477500.00000000	0.00000000	0.00000000	96.00000000
4477800.00000000	0.00000000	0.00000000	96.00000000
4478100.00000000	0.00000000	0.00000000	96.00000000
4478400.00000000	0.00000000	0.00000000	96.00000000
4478700.00000000	0.00000000	0.00000000	96.00000000
4479000.00000000	0.00000000	0.00000000	96.00000000
4479300.00000000	0.00000000	0.00000000	96.00000000
4479600.00000000	0.00000000	0.00000000	96.00000000
4479900.00000000	0.00000000	0.00000000	96.00000000
4480200.00000000	0.00000000	0.00000000	96.00000000
4480500.00000000	0.00000000	0.00000000	96.00000000
4480800.00000000	0.00000000	0.00000000	96.00000000
4481100.00000000	0.00000000	0.00000000	96.00000000
4481400.00000000	0.00000000	0.00000000	96.00000000
4481700.00000000	0.00000000	0.00000000	96.00000000
4482000.00000000	0.00000000	0.00000000	96.00000000
4482300.00000000	0.00000000	0.00000000	96.00000000
4482600.00000000	0.00000000	0.00000000	96.00000000
4482900.00000000	0.00000000	0.00000000	96.00000000
4483200.00000000	0.00000000	0.00000000	96.00000000
4483500.00000000	0.00000000	0.00000000	96.00000000
4483800.00000000	0.00000000	0.00000000	96.00000000
4484100.00000000	0.00000000	0.00000000	96.00000000
4484400.00000000	0.00000000	0.00000000	96.00000000
4484700.00000000	0.00000000	0.00000000	96.00000000
4485000.00000000	0.00000000	0.00000000	96.00000000
4485300.00000000	0.00000000	0.00000000	96.00000000
4485600.00000000	0.00000000	0.00000000	96.00000000
4485900.00000000	0.00000000	0.00000000	96.00000000
4486200.00000000	0.00000000	0.00000000	96.00000000
4486500.00000000	0.00000000	0.00000000	96.00000000
4486800.00000000	0.00000000	0.00000000	96.00000000
4487100.00000000	0.00000000	0.00000000	96.00000000
4487400.00000000	0.00000000	0.00000000	96.00000000
4487700.00000000	0.00000000	0.00000000	96.00000000
4488000.00000000	0.00000000	0.00000000	96.00000000
4488300.00000000	0.00000000	0.00000000	96.00000000
4488600.00000000	0.00000000	0.00000000	96.00000000
4488900.00000000	0.00000000	0.00000000	96.00000000
4489200.00000000	0.00000000	0.00000000	96.00000000
4489500.00000000	0.00000000	0.00000000	96.00000000
4489800.00000000	0.00000000	0.00000000	96.00000000
4490100.00000000	0.00000000	0.00000000	96.00000000
4490400.00000000	0.00000000	0.00000000	96.00000000
4490700.00000000	0.00000000	0.00000000	96.00000000
4491000.00000000	0.00000000	0.00000000	96.00000000
4491300.00000000	0.00000000	0.00000000	96.00000000
4491600.00000000	0.00000000	0.00000000	96.00000000
4491900.00000000	0.00000000	0.00000000	96.00000000
4492200.00000000	0.00000000	0.00000000	96.00000000
4492500.00000000	0.00000000	0.00000000	96.00000000
4492800.00000000	0.00000000	0.00000000	96.00000000
4493100.00000000	0.00000000	0.00000000	96.00000000
4493400.00000000	0.00000000	0.00000000	96.00000000
4493700.00000000	0.00000000	0.00000000	96.00000000
4494000.00000000	0.00000000	0.00000000	96.00000000
4494300.00000000	0.00000000	0.00000000	96.00000000
4494600.00000000	0.00000000	0.00000000	96.00000000
4494900.00000000	0.00000000	0.00000000	96.00000000
4495200.00000000	0.00000000	0.00000000	96.00000000
4495500.00000000	0.00000000	0.00000000	96.00000000
4495800.00000000	0.00000000	0.00000000	96.00000000
4496100.00000000	0.00000000	0.00000000	96.00000000
4496400.00000000	0.00000000	0.00000000	96.00000000
4496700.00000000	0.00000000	0.00000000	96.00000000
4497000.00000000	0.00000000	0.00000000	96.00000000
4497300.00000000	0.00000000	0.00000000	96.00000000
4497600.00000000	0.00000000	0.00000000	96.00000000
4497900.00000000	0.00000000	0.00000000	96.00000000
4498200.00000000	0.00000000	0.00000000	96.00000000
4498500.00000000	0.00000000	0.00000000	96.00000000
4498800.00000000	0.00000000	0.00000000	96.00000000
4499100.00000000	0.00000000	0.00000000	96.00000000
4499400.00000000	0.00000000	0.00000000	96.00000000
4499700.00000000	0.00000000	0.00000000	96.00000000
4500000.00000000	0.00000000	0.00000000	96.00000000
4500300.00000000	0.00000000	0.00000000	96.00000000
4500600.00000000	0.00000000	0.00000000	96.00000000
4500900.00000000	0.00000000	0.00000000	96.00000000
4501200.00000000	0.00000000	0.00000000	96.00000000
4501500.00000000	0.00000000	0.00000000	96.00000000
4501800.00000000	0.00000000	0.00000000	96.00000000
4502100.00000000	0.00000000	0.00000000	96.00000000
4502400.00000000	0.00000000	0.00000000	96.00000000
4502700.00000000	0.00000000	0.00000000	96.00000000
4503000.00000000	0.00000000	0.00000000	96.00000000
4503300.00000000	0.00000000	0.00000000	96.00000000
4503600.00000000	0.00000000	0.00000000	96.00000000
4503900.00000000	0.00000000	0.00000000	96.00000000
4504200.00000000	0.00000000	0.00000000	96.00000000
4504500.00000000	0.00000000	0.00000000	96.00000000
4504800.00000000	0.00000000	0.00000000	96.00000000
4505100.00000000	0.00000000	0.00000000	96.00000000
4505400.00000000	0.00000000	0.00000000	96.00000000
4505700.00000000	0.00000000	0.00000000	96.00000000
4506000.00000000	0.00000000	0.00000000	96.00000000
4506300.00000000	0.00000000	0.00000000	96.00000000
4506600.00000000	0.00000000	0.00000000	96.00000000
4506900.00000000	0.00000000	0.00000000	96.00000000
4507200.00000000	0.00000000	0.00000000	96.00000000
4507500.00000000	0.00000000	0.00000000	96.00000000
4507800.00000000	0.00000000	0.00000000	96.00000000
4508100.00000000	0.00000000	0.00000000	96.00000000
4508400.00000000	0.00000000	0.00000000	96.00000000
4508700.00000000	0.00000000	0.00000000	96.00000000
4509000.00000000	0.00000000	0.00000000	96.00000000
4509300.00000000	0.00000000	0.00000000	96.00000000
4509600.00000000	0.00000000	0.00000000	96.00000000
4509900.00000000	0.00000000	0.00000000	96.00000000
4510200.00000000	0.00000000	0.00000000	96.00000000
4510500.00000000	0.00000000	0.00000000	96.00000000
4510800.00000000	0.00000000	0.00000000	96.00000000
4511100.00000000	0.00000000	0.00000000	96.00000000
4511400.00000000	0.00000000	0.00000000	96.00000000
4511700.00000000	0.00000000	0.00000000	96.00000000
4512000.00000000	0.00000000	0.00000000	96.00000000
4512300.00000000	0.00000000	0.00000000	96.00000000
4512600.00000000	0.00000000	0.00000000	96.00000000
4512900.00000000	0.00000000	0.00000000	96.00000000
4513200.00000000	0.00000000	0.00000000	96.00000000
4513500.00000000	0.00000000	0.00000000	96.00000000
4513800.00000000	0.00000000	0.00000000	96.00000000
4514100.00000000	0.00000000	0.00000000	96.00000000
4514400.00000000	0.00000000	0.00000000	96.00000000
4514700.00000000	0.00000000	0.00000000	96.00000000
4515000.00000000	0.00000000	0.00000000	96.00000000
4515300.00000000	0.00000000	0.00000000	96.00000000
4515600.00000000	0.00000000	0.00000000	96.00000000
4515900.00000000	0.00000000	0.00000000	96.00000000
4516200.00000000	0.00000000	0.00000000	96.00000000
4516500.00000000	0.00000000	0.00000000	96.00000000
4516800.00000000	0.00000000	0.00000000	96.00000000
4517100.00000000	0.00000000	0.00000000	96.00000000
4517400.00000000	0.00000000	0.00000000	96.00000000
4517700.00000000	0.00000000	0.00000000	96.00000000
4518000.00000000	0.00000000	0.00000000	96.00000000
4518300.00000000	0.00000000	0.00000000	96.00000000
4518600.00000000	0.00000000	0.00000000	96.00000000
4518900.00000000	0.00000000	0.00000000	96.00000000
4519200.00000000	0.00000000	0.00000000	96.00000000
4519500.00000000	0.00000000	0.00000000	96.00000000
4519800.00000000	0.00000000	0.00000000	96.00000000
4520100.00000000	0.00000000	0.00000000	96.00000000
4520400.00000000	0.00000000	0.00000000	96.00000000
4520700.00000000	0.00000000	0.00000000	96.00000000
4521000.00000000	0.00000000	0.00000000	96.00000000
4521300.00000000	0.00000000	0.00000000	96.00000000
4521600.00000000	0.00000000	0.00000000	96.00000000
4521900.00000000	0.00000000	0.00000000	96.00000000
4522200.00000000	0.00000000	0.00000000	96.00000000
4522500.00000000	0.00000000	0.00000000	96.00000000
4522800.00000000	0.00000000	0.00000000	96.00000000
4523100.00000000	0.00000000	0.00000000	96.00000000
4523400.00000000	0.00000000	0.00000000	96.00000000
4523700.00000000	0.00000000	0.00000000	96.00000000
4524000.00000000	0.00000000	0.00000000	96.00000000
4524300.00000000	0.00000000	0.00000000	96.00000000
4524600.00000000	0.00000000	0.00000000	96.00000000
4524900.00000000	0.00000000	0.00000000	96.00000000
4525200.00000000	0.00000000	0.00000000	96.00000000
4525500.00000000	0.00000000	0.00000000	96.00000000
4525800.00000000	0.00000000	0.00000000	96.00000000
4526100.00000000	0.00000000	0.00000000	96.00000000
4526400.00000000	0.00000000	0.00000000	96.00000000
4526700.00000000	0.00000000	0.00000000	96.00000000
4527000.00000000	0.00000000	0.00000000	96.00000000
4527300.00000000	0.00000000	0.00000000	96.00000000
4527600.00000000	0.00000000	0.00000000	96.00000000
4527900.00000000	0.00000000	0.00000000	96.00000000
4528200.00000000	0.00000000	0.00000000	96.00000000
4528500.00000000	0.00000000	0.00000000	96.00000000
4528800.00000000	0.00000000	0.00000000	96.00000000
4529100.00000000	0.00000000	0.00000000	96.00000000
4529400.00000000	0.00000000	0.00000000	96.00000000
4529700.00000000	0.00000000	0.00000000	96.00000000
4530000.00000000	0.00000000	0.00000000	96.00000000
4530300.00000000	0.00000000	0.00000000	96.00000000
4530600.00000000	0.00000000	0.00000000	96.00000000
4530900.00000000	0.00000000	0.00000000	96.00000000
4531200.00000000	0.00000000	0.00000000	96.00000000
4531500.00000000	0.00000000	0.00000000	96.00000000
4531800.00000000	0.00000000	0.00000000	96.00000000
4532100.00000000	0.00000000	0.00000000	96.00000000
4532400.00000000	0.00000000	0.00000000	96.00000000
4532700.00000000	0.00000000	0.00000000	96.00000000
4533000.00000000	0.00000000	0.00000000	96.00000000
4533300.00000000	0.00000000	0.00000000	96.00000000
4533600.00000000	0.00000000	0.00000000	96.00000000
4533900.00000000	0.00000000	0.00000000	96.00000000
4534200.00000000	0.00000000	0.00000000	96.00000000
4534500.00000000	0.00000000	0.00000000	96.00000000
4534800.00000000	0.00000000	0.00000000	96.00000000
4535100.00000000	0.00000000	0.00000000	96.00000000
4535400.00000000	0.00000000	0.00000000	96.00000000
4535700.00000000	0.00000000	0.00000000	96.00000000
4536000.00000000	0.00000000	0.00000000	96.00000000
4536300.00000000	0.00000000	0.00000000	96.00000000
4536600.00000000	0.00000000	0.00000000	96.00000000
4536900.00000000	0.00000000	0.00000000	96.00000000
4537200.00000000	0.00000000	0.00000000	96.00000000
4537500.00000000	0.00000000	0.00000000	96.00000000
4537800.00000000	0.00000000	0.00000000	96.00000000
4538100.00000000	0.00000000	0.00000000	96.00000000
4538400.00000000	0.00000000	0.00000000	96.00000000
4538700.00000000	0.00000000	0.00000000	96.00000000
4539000.00000000	0.00000000	0.00000000	96.00000000
4539300.00000000	0.00000000	0.00000000	96.00000000
4539600.00000000	0.00000000	0.00000000	96.00000000
4539900.00000000	0.00000000	0.00000000	96.00000000
4540200.00000000	0.00000000	0.00000000	96.00000000
4540500.00000000	0.00000000	0.00000000	96.00000000
4540800.00000000	0.00000000	0.00000000	96.00000000
4541100.00000000	0.00000000	0.00000000	96.00000000
4541400.00000000	0.00000000	0.00000000	96.00000000
4541700.00000000	0.00000000	0.00000000	96.00000000
4542000.00000000	0.00000000	0.00000000	96.00000000
4542300.00000000	0.00000000	0.00000000	96.00000000
4542600.00000000	0.00000000	0.00000000	96.00000000
4542900.00000000	0.00000000	0.00000000	96.00000000
4543200.00000000	0.00000000	0.00000000	96.00000000
4543500.00000000	0.00000000	0.00000000	96.00000000
4543800.00000000	0.00000000	0.00000000	96.00000000
4544100.00000000	0.00000000	0.00000000	96.00000000
4544400.00000000	0.00000000	0.00000000	96.00000000
4544700.00000000	0.00000000	0.00000000	96.00000000
4545000.00000000	0.00000000	0.00000000	96.00000000
4545300.00000000	0.00000000	0.00000000	96.00000000
4545600.00000000	0.00000000	0.00000000	96.00000000
4545900.00000000	0.00000000	0.00000000	96.00000000
4546200.00000000	0.00000000	0.00000000	96.00000000
4546500.00000000	0.00000000	0.00000000	96.00000000
4546800.00000000	0.00000000	0.00000000	96.00000000
4547100.00000000	0.00000000	0.00000000	96.00000000
4547400.00000000	0.00000000	0.00000000	96.00000000
4547700.00000000	0.00000000	0.00000000	96.00000000
4548000.00000000	0.00000000	0.00000000	96.00000000
4548300.00000000	0.00000000	0.00000000	96.00000000
4548600.00000000	0.00000000	0.00000000	96.00000000
4548900.00000000	0.00000000	0.00000000	96.00000000
4549200.00000000	0.00000000	0.00000000	96.00000000
4549500.00000000	0.00000000	0.00000000	96.00000000
4549800.00000000	0.00000000	0.00000000	96.00000000
4550100.00000000	0.00000000	0.00000000	96.00000000
4550400.00000000	0.00000000	0.00000000	96.00000000
4550700.00000000	0.00000000	0.00000000	96.00000000
4551000.00000000	0.00000000	0.00000000	96.00000000
4551300.00000000	0.00000000	0.00000000	96.00000000
4551600.00000000	0.00000000	0.00000000	96.00000000
4551900.00000000	0.00000000	0.00000000	96.00000000
4552200.00000000	0.00000000	0.00000000	96.00000000
4552500.00000000	0.00000000	0.00000000	96.00000000
4552800.00000000	0.00000000	0.00000000	96.00000000
4553100.00000000	0.00000000	0.00000000	96.00000000
4553400.00000000	0.00000000	0.00000000	96.00000000
4553700.00000000	0.00000000	0.00000000	96.00000000
4554000.00000000	0.00000000	0.00000000	96.00000000
4554300.00000000	0.00000000	0.00000000	96.00000000
4554600.00000000	0.00000000	0.00000000	96.00000000
4554900.00000000	0.00000000	0.00000000	96.00000000
4555200.00000000	0.00000000	0.00000000	96.00000000
4555500.00000000	0.00000000	0.00000000	96.00000000
4555800.00000000	0.00000000	0.00000000	96.00000000
4556100.00000000	0.00000000	0.00000000	96.00000000
4556400.00000000	0.00000000	0.00000000	96.00000000
4556700.00000000	0.00000000	0.00000000	96.00000000
4557000.00000000	0.00000000	0.00000000	96.00000000
4557300.00000000	0.00000000	0.00000000	96.00000000
4557600.00000000	0.00000000	0.00000000	96.00000000
4557900.00000000	0.00000000	0.00000000	96.00000000
4558200.00000000	0.00000000	0.00000000	96.00000000
4558500.00000000	0.00000000	0.00000000	96.00000000
4558800.00000000	0.00000000	0.00000000	96.00000000
4559100.00000000	0.00000000	0.00000000	96.00000000
4559400.00000000	0.00000000	0.00000000	96.00000000
4559700.00000000	0.00000000	0.00000000	96.00000000
4560000.00000000	0.00000000	0.00000000	96.00000000
4560300.00000000	0.00000000	0.00000000	96.00000000
4560600.00000000	0.00000000	0.00000000	96.00000000
4560900.00000000	0.00000000	0.00000000	96.00000000
4561200.00000000	0.00000000	0.00000000	96.00000000
4561500.00000000	0.00000000	0.00000000	96.00000000
4561800.00000000	0.00000000	0.00000000	96.00000000
4562100.00000000	0.00000000	0.00000000	96.00000000
4562400.00000000	0.00000000	0.00000000	96.00000000
4562700.00000000	0.00000000	0.00000000	96.00000000
4563000.00000000	0.00000000	0.00000000	96.00000000
4563300.00000000	0.00000000	0.00000000	96.00000000
4563600.00000000	0.00000000	0.00000000	96.00000000
4563900.00000000	0.00000000	0.00000000	96.00000000
4564200.00000000	0.00000000	0.00000000	96.00000000
4564500.00000000	0.00000000	0.00000000	96.00000000
4564800.00000000	0.00000000	0.00000000	96.00000000
4565100.00000000	0.00000000	0.00000000	96.00000000
4565400.00000000	0.00000000	0.00000000	96.00000000
4565700.00000000	0.00000000	0.00000000	96.00000000
4566000.00000000	0.00000000	0.00000000	96.00000000
4566300.00000000	0.00000000	0.00000000	96.00000000
4566600.00000000	0.00000000	0.00000000	96.00000000
4566900.00000000	0.00000000	0.00000000	96.00000000
4567200.00000000	0.00000000	0.00000000	96.00000000
4567500.00000000	0.00000000	0.00000000	96.00000000
4567800.00000000	0.00000000	0.00000000	96.00000000
4568100.00000000	0.00000000	0.00000000	96.00000000
4568400.00000000	0.00000000	0.00000000	96.00000000
4568700.00000000	0.00000000	0.00000000	96.00000000
4569000.00000000	0.00000000	0.00000000	96.00000000
4569300.00000000	0.00000000	0.00000000	96.00000000
4569600.00000000	0.00000000	0.00000000	96.00000000
4569900.00000000	0.00000000	0.00000000	96.00000000
4570200.00000000	0.00000000	0.00000000	96.00000000
4570500.00000000	0.00000000	0.00000000	96.00000000
4570800.00000000	0.00000000	0.00000000	96.00000000
4571100.00000000	0.00000000	0.00000000	96.00000000
4571400.00000000	0.00000000	0.00000000	96.00000000
4571700.00000000	0.00000000	0.00000000	96.00000000
4572000.00000000	0.00000000	0.00000000	96.00000000
4572300.00000000	0.00000000	0.00000000	96.00000000
4572600.00000000	0.00000000	0.00000000	96.00000000
4572900.00000000	0.00000000	0.00000000	96.00000000
4573200.00000000	0.00000000	0.00000000	96.00000000
4573500.00000000	0.00000000	0.00000000	96.00000000
4573800.00000000	0.00000000	0.00000000	96.00000000
4574100.00000000	0.00000000	0.00000000	96.00000000
4574400.00000000	0.00000000	0.00000000	96.00000000
4574700.00000000	0.00000000	0.00000000	96.00000000
4575000.00000000	0.00000000	0.00000000	96.00000000
4575300.00000000	0.00000000	0.00000000	96.00000000
4575600.00000000	0.00000000	0.00000000	96.00000000
4575900.00000000	0.00000000	0.00000000	96.00000000
4576200.00000000	0.00000000	0.00000000	96.00000000
4576500.00000000	0.00000000	0.00000000	96.00000000
4576800.00000000	0.00000000	0.00000000	96.00000000
4577100.00000000	0.00000000	0.00000000	96.00000000
4577400.00000000	0.00000000	0.00000000	96.00000000
4577700.00000000	0.00000000	0.00000000	96.00000000
4578000.00000000	0.00000000	0.00000000	96.00000000
4578300.00000000	0.00000000	0.00000000	96.00000000
4578600.00000000	0.00000000	0.00000000	96.00000000
4578900.00000000	0.00000000	0.00000000	96.00000000
4579200.00000000	142.20000000	492.00000000	96.00000000
4579500.00000000	0.00000000	0.00000000	96.00000000
4579800.00000000	0.00000000	0.00000000	96.00000000
4580100.00000000	0.00000000	0.00000000	96.00000000
4580400.00000000	0.00000000	0.00000000	96.00000000
4580700.00000000	0.00000000	0.00000000	96.00000000
4581000.00000000	0.00000000	0.00000000	96.00000000
4581300.00000000	0.00000000	0.00000000	96.00000000
4581600.00000000	0.00000000	0.00000000	96.00000000
4581900.00000000	0.00000000	0.00000000	96.00000000
4582200.00000000	0.00000000	0.00000000	96.00000000
4582500.00000000	0.00000000	0.00000000	96.00000000
4582800.00000000	0.00000000	0.00000000	96.00000000
4583100.00000000	0.00000000	0.00000000	96.00000000
4583400.00000000	0.00000000	0.00000000	96.00000000
4583700.00000000	0.00000000	0.00000000	96.00000000
4584000.00000000	0.00000000	0.00000000	96.00000000
4584300.00000000	0.00000000	0.00000000	96.00000000
4584600.00000000	0.00000000	0.00000000	96.00000000
4584900.00000000	0.00000000	0.00000000	96.00000000
4585200.00000000	0.00000000	0.00000000	96.00000000
4585500.00000000	0.00000000	0.00000000	96.00000000
4585800.00000000	0.00000000	0.00000000	96.00000000
4586100.00000000	0.00000000	0.00000000	96.00000000
4586400.00000000	0.00000000	0.00000000	96.00000000
4586700.00000000	0.00000000	0.00000000	96.00000000
4587000.00000000	0.00000000	0.00000000	96.00000000
4587300.00000000	0.00000000	0.00000000	96.00000000
4587600.00000000	0.00000000	0.00000000	96.00000000
4587900.00000000	0.00000000	0.00000000	96.00000000
4588200.00000000	0.00000000	0.00000000	96.00000000
4588500.00000000	0.00000000	0.00000000	96.00000000
4588800.00000000	0.00000000	0.00000000	96.00000000
4589100.00000000	0.00000000	0.00000000	96.00000000
4589400.00000000	0.00000000	0.00000000	96.00000000
4589700.00000000	0.00000000	0.00000000	96.00000000
4590000.00000000	0.00000000	0.00000000	96.00000000
4590300.00000000	0.00000000	0.00000000	96.00000000
4590600.00000000	0.00000000	0.00000000	96.00000000
4590900.00000000	0.00000000	0.00000000	96.00000000
4591200.00000000	0.00000000	0.00000000	96.00000000
4591500.00000000	0.00000000	0.00000000	96.00000000
4591800.00000000	0.00000000	0.00000000	96.00000000
4592100.00000000	0.00000000	0.00000000	96.00000000
4592400.00000000	0.00000000	0.00000000	96.00000000
4592700.00000000	0.00000000	0.00000000	96.00000000
4593000.00000000	0.00000000	0.00000000	96.00000000
4593300.00000000	0.00000000	0.00000000	96.00000000
4593600.00000000	0.00000000	0.00000000	96.00000000
4593900.00000000	0.00000000	0.00000000	96.00000000
4594200.00000000	0.00000000	0.00000000	96.00000000
4594500.00000000	0.00000000	0.00000000	96.00000000
4594800.00000000	0.00000000	0.00000000	96.00000000
4595100.00000000	0.00000000	0.00000000	96.00000000
4595400.00000000	0.00000000	0.00000000	96.00000000
4595700.00000000	0.00000000	0.00000000	96.00000000
4596000.00000000	0.00000000	0.00000000	96.00000000
4596300.00000000	0.00000000	0.00000000	96.00000000
4596600.00000000	0.00000000	0.00000000	96.00000000
4596900.00000000	0.00000000	0.00000000	96.00000000
4597200.00000000	0.00000000	0.00000000	96.00000000
4597500.00000000	0.00000000	0.00000000	96.00000000
4597800.00000000	0.00000000	0.00000000	96.00000000
4598100.00000000	0.00000000	0.00000000	96.00000000
4598400.00000000	0.00000000	0.00000000	96.00000000
4598700.00000000	0.00000000	0.00000000	96.00000000
4599000.00000000	0.00000000	0.00000000	96.00000000
4599300.00000000	0.00000000	0.00000000	96.00000000
4599600.00000000	0.00000000	0.00000000	96.00000000
4599900.00000000	0.00000000	0.00000000	96.00000000
4600200.00000000	0.00000000	0.00000000	96.00000000
4600500.00000000	0.00000000	0.00000000	96.00000000
4600800.00000000	0.00000000	0.00000000	96.00000000
4601100.00000000	0.00000000	0.00000000	96.00000000
4601400.00000000	0.00000000	0.00000000	96.00000000
4601700.00000000	0.00000000	0.00000000	96.00000000
4602000.00000000	0.00000000	0.00000000	96.00000000
4602300.00000000	0.00000000	0.00000000	96.00000000
4602600.00000000	0.00000000	0.00000000	96.00000000
4602900.00000000	0.00000000	0.00000000	96.00000000
4603200.00000000	0.00000000	0.00000000	96.00000000
4603500.00000000	0.00000000	0.00000000	96.00000000
4603800.00000000	0.00000000	0.00000000	96.00000000
4604100.00000000	0.00000000	0.00000000	96.00000000
4604400.00000000	0.00000000	0.00000000	96.00000000
4604700.00000000	0.00000000	0.00000000	96.00000000
4605000.00000000	0.00000000	0.00000000	96.00000000
4605300.00000000	0.00000000	0.00000000	96.00000000
4605600.00000000	0.00000000	0.00000000	96.00000000
4605900.00000000	0.00000000	0.00000000	96.00000000
4606200.00000000	0.00000000	0.00000000	96.00000000
4606500.00000000	0.00000000	0.00000000	96.00000000
4606800.00000000	0.00000000	0.00000000	96.00000000
4607100.00000000	0.00000000	0.00000000	96.00000000
4607400.00000000	0.00000000	0.00000000	96.00000000
4607700.00000000	0.00000000	0.00000000	96.00000000
4608000.00000000	0.00000000	0.00000000	96.00000000
4608300.00000000	0.00000000	0.00000000	96.00000000
4608600.00000000	0.00000000	0.00000000	96.00000000
4608900.00000000	0.00000000	0.00000000	96.00000000
4609200.00000000	0.00000000	0.00000000	96.00000000
4609500.00000000	0.00000000	0.00000000	96.00000000
4609800.00000000	0.00000000	0.00000000	96.00000000
4610100.00000000	0.00000000	0.00000000	96.00000000
4610400.00000000	0.00000000	0.00000000	96.00000000
4610700.00000000	0.00000000	0.00000000	96.00000000
4611000.00000000	0.00000000	0.00000000	96.00000000
4611300.00000000	0.00000000	0.00000000	96.00000000
4611600.00000000	0.00000000	0.00000000	96.00000000
4611900.00000000	0.00000000	0.00000000	96.00000000
4612200.00000000	0.00000000	0.00000000	96.00000000
4612500.00000000	0.00000000	0.00000000	96.00000000
4612800.00000000	0.00000000	0.00000000	96.00000000
4613100.00000000	0.00000000	0.00000000	96.00000000
4613400.00000000	0.00000000	0.00000000	96.00000000
4613700.00000000	0.00000000	0.00000000	96.00000000
4614000.00000000	0.00000000	0.00000000	96.00000000
4614300.00000000	0.00000000	0.00000000	96.00000000
4614600.00000000	0.00000000	0.00000000	96.00000000
4614900.00000000	0.00000000	0.00000000	96.00000000
4615200.00000000	0.00000000	0.00000000	96.00000000
4615500.00000000	0.00000000	0.00000000	96.00000000
4615800.00000000	0.00000000	0.00000000	96.00000000
4616100.00000000	0.00000000	0.00000000	96.00000000
4616400.00000000	0.00000000	0.00000000	96.00000000
4616700.00000000	0.00000000	0.00000000	96.00000000
4617000.00000000	0.00000000	0.00000000	96.00000000
4617300.00000000	0.00000000	0.00000000	96.00000000
4617600.00000000	0.00000000	0.00000000	96.00000000
4617900.00000000	0.00000000	0.00000000	96.00000000
4618200.00000000	0.00000000	0.00000000	96.00000000
4618500.00000000	0.00000000	0.00000000	96.00000000
4618800.00000000	0.00000000	0.00000000	96.00000000
4619100.00000000	0.00000000	0.00000000	96.00000000
4619400.00000000	0.00000000	0.00000000	96.00000000
4619700.00000000	0.00000000	0.00000000	96.00000000
4620000.00000000	0.00000000	0.00000000	96.00000000
4620300.00000000	0.00000000	0.00000000	96.00000000
4620600.00000000	0.00000000	0.00000000	96.00000000
4620900.00000000	0.00000000	0.00000000	96.00000000
4621200.00000000	0.00000000	0.00000000	96.00000000
4621500.00000000	0.00000000	0.00000000	96.00000000
4621800.00000000	0.00000000	0.00000000	96.00000000
4622100.00000000	0.00000000	0.00000000	96.00000000
4622400.00000000	0.00000000	0.00000000	96.00000000
4622700.00000000	0.00000000	0.00000000	96.00000000
4623000.00000000	0.00000000	0.00000000	96.00000000
4623300.00000000	0.00000000	0.00000000	96.00000000
4623600.00000000	0.00000000	0.00000000	96.00000000
4623900.00000000	0.00000000	0.00000000	96.00000000
4624200.00000000	0.00000000	0.00000000	96.00000000
4624500.00000000	0.00000000	0.00000000	96.00000000
4624800.00000000	0.00000000	0.00000000	96.00000000
4625100.00000000	0.00000000	0.00000000	96.00000000
4625400.00000000	0.00000000	0.00000000	96.00000000
4625700.00000000	0.00000000	0.00000000	96.00000000
4626000.00000000	0.00000000	0.00000000	96.00000000
4626300.00000000	0.00000000	0.00000000	96.00000000
4626600.00000000	0.00000000	0.00000000	96.00000000
4626900.00000000	0.00000000	0.00000000	96.00000000
4627200.00000000	0.00000000	0.00000000	96.00000000
4627500.00000000	0.00000000	0.00000000	96.00000000
4627800.00000000	0.00000000	0.00000000	96.00000000
4628100.00000000	0.00000000	0.00000000	96.00000000
4628400.00000000	0.00000000	0.00000000	96.00000000
4628700.00000000	0.00000000	0.00000000	96.00000000
4629000.00000000	0.00000000	0.00000000	96.00000000
4629300.00000000	0.00000000	0.00000000	96.00000000
4629600.00000000	0.00000000	0.00000000	96.00000000
4629900.00000000	0.00000000	0.00000000	96.00000000
4630200.00000000	0.00000000	0.00000000	96.00000000
4630500.00000000	0.00000000	0.00000000	96.00000000
4630800.00000000	0.00000000	0.00000000	96.00000000
4631100.00000000	0.00000000	0.00000000	96.00000000
4631400.00000000	0.00000000	0.00000000	96.00000000
4631700.00000000	0.00000000	0.00000000	96.00000000
4632000.00000000	0.00000000	0.00000000	96.00000000
4632300.00000000	0.00000000	0.00000000	96.00000000
4632600.00000000	0.00000000	0.00000000	96.00000000
4632900.00000000	0.00000000	0.00000000	96.00000000
4633200.00000000	0.00000000	0.00000000	96.00000000
4633500.00000000	0.00000000	0.00000000	96.00000000
4633800.00000000	0.00000000	0.00000000	96.00000000
4634100.00000000	0.00000000	0.00000000	96.00000000
4634400.00000000	0.00000000	0.00000000	96.00000000
4634700.00000000	0.00000000	0.00000000	96.00000000
4635000.00000000	0.00000000	0.00000000	96.00000000
4635300.00000000	0.00000000	0.00000000	96.00000000
4635600.00000000	0.00000000	0.00000000	96.00000000
4635900.00000000	0.00000000	0.00000000	96.00000000
4636200.00000000	0.00000000	0.00000000	96.00000000
4636500.00000000	0.00000000	0.00000000	96.00000000
4636800.00000000	0.00000000	0.00000000	96.00000000
4637100.00000000	0.00000000	0.00000000	96.00000000
4637400.00000000	0.00000000	0.00000000	96.00000000
4637700.00000000	0.00000000	0.00000000	96.00000000
4638000.00000000	0.00000000	0.00000000	96.00000000
4638300.00000000	0.00000000	0.00000000	96.00000000
4638600.00000000	0.00000000	0.00000000	96.00000000
4638900.00000000	0.00000000	0.00000000	96.00000000
4639200.00000000	0.00000000	0.00000000	96.00000000
4639500.00000000	0.00000000	0.00000000	96.00000000
4639800.00000000	0.00000000	0.00000000	96.00000000
4640100.00000000	0.00000000	0.00000000	96.00000000
4640400.00000000	0.00000000	0.00000000	96.00000000
4640700.00000000	0.00000000	0.00000000	96.00000000
4641000.00000000	0.00000000	0.00000000	96.00000000
4641300.00000000	0.00000000	0.00000000	96.00000000
4641600.00000000	0.00000000	0.00000000	96.00000000
4641900.00000000	0.00000000	0.00000000	96.00000000
4642200.00000000	0.00000000	0.00000000	96.00000000
4642500.00000000	0.00000000	0.00000000	96.00000000
4642800.00000000	0.00000000	0.00000000	96.00000000
4643100.00000000	0.00000000	0.00000000	96.00000000
4643400.00000000	0.00000000	0.00000000	96.00000000
4643700.00000000	0.00000000	0.00000000	96.00000000
4644000.00000000	0.00000000	0.00000000	96.00000000
4644300.00000000	0.00000000	0.00000000	96.00000000
4644600.00000000	0.00000000	0.00000000	96.00000000
4644900.00000000	0.00000000	0.00000000	96.00000000
4645200.00000000	0.00000000	0.00000000	96.00000000
4645500.00000000	0.00000000	0.00000000	96.00000000
4645800.00000000	0.00000000	0.00000000	96.00000000
4646100.00000000	0.00000000	0.00000000	96.00000000
4646400.00000000	0.00000000	0.00000000	96.00000000
4646700.00000000	0.00000000	0.00000000	96.00000000
4647000.00000000	0.00000000	0.00000000	96.00000000
4647300.00000000	0.00000000	0.00000000	96.00000000
4647600.00000000	0.00000000	0.00000000	96.00000000
4647900.00000000	0.00000000	0.00000000	96.00000000
4648200.00000000	0.00000000	0.00000000	96.00000000
4648500.00000000	0.00000000	0.00000000	96.00000000
4648800.00000000	0.00000000	0.00000000	96.00000000
4649100.00000000	0.00000000	0.00000000	96.00000000
4649400.00000000	0.00000000	0.00000000	96.00000000
4649700.00000000	0.00000000	0.00000000	96.00000000
4650000.00000000	0.00000000	0.00000000	96.00000000
4650300.00000000	0.00000000	0.00000000	96.00000000
4650600.00000000	0.00000000	0.00000000	96.00000000
4650900.00000000	0.00000000	0.00000000	96.00000000
4651200.00000000	0.00000000	0.00000000	96.00000000
4651500.00000000	0.00000000	0.00000000	96.00000000
4651800.00000000	0.00000000	0.00000000	96.00000000
4652100.00000000	0.00000000	0.00000000	96.00000000
4652400.00000000	0.00000000	0.00000000	96.00000000
4652700.00000000	0.00000000	0.00000000	96.00000000
4653000.00000000	0.00000000	0.00000000	96.00000000
4653300.00000000	0.00000000	0.00000000	96.00000000
4653600.00000000	0.00000000	0.00000000	96.00000000
4653900.00000000	0.00000000	0.00000000	96.00000000
4654200.00000000	0.00000000	0.00000000	96.00000000
4654500.00000000	0.00000000	0.00000000	96.00000000
4654800.00000000	0.00000000	0.00000000	96.00000000
4655100.00000000	0.00000000	0.00000000	96.00000000
4655400.00000000	0.00000000	0.00000000	96.00000000
4655700.00000000	0.00000000	0.00000000	96.00000000
4656000.00000000	0.00000000	0.00000000	96.00000000
4656300.00000000	0.00000000	0.00000000	96.00000000
4656600.00000000	0.00000000	0.00000000	96.00000000
4656900.00000000	0.00000000	0.00000000	96.00000000
4657200.00000000	0.00000000	0.00000000	96.00000000
4657500.00000000	0.00000000	0.00000000	96.00000000
4657800.00000000	0.00000000	0.00000000	96.00000000
4658100.00000000	0.00000000	0.00000000	96.00000000
4658400.00000000	0.00000000	0.00000000	96.00000000
4658700.00000000	0.00000000	0.00000000	96.00000000
4659000.00000000	0.00000000	0.00000000	96.00000000
4659300.00000000	0.00000000	0.00000000	96.00000000
4659600.00000000	0.00000000	0.00000000	96.00000000
4659900.00000000	0.00000000	0.00000000	96.00000000
4660200.00000000	0.00000000	0.00000000	96.00000000
4660500.00000000	0.00000000	0.00000000	96.00000000
4660800.00000000	0.00000000	0.00000000	96.00000000
4661100.00000000	0.00000000	0.00000000	96.00000000
4661400.00000000	0.00000000	0.00000000	96.00000000
4661700.00000000	0.00000000	0.00000000	96.00000000
4662000.00000000	0.00000000	0.00000000	96.00000000
4662300.00000000	0.00000000	0.00000000	96.00000000
4662600.00000000	0.00000000	0.00000000	96.00000000
4662900.00000000	0.00000000	0.00000000	96.00000000
4663200.00000000	0.00000000	0.00000000	96.00000000
4663500.00000000	0.00000000	0.00000000	96.00000000
4663800.00000000	0.00000000	0.00000000	96.00000000
4664100.00000000	0.00000000	0.00000000	96.00000000
4664400.00000000	0.00000000	0.00000000	96.00000000
4664700.00000000	0.00000000	0.00000000	96.00000000
4665000.00000000	0.00000000	0.00000000	96.00000000
4665300.00000000	0.00000000	0.00000000	96.00000000
4665600.00000000	0.00000000	0.00000000	96.00000000
4665900.00000000	0.00000000	0.00000000	96.00000000
4666200.00000000	0.00000000	0.00000000	96.00000000
4666500.00000000	0.00000000	0.00000000	96.00000000
4666800.00000000	0.00000000	0.00000000	96.00000000
4667100.00000000	0.00000000	0.00000000	96.00000000
4667400.00000000	0.00000000	0.00000000	96.00000000
4667700.00000000	0.00000000	0.00000000	96.00000000
4668000.00000000	0.00000000	0.00000000	96.00000000
4668300.00000000	0.00000000	0.00000000	96.00000000
4668600.00000000	0.00000000	0.00000000	96.00000000
4668900.00000000	0.00000000	0.00000000	96.00000000
4669200.00000000	0.00000000	0.00000000	96.00000000
4669500.00000000	0.00000000	0.00000000	96.00000000
4669800.00000000	0.00000000	0.00000000	96.00000000
4670100.00000000	0.00000000	0.00000000	96.00000000
4670400.00000000	0.00000000	0.00000000	96.00000000
4670700.00000000	0.00000000	0.00000000	96.00000000
4671000.00000000	0.00000000	0.00000000	96.00000000
4671300.00000000	0.00000000	0.00000000	96.00000000
4671600.00000000	0.00000000	0.00000000	96.00000000
4671900.00000000	0.00000000	0.00000000	96.00000000
4672200.00000000	0.00000000	0.00000000	96.00000000
4672500.00000000	0.00000000	0.00000000	96.00000000
4672800.00000000	0.00000000	0.00000000	96.00000000
4673100.00000000	0.00000000	0.00000000	96.00000000
4673400.00000000	0.00000000	0.00000000	96.00000000
4673700.00000000	0.00000000	0.00000000	96.00000000
4674000.00000000	0.00000000	0.00000000	96.00000000
4674300.00000000	0.00000000	0.00000000	96.00000000
4674600.00000000	0.00000000	0.00000000	96.00000000
4674900.00000000	0.00000000	0.00000000	96.00000000
4675200.00000000	0.00000000	0.00000000	96.00000000
4675500.00000000	0.00000000	0.00000000	96.00000000
4675800.00000000	0.00000000	0.00000000	96.00000000
4676100.00000000	0.00000000	0.00000000	96.00000000
4676400.00000000	0.00000000	0.00000000	96.00000000
4676700.00000000	0.00000000	0.00000000	96.00000000
4677000.00000000	0.00000000	0.00000000	96.00000000
4677300.00000000	0.00000000	0.00000000	96.00000000
4677600.00000000	0.00000000	0.00000000	96.00000000
4677900.00000000	0.00000000	0.00000000	96.00000000
4678200.00000000	0.00000000	0.00000000	96.00000000
4678500.00000000	0.00000000	0.00000000	96.00000000
4678800.00000000	0.00000000	0.00000000	96.00000000
4679100.00000000	0.00000000	0.00000000	96.00000000
4679400.00000000	0.00000000	0.00000000	96.00000000
4679700.00000000	0.00000000	0.00000000	96.00000000
4680000.00000000	0.00000000	0.00000000	96.00000000
4680300.00000000	0.00000000	0.00000000	96.00000000
4680600.00000000	0.00000000	0.00000000	96.00000000
4680900.00000000	0.00000000	0.00000000	96.00000000
4681200.00000000	0.00000000	0.00000000	96.00000000
4681500.00000000	0.00000000	0.00000000	96.00000000
4681800.00000000	0.00000000	0.00000000	96.00000000
4682100.00000000	0.00000000	0.00000000	96.00000000
4682400.00000000	0.00000000	0.00000000	96.00000000
4682700.00000000	0.00000000	0.00000000	96.00000000
4683000.00000000	0.00000000	0.00000000	96.00000000
4683300.00000000	0.00000000	0.00000000	96.00000000
4683600.00000000	0.00000000	0.00000000	96.00000000
4683900.00000000	0.00000000	0.00000000	96.00000000
4684200.00000000	0.00000000	0.00000000	96.00000000
4684500.00000000	0.00000000	0.00000000	96.00000000
4684800.00000000	0.00000000	0.00000000	96.00000000
4685100.00000000	0.00000000	0.00000000	96.00000000
4685400.00000000	0.00000000	0.00000000	96.00000000
4685700.00000000	0.00000000	0.00000000	96.00000000
4686000.00000000	0.00000000	0.00000000	96.00000000
4686300.00000000	0.00000000	0.00000000	96.00000000
4686600.00000000	0.00000000	0.00000000	96.00000000
4686900.00000000	0.00000000	0.00000000	96.00000000
4687200.00000000	0.00000000	0.00000000	96.00000000
4687500.00000000	0.00000000	0.00000000	96.00000000
4687800.00000000	0.00000000	0.00000000	96.00000000
4688100.00000000	0.00000000	0.00000000	96.00000000
4688400.00000000	0.00000000	0.00000000	96.00000000
4688700.00000000	0.00000000	0.00000000	96.00000000
4689000.00000000	0.00000000	0.00000000	96.00000000
4689300.00000000	0.00000000	0.00000000	96.00000000
4689600.00000000	0.00000000	0.00000000	96.00000000
4689900.00000000	0.00000000	0.00000000	96.00000000
4690200.00000000	0.00000000	0.00000000	96.00000000
4690500.00000000	0.00000000	0.00000000	96.00000000
4690800.00000000	0.00000000	0.00000000	96.00000000
4691100.00000000	0.00000000	0.00000000	96.00000000
4691400.00000000	0.00000000	0.00000000	96.00000000
4691700.00000000	0.00000000	0.00000000	96.00000000
4692000.00000000	0.00000000	0.00000000	96.00000000
4692300.00000000	0.00000000	0.00000000	96.00000000
4692600.00000000	0.00000000	0.00000000	96.00000000
4692900.00000000	0.00000000	0.00000000	96.00000000
4693200.00000000	0.00000000	0.00000000	96.00000000
4693500.00000000	0.00000000	0.00000000	96.00000000
4693800.00000000	0.00000000	0.00000000	96.00000000
4694100.00000000	0.00000000	0.00000000	96.00000000
4694400.00000000	0.00000000	0.00000000	96.00000000
4694700.00000000	0.00000000	0.00000000	96.00000000
4695000.00000000	0.00000000	0.00000000	96.00000000
4695300.00000000	0.00000000	0.00000000	96.00000000
4695600.00000000	0.00000000	0.00000000	96.00000000
4695900.00000000	0.00000000	0.00000000	96.00000000
4696200.00000000	0.00000000	0.00000000	96.00000000
4696500.00000000	0.00000000	0.00000000	96.00000000
4696800.00000000	0.00000000	0.00000000	96.00000000
4697100.00000000	0.00000000	0.00000000	96.00000000
4697400.00000000	0.00000000	0.00000000	96.00000000
4697700.00000000	0.00000000	0.00000000	96.00000000
4698000.00000000	0.00000000	0.00000000	96.00000000
4698300.00000000	0.00000000	0.00000000	96.00000000
4698600.00000000	0.00000000	0.00000000	96.00000000
4698900.00000000	0.00000000	0.00000000	96.00000000
4699200.00000000	0.00000000	0.00000000	96.00000000
4699500.00000000	0.00000000	0.00000000	96.00000000
4699800.00000000	0.00000000	0.00000000	96.00000000
4700100.00000000	0.00000000	0.00000000	96.00000000
4700400.00000000	0.00000000	0.00000000	96.00000000
4700700.00000000	0.00000000	0.00000000	96.00000000
4701000.00000000	0.00000000	0.00000000	96.00000000
4701300.00000000	0.00000000	0.00000000	96.00000000
4701600.00000000	0.00000000	0.00000000	96.00000000
4701900.00000000	0.00000000	0.00000000	96.00000000
4702200.00000000	0.00000000	0.00000000	96.00000000
4702500.00000000	0.00000000	0.00000000	96.00000000
4702800.00000000	0.00000000	0.00000000	96.00000000
4703100.00000000	0.00000000	0.00000000	96.00000000
4703400.00000000	0.00000000	0.00000000	96.00000000
4703700.00000000	0.00000000	0.00000000	96.00000000
4704000.00000000	0.00000000	0.00000000	96.00000000
4704300.00000000	0.00000000	0.00000000	96.00000000
4704600.00000000	0.00000000	0.00000000	96.00000000
4704900.00000000	0.00000000	0.00000000	96.00000000
4705200.00000000	0.00000000	0.00000000	96.00000000
4705500.00000000	0.00000000	0.00000000	96.00000000
4705800.00000000	0.00000000	0.00000000	96.00000000
4706100.00000000	0.00000000	0.00000000	96.00000000
4706400.00000000	0.00000000	0.00000000	96.00000000
4706700.00000000	0.00000000	0.00000000	96.00000000
4707000.00000000	0.00000000	0.00000000	96.00000000
4707300.00000000	0.00000000	0.00000000	96.00000000
4707600.00000000	0.00000000	0.00000000	96.00000000
4707900.00000000	0.00000000	0.00000000	96.00000000
4708200.00000000	0.00000000	0.00000000	96.00000000
4708500.00000000	0.00000000	0.00000000	96.00000000
4708800.00000000	0.00000000	0.00000000	96.00000000
4709100.00000000	0.00000000	0.00000000	96.00000000
4709400.00000000	0.00000000	0.00000000	96.00000000
4709700.00000000	0.00000000	0.00000000	96.00000000
4710000.00000000	0.00000000	0.00000000	96.00000000
4710300.00000000	0.00000000	0.00000000	96.00000000
4710600.00000000	0.00000000	0.00000000	96.00000000
4710900.00000000	0.00000000	0.00000000	96.00000000
4711200.00000000	0.00000000	0.00000000	96.00000000
4711500.00000000	0.00000000	0.00000000	96.00000000
4711800.00000000	0.00000000	0.00000000	96.00000000
4712100.00000000	0.00000000	0.00000000	96.00000000
4712400.00000000	0.00000000	0.00000000	96.00000000
4712700.00000000	0.00000000	0.00000000	96.00000000
4713000.00000000	0.00000000	0.00000000	96.00000000
4713300.00000000	0.00000000	0.00000000	96.00000000
4713600.00000000	0.00000000	0.00000000	96.00000000
4713900.00000000	0.00000000	0.00000000	96.00000000
4714200.00000000	0.00000000	0.00000000	96.00000000
4714500.00000000	0.00000000	0.00000000	96.00000000
4714800.00000000	0.00000000	0.00000000	96.00000000
4715100.00000000	0.00000000	0.00000000	96.00000000
4715400.00000000	0.00000000	0.00000000	96.00000000
4715700.00000000	0.00000000	0.00000000	96.00000000
4716000.00000000	0.00000000	0.00000000	96.00000000
4716300.00000000	0.00000000	0.00000000	96.00000000
4716600.00000000	0.00000000	0.00000000	96.00000000
4716900.00000000	0.00000000	0.00000000	96.00000000
4717200.00000000	0.00000000	0.00000000	96.00000000
4717500.00000000	0.00000000	0.00000000	96.00000000
4717800.00000000	0.00000000	0.00000000	96.00000000
4718100.00000000	0.00000000	0.00000000	96.00000000
4718400.00000000	0.00000000	0.00000000	96.00000000
4718700.00000000	0.00000000	0.00000000	96.00000000
4719000.00000000	0.00000000	0.00000000	96.00000000
4719300.00000000	0.00000000	0.00000000	96.00000000
4719600.00000000	0.00000000	0.00000000	96.00000000
4719900.00000000	0.00000000	0.00000000	96.00000000
4720200.00000000	0.00000000	0.00000000	96.00000000
4720500.00000000	0.00000000	0.00000000	96.00000000
4720800.00000000	0.00000000	0.00000000	96.00000000
4721100.00000000	0.00000000	0.00000000	96.00000000
4721400.00000000	0.00000000	0.00000000	96.00000000
4721700.00000000	0.00000000	0.00000000	96.00000000
4722000.00000000	0.00000000	0.00000000	96.00000000
4722300.00000000	0.00000000	0.00000000	96.00000000
4722600.00000000	0.00000000	0.00000000	96.00000000
4722900.00000000	0.00000000	0.00000000	96.00000000
4723200.00000000	0.00000000	0.00000000	96.00000000
4723500.00000000	0.00000000	0.00000000	96.00000000
4723800.00000000	0.00000000	0.00000000	96.00000000
4724100.00000000	0.00000000	0.00000000	96.00000000
4724400.00000000	0.00000000	0.00000000	96.00000000
4724700.00000000	0.00000000	0.00000000	96.00000000
4725000.00000000	0.00000000	0.00000000	96.00000000
4725300.00000000	0.00000000	0.00000000	96.00000000
4725600.00000000	0.00000000	0.00000000	96.00000000
4725900.00000000	0.00000000	0.00000000	96.00000000
4726200.00000000	0.00000000	0.00000000	96.00000000
4726500.00000000	0.00000000	0.00000000	96.00000000
4726800.00000000	0.00000000	0.00000000	96.00000000
4727100.00000000	0.00000000	0.00000000	96.00000000
4727400.00000000	0.00000000	0.00000000	96.00000000
4727700.00000000	0.00000000	0.00000000	96.00000000
4728000.00000000	0.00000000	0.00000000	96.00000000
4728300.00000000	0.00000000	0.00000000	96.00000000
4728600.00000000	0.00000000	0.00000000	96.00000000
4728900.00000000	0.00000000	0.00000000	96.00000000
4729200.00000000	0.00000000	0.00000000	96.00000000
4729500.00000000	0.00000000	0.00000000	96.00000000
4729800.00000000	0.00000000	0.00000000	96.00000000
4730100.00000000	0.00000000	0.00000000	96.00000000
4730400.00000000	0.00000000	0.00000000	96.00000000
4730700.00000000	0.00000000	0.00000000	96.00000000
4731000.00000000	0.00000000	0.00000000	96.00000000
4731300.00000000	0.00000000	0.00000000	96.00000000
4731600.00000000	0.00000000	0.00000000	96.00000000
4731900.00000000	0.00000000	0.00000000	96.00000000
4732200.00000000	0.00000000	0.00000000	96.00000000
4732500.00000000	0.00000000	0.00000000	96.00000000
4732800.00000000	0.00000000	0.00000000	96.00000000
4733100.00000000	0.00000000	0.00000000	96.00000000
4733400.00000000	0.00000000	0.00000000	96.00000000
4733700.00000000	0.00000000	0.00000000	96.00000000
4734000.00000000	0.00000000	0.00000000	96.00000000
4734300.00000000	0.00000000	0.00000000	96.00000000
4734600.00000000	0.00000000	0.00000000	96.00000000
4734900.00000000	0.00000000	0.00000000	96.00000000
4735200.00000000	0.00000000	0.00000000	96.00000000
4735500.00000000	0.00000000	0.00000000	96.00000000
4735800.00000000	0.00000000	0.00000000	96.00000000
4736100.00000000	0.00000000	0.00000000	96.00000000
4736400.00000000	0.00000000	0.00000000	96.00000000
4736700.00000000	0.00000000	0.00000000	96.00000000
4737000.00000000	0.00000000	0.00000000	96.00000000
4737300.00000000	0.00000000	0.00000000	96.00000000
4737600.00000000	0.00000000	0.00000000	96.00000000
4737900.00000000	0.00000000	0.00000000	96.00000000
4738200.00000000	0.00000000	0.00000000	96.00000000
4738500.00000000	0.00000000	0.00000000	96.00000000
4738800.00000000	0.00000000	0.00000000	96.00000000
4739100.00000000	0.00000000	0.00000000	96.00000000
4739400.00000000	0.00000000	0.00000000	96.00000000
4739700.00000000	0.00000000	0.00000000	96.00000000
4740000.00000000	0.00000000	0.00000000	96.00000000
4740300.00000000	0.00000000	0.00000000	96.00000000
4740600.00000000	0.00000000	0.00000000	96.00000000
4740900.00000000	0.00000000	0.00000000	96.00000000
4741200.00000000	0.00000000	0.00000000	96.00000000
4741500.00000000	0.00000000	0.00000000	96.00000000
4741800.00000000	0.00000000	0.00000000	96.00000000
4742100.00000000	0.00000000	0.00000000	96.00000000
4742400.00000000	0.00000000	0.00000000	96.00000000
4742700.00000000	0.00000000	0.00000000	96.00000000
4743000.00000000	0.00000000	0.00000000	96.00000000
4743300.00000000	0.00000000	0.00000000	96.00000000
4743600.00000000	0.00000000	0.00000000	96.00000000
4743900.00000000	0.00000000	0.00000000	96.00000000
4744200.00000000	0.00000000	0.00000000	96.00000000
4744500.00000000	0.00000000	0.00000000	96.00000000
4744800.00000000	0.00000000	0.00000000	96.00000000
4745100.00000000	0.00000000	0.00000000	96.00000000
4745400.00000000	0.00000000	0.00000000	96.00000000
4745700.00000000	0.00000000	0.00000000	96.00000000
4746000.00000000	0.00000000	0.00000000	96.00000000
4746300.00000000	0.00000000	0.00000000	96.00000000
4746600.00000000	0.00000000	0.00000000	96.00000000
4746900.00000000	0.00000000	0.00000000	96.00000000
4747200.00000000	0.00000000	0.00000000	96.00000000
4747500.00000000	0.00000000	0.00000000	96.00000000
4747800.00000000	0.00000000	0.00000000	96.00000000
4748100.00000000	0.00000000	0.00000000	96.00000000
4748400.00000000	0.00000000	0.00000000	96.00000000
4748700.00000000	0.00000000	0.00000000	96.00000000
4749000.00000000	0.00000000	0.00000000	96.00000000
4749300.00000000	0.00000000	0.00000000	96.00000000
4749600.00000000	0.00000000	0.00000000	96.00000000
4749900.00000000	0.00000000	0.00000000	96.00000000
4750200.00000000	0.00000000	0.00000000	96.00000000
4750500.00000000	0.00000000	0.00000000	96.00000000
4750800.00000000	0.00000000	0.00000000	96.00000000
4751100.00000000	0.00000000	0.00000000	96.00000000
4751400.00000000	0.00000000	0.00000000	96.00000000
4751700.00000000	0.00000000	0.00000000	96.00000000
4752000.00000000	0.00000000	0.00000000	96.00000000
4752300.00000000	0.00000000	0.00000000	96.00000000
4752600.00000000	0.00000000	0.00000000	96.00000000
4752900.00000000	0.00000000	0.00000000	96.00000000
4753200.00000000	0.00000000	0.00000000	96.00000000
4753500.00000000	0.00000000	0.00000000	96.00000000
4753800.00000000	0.00000000	0.00000000	96.00000000
4754100.00000000	0.00000000	0.00000000	96.00000000
4754400.00000000	0.00000000	0.00000000	96.00000000
4754700.00000000	0.00000000	0.00000000	96.00000000
4755000.00000000	0.00000000	0.00000000	96.00000000
4755300.00000000	0.00000000	0.00000000	96.00000000
4755600.00000000	0.00000000	0.00000000	96.00000000
4755900.00000000	0.00000000	0.00000000	96.00000000
4756200.00000000	0.00000000	0.00000000	96.00000000
4756500.00000000	0.00000000	0.00000000	96.00000000
4756800.00000000	0.00000000	0.00000000	96.00000000
4757100.00000000	0.00000000	0.00000000	96.00000000
4757400.00000000	0.00000000	0.00000000	96.00000000
4757700.00000000	0.00000000	0.00000000	96.00000000
4758000.00000000	0.00000000	0.00000000	96.00000000
4758300.00000000	0.00000000	0.00000000	96.00000000
4758600.00000000	0.00000000	0.00000000	96.00000000
4758900.00000000	0.00000000	0.00000000	96.00000000
4759200.00000000	0.00000000	0.00000000	96.00000000
4759500.00000000	0.00000000	0.00000000	96.00000000
4759800.00000000	0.00000000	0.00000000	96.00000000
4760100.00000000	0.00000000	0.00000000	96.00000000
4760400.00000000	0.00000000	0.00000000	96.00000000
4760700.00000000	0.00000000	0.00000000	96.00000000
4761000.00000000	0.00000000	0.00000000	96.00000000
4761300.00000000	0.00000000	0.00000000	96.00000000
4761600.00000000	0.00000000	0.00000000	96.00000000
4761900.00000000	0.00000000	0.00000000	96.00000000
4762200.00000000	0.00000000	0.00000000	96.00000000
4762500.00000000	0.00000000	0.00000000	96.00000000
4762800.00000000	0.00000000	0.00000000	96.00000000
4763100.00000000	0.00000000	0.00000000	96.00000000
4763400.00000000	0.00000000	0.00000000	96.00000000
4763700.00000000	0.00000000	0.00000000	96.00000000
4764000.00000000	0.00000000	0.00000000	96.00000000
4764300.00000000	0.00000000	0.00000000	96.00000000
4764600.00000000	0.00000000	0.00000000	96.00000000
4764900.00000000	0.00000000	0.00000000	96.00000000
4765200.00000000	0.00000000	0.00000000	96.00000000
4765500.00000000	0.00000000	0.00000000	96.00000000
4765800.00000000	0.00000000	0.00000000	96.00000000
4766100.00000000	0.00000000	0.00000000	96.00000000
4766400.00000000	0.00000000	0.00000000	96.00000000
4766700.00000000	0.00000000	0.00000000	96.00000000
4767000.00000000	0.00000000	0.00000000	96.00000000
4767300.00000000	0.00000000	0.00000000	96.00000000
4767600.00000000	0.00000000	0.00000000	96.00000000
4767900.00000000	0.00000000	0.00000000	96.00000000
4768200.00000000	0.00000000	0.00000000	96.00000000
4768500.00000000	0.00000000	0.00000000	96.00000000
4768800.00000000	0.00000000	0.00000000	96.00000000
4769100.00000000	0.00000000	0.00000000	96.00000000
4769400.00000000	0.00000000	0.00000000	96.00000000
4769700.00000000	0.00000000	0.00000000	96.00000000
4770000.00000000	0.00000000	0.00000000	96.00000000
4770300.00000000	0.00000000	0.00000000	96.00000000
4770600.00000000	0.00000000	0.00000000	96.00000000
4770900.00000000	0.00000000	0.00000000	96.00000000
4771200.00000000	0.00000000	0.00000000	96.00000000
4771500.00000000	0.00000000	0.00000000	96.00000000
4771800.00000000	0.00000000	0.00000000	96.00000000
4772100.00000000	0.00000000	0.00000000	96.00000000
4772400.00000000	0.00000000	0.00000000	96.00000000
4772700.00000000	0.00000000	0.00000000	96.00000000
4773000.00000000	0.00000000	0.00000000	96.00000000
4773300.00000000	0.00000000	0.00000000	96.00000000
4773600.00000000	0.00000000	0.00000000	96.00000000
4773900.00000000	0.00000000	0.00000000	96.00000000
4774200.00000000	0.00000000	0.00000000	96.00000000
4774500.00000000	0.00000000	0.00000000	96.00000000
4774800.00000000	0.00000000	0.00000000	96.00000000
4775100.00000000	0.00000000	0.00000000	96.00000000
4775400.00000000	0.00000000	0.00000000	96.00000000
4775700.00000000	0.00000000	0.00000000	96.00000000
4776000.00000000	0.00000000	0.00000000	96.00000000
4776300.00000000	0.00000000	0.00000000	96.00000000
4776600.00000000	0.00000000	0.00000000	96.00000000
4776900.00000000	0.00000000	0.00000000	96.00000000
4777200.00000000	0.00000000	0.00000000	96.00000000
4777500.00000000	0.00000000	0.00000000	96.00000000
4777800.00000000	0.00000000	0.00000000	96.00000000
4778100.00000000	0.00000000	0.00000000	96.00000000
4778400.00000000	0.00000000	0.00000000	96.00000000
4778700.00000000	0.00000000	0.00000000	96.00000000
4779000.00000000	0.00000000	0.00000000	96.00000000
4779300.00000000	0.00000000	0.00000000	96.00000000
4779600.00000000	0.00000000	0.00000000	96.00000000
4779900.00000000	0.00000000	0.00000000	96.00000000
4780200.00000000	0.00000000	0.00000000	96.00000000
4780500.00000000	0.00000000	0.00000000	96.00000000
4780800.00000000	0.00000000	0.00000000	96.00000000
4781100.00000000	0.00000000	0.00000000	96.00000000
4781400.00000000	0.00000000	0.00000000	96.00000000
4781700.00000000	0.00000000	0.00000000	96.00000000
4782000.00000000	0.00000000	0.00000000	96.00000000
4782300.00000000	0.00000000	0.00000000	96.00000000
4782600.00000000	0.00000000	0.00000000	96.00000000
4782900.00000000	0.00000000	0.00000000	96.00000000
4783200.00000000	0.00000000	0.00000000	96.00000000
4783500.00000000	0.00000000	0.00000000	96.00000000
4783800.00000000	0.00000000	0.00000000	96.00000000
4784100.00000000	0.00000000	0.00000000	96.00000000
4784400.00000000	0.00000000	0.00000000	96.00000000
4784700.00000000	0.00000000	0.00000000	96.00000000
4785000.00000000	0.00000000	0.00000000	96.00000000
4785300.00000000	0.00000000	0.00000000	96.00000000
4785600.00000000	0.00000000	0.00000000	96.00000000
4785900.00000000	0.00000000	0.00000000	96.00000000
4786200.00000000	0.00000000	0.00000000	96.00000000
4786500.00000000	0.00000000	0.00000000	96.00000000
4786800.00000000	0.00000000	0.00000000	96.00000000
4787100.00000000	0.00000000	0.00000000	96.00000000
4787400.00000000	0.00000000	0.00000000	96.00000000
4787700.00000000	0.00000000	0.00000000	96.00000000
4788000.00000000	0.00000000	0.00000000	96.00000000
4788300.00000000	0.00000000	0.00000000	96.00000000
4788600.00000000	0.00000000	0.00000000	96.00000000
4788900.00000000	0.00000000	0.00000000	96.00000000
4789200.00000000	0.00000000	0.00000000	96.00000000
4789500.00000000	0.00000000	0.00000000	96.00000000
4789800.00000000	0.00000000	0.00000000	96.00000000
4790100.00000000	0.00000000	0.00000000	96.00000000
4790400.00000000	0.00000000	0.00000000	96.00000000
4790700.00000000	0.00000000	0.00000000	96.00000000
4791000.00000000	0.00000000	0.00000000	96.00000000
4791300.00000000	0.00000000	0.00000000	96.00000000
4791600.00000000	0.00000000	0.00000000	96.00000000
4791900.00000000	0.00000000	0.00000000	96.00000000
4792200.00000000	0.00000000	0.00000000	96.00000000
4792500.00000000	0.00000000	0.00000000	96.00000000
4792800.00000000	0.00000000	0.00000000	96.00000000
4793100.00000000	0.00000000	0.00000000	96.00000000
4793400.00000000	0.00000000	0.00000000	96.00000000
4793700.00000000	0.00000000	0.00000000	96.00000000
4794000.00000000	0.00000000	0.00000000	96.00000000
4794300.00000000	0.00000000	0.00000000	96.00000000
4794600.00000000	0.00000000	0.00000000	96.00000000
4794900.00000000	0.00000000	0.00000000	96.00000000
4795200.00000000	0.00000000	0.00000000	96.00000000
4795500.00000000	0.00000000	0.00000000	96.00000000
4795800.00000000	0.00000000	0.00000000	96.00000000
4796100.00000000	0.00000000	0.00000000	96.00000000
4796400.00000000	0.00000000	0.00000000	96.00000000
4796700.00000000	0.00000000	0.00000000	96.00000000
4797000.00000000	0.00000000	0.00000000	96.00000000
4797300.00000000	0.00000000	0.00000000	96.00000000
4797600.00000000	0.00000000	0.00000000	96.00000000
4797900.00000000	0.00000000	0.00000000	96.00000000
4798200.00000000	0.00000000	0.00000000	96.00000000
4798500.00000000	0.00000000	0.00000000	96.00000000
4798800.00000000	0.00000000	0.00000000	96.00000000
4799100.00000000	0.00000000	0.00000000	96.00000000
4799400.00000000	0.00000000	0.00000000	96.00000000
4799700.00000000	0.00000000	0.00000000	96.00000000
4800000.00000000	0.00000000	0.00000000	96.00000000
4800300.00000000	0.00000000	0.00000000	96.00000000
4800600.00000000	0.00000000	0.00000000	96.00000000
4800900.00000000	0.00000000	0.00000000	96.00000000
4801200.00000000	0.00000000	0.00000000	96.00000000
4801500.00000000	0.00000000	0.00000000	96.00000000
4801800.00000000	0.00000000	0.00000000	96.00000000
4802100.00000000	0.00000000	0.00000000	96.00000000
4802400.00000000	0.00000000	0.00000000	96.00000000
4802700.00000000	0.00000000	0.00000000	96.00000000
4803000.00000000	0.00000000	0.00000000	96.00000000
4803300.00000000	0.00000000	0.00000000	96.00000000
4803600.00000000	0.00000000	0.00000000	96.00000000
4803900.00000000	0.00000000	0.00000000	96.00000000
4804200.00000000	0.00000000	0.00000000	96.00000000
4804500.00000000	0.00000000	0.00000000	96.00000000
4804800.00000000	0.00000000	0.00000000	96.00000000
4805100.00000000	0.00000000	0.00000000	96.00000000
4805400.00000000	0.00000000	0.00000000	96.00000000
4805700.00000000	0.00000000	0.00000000	96.00000000
4806000.00000000	0.00000000	0.00000000	96.00000000
4806300.00000000	0.00000000	0.00000000	96.00000000
4806600.00000000	0.00000000	0.00000000	96.00000000
4806900.00000000	0.00000000	0.00000000	96.00000000
4807200.00000000	0.00000000	0.00000000	96.00000000
4807500.00000000	0.00000000	0.00000000	96.00000000
4807800.00000000	0.00000000	0.00000000	96.00000000
4808100.00000000	0.00000000	0.00000000	96.00000000
4808400.00000000	0.00000000	0.00000000	96.00000000
4808700.00000000	0.00000000	0.00000000	96.00000000
4809000.00000000	0.00000000	0.00000000	96.00000000
4809300.00000000	0.00000000	0.00000000	96.00000000
4809600.00000000	0.00000000	0.00000000	96.00000000
4809900.00000000	0.00000000	0.00000000	96.00000000
4810200.00000000	0.00000000	0.00000000	96.00000000
4810500.00000000	0.00000000	0.00000000	96.00000000
4810800.00000000	0.00000000	0.00000000	96.00000000
4811100.00000000	0.00000000	0.00000000	96.00000000
4811400.00000000	0.00000000	0.00000000	96.00000000
4811700.00000000	0.00000000	0.00000000	96.00000000
4812000.00000000	0.00000000	0.00000000	96.00000000
4812300.00000000	0.00000000	0.00000000	96.00000000
4812600.00000000	0.00000000	0.00000000	96.00000000
4812900.00000000	0.00000000	0.00000000	96.00000000
4813200.00000000	0.00000000	0.00000000	96.00000000
4813500.00000000	0.00000000	0.00000000	96.00000000
4813800.00000000	0.00000000	0.00000000	96.00000000
4814100.00000000	0.00000000	0.00000000	96.00000000
4814400.00000000	0.00000000	0.00000000	96.00000000
4814700.00000000	0.00000000	0.00000000	96.00000000
4815000.00000000	0.00000000	0.00000000	96.00000000
4815300.00000000	0.00000000	0.00000000	96.00000000
4815600.00000000	0.00000000	0.00000000	96.00000000
4815900.00000000	0.00000000	0.00000000	96.00000000
4816200.00000000	0.00000000	0.00000000	96.00000000
4816500.00000000	0.00000000	0.00000000	96.00000000
4816800.00000000	0.00000000	0.00000000	96.00000000
4817100.00000000	0.00000000	0.00000000	96.00000000
4817400.00000000	0.00000000	0.00000000	96.00000000
4817700.00000000	0.00000000	0.00000000	96.00000000
4818000.00000000	0.00000000	0.00000000	96.00000000
4818300.00000000	0.00000000	0.00000000	96.00000000
4818600.00000000	0.00000000	0.00000000	96.00000000
4818900.00000000	0.00000000	0.00000000	96.00000000
4819200.00000000	0.00000000	0.00000000	96.00000000
4819500.00000000	0.00000000	0.00000000	96.00000000
4819800.00000000	0.00000000	0.00000000	96.00000000
4820100.00000000	0.00000000	0.00000000	96.00000000
4820400.00000000	0.00000000	0.00000000	96.00000000
4820700.00000000	0.00000000	0.00000000	96.00000000
4821000.00000000	0.00000000	0.00000000	96.00000000
4821300.00000000	0.00000000	0.00000000	96.00000000
4821600.00000000	0.00000000	0.00000000	96.00000000
4821900.00000000	0.00000000	0.00000000	96.00000000
4822200.00000000	0.00000000	0.00000000	96.00000000
4822500.00000000	0.00000000	0.00000000	96.00000000
4822800.00000000	0.00000000	0.00000000	96.00000000
4823100.00000000	0.00000000	0.00000000	96.00000000
4823400.00000000	0.00000000	0.00000000	96.00000000
4823700.00000000	0.00000000	0.00000000	96.00000000
4824000.00000000	0.00000000	0.00000000	96.00000000
4824300.00000000	0.00000000	0.00000000	96.00000000
4824600.00000000	0.00000000	0.00000000	96.00000000
4824900.00000000	0.00000000	0.00000000	96.00000000
4825200.00000000	0.00000000	0.00000000	96.00000000
4825500.00000000	0.00000000	0.00000000	96.00000000
4825800.00000000	0.00000000	0.00000000	96.00000000
4826100.00000000	0.00000000	0.00000000	96.00000000
4826400.00000000	0.00000000	0.00000000	96.00000000
4826700.00000000	0.00000000	0.00000000	96.00000000
4827000.00000000	0.00000000	0.00000000	96.00000000
4827300.00000000	0.00000000	0.00000000	96.00000000
4827600.00000000	0.00000000	0.00000000	96.00000000
4827900.00000000	0.00000000	0.00000000	96.00000000
4828200.00000000	0.00000000	0.00000000	96.00000000
4828500.00000000	0.00000000	0.00000000	96.00000000
4828800.00000000	0.00000000	0.00000000	96.00000000
4829100.00000000	0.00000000	0.00000000	96.00000000
4829400.00000000	0.00000000	0.00000000	96.00000000
4829700.00000000	0.00000000	0.00000000	96.00000000
4830000.00000000	0.00000000	0.00000000	96.00000000
4830300.00000000	0.00000000	0.00000000	96.00000000
4830600.00000000	0.00000000	0.00000000	96.00000000
4830900.00000000	0.00000000	0.00000000	96.00000000
4831200.00000000	0.00000000	0.00000000	96.00000000
4831500.00000000	0.00000000	0.00000000	96.00000000
4831800.00000000	0.00000000	0.00000000	96.00000000
4832100.00000000	0.00000000	0.00000000	96.00000000
4832400.00000000	0.00000000	0.00000000	96.00000000
4832700.00000000	0.00000000	0.00000000	96.00000000
4833000.00000000	0.00000000	0.00000000	96.00000000
4833300.00000000	0.00000000	0.00000000	96.00000000
4833600.00000000	0.00000000	0.00000000	96.00000000
4833900.00000000	0.00000000	0.00000000	96.00000000
4834200.00000000	0.00000000	0.00000000	96.00000000
4834500.00000000	0.00000000	0.00000000	96.00000000
4834800.00000000	0.00000000	0.00000000	96.00000000
4835100.00000000	0.00000000	0.00000000	96.00000000
4835400.00000000	0.00000000	0.00000000	96.00000000
4835700.00000000	0.00000000	0.00000000	96.00000000
4836000.00000000	0.00000000	0.00000000	96.00000000
4836300.00000000	0.00000000	0.00000000	96.00000000
4836600.00000000	0.00000000	0.00000000	96.00000000
4836900.00000000	0.00000000	0.00000000	96.00000000
4837200.00000000	0.00000000	0.00000000	96.00000000
4837500.00000000	0.00000000	0.00000000	96.00000000
4837800.00000000	0.00000000	0.00000000	96.00000000
4838100.00000000	0.00000000	0.00000000	96.00000000
4838400.00000000	94.80000000	328.00000000	96.00000000
4838700.00000000	0.00000000	0.00000000	96.00000000
4839000.00000000	0.00000000	0.00000000	96.00000000
4839300.00000000	0.00000000	0.00000000	96.00000000
4839600.00000000	0.00000000	0.00000000	96.00000000
4839900.00000000	0.00000000	0.00000000	96.00000000
4840200.00000000	0.00000000	0.00000000	96.00000000
4840500.00000000	0.00000000	0.00000000	96.00000000
4840800.00000000	0.00000000	0.00000000	96.00000000
4841100.00000000	0.00000000	0.00000000	96.00000000
4841400.00000000	0.00000000	0.00000000	96.00000000
4841700.00000000	0.00000000	0.00000000	96.00000000
4842000.00000000	0.00000000	0.00000000	96.00000000
4842300.00000000	0.00000000	0.00000000	96.00000000
4842600.00000000	0.00000000	0.00000000	96.00000000
4842900.00000000	0.00000000	0.00000000	96.00000000
4843200.00000000	0.00000000	0.00000000	96.00000000
4843500.00000000	0.00000000	0.00000000	96.00000000
4843800.00000000	0.00000000	0.00000000	96.00000000
4844100.00000000	0.00000000	0.00000000	96.00000000
4844400.00000000	0.00000000	0.00000000	96.00000000
4844700.00000000	0.00000000	0.00000000	96.00000000
4845000.00000000	0.00000000	0.00000000	96.00000000
4845300.00000000	0.00000000	0.00000000	96.00000000
4845600.00000000	0.00000000	0.00000000	96.00000000
4845900.00000000	0.00000000	0.00000000	96.00000000
4846200.00000000	0.00000000	0.00000000	96.00000000
4846500.00000000	0.00000000	0.00000000	96.00000000
4846800.00000000	0.00000000	0.00000000	96.00000000
4847100.00000000	0.00000000	0.00000000	96.00000000
4847400.00000000	0.00000000	0.00000000	96.00000000
4847700.00000000	0.00000000	0.00000000	96.00000000
4848000.00000000	0.00000000	0.00000000	96.00000000
4848300.00000000	0.00000000	0.00000000	96.00000000
4848600.00000000	0.00000000	0.00000000	96.00000000
4848900.00000000	0.00000000	0.00000000	96.00000000
4849200.00000000	0.00000000	0.00000000	96.00000000
4849500.00000000	0.00000000	0.00000000	96.00000000
4849800.00000000	0.00000000	0.00000000	96.00000000
4850100.00000000	0.00000000	0.00000000	96.00000000
4850400.00000000	0.00000000	0.00000000	96.00000000
4850700.00000000	0.00000000	0.00000000	96.00000000
4851000.00000000	0.00000000	0.00000000	96.00000000
4851300.00000000	0.00000000	0.00000000	96.00000000
4851600.00000000	0.00000000	0.00000000	96.00000000
4851900.00000000	0.00000000	0.00000000	96.00000000
4852200.00000000	0.00000000	0.00000000	96.00000000
4852500.00000000	0.00000000	0.00000000	96.00000000
4852800.00000000	0.00000000	0.00000000	96.00000000
4853100.00000000	0.00000000	0.00000000	96.00000000
4853400.00000000	0.00000000	0.00000000	96.00000000
4853700.00000000	0.00000000	0.00000000	96.00000000
4854000.00000000	0.00000000	0.00000000	96.00000000
4854300.00000000	0.00000000	0.00000000	96.00000000
4854600.00000000	0.00000000	0.00000000	96.00000000
4854900.00000000	0.00000000	0.00000000	96.00000000
4855200.00000000	0.00000000	0.00000000	96.00000000
4855500.00000000	0.00000000	0.00000000	96.00000000
4855800.00000000	0.00000000	0.00000000	96.00000000
4856100.00000000	0.00000000	0.00000000	96.00000000
4856400.00000000	0.00000000	0.00000000	96.00000000
4856700.00000000	0.00000000	0.00000000	96.00000000
4857000.00000000	0.00000000	0.00000000	96.00000000
4857300.00000000	0.00000000	0.00000000	96.00000000
4857600.00000000	0.00000000	0.00000000	96.00000000
4857900.00000000	0.00000000	0.00000000	96.00000000
4858200.00000000	0.00000000	0.00000000	96.00000000
4858500.00000000	0.00000000	0.00000000	96.00000000
4858800.00000000	0.00000000	0.00000000	96.00000000
4859100.00000000	0.00000000	0.00000000	96.00000000
4859400.00000000	0.00000000	0.00000000	96.00000000
4859700.00000000	0.00000000	0.00000000	96.00000000
4860000.00000000	0.00000000	0.00000000	96.00000000
4860300.00000000	0.00000000	0.00000000	96.00000000
4860600.00000000	0.00000000	0.00000000	96.00000000
4860900.00000000	0.00000000	0.00000000	96.00000000
4861200.00000000	0.00000000	0.00000000	96.00000000
4861500.00000000	0.00000000	0.00000000	96.00000000
4861800.00000000	0.00000000	0.00000000	96.00000000
4862100.00000000	0.00000000	0.00000000	96.00000000
4862400.00000000	0.00000000	0.00000000	96.00000000
4862700.00000000	0.00000000	0.00000000	96.00000000
4863000.00000000	0.00000000	0.00000000	96.00000000
4863300.00000000	0.00000000	0.00000000	96.00000000
4863600.00000000	0.00000000	0.00000000	96.00000000
4863900.00000000	0.00000000	0.00000000	96.00000000
4864200.00000000	0.00000000	0.00000000	96.00000000
4864500.00000000	0.00000000	0.00000000	96.00000000
4864800.00000000	0.00000000	0.00000000	96.00000000
4865100.00000000	0.00000000	0.00000000	96.00000000
4865400.00000000	0.00000000	0.00000000	96.00000000
4865700.00000000	0.00000000	0.00000000	96.00000000
4866000.00000000	0.00000000	0.00000000	96.00000000
4866300.00000000	0.00000000	0.00000000	96.00000000
4866600.00000000	0.00000000	0.00000000	96.00000000
4866900.00000000	0.00000000	0.00000000	96.00000000
4867200.00000000	0.00000000	0.00000000	96.00000000
4867500.00000000	0.00000000	0.00000000	96.00000000
4867800.00000000	0.00000000	0.00000000	96.00000000
4868100.00000000	0.00000000	0.00000000	96.00000000
4868400.00000000	0.00000000	0.00000000	96.00000000
4868700.00000000	0.00000000	0.00000000	96.00000000
4869000.00000000	0.00000000	0.00000000	96.00000000
4869300.00000000	0.00000000	0.00000000	96.00000000
4869600.00000000	0.00000000	0.00000000	96.00000000
4869900.00000000	0.00000000	0.00000000	96.00000000
4870200.00000000	0.00000000	0.00000000	96.00000000
4870500.00000000	0.00000000	0.00000000	96.00000000
4870800.00000000	0.00000000	0.00000000	96.00000000
4871100.00000000	0.00000000	0.00000000	96.00000000
4871400.00000000	0.00000000	0.00000000	96.00000000
4871700.00000000	0.00000000	0.00000000	96.00000000
4872000.00000000	0.00000000	0.00000000	96.00000000
4872300.00000000	0.00000000	0.00000000	96.00000000
4872600.00000000	0.00000000	0.00000000	96.00000000
4872900.00000000	0.00000000	0.00000000	96.00000000
4873200.00000000	0.00000000	0.00000000	96.00000000
4873500.00000000	0.00000000	0.00000000	96.00000000
4873800.00000000	0.00000000	0.00000000	96.00000000
4874100.00000000	0.00000000	0.00000000	96.00000000
4874400.00000000	0.00000000	0.00000000	96.00000000
4874700.00000000	0.00000000	0.00000000	96.00000000
4875000.00000000	0.00000000	0.00000000	96.00000000
4875300.00000000	0.00000000	0.00000000	96.00000000
4875600.00000000	0.00000000	0.00000000	96.00000000
4875900.00000000	0.00000000	0.00000000	96.00000000
4876200.00000000	0.00000000	0.00000000	96.00000000
4876500.00000000	0.00000000	0.00000000	96.00000000
4876800.00000000	0.00000000	0.00000000	96.00000000
4877100.00000000	0.00000000	0.00000000	96.00000000
4877400.00000000	0.00000000	0.00000000	96.00000000
4877700.00000000	0.00000000	0.00000000	96.00000000
4878000.00000000	0.00000000	0.00000000	96.00000000
4878300.00000000	0.00000000	0.00000000	96.00000000
4878600.00000000	0.00000000	0.00000000	96.00000000
4878900.00000000	0.00000000	0.00000000	96.00000000
4879200.00000000	0.00000000	0.00000000	96.00000000
4879500.00000000	0.00000000	0.00000000	96.00000000
4879800.00000000	0.00000000	0.00000000	96.00000000
4880100.00000000	0.00000000	0.00000000	96.00000000
4880400.00000000	0.00000000	0.00000000	96.00000000
4880700.00000000	0.00000000	0.00000000	96.00000000
4881000.00000000	0.00000000	0.00000000	96.00000000
4881300.00000000	0.00000000	0.00000000	96.00000000
4881600.00000000	0.00000000	0.00000000	96.00000000
4881900.00000000	0.00000000	0.00000000	96.00000000
4882200.00000000	0.00000000	0.00000000	96.00000000
4882500.00000000	0.00000000	0.00000000	96.00000000
4882800.00000000	0.00000000	0.00000000	96.00000000
4883100.00000000	0.00000000	0.00000000	96.00000000
4883400.00000000	0.00000000	0.00000000	96.00000000
4883700.00000000	0.00000000	0.00000000	96.00000000
4884000.00000000	0.00000000	0.00000000	96.00000000
4884300.00000000	0.00000000	0.00000000	96.00000000
4884600.00000000	0.00000000	0.00000000	96.00000000
4884900.00000000	0.00000000	0.00000000	96.00000000
4885200.00000000	0.00000000	0.00000000	96.00000000
4885500.00000000	0.00000000	0.00000000	96.00000000
4885800.00000000	0.00000000	0.00000000	96.00000000
4886100.00000000	0.00000000	0.00000000	96.00000000
4886400.00000000	0.00000000	0.00000000	96.00000000
4886700.00000000	0.00000000	0.00000000	96.00000000
4887000.00000000	0.00000000	0.00000000	96.00000000
4887300.00000000	0.00000000	0.00000000	96.00000000
4887600.00000000	0.00000000	0.00000000	96.00000000
4887900.00000000	0.00000000	0.00000000	96.00000000
4888200.00000000	0.00000000	0.00000000	96.00000000
4888500.00000000	0.00000000	0.00000000	96.00000000
4888800.00000000	0.00000000	0.00000000	96.00000000
4889100.00000000	0.00000000	0.00000000	96.00000000
4889400.00000000	0.00000000	0.00000000	96.00000000
4889700.00000000	0.00000000	0.00000000	96.00000000
4890000.00000000	0.00000000	0.00000000	96.00000000
4890300.00000000	0.00000000	0.00000000	96.00000000
4890600.00000000	0.00000000	0.00000000	96.00000000
4890900.00000000	0.00000000	0.00000000	96.00000000
4891200.00000000	0.00000000	0.00000000	96.00000000
4891500.00000000	0.00000000	0.00000000	96.00000000
4891800.00000000	0.00000000	0.00000000	96.00000000
4892100.00000000	0.00000000	0.00000000	96.00000000
4892400.00000000	0.00000000	0.00000000	96.00000000
4892700.00000000	0.00000000	0.00000000	96.00000000
4893000.00000000	0.00000000	0.00000000	96.00000000
4893300.00000000	0.00000000	0.00000000	96.00000000
4893600.00000000	0.00000000	0.00000000	96.00000000
4893900.00000000	0.00000000	0.00000000	96.00000000
4894200.00000000	0.00000000	0.00000000	96.00000000
4894500.00000000	0.00000000	0.00000000	96.00000000
4894800.00000000	0.00000000	0.00000000	96.00000000
4895100.00000000	0.00000000	0.00000000	96.00000000
4895400.00000000	0.00000000	0.00000000	96.00000000
4895700.00000000	0.00000000	0.00000000	96.00000000
4896000.00000000	0.00000000	0.00000000	96.00000000
4896300.00000000	0.00000000	0.00000000	96.00000000
4896600.00000000	0.00000000	0.00000000	96.00000000
4896900.00000000	0.00000000	0.00000000	96.00000000
4897200.00000000	0.00000000	0.00000000	96.00000000
4897500.00000000	0.00000000	0.00000000	96.00000000
4897800.00000000	0.00000000	0.00000000	96.00000000
4898100.00000000	0.00000000	0.00000000	96.00000000
4898400.00000000	0.00000000	0.00000000	96.00000000
4898700.00000000	0.00000000	0.00000000	96.00000000
4899000.00000000	0.00000000	0.00000000	96.00000000
4899300.00000000	0.00000000	0.00000000	96.00000000
4899600.00000000	0.00000000	0.00000000	96.00000000
4899900.00000000	0.00000000	0.00000000	96.00000000
4900200.00000000	0.00000000	0.00000000	96.00000000
4900500.00000000	0.00000000	0.00000000	96.00000000
4900800.00000000	0.00000000	0.00000000	96.00000000
4901100.00000000	0.00000000	0.00000000	96.00000000
4901400.00000000	0.00000000	0.00000000	96.00000000
4901700.00000000	0.00000000	0.00000000	96.00000000
4902000.00000000	0.00000000	0.00000000	96.00000000
4902300.00000000	0.00000000	0.00000000	96.00000000
4902600.00000000	0.00000000	0.00000000	96.00000000
4902900.00000000	0.00000000	0.00000000	96.00000000
4903200.00000000	0.00000000	0.00000000	96.00000000
4903500.00000000	0.00000000	0.00000000	96.00000000
4903800.00000000	0.00000000	0.00000000	96.00000000
4904100.00000000	0.00000000	0.00000000	96.00000000
4904400.00000000	0.00000000	0.00000000	96.00000000
4904700.00000000	0.00000000	0.00000000	96.00000000
4905000.00000000	0.00000000	0.00000000	96.00000000
4905300.00000000	0.00000000	0.00000000	96.00000000
4905600.00000000	0.00000000	0.00000000	96.00000000
4905900.00000000	0.00000000	0.00000000	96.00000000
4906200.00000000	0.00000000	0.00000000	96.00000000
4906500.00000000	0.00000000	0.00000000	96.00000000
4906800.00000000	0.00000000	0.00000000	96.00000000
4907100.00000000	0.00000000	0.00000000	96.00000000
4907400.00000000	0.00000000	0.00000000	96.00000000
4907700.00000000	0.00000000	0.00000000	96.00000000
4908000.00000000	0.00000000	0.00000000	96.00000000
4908300.00000000	0.00000000	0.00000000	96.00000000
4908600.00000000	0.00000000	0.00000000	96.00000000
4908900.00000000	0.00000000	0.00000000	96.00000000
4909200.00000000	0.00000000	0.00000000	96.00000000
4909500.00000000	0.00000000	0.00000000	96.00000000
4909800.00000000	0.00000000	0.00000000	96.00000000
4910100.00000000	0.00000000	0.00000000	96.00000000
4910400.00000000	0.00000000	0.00000000	96.00000000
4910700.00000000	0.00000000	0.00000000	96.00000000
4911000.00000000	0.00000000	0.00000000	96.00000000
4911300.00000000	0.00000000	0.00000000	96.00000000
4911600.00000000	0.00000000	0.00000000	96.00000000
4911900.00000000	0.00000000	0.00000000	96.00000000
4912200.00000000	0.00000000	0.00000000	96.00000000
4912500.00000000	0.00000000	0.00000000	96.00000000
4912800.00000000	0.00000000	0.00000000	96.00000000
4913100.00000000	0.00000000	0.00000000	96.00000000
4913400.00000000	0.00000000	0.00000000	96.00000000
4913700.00000000	0.00000000	0.00000000	96.00000000
4914000.00000000	0.00000000	0.00000000	96.00000000
4914300.00000000	0.00000000	0.00000000	96.00000000
4914600.00000000	0.00000000	0.00000000	96.00000000
4914900.00000000	0.00000000	0.00000000	96.00000000
4915200.00000000	0.00000000	0.00000000	96.00000000
4915500.00000000	0.00000000	0.00000000	96.00000000
4915800.00000000	0.00000000	0.00000000	96.00000000
4916100.00000000	0.00000000	0.00000000	96.00000000
4916400.00000000	0.00000000	0.00000000	96.00000000
4916700.00000000	0.00000000	0.00000000	96.00000000
4917000.00000000	0.00000000	0.00000000	96.00000000
4917300.00000000	0.00000000	0.00000000	96.00000000
4917600.00000000	0.00000000	0.00000000	96.00000000
4917900.00000000	0.00000000	0.00000000	96.00000000
4918200.00000000	0.00000000	0.00000000	96.00000000
4918500.00000000	0.00000000	0.00000000	96.00000000
4918800.00000000	0.00000000	0.00000000	96.00000000
4919100.00000000	0.00000000	0.00000000	96.00000000
4919400.00000000	0.00000000	0.00000000	96.00000000
4919700.00000000	0.00000000	0.00000000	96.00000000
4920000.00000000	0.00000000	0.00000000	96.00000000
4920300.00000000	0.00000000	0.00000000	96.00000000
4920600.00000000	0.00000000	0.00000000	96.00000000
4920900.00000000	0.00000000	0.00000000	96.00000000
4921200.00000000	0.00000000	0.00000000	96.00000000
4921500.00000000	0.00000000	0.00000000	96.00000000
4921800.00000000	0.00000000	0.00000000	96.00000000
4922100.00000000	0.00000000	0.00000000	96.00000000
4922400.00000000	0.00000000	0.00000000	96.00000000
4922700.00000000	0.00000000	0.00000000	96.00000000
4923000.00000000	0.00000000	0.00000000	96.00000000
4923300.00000000	0.00000000	0.00000000	96.00000000
4923600.00000000	0.00000000	0.00000000	96.00000000
4923900.00000000	0.00000000	0.00000000	96.00000000
4924200.00000000	0.00000000	0.00000000	96.00000000
4924500.00000000	0.00000000	0.00000000	96.00000000
4924800.00000000	0.00000000	0.00000000	96.00000000
4925100.00000000	0.00000000	0.00000000	96.00000000
4925400.00000000	0.00000000	0.00000000	96.00000000
4925700.00000000	0.00000000	0.00000000	96.00000000
4926000.00000000	0.00000000	0.00000000	96.00000000
4926300.00000000	0.00000000	0.00000000	96.00000000
4926600.00000000	0.00000000	0.00000000	96.00000000
4926900.00000000	0.00000000	0.00000000	96.00000000
4927200.00000000	0.00000000	0.00000000	96.00000000
4927500.00000000	0.00000000	0.00000000	96.00000000
4927800.00000000	0.00000000	0.00000000	96.00000000
4928100.00000000	0.00000000	0.00000000	96.00000000
4928400.00000000	0.00000000	0.00000000	96.00000000
4928700.00000000	0.00000000	0.00000000	96.00000000
4929000.00000000	0.00000000	0.00000000	96.00000000
4929300.00000000	0.00000000	0.00000000	96.00000000
4929600.00000000	0.00000000	0.00000000	96.00000000
4929900.00000000	0.00000000	0.00000000	96.00000000
4930200.00000000	0.00000000	0.00000000	96.00000000
4930500.00000000	0.00000000	0.00000000	96.00000000
4930800.00000000	0.00000000	0.00000000	96.00000000
4931100.00000000	0.00000000	0.00000000	96.00000000
4931400.00000000	0.00000000	0.00000000	96.00000000
4931700.00000000	0.00000000	0.00000000	96.00000000
4932000.00000000	0.00000000	0.00000000	96.00000000
4932300.00000000	0.00000000	0.00000000	96.00000000
4932600.00000000	0.00000000	0.00000000	96.00000000
4932900.00000000	0.00000000	0.00000000	96.00000000
4933200.00000000	0.00000000	0.00000000	96.00000000
4933500.00000000	0.00000000	0.00000000	96.00000000
4933800.00000000	0.00000000	0.00000000	96.00000000
4934100.00000000	0.00000000	0.00000000	96.00000000
4934400.00000000	0.00000000	0.00000000	96.00000000
4934700.00000000	0.00000000	0.00000000	96.00000000
4935000.00000000	0.00000000	0.00000000	96.00000000
4935300.00000000	0.00000000	0.00000000	96.00000000
4935600.00000000	0.00000000	0.00000000	96.00000000
4935900.00000000	0.00000000	0.00000000	96.00000000
4936200.00000000	0.00000000	0.00000000	96.00000000
4936500.00000000	0.00000000	0.00000000	96.00000000
4936800.00000000	0.00000000	0.00000000	96.00000000
4937100.00000000	0.00000000	0.00000000	96.00000000
4937400.00000000	0.00000000	0.00000000	96.00000000
4937700.00000000	0.00000000	0.00000000	96.00000000
4938000.00000000	0.00000000	0.00000000	96.00000000
4938300.00000000	0.00000000	0.00000000	96.00000000
4938600.00000000	0.00000000	0.00000000	96.00000000
4938900.00000000	0.00000000	0.00000000	96.00000000
4939200.00000000	0.00000000	0.00000000	96.00000000
4939500.00000000	0.00000000	0.00000000	96.00000000
4939800.00000000	0.00000000	0.00000000	96.00000000
4940100.00000000	0.00000000	0.00000000	96.00000000
4940400.00000000	0.00000000	0.00000000	96.00000000
4940700.00000000	0.00000000	0.00000000	96.00000000
4941000.00000000	0.00000000	0.00000000	96.00000000
4941300.00000000	0.00000000	0.00000000	96.00000000
4941600.00000000	0.00000000	0.00000000	96.00000000
4941900.00000000	0.00000000	0.00000000	96.00000000
4942200.00000000	0.00000000	0.00000000	96.00000000
4942500.00000000	0.00000000	0.00000000	96.00000000
4942800.00000000	0.00000000	0.00000000	96.00000000
4943100.00000000	0.00000000	0.00000000	96.00000000
4943400.00000000	0.00000000	0.00000000	96.00000000
4943700.00000000	0.00000000	0.00000000	96.00000000
4944000.00000000	0.00000000	0.00000000	96.00000000
4944300.00000000	0.00000000	0.00000000	96.00000000
4944600.00000000	0.00000000	0.00000000	96.00000000
4944900.00000000	0.00000000	0.00000000	96.00000000
4945200.00000000	0.00000000	0.00000000	96.00000000
4945500.00000000	0.00000000	0.00000000	96.00000000
4945800.00000000	0.00000000	0.00000000	96.00000000
4946100.00000000	0.00000000	0.00000000	96.00000000
4946400.00000000	0.00000000	0.00000000	96.00000000
4946700.00000000	0.00000000	0.00000000	96.00000000
4947000.00000000	0.00000000	0.00000000	96.00000000
4947300.00000000	0.00000000	0.00000000	96.00000000
4947600.00000000	0.00000000	0.00000000	96.00000000
4947900.00000000	0.00000000	0.00000000	96.00000000
4948200.00000000	0.00000000	0.00000000	96.00000000
4948500.00000000	0.00000000	0.00000000	96.00000000
4948800.00000000	0.00000000	0.00000000	96.00000000
4949100.00000000	0.00000000	0.00000000	96.00000000
4949400.00000000	0.00000000	0.00000000	96.00000000
4949700.00000000	0.00000000	0.00000000	96.00000000
4950000.00000000	0.00000000	0.00000000	96.00000000
4950300.00000000	0.00000000	0.00000000	96.00000000
4950600.00000000	0.00000000	0.00000000	96.00000000
4950900.00000000	0.00000000	0.00000000	96.00000000
4951200.00000000	0.00000000	0.00000000	96.00000000
4951500.00000000	0.00000000	0.00000000	96.00000000
4951800.00000000	0.00000000	0.00000000	96.00000000
4952100.00000000	0.00000000	0.00000000	96.00000000
4952400.00000000	0.00000000	0.00000000	96.00000000
4952700.00000000	0.00000000	0.00000000	96.00000000
4953000.00000000	0.00000000	0.00000000	96.00000000
4953300.00000000	0.00000000	0.00000000	96.00000000
4953600.00000000	0.00000000	0.00000000	96.00000000
4953900.00000000	0.00000000	0.00000000	96.00000000
4954200.00000000	0.00000000	0.00000000	96.00000000
4954500.00000000	0.00000000	0.00000000	96.00000000
4954800.00000000	0.00000000	0.00000000	96.00000000
4955100.00000000	0.00000000	0.00000000	96.00000000
4955400.00000000	0.00000000	0.00000000	96.00000000
4955700.00000000	0.00000000	0.00000000	96.00000000
4956000.00000000	0.00000000	0.00000000	96.00000000
4956300.00000000	0.00000000	0.00000000	96.00000000
4956600.00000000	0.00000000	0.00000000	96.00000000
4956900.00000000	0.00000000	0.00000000	96.00000000
4957200.00000000	0.00000000	0.00000000	96.00000000
4957500.00000000	0.00000000	0.00000000	96.00000000
4957800.00000000	0.00000000	0.00000000	96.00000000
4958100.00000000	0.00000000	0.00000000	96.00000000
4958400.00000000	0.00000000	0.00000000	96.00000000
4958700.00000000	0.00000000	0.00000000	96.00000000
4959000.00000000	0.00000000	0.00000000	96.00000000
4959300.00000000	0.00000000	0.00000000	96.00000000
4959600.00000000	0.00000000	0.00000000	96.00000000
4959900.00000000	0.00000000	0.00000000	96.00000000
4960200.00000000	0.00000000	0.00000000	96.00000000
4960500.00000000	0.00000000	0.00000000	96.00000000
4960800.00000000	0.00000000	0.00000000	96.00000000
4961100.00000000	0.00000000	0.00000000	96.00000000
4961400.00000000	0.00000000	0.00000000	96.00000000
4961700.00000000	0.00000000	0.00000000	96.00000000
4962000.00000000	0.00000000	0.00000000	96.00000000
4962300.00000000	0.00000000	0.00000000	96.00000000
4962600.00000000	0.00000000	0.00000000	96.00000000
4962900.00000000	0.00000000	0.00000000	96.00000000
4963200.00000000	0.00000000	0.00000000	96.00000000
4963500.00000000	0.00000000	0.00000000	96.00000000
4963800.00000000	0.00000000	0.00000000	96.00000000
4964100.00000000	0.00000000	0.00000000	96.00000000
4964400.00000000	0.00000000	0.00000000	96.00000000
4964700.00000000	0.00000000	0.00000000	96.00000000
4965000.00000000	0.00000000	0.00000000	96.00000000
4965300.00000000	0.00000000	0.00000000	96.00000000
4965600.00000000	0.00000000	0.00000000	96.00000000
4965900.00000000	0.00000000	0.00000000	96.00000000
4966200.00000000	0.00000000	0.00000000	96.00000000
4966500.00000000	0.00000000	0.00000000	96.00000000
4966800.00000000	0.00000000	0.00000000	96.00000000
4967100.00000000	0.00000000	0.00000000	96.00000000
4967400.00000000	0.00000000	0.00000000	96.00000000
4967700.00000000	0.00000000	0.00000000	96.00000000
4968000.00000000	0.00000000	0.00000000	96.00000000
4968300.00000000	0.00000000	0.00000000	96.00000000
4968600.00000000	0.00000000	0.00000000	96.00000000
4968900.00000000	0.00000000	0.00000000	96.00000000
4969200.00000000	0.00000000	0.00000000	96.00000000
4969500.00000000	0.00000000	0.00000000	96.00000000
4969800.00000000	0.00000000	0.00000000	96.00000000
4970100.00000000	0.00000000	0.00000000	96.00000000
4970400.00000000	0.00000000	0.00000000	96.00000000
4970700.00000000	0.00000000	0.00000000	96.00000000
4971000.00000000	0.00000000	0.00000000	96.00000000
4971300.00000000	0.00000000	0.00000000	96.00000000
4971600.00000000	0.00000000	0.00000000	96.00000000
4971900.00000000	0.00000000	0.00000000	96.00000000
4972200.00000000	0.00000000	0.00000000	96.00000000
4972500.00000000	0.00000000	0.00000000	96.00000000
4972800.00000000	0.00000000	0.00000000	96.00000000
4973100.00000000	0.00000000	0.00000000	96.00000000
4973400.00000000	0.00000000	0.00000000	96.00000000
4973700.00000000	0.00000000	0.00000000	96.00000000
4974000.00000000	0.00000000	0.00000000	96.00000000
4974300.00000000	0.00000000	0.00000000	96.00000000
4974600.00000000	0.00000000	0.00000000	96.00000000
4974900.00000000	0.00000000	0.00000000	96.00000000
4975200.00000000	0.00000000	0.00000000	96.00000000
4975500.00000000	0.00000000	0.00000000	96.00000000
4975800.00000000	0.00000000	0.00000000	96.00000000
4976100.00000000	0.00000000	0.00000000	96.00000000
4976400.00000000	0.00000000	0.00000000	96.00000000
4976700.00000000	0.00000000	0.00000000	96.00000000
4977000.00000000	0.00000000	0.00000000	96.00000000
4977300.00000000	0.00000000	0.00000000	96.00000000
4977600.00000000	0.00000000	0.00000000	96.00000000
4977900.00000000	0.00000000	0.00000000	96.00000000
4978200.00000000	0.00000000	0.00000000	96.00000000
4978500.00000000	0.00000000	0.00000000	96.00000000
4978800.00000000	0.00000000	0.00000000	96.00000000
4979100.00000000	0.00000000	0.00000000	96.00000000
4979400.00000000	0.00000000	0.00000000	96.00000000
4979700.00000000	0.00000000	0.00000000	96.00000000
4980000.00000000	0.00000000	0.00000000	96.00000000
4980300.00000000	0.00000000	0.00000000	96.00000000
4980600.00000000	0.00000000	0.00000000	96.00000000
4980900.00000000	0.00000000	0.00000000	96.00000000
4981200.00000000	0.00000000	0.00000000	96.00000000
4981500.00000000	0.00000000	0.00000000	96.00000000
4981800.00000000	0.00000000	0.00000000	96.00000000
4982100.00000000	0.00000000	0.00000000	96.00000000
4982400.00000000	0.00000000	0.00000000	96.00000000
4982700.00000000	0.00000000	0.00000000	96.00000000
4983000.00000000	0.00000000	0.00000000	96.00000000
4983300.00000000	0.00000000	0.00000000	96.00000000
4983600.00000000	0.00000000	0.00000000	96.00000000
4983900.00000000	0.00000000	0.00000000	96.00000000
4984200.00000000	0.00000000	0.00000000	96.00000000
4984500.00000000	0.00000000	0.00000000	96.00000000
4984800.00000000	0.00000000	0.00000000	96.00000000
4985100.00000000	0.00000000	0.00000000	96.00000000
4985400.00000000	0.00000000	0.00000000	96.00000000
4985700.00000000	0.00000000	0.00000000	96.00000000
4986000.00000000	0.00000000	0.00000000	96.00000000
4986300.00000000	0.00000000	0.00000000	96.00000000
4986600.00000000	0.00000000	0.00000000	96.00000000
4986900.00000000	0.00000000	0.00000000	96.00000000
4987200.00000000	0.00000000	0.00000000	96.00000000
4987500.00000000	0.00000000	0.00000000	96.00000000
4987800.00000000	0.00000000	0.00000000	96.00000000
4988100.00000000	0.00000000	0.00000000	96.00000000
4988400.00000000	0.00000000	0.00000000	96.00000000
4988700.00000000	0.00000000	0.00000000	96.00000000
4989000.00000000	0.00000000	0.00000000	96.00000000
4989300.00000000	0.00000000	0.00000000	96.00000000
4989600.00000000	0.00000000	0.00000000	96.00000000
4989900.00000000	0.00000000	0.00000000	96.00000000
4990200.00000000	0.00000000	0.00000000	96.00000000
4990500.00000000	0.00000000	0.00000000	96.00000000
4990800.00000000	0.00000000	0.00000000	96.00000000
4991100.00000000	0.00000000	0.00000000	96.00000000
4991400.00000000	0.00000000	0.00000000	96.00000000
4991700.00000000	0.00000000	0.00000000	96.00000000
4992000.00000000	0.00000000	0.00000000	96.00000000
4992300.00000000	0.00000000	0.00000000	96.00000000
4992600.00000000	0.00000000	0.00000000	96.00000000
4992900.00000000	0.00000000	0.00000000	96.00000000
4993200.00000000	0.00000000	0.00000000	96.00000000
4993500.00000000	0.00000000	0.00000000	96.00000000
4993800.00000000	0.00000000	0.00000000	96.00000000
4994100.00000000	0.00000000	0.00000000	96.00000000
4994400.00000000	0.00000000	0.00000000	96.00000000
4994700.00000000	0.00000000	0.00000000	96.00000000
4995000.00000000	0.00000000	0.00000000	96.00000000
4995300.00000000	0.00000000	0.00000000	96.00000000
4995600.00000000	0.00000000	0.00000000	96.00000000
4995900.00000000	0.00000000	0.00000000	96.00000000
4996200.00000000	0.00000000	0.00000000	96.00000000
4996500.00000000	0.00000000	0.00000000	96.00000000
4996800.00000000	0.00000000	0.00000000	96.00000000
4997100.00000000	0.00000000	0.00000000	96.00000000
4997400.00000000	0.00000000	0.00000000	96.00000000
4997700.00000000	0.00000000	0.00000000	96.00000000
4998000.00000000	0.00000000	0.00000000	96.00000000
4998300.00000000	0.00000000	0.00000000	96.00000000
4998600.00000000	0.00000000	0.00000000	96.00000000
4998900.00000000	0.00000000	0.00000000	96.00000000
4999200.00000000	0.00000000	0.00000000	96.00000000
4999500.00000000	0.00000000	0.00000000	96.00000000
4999800.00000000	0.00000000	0.00000000	96.00000000
5000100.00000000	0.00000000	0.00000000	96.00000000
5000400.00000000	0.00000000	0.00000000	96.00000000
5000700.00000000	0.00000000	0.00000000	96.00000000
5001000.00000000	0.00000000	0.00000000	96.00000000
5001300.00000000	0.00000000	0.00000000	96.00000000
5001600.00000000	0.00000000	0.00000000	96.00000000
5001900.00000000	0.00000000	0.00000000	96.00000000
5002200.00000000	0.00000000	0.00000000	96.00000000
5002500.00000000	0.00000000	0.00000000	96.00000000
5002800.00000000	0.00000000	0.00000000	96.00000000
5003100.00000000	0.00000000	0.00000000	96.00000000
5003400.00000000	0.00000000	0.00000000	96.00000000
5003700.00000000	0.00000000	0.00000000	96.00000000
5004000.00000000	0.00000000	0.00000000	96.00000000
5004300.00000000	0.00000000	0.00000000	96.00000000
5004600.00000000	0.00000000	0.00000000	96.00000000
5004900.00000000	0.00000000	0.00000000	96.00000000
5005200.00000000	0.00000000	0.00000000	96.00000000
5005500.00000000	0.00000000	0.00000000	96.00000000
5005800.00000000	0.00000000	0.00000000	96.00000000
5006100.00000000	0.00000000	0.00000000	96.00000000
5006400.00000000	0.00000000	0.00000000	96.00000000
5006700.00000000	0.00000000	0.00000000	96.00000000
5007000.00000000	0.00000000	0.00000000	96.00000000
5007300.00000000	0.00000000	0.00000000	96.00000000
5007600.00000000	0.00000000	0.00000000	96.00000000
5007900.00000000	0.00000000	0.00000000	96.00000000
5008200.00000000	0.00000000	0.00000000	96.00000000
5008500.00000000	0.00000000	0.00000000	96.00000000
5008800.00000000	0.00000000	0.00000000	96.00000000
5009100.00000000	0.00000000	0.00000000	96.00000000
5009400.00000000	0.00000000	0.00000000	96.00000000
5009700.00000000	0.00000000	0.00000000	96.00000000
5010000.00000000	0.00000000	0.00000000	96.00000000
5010300.00000000	0.00000000	0.00000000	96.00000000
5010600.00000000	0.00000000	0.00000000	96.00000000
5010900.00000000	0.00000000	0.00000000	96.00000000
5011200.00000000	94.80000000	328.00000000	96.00000000
5011500.00000000	0.00000000	0.00000000	96.00000000
5011800.00000000	0.00000000	0.00000000	96.00000000
5012100.00000000	0.00000000	0.00000000	96.00000000
5012400.00000000	0.00000000	0.00000000	96.00000000
5012700.00000000	0.00000000	0.00000000	96.00000000
5013000.00000000	0.00000000	0.00000000	96.00000000
5013300.00000000	0.00000000	0.00000000	96.00000000
5013600.00000000	0.00000000	0.00000000	96.00000000
5013900.00000000	0.00000000	0.00000000	96.00000000
5014200.00000000	0.00000000	0.00000000	96.00000000
5014500.00000000	0.00000000	0.00000000	96.00000000
5014800.00000000	0.00000000	0.00000000	96.00000000
5015100.00000000	0.00000000	0.00000000	96.00000000
5015400.00000000	0.00000000	0.00000000	96.00000000
5015700.00000000	0.00000000	0.00000000	96.00000000
5016000.00000000	0.00000000	0.00000000	96.00000000
5016300.00000000	0.00000000	0.00000000	96.00000000
5016600.00000000	0.00000000	0.00000000	96.00000000
5016900.00000000	0.00000000	0.00000000	96.00000000
5017200.00000000	0.00000000	0.00000000	96.00000000
5017500.00000000	0.00000000	0.00000000	96.00000000
5017800.00000000	0.00000000	0.00000000	96.00000000
5018100.00000000	0.00000000	0.00000000	96.00000000
5018400.00000000	0.00000000	0.00000000	96.00000000
5018700.00000000	0.00000000	0.00000000	96.00000000
5019000.00000000	0.00000000	0.00000000	96.00000000
5019300.00000000	0.00000000	0.00000000	96.00000000
5019600.00000000	0.00000000	0.00000000	96.00000000
5019900.00000000	0.00000000	0.00000000	96.00000000
5020200.00000000	0.00000000	0.00000000	96.00000000
5020500.00000000	0.00000000	0.00000000	96.00000000
5020800.00000000	0.00000000	0.00000000	96.00000000
5021100.00000000	0.00000000	0.00000000	96.00000000
5021400.00000000	0.00000000	0.00000000	96.00000000
5021700.00000000	0.00000000	0.00000000	96.00000000
5022000.00000000	0.00000000	0.00000000	96.00000000
5022300.00000000	0.00000000	0.00000000	96.00000000
5022600.00000000	0.00000000	0.00000000	96.00000000
5022900.00000000	0.00000000	0.00000000	96.00000000
5023200.00000000	0.00000000	0.00000000	96.00000000
5023500.00000000	0.00000000	0.00000000	96.00000000
5023800.00000000	0.00000000	0.00000000	96.00000000
5024100.00000000	0.00000000	0.00000000	96.00000000
5024400.00000000	0.00000000	0.00000000	96.00000000
5024700.00000000	0.00000000	0.00000000	96.00000000
5025000.00000000	0.00000000	0.00000000	96.00000000
5025300.00000000	0.00000000	0.00000000	96.00000000
5025600.00000000	0.00000000	0.00000000	96.00000000
5025900.00000000	0.00000000	0.00000000	96.00000000
5026200.00000000	0.00000000	0.00000000	96.00000000
5026500.00000000	0.00000000	0.00000000	96.00000000
5026800.00000000	0.00000000	0.00000000	96.00000000
5027100.00000000	0.00000000	0.00000000	96.00000000
5027400.00000000	0.00000000	0.00000000	96.00000000
5027700.00000000	0.00000000	0.00000000	96.00000000
5028000.00000000	0.00000000	0.00000000	96.00000000
5028300.00000000	0.00000000	0.00000000	96.00000000
5028600.00000000	0.00000000	0.00000000	96.00000000
5028900.00000000	0.00000000	0.00000000	96.00000000
5029200.00000000	0.00000000	0.00000000	96.00000000
5029500.00000000	0.00000000	0.00000000	96.00000000
5029800.00000000	0.00000000	0.00000000	96.00000000
5030100.00000000	0.00000000	0.00000000	96.00000000
5030400.00000000	0.00000000	0.00000000	96.00000000
5030700.00000000	0.00000000	0.00000000	96.00000000
5031000.00000000	0.00000000	0.00000000	96.00000000
5031300.00000000	0.00000000	0.00000000	96.00000000
5031600.00000000	0.00000000	0.00000000	96.00000000
5031900.00000000	0.00000000	0.00000000	96.00000000
5032200.00000000	0.00000000	0.00000000	96.00000000
5032500.00000000	0.00000000	0.00000000	96.00000000
5032800.00000000	0.00000000	0.00000000	96.00000000
5033100.00000000	0.00000000	0.00000000	96.00000000
5033400.00000000	0.00000000	0.00000000	96.00000000
5033700.00000000	0.00000000	0.00000000	96.00000000
5034000.00000000	0.00000000	0.00000000	96.00000000
5034300.00000000	0.00000000	0.00000000	96.00000000
5034600.00000000	0.00000000	0.00000000	96.00000000
5034900.00000000	0.00000000	0.00000000	96.00000000
5035200.00000000	0.00000000	0.00000000	96.00000000
5035500.00000000	0.00000000	0.00000000	96.00000000
5035800.00000000	0.00000000	0.00000000	96.00000000
5036100.00000000	0.00000000	0.00000000	96.00000000
5036400.00000000	0.00000000	0.00000000	96.00000000
5036700.00000000	0.00000000	0.00000000	96.00000000
5037000.00000000	0.00000000	0.00000000	96.00000000
5037300.00000000	0.00000000	0.00000000	96.00000000
5037600.00000000	0.00000000	0.00000000	96.00000000
5037900.00000000	0.00000000	0.00000000	96.00000000
5038200.00000000	0.00000000	0.00000000	96.00000000
5038500.00000000	0.00000000	0.00000000	96.00000000
5038800.00000000	0.00000000	0.00000000	96.00000000
5039100.00000000	0.00000000	0.00000000	96.00000000
5039400.00000000	0.00000000	0.00000000	96.00000000
5039700.00000000	0.00000000	0.00000000	96.00000000
5040000.00000000	0.00000000	0.00000000	96.00000000
5040300.00000000	0.00000000	0.00000000	96.00000000
5040600.00000000	0.00000000	0.00000000	96.00000000
5040900.00000000	0.00000000	0.00000000	96.00000000
5041200.00000000	0.00000000	0.00000000	96.00000000
5041500.00000000	0.00000000	0.00000000	96.00000000
5041800.00000000	0.00000000	0.00000000	96.00000000
5042100.00000000	0.00000000	0.00000000	96.00000000
5042400.00000000	0.00000000	0.00000000	96.00000000
5042700.00000000	0.00000000	0.00000000	96.00000000
5043000.00000000	0.00000000	0.00000000	96.00000000
5043300.00000000	0.00000000	0.00000000	96.00000000
5043600.00000000	0.00000000	0.00000000	96.00000000
5043900.00000000	0.00000000	0.00000000	96.00000000
5044200.00000000	0.00000000	0.00000000	96.00000000
5044500.00000000	0.00000000	0.00000000	96.00000000
5044800.00000000	0.00000000	0.00000000	96.00000000
5045100.00000000	0.00000000	0.00000000	96.00000000
5045400.00000000	0.00000000	0.00000000	96.00000000
5045700.00000000	0.00000000	0.00000000	96.00000000
5046000.00000000	0.00000000	0.00000000	96.00000000
5046300.00000000	0.00000000	0.00000000	96.00000000
5046600.00000000	0.00000000	0.00000000	96.00000000
5046900.00000000	0.00000000	0.00000000	96.00000000
5047200.00000000	0.00000000	0.00000000	96.00000000
5047500.00000000	0.00000000	0.00000000	96.00000000
5047800.00000000	0.00000000	0.00000000	96.00000000
5048100.00000000	0.00000000	0.00000000	96.00000000
5048400.00000000	0.00000000	0.00000000	96.00000000
5048700.00000000	0.00000000	0.00000000	96.00000000
5049000.00000000	0.00000000	0.00000000	96.00000000
5049300.00000000	0.00000000	0.00000000	96.00000000
5049600.00000000	0.00000000	0.00000000	96.00000000
5049900.00000000	0.00000000	0.00000000	96.00000000
5050200.00000000	0.00000000	0.00000000	96.00000000
5050500.00000000	0.00000000	0.00000000	96.00000000
5050800.00000000	0.00000000	0.00000000	96.00000000
5051100.00000000	0.00000000	0.00000000	96.00000000
5051400.00000000	0.00000000	0.00000000	96.00000000
5051700.00000000	0.00000000	0.00000000	96.00000000
5052000.00000000	0.00000000	0.00000000	96.00000000
5052300.00000000	0.00000000	0.00000000	96.00000000
5052600.00000000	0.00000000	0.00000000	96.00000000
5052900.00000000	0.00000000	0.00000000	96.00000000
5053200.00000000	0.00000000	0.00000000	96.00000000
5053500.00000000	0.00000000	0.00000000	96.00000000
5053800.00000000	0.00000000	0.00000000	96.00000000
5054100.00000000	0.00000000	0.00000000	96.00000000
5054400.00000000	0.00000000	0.00000000	96.00000000
5054700.00000000	0.00000000	0.00000000	96.00000000
5055000.00000000	0.00000000	0.00000000	96.00000000
5055300.00000000	0.00000000	0.00000000	96.00000000
5055600.00000000	0.00000000	0.00000000	96.00000000
5055900.00000000	0.00000000	0.00000000	96.00000000
5056200.00000000	0.00000000	0.00000000	96.00000000
5056500.00000000	0.00000000	0.00000000	96.00000000
5056800.00000000	0.00000000	0.00000000	96.00000000
5057100.00000000	0.00000000	0.00000000	96.00000000
5057400.00000000	0.00000000	0.00000000	96.00000000
5057700.00000000	0.00000000	0.00000000	96.00000000
5058000.00000000	0.00000000	0.00000000	96.00000000
5058300.00000000	0.00000000	0.00000000	96.00000000
5058600.00000000	0.00000000	0.00000000	96.00000000
5058900.00000000	0.00000000	0.00000000	96.00000000
5059200.00000000	0.00000000	0.00000000	96.00000000
5059500.00000000	0.00000000	0.00000000	96.00000000
5059800.00000000	0.00000000	0.00000000	96.00000000
5060100.00000000	0.00000000	0.00000000	96.00000000
5060400.00000000	0.00000000	0.00000000	96.00000000
5060700.00000000	0.00000000	0.00000000	96.00000000
5061000.00000000	0.00000000	0.00000000	96.00000000
5061300.00000000	0.00000000	0.00000000	96.00000000
5061600.00000000	0.00000000	0.00000000	96.00000000
5061900.00000000	0.00000000	0.00000000	96.00000000
5062200.00000000	0.00000000	0.00000000	96.00000000
5062500.00000000	0.00000000	0.00000000	96.00000000
5062800.00000000	0.00000000	0.00000000	96.00000000
5063100.00000000	0.00000000	0.00000000	96.00000000
5063400.00000000	0.00000000	0.00000000	96.00000000
5063700.00000000	0.00000000	0.00000000	96.00000000
5064000.00000000	0.00000000	0.00000000	96.00000000
5064300.00000000	0.00000000	0.00000000	96.00000000
5064600.00000000	0.00000000	0.00000000	96.00000000
5064900.00000000	0.00000000	0.00000000	96.00000000
5065200.00000000	0.00000000	0.00000000	96.00000000
5065500.00000000	0.00000000	0.00000000	96.00000000
5065800.00000000	0.00000000	0.00000000	96.00000000
5066100.00000000	0.00000000	0.00000000	96.00000000
5066400.00000000	0.00000000	0.00000000	96.00000000
5066700.00000000	0.00000000	0.00000000	96.00000000
5067000.00000000	0.00000000	0.00000000	96.00000000
5067300.00000000	0.00000000	0.00000000	96.00000000
5067600.00000000	0.00000000	0.00000000	96.00000000
5067900.00000000	0.00000000	0.00000000	96.00000000
5068200.00000000	0.00000000	0.00000000	96.00000000
5068500.00000000	0.00000000	0.00000000	96.00000000
5068800.00000000	0.00000000	0.00000000	96.00000000
5069100.00000000	0.00000000	0.00000000	96.00000000
5069400.00000000	0.00000000	0.00000000	96.00000000
5069700.00000000	0.00000000	0.00000000	96.00000000
5070000.00000000	0.00000000	0.00000000	96.00000000
5070300.00000000	0.00000000	0.00000000	96.00000000
5070600.00000000	0.00000000	0.00000000	96.00000000
5070900.00000000	0.00000000	0.00000000	96.00000000
5071200.00000000	0.00000000	0.00000000	96.00000000
5071500.00000000	0.00000000	0.00000000	96.00000000
5071800.00000000	0.00000000	0.00000000	96.00000000
5072100.00000000	0.00000000	0.00000000	96.00000000
5072400.00000000	0.00000000	0.00000000	96.00000000
5072700.00000000	0.00000000	0.00000000	96.00000000
5073000.00000000	0.00000000	0.00000000	96.00000000
5073300.00000000	0.00000000	0.00000000	96.00000000
5073600.00000000	0.00000000	0.00000000	96.00000000
5073900.00000000	0.00000000	0.00000000	96.00000000
5074200.00000000	0.00000000	0.00000000	96.00000000
5074500.00000000	0.00000000	0.00000000	96.00000000
5074800.00000000	0.00000000	0.00000000	96.00000000
5075100.00000000	0.00000000	0.00000000	96.00000000
5075400.00000000	0.00000000	0.00000000	96.00000000
5075700.00000000	0.00000000	0.00000000	96.00000000
5076000.00000000	0.00000000	0.00000000	96.00000000
5076300.00000000	0.00000000	0.00000000	96.00000000
5076600.00000000	0.00000000	0.00000000	96.00000000
5076900.00000000	0.00000000	0.00000000	96.00000000
5077200.00000000	0.00000000	0.00000000	96.00000000
5077500.00000000	0.00000000	0.00000000	96.00000000
5077800.00000000	0.00000000	0.00000000	96.00000000
5078100.00000000	0.00000000	0.00000000	96.00000000
5078400.00000000	0.00000000	0.00000000	96.00000000
5078700.00000000	0.00000000	0.00000000	96.00000000
5079000.00000000	0.00000000	0.00000000	96.00000000
5079300.00000000	0.00000000	0.00000000	96.00000000
5079600.00000000	0.00000000	0.00000000	96.00000000
5079900.00000000	0.00000000	0.00000000	96.00000000
5080200.00000000	0.00000000	0.00000000	96.00000000
5080500.00000000	0.00000000	0.00000000	96.00000000
5080800.00000000	0.00000000	0.00000000	96.00000000
5081100.00000000	0.00000000	0.00000000	96.00000000
5081400.00000000	0.00000000	0.00000000	96.00000000
5081700.00000000	0.00000000	0.00000000	96.00000000
5082000.00000000	0.00000000	0.00000000	96.00000000
5082300.00000000	0.00000000	0.00000000	96.00000000
5082600.00000000	0.00000000	0.00000000	96.00000000
5082900.00000000	0.00000000	0.00000000	96.00000000
5083200.00000000	0.00000000	0.00000000	96.00000000
5083500.00000000	0.00000000	0.00000000	96.00000000
5083800.00000000	0.00000000	0.00000000	96.00000000
5084100.00000000	0.00000000	0.00000000	96.00000000
5084400.00000000	0.00000000	0.00000000	96.00000000
5084700.00000000	0.00000000	0.00000000	96.00000000
5085000.00000000	0.00000000	0.00000000	96.00000000
5085300.00000000	0.00000000	0.00000000	96.00000000
5085600.00000000	0.00000000	0.00000000	96.00000000
5085900.00000000	0.00000000	0.00000000	96.00000000
5086200.00000000	0.00000000	0.00000000	96.00000000
5086500.00000000	0.00000000	0.00000000	96.00000000
5086800.00000000	0.00000000	0.00000000	96.00000000
5087100.00000000	0.00000000	0.00000000	96.00000000
5087400.00000000	0.00000000	0.00000000	96.00000000
5087700.00000000	0.00000000	0.00000000	96.00000000
5088000.00000000	0.00000000	0.00000000	96.00000000
5088300.00000000	0.00000000	0.00000000	96.00000000
5088600.00000000	0.00000000	0.00000000	96.00000000
5088900.00000000	0.00000000	0.00000000	96.00000000
5089200.00000000	0.00000000	0.00000000	96.00000000
5089500.00000000	0.00000000	0.00000000	96.00000000
5089800.00000000	0.00000000	0.00000000	96.00000000
5090100.00000000	0.00000000	0.00000000	96.00000000
5090400.00000000	0.00000000	0.00000000	96.00000000
5090700.00000000	0.00000000	0.00000000	96.00000000
5091000.00000000	0.00000000	0.00000000	96.00000000
5091300.00000000	0.00000000	0.00000000	96.00000000
5091600.00000000	0.00000000	0.00000000	96.00000000
5091900.00000000	0.00000000	0.00000000	96.00000000
5092200.00000000	0.00000000	0.00000000	96.00000000
5092500.00000000	0.00000000	0.00000000	96.00000000
5092800.00000000	0.00000000	0.00000000	96.00000000
5093100.00000000	0.00000000	0.00000000	96.00000000
5093400.00000000	0.00000000	0.00000000	96.00000000
5093700.00000000	0.00000000	0.00000000	96.00000000
5094000.00000000	0.00000000	0.00000000	96.00000000
5094300.00000000	0.00000000	0.00000000	96.00000000
5094600.00000000	0.00000000	0.00000000	96.00000000
5094900.00000000	0.00000000	0.00000000	96.00000000
5095200.00000000	0.00000000	0.00000000	96.00000000
5095500.00000000	0.00000000	0.00000000	96.00000000
5095800.00000000	0.00000000	0.00000000	96.00000000
5096100.00000000	0.00000000	0.00000000	96.00000000
5096400.00000000	0.00000000	0.00000000	96.00000000
5096700.00000000	0.00000000	0.00000000	96.00000000
5097000.00000000	0.00000000	0.00000000	96.00000000
5097300.00000000	0.00000000	0.00000000	96.00000000
5097600.00000000	0.00000000	0.00000000	96.00000000
5097900.00000000	0.00000000	0.00000000	96.00000000
5098200.00000000	0.00000000	0.00000000	96.00000000
5098500.00000000	0.00000000	0.00000000	96.00000000
5098800.00000000	0.00000000	0.00000000	96.00000000
5099100.00000000	0.00000000	0.00000000	96.00000000
5099400.00000000	0.00000000	0.00000000	96.00000000
5099700.00000000	0.00000000	0.00000000	96.00000000
5100000.00000000	0.00000000	0.00000000	96.00000000
5100300.00000000	0.00000000	0.00000000	96.00000000
5100600.00000000	0.00000000	0.00000000	96.00000000
5100900.00000000	0.00000000	0.00000000	96.00000000
5101200.00000000	0.00000000	0.00000000	96.00000000
5101500.00000000	0.00000000	0.00000000	96.00000000
5101800.00000000	0.00000000	0.00000000	96.00000000
5102100.00000000	0.00000000	0.00000000	96.00000000
5102400.00000000	0.00000000	0.00000000	96.00000000
5102700.00000000	0.00000000	0.00000000	96.00000000
5103000.00000000	0.00000000	0.00000000	96.00000000
5103300.00000000	0.00000000	0.00000000	96.00000000
5103600.00000000	0.00000000	0.00000000	96.00000000
5103900.00000000	0.00000000	0.00000000	96.00000000
5104200.00000000	0.00000000	0.00000000	96.00000000
5104500.00000000	0.00000000	0.00000000	96.00000000
5104800.00000000	0.00000000	0.00000000	96.00000000
5105100.00000000	0.00000000	0.00000000	96.00000000
5105400.00000000	0.00000000	0.00000000	96.00000000
5105700.00000000	0.00000000	0.00000000	96.00000000
5106000.00000000	0.00000000	0.00000000	96.00000000
5106300.00000000	0.00000000	0.00000000	96.00000000
5106600.00000000	0.00000000	0.00000000	96.00000000
5106900.00000000	0.00000000	0.00000000	96.00000000
5107200.00000000	0.00000000	0.00000000	96.00000000
5107500.00000000	0.00000000	0.00000000	96.00000000
5107800.00000000	0.00000000	0.00000000	96.00000000
5108100.00000000	0.00000000	0.00000000	96.00000000
5108400.00000000	0.00000000	0.00000000	96.00000000
5108700.00000000	0.00000000	0.00000000	96.00000000
5109000.00000000	0.00000000	0.00000000	96.00000000
5109300.00000000	0.00000000	0.00000000	96.00000000
5109600.00000000	0.00000000	0.00000000	96.00000000
5109900.00000000	0.00000000	0.00000000	96.00000000
5110200.00000000	0.00000000	0.00000000	96.00000000
5110500.00000000	0.00000000	0.00000000	96.00000000
5110800.00000000	0.00000000	0.00000000	96.00000000
5111100.00000000	0.00000000	0.00000000	96.00000000
5111400.00000000	0.00000000	0.00000000	96.00000000
5111700.00000000	0.00000000	0.00000000	96.00000000
5112000.00000000	0.00000000	0.00000000	96.00000000
5112300.00000000	0.00000000	0.00000000	96.00000000
5112600.00000000	0.00000000	0.00000000	96.00000000
5112900.00000000	0.00000000	0.00000000	96.00000000
5113200.00000000	0.00000000	0.00000000	96.00000000
5113500.00000000	0.00000000	0.00000000	96.00000000
5113800.00000000	0.00000000	0.00000000	96.00000000
5114100.00000000	0.00000000	0.00000000	96.00000000
5114400.00000000	0.00000000	0.00000000	96.00000000
5114700.00000000	0.00000000	0.00000000	96.00000000
5115000.00000000	0.00000000	0.00000000	96.00000000
5115300.00000000	0.00000000	0.00000000	96.00000000
5115600.00000000	0.00000000	0.00000000	96.00000000
5115900.00000000	0.00000000	0.00000000	96.00000000
5116200.00000000	0.00000000	0.00000000	96.00000000
5116500.00000000	0.00000000	0.00000000	96.00000000
5116800.00000000	0.00000000	0.00000000	96.00000000
5117100.00000000	0.00000000	0.00000000	96.00000000
5117400.00000000	0.00000000	0.00000000	96.00000000
5117700.00000000	0.00000000	0.00000000	96.00000000
5118000.00000000	0.00000000	0.00000000	96.00000000
5118300.00000000	0.00000000	0.00000000	96.00000000
5118600.00000000	0.00000000	0.00000000	96.00000000
5118900.00000000	0.00000000	0.00000000	96.00000000
5119200.00000000	0.00000000	0.00000000	96.00000000
5119500.00000000	0.00000000	0.00000000	96.00000000
5119800.00000000	0.00000000	0.00000000	96.00000000
5120100.00000000	0.00000000	0.00000000	96.00000000
5120400.00000000	0.00000000	0.00000000	96.00000000
5120700.00000000	0.00000000	0.00000000	96.00000000
5121000.00000000	0.00000000	0.00000000	96.00000000
5121300.00000000	0.00000000	0.00000000	96.00000000
5121600.00000000	0.00000000	0.00000000	96.00000000
5121900.00000000	0.00000000	0.00000000	96.00000000
5122200.00000000	0.00000000	0.00000000	96.00000000
5122500.00000000	0.00000000	0.00000000	96.00000000
5122800.00000000	0.00000000	0.00000000	96.00000000
5123100.00000000	0.00000000	0.00000000	96.00000000
5123400.00000000	0.00000000	0.00000000	96.00000000
5123700.00000000	0.00000000	0.00000000	96.00000000
5124000.00000000	0.00000000	0.00000000	96.00000000
5124300.00000000	0.00000000	0.00000000	96.00000000
5124600.00000000	0.00000000	0.00000000	96.00000000
5124900.00000000	0.00000000	0.00000000	96.00000000
5125200.00000000	0.00000000	0.00000000	96.00000000
5125500.00000000	0.00000000	0.00000000	96.00000000
5125800.00000000	0.00000000	0.00000000	96.00000000
5126100.00000000	0.00000000	0.00000000	96.00000000
5126400.00000000	0.00000000	0.00000000	96.00000000
5126700.00000000	0.00000000	0.00000000	96.00000000
5127000.00000000	0.00000000	0.00000000	96.00000000
5127300.00000000	0.00000000	0.00000000	96.00000000
5127600.00000000	0.00000000	0.00000000	96.00000000
5127900.00000000	0.00000000	0.00000000	96.00000000
5128200.00000000	0.00000000	0.00000000	96.00000000
5128500.00000000	0.00000000	0.00000000	96.00000000
5128800.00000000	0.00000000	0.00000000	96.00000000
5129100.00000000	0.00000000	0.00000000	96.00000000
5129400.00000000	0.00000000	0.00000000	96.00000000
5129700.00000000	0.00000000	0.00000000	96.00000000
5130000.00000000	0.00000000	0.00000000	96.00000000
5130300.00000000	0.00000000	0.00000000	96.00000000
5130600.00000000	0.00000000	0.00000000	96.00000000
5130900.00000000	0.00000000	0.00000000	96.00000000
5131200.00000000	0.00000000	0.00000000	96.00000000
5131500.00000000	0.00000000	0.00000000	96.00000000
5131800.00000000	0.00000000	0.00000000	96.00000000
5132100.00000000	0.00000000	0.00000000	96.00000000
5132400.00000000	0.00000000	0.00000000	96.00000000
5132700.00000000	0.00000000	0.00000000	96.00000000
5133000.00000000	0.00000000	0.00000000	96.00000000
5133300.00000000	0.00000000	0.00000000	96.00000000
5133600.00000000	0.00000000	0.00000000	96.00000000
5133900.00000000	0.00000000	0.00000000	96.00000000
5134200.00000000	0.00000000	0.00000000	96.00000000
5134500.00000000	0.00000000	0.00000000	96.00000000
5134800.00000000	0.00000000	0.00000000	96.00000000
5135100.00000000	0.00000000	0.00000000	96.00000000
5135400.00000000	0.00000000	0.00000000	96.00000000
5135700.00000000	0.00000000	0.00000000	96.00000000
5136000.00000000	0.00000000	0.00000000	96.00000000
5136300.00000000	0.00000000	0.00000000	96.00000000
5136600.00000000	0.00000000	0.00000000	96.00000000
5136900.00000000	0.00000000	0.00000000	96.00000000
5137200.00000000	0.00000000	0.00000000	96.00000000
5137500.00000000	0.00000000	0.00000000	96.00000000
5137800.00000000	0.00000000	0.00000000	96.00000000
5138100.00000000	0.00000000	0.00000000	96.00000000
5138400.00000000	0.00000000	0.00000000	96.00000000
5138700.00000000	0.00000000	0.00000000	96.00000000
5139000.00000000	0.00000000	0.00000000	96.00000000
5139300.00000000	0.00000000	0.00000000	96.00000000
5139600.00000000	0.00000000	0.00000000	96.00000000
5139900.00000000	0.00000000	0.00000000	96.00000000
5140200.00000000	0.00000000	0.00000000	96.00000000
5140500.00000000	0.00000000	0.00000000	96.00000000
5140800.00000000	0.00000000	0.00000000	96.00000000
5141100.00000000	0.00000000	0.00000000	96.00000000
5141400.00000000	0.00000000	0.00000000	96.00000000
5141700.00000000	0.00000000	0.00000000	96.00000000
5142000.00000000	0.00000000	0.00000000	96.00000000
5142300.00000000	0.00000000	0.00000000	96.00000000
5142600.00000000	0.00000000	0.00000000	96.00000000
5142900.00000000	0.00000000	0.00000000	96.00000000
5143200.00000000	0.00000000	0.00000000	96.00000000
5143500.00000000	0.00000000	0.00000000	96.00000000
5143800.00000000	0.00000000	0.00000000	96.00000000
5144100.00000000	0.00000000	0.00000000	96.00000000
5144400.00000000	0.00000000	0.00000000	96.00000000
5144700.00000000	0.00000000	0.00000000	96.00000000
5145000.00000000	0.00000000	0.00000000	96.00000000
5145300.00000000	0.00000000	0.00000000	96.00000000
5145600.00000000	0.00000000	0.00000000	96.00000000
5145900.00000000	0.00000000	0.00000000	96.00000000
5146200.00000000	0.00000000	0.00000000	96.00000000
5146500.00000000	0.00000000	0.00000000	96.00000000
5146800.00000000	0.00000000	0.00000000	96.00000000
5147100.00000000	0.00000000	0.00000000	96.00000000
5147400.00000000	0.00000000	0.00000000	96.00000000
5147700.00000000	0.00000000	0.00000000	96.00000000
5148000.00000000	0.00000000	0.00000000	96.00000000
5148300.00000000	0.00000000	0.00000000	96.00000000
5148600.00000000	0.00000000	0.00000000	96.00000000
5148900.00000000	0.00000000	0.00000000	96.00000000
5149200.00000000	0.00000000	0.00000000	96.00000000
5149500.00000000	0.00000000	0.00000000	96.00000000
5149800.00000000	0.00000000	0.00000000	96.00000000
5150100.00000000	0.00000000	0.00000000	96.00000000
5150400.00000000	0.00000000	0.00000000	96.00000000
5150700.00000000	0.00000000	0.00000000	96.00000000
5151000.00000000	0.00000000	0.00000000	96.00000000
5151300.00000000	0.00000000	0.00000000	96.00000000
5151600.00000000	0.00000000	0.00000000	96.00000000
5151900.00000000	0.00000000	0.00000000	96.00000000
5152200.00000000	0.00000000	0.00000000	96.00000000
5152500.00000000	0.00000000	0.00000000	96.00000000
5152800.00000000	0.00000000	0.00000000	96.00000000
5153100.00000000	0.00000000	0.00000000	96.00000000
5153400.00000000	0.00000000	0.00000000	96.00000000
5153700.00000000	0.00000000	0.00000000	96.00000000
5154000.00000000	0.00000000	0.00000000	96.00000000
5154300.00000000	0.00000000	0.00000000	96.00000000
5154600.00000000	0.00000000	0.00000000	96.00000000
5154900.00000000	0.00000000	0.00000000	96.00000000
5155200.00000000	0.00000000	0.00000000	96.00000000
5155500.00000000	0.00000000	0.00000000	96.00000000
5155800.00000000	0.00000000	0.00000000	96.00000000
5156100.00000000	0.00000000	0.00000000	96.00000000
5156400.00000000	0.00000000	0.00000000	96.00000000
5156700.00000000	0.00000000	0.00000000	96.00000000
5157000.00000000	0.00000000	0.00000000	96.00000000
5157300.00000000	0.00000000	0.00000000	96.00000000
5157600.00000000	0.00000000	0.00000000	96.00000000
5157900.00000000	0.00000000	0.00000000	96.00000000
5158200.00000000	0.00000000	0.00000000	96.00000000
5158500.00000000	0.00000000	0.00000000	96.00000000
5158800.00000000	0.00000000	0.00000000	96.00000000
5159100.00000000	0.00000000	0.00000000	96.00000000
5159400.00000000	0.00000000	0.00000000	96.00000000
5159700.00000000	0.00000000	0.00000000	96.00000000
5160000.00000000	0.00000000	0.00000000	96.00000000
5160300.00000000	0.00000000	0.00000000	96.00000000
5160600.00000000	0.00000000	0.00000000	96.00000000
5160900.00000000	0.00000000	0.00000000	96.00000000
5161200.00000000	0.00000000	0.00000000	96.00000000
5161500.00000000	0.00000000	0.00000000	96.00000000
5161800.00000000	0.00000000	0.00000000	96.00000000
5162100.00000000	0.00000000	0.00000000	96.00000000
5162400.00000000	0.00000000	0.00000000	96.00000000
5162700.00000000	0.00000000	0.00000000	96.00000000
5163000.00000000	0.00000000	0.00000000	96.00000000
5163300.00000000	0.00000000	0.00000000	96.00000000
5163600.00000000	0.00000000	0.00000000	96.00000000
5163900.00000000	0.00000000	0.00000000	96.00000000
5164200.00000000	0.00000000	0.00000000	96.00000000
5164500.00000000	0.00000000	0.00000000	96.00000000
5164800.00000000	0.00000000	0.00000000	96.00000000
5165100.00000000	0.00000000	0.00000000	96.00000000
5165400.00000000	0.00000000	0.00000000	96.00000000
5165700.00000000	0.00000000	0.00000000	96.00000000
5166000.00000000	0.00000000	0.00000000	96.00000000
5166300.00000000	0.00000000	0.00000000	96.00000000
5166600.00000000	0.00000000	0.00000000	96.00000000
5166900.00000000	0.00000000	0.00000000	96.00000000
5167200.00000000	0.00000000	0.00000000	96.00000000
5167500.00000000	0.00000000	0.00000000	96.00000000
5167800.00000000	0.00000000	0.00000000	96.00000000
5168100.00000000	0.00000000	0.00000000	96.00000000
5168400.00000000	0.00000000	0.00000000	96.00000000
5168700.00000000	0.00000000	0.00000000	96.00000000
5169000.00000000	0.00000000	0.00000000	96.00000000
5169300.00000000	0.00000000	0.00000000	96.00000000
5169600.00000000	0.00000000	0.00000000	96.00000000
5169900.00000000	0.00000000	0.00000000	96.00000000
5170200.00000000	0.00000000	0.00000000	96.00000000
5170500.00000000	0.00000000	0.00000000	96.00000000
5170800.00000000	0.00000000	0.00000000	96.00000000
5171100.00000000	0.00000000	0.00000000	96.00000000
5171400.00000000	0.00000000	0.00000000	96.00000000
5171700.00000000	0.00000000	0.00000000	96.00000000
5172000.00000000	0.00000000	0.00000000	96.00000000
5172300.00000000	0.00000000	0.00000000	96.00000000
5172600.00000000	0.00000000	0.00000000	96.00000000
5172900.00000000	0.00000000	0.00000000	96.00000000
5173200.00000000	0.00000000	0.00000000	96.00000000
5173500.00000000	0.00000000	0.00000000	96.00000000
5173800.00000000	0.00000000	0.00000000	96.00000000
5174100.00000000	0.00000000	0.00000000	96.00000000
5174400.00000000	0.00000000	0.00000000	96.00000000
5174700.00000000	0.00000000	0.00000000	96.00000000
5175000.00000000	0.00000000	0.00000000	96.00000000
5175300.00000000	0.00000000	0.00000000	96.00000000
5175600.00000000	0.00000000	0.00000000	96.00000000
5175900.00000000	0.00000000	0.00000000	96.00000000
5176200.00000000	0.00000000	0.00000000	96.00000000
5176500.00000000	0.00000000	0.00000000	96.00000000
5176800.00000000	0.00000000	0.00000000	96.00000000
5177100.00000000	0.00000000	0.00000000	96.00000000
5177400.00000000	0.00000000	0.00000000	96.00000000
5177700.00000000	0.00000000	0.00000000	96.00000000
5178000.00000000	0.00000000	0.00000000	96.00000000
5178300.00000000	0.00000000	0.00000000	96.00000000
5178600.00000000	0.00000000	0.00000000	96.00000000
5178900.00000000	0.00000000	0.00000000	96.00000000
5179200.00000000	0.00000000	0.00000000	96.00000000
5179500.00000000	0.00000000	0.00000000	96.00000000
5179800.00000000	0.00000000	0.00000000	96.00000000
5180100.00000000	0.00000000	0.00000000	96.00000000
5180400.00000000	0.00000000	0.00000000	96.00000000
5180700.00000000	0.00000000	0.00000000	96.00000000
5181000.00000000	0.00000000	0.00000000	96.00000000
5181300.00000000	0.00000000	0.00000000	96.00000000
5181600.00000000	0.00000000	0.00000000	96.00000000
5181900.00000000	0.00000000	0.00000000	96.00000000
5182200.00000000	0.00000000	0.00000000	96.00000000
5182500.00000000	0.00000000	0.00000000	96.00000000
5182800.00000000	0.00000000	0.00000000	96.00000000
5183100.00000000	0.00000000	0.00000000	96.00000000
5183400.00000000	0.00000000	0.00000000	96.00000000
5183700.00000000	0.00000000	0.00000000	96.00000000
5184000.00000000	0.00000000	0.00000000	96.00000000
