Timestamp,Qgas,xch4,xco2,Sac,Spro,Sin,pH
2023-10-25 13:00:00,0.5740069647278112,0.6062903678052884,0.3967240182858231,1076.84,18.657799999999998,116.75099999999999,7.410056805554931
2023-10-25 14:00:00,0.9312172635251398,0.5879483159687655,0.40550641966678147,1091.5329714387842,37.55829321108183,116.82559030393517,7.299807406210293
2023-10-25 15:00:00,0.8788789724532629,0.579841861358377,0.4174283930054054,1094.9130090395818,49.07531877926583,116.76350161396824,7.302896601725268
2023-10-25 16:00:00,0.8362212938247285,0.5730002569598898,0.4267109907615199,1097.5567057199698,58.170753519585226,116.69872501265593,7.305114122036806
2023-10-25 17:00:00,0.8038414627076517,0.5669580644660422,0.4342166912885167,1100.0156066098825,65.6180716270867,116.63450544030957,7.3064627131061615
2023-10-25 18:00:00,0.7798021347570518,0.5615265821152775,0.4404509512592354,1102.427707707795,71.83034944567302,116.57076516038538,7.307114548694624
2023-10-25 19:00:00,0.7622033667939924,0.5566019899522102,0.44575146695250606,1104.849558295803,77.09477848678569,116.50738551516253,7.307247471414923
2023-10-25 20:00:00,0.7494400528000499,0.55212748056229,0.4503346588508865,1107.2923030408251,81.60631989465776,116.44429231164627,7.307016860392443
2023-10-25 21:00:00,0.7403610261814491,0.548069934100493,0.45433057753265405,1109.750017822862,85.48952969473173,116.38144301142518,7.306535260239936
2023-10-25 22:00:00,0.7341921223861722,0.544425967701624,0.45780780713534686,1112.2125256230854,88.81007169203441,116.31882020977332,7.305884802436727
2023-10-25 23:00:00,0.7298679071422549,0.5411235726860253,0.46089908128818224,1114.6663903001727,91.70854954040391,116.256378448642,7.305155158495881
2023-10-26 00:00:00,0.7269518713811581,0.5381552345191307,0.4636390075807262,1117.0984577553943,94.2235458611641,116.19411500202939,7.304390942102891
2023-10-26 01:00:00,0.725101965751049,0.5355025927792788,0.4660626127892726,1119.499026252231,96.39498872552734,116.13202429730875,7.303622929664737
2023-10-26 02:00:00,0.7239769847777745,0.5331391256818728,0.4682099296060735,1121.857838059961,98.26901847430166,116.07010041680698,7.302879238590196
2023-10-26 03:00:00,0.7233806175215667,0.5310439313202509,0.47010738662421364,1124.168211091362,99.87663529629963,116.0083406293262,7.302174287541428
2023-10-26 04:00:00,0.7231388759133611,0.5291934415413314,0.4717818248335434,1126.4238110154542,101.24928635348004,115.94674289411084,7.301519292285407
2023-10-26 05:00:00,0.7231270270835072,0.527565335384364,0.47325631470498014,1128.619648718302,102.4140150646013,115.88530616881907,7.300920573733759
2023-10-26 06:00:00,0.7232660944145128,0.5261404337886728,0.47454917377468064,1130.7522832518825,103.39215179513303,115.8240300341312,7.300380486248238
2023-10-26 07:00:00,0.7234870238626386,0.5248966515027763,0.4756805216826034,1132.8185319746362,104.2068847331174,115.76291433891384,7.299899324986346
2023-10-26 08:00:00,0.7237533852281627,0.5238180607673687,0.4766643588474849,1134.8166282245825,104.87418919446448,115.70195908315462,7.299475770157636
2023-10-26 09:00:00,0.7240389519405883,0.5228901207379278,0.4775132593215657,1136.7453109760406,105.40826592649155,115.64116421966428,7.299107789241922
2023-10-26 10:00:00,0.7243180382900132,0.5220931836350918,0.4782440211788211,1138.6034089496152,105.82789403134105,115.58052974895007,7.298791459231069
2023-10-26 11:00:00,0.7245821995543775,0.5214168187538373,0.4788655135716002,1140.390658635831,106.14287325601829,115.52005552214851,7.298524027915728
2023-10-26 12:00:00,0.7248245839634938,0.5208507904421423,0.4793864505476577,1142.1069471481828,106.36277255633568,115.45974129268455,7.298302600520483
2023-10-26 13:00:00,0.725038641913896,0.5203779429599819,0.4798215235020812,1143.752600185504,106.50359302663415,115.39958650451584,7.298121615837643
2023-10-26 14:00:00,0.7252231557102049,0.519998971465538,0.48016997998892574,1145.325845557648,106.56488973875298,115.33959512967802,7.29798156529445
2023-10-26 15:00:00,0.7253786352134076,0.5196942525231087,0.48044909311822226,1146.8312545777385,106.56456699643982,115.27975804349107,7.2978748276089105
2023-10-26 16:00:00,0.7255055082254929,0.5194584433473693,0.48066347045279484,1148.267859996952,106.50785853470974,115.22007854934189,7.297799282697175
2023-10-26 17:00:00,0.7256046433216439,0.5192875895011057,0.48081662141864995,1149.6361811559623,106.39849254617974,115.16055613753474,7.29775327295751
2023-10-26 18:00:00,0.7256789890031293,0.5191713561446346,0.48091779580787514,1150.937841786307,106.24623559255437,115.10118931086092,7.297732280082051
2023-10-26 19:00:00,0.7257302625780028,0.5191054223231767,0.480970924278533,1152.1737500249626,106.0551932189828,115.04197722092167,7.297734325976831
2023-10-26 20:00:00,0.7257603249326238,0.5190854354239196,0.4809799888765548,1153.3449059213704,105.8295157950362,114.98291889567597,7.2977573826261475
2023-10-26 21:00:00,0.7257725705824277,0.5191042659342539,0.4809515806108345,1154.4532578670267,105.575996495557,114.92401248862124,7.297798022685436
2023-10-26 22:00:00,0.7257688359629734,0.5191585083800149,0.4808888972169355,1155.499991538881,105.29787205698084,114.86525683170004,7.297854560274764
2023-10-26 23:00:00,0.7257504650257974,0.5192456568974484,0.48079428614775405,1156.485930265298,104.99754878284841,114.80665109696287,7.29792576199973
2023-10-27 00:00:00,0.725720788252828,0.5193598938779953,0.4806732697545016,1157.4134814892736,104.68052961205728,114.74819289248273,7.298008668044711
2023-10-27 01:00:00,0.7256794508481449,0.5195028588014521,0.48052421717023963,1158.2761364615628,104.34637428183892,114.68989987113994,7.298103837628855
2023-10-27 02:00:00,0.725628781431106,0.5196716807108333,0.4803498541485041,1159.0707746467842,103.99863023585552,114.63178437215775,7.298209510073359
2023-10-27 03:00:00,0.7255729793062015,0.5198568083874242,0.48015950718362593,1159.8166842907426,103.64343394708139,114.57379886145266,7.298321488314994
2023-10-27 04:00:00,0.7255136721848174,0.520053949471127,0.47995738097971863,1160.524218759651,103.28325173994972,114.51591683513209,7.2984379993889865
2023-10-27 05:00:00,0.7254509118305867,0.5202654205532707,0.4797412006150349,1161.1808351168295,102.91812496403782,114.4581745189047,7.2985595490049295
2023-10-27 06:00:00,0.7253856568245622,0.5204897149487798,0.47951244688900174,1161.7877844942004,102.54935405845771,114.40057054989573,7.298685339812725
2023-10-27 07:00:00,0.7253186617285008,0.5207256615761126,0.47927226855948696,1162.345967613929,102.17797411684306,114.34310395377665,7.298814748939917
2023-10-27 08:00:00,0.7252516663979038,0.5209704823863749,0.47902340717365444,1162.8579723509272,101.80630274358485,114.28577187612223,7.298946303330219
2023-10-27 09:00:00,0.7251849028227069,0.5212238057848814,0.4787662301643339,1163.3241604625346,101.4346455529001,114.22857391343248,7.299079807477397
2023-10-27 10:00:00,0.7251194955147543,0.5214838226923587,0.4785025294712503,1163.746460485564,101.06444209546449,114.17150789647371,7.299214304647989
2023-10-27 11:00:00,0.7250562632940611,0.5217491809475396,0.4782336474929296,1164.126470829808,100.69671813315715,114.11457200663254,7.299349086406269
2023-10-27 12:00:00,0.7249956513493634,0.5220191432071669,0.477960317059094,1164.46511876054,100.33201577364139,114.05776517870251,7.299483766162582
2023-10-27 13:00:00,0.7249385391032023,0.5222921955942543,0.47768404476836507,1164.7645168410816,99.9713808874202,114.00108495385257,7.2996175639037695
2023-10-27 14:00:00,0.7248851538921528,0.5225679361918851,0.47740523091849363,1165.0252738806837,99.61507531140066,113.94453061549655,7.299750272561363
2023-10-27 15:00:00,0.7248361183021261,0.5228452366370775,0.4771249995802704,1165.2492085673566,99.26379911145096,113.88810000307797,7.299881322303934
2023-10-27 16:00:00,0.7247918199592035,0.5231233416151856,0.4768441033957735,1165.4377020228196,98.91796814147672,113.83179144634248,7.30001034139462
2023-10-27 17:00:00,0.7247524871433942,0.5234017996958199,0.4765629921218469,1165.591614142327,98.57781867824696,113.77560390084925,7.300137107069723
2023-10-27 18:00:00,0.7247184907118005,0.5236798193413685,0.4762824540162384,1165.712604870832,98.24371739706105,113.7195353181343,7.300261244059458
2023-10-27 19:00:00,0.7246899869887958,0.5239570426120662,0.4760028453639943,1165.8014846737206,97.91581066358425,113.66358468840913,7.300382584052017
2023-10-27 20:00:00,0.7246672017764147,0.5242329139432943,0.47572471869468835,1165.859608765443,97.59429474358093,113.60775030308734,7.300500875752754
2023-10-27 21:00:00,0.724650289905896,0.5245069897569256,0.4754485145607188,1165.888184372107,97.27928757954432,113.55203061423609,7.3006159276839195
2023-10-27 22:00:00,0.7246393503796756,0.5247789422598638,0.4751745580666562,1165.8881825048936,96.9708515533286,113.49642436311314,7.300727603003352
2023-10-27 23:00:00,0.7246344685829766,0.5250484341898709,0.474903183222758,1165.86068280854,96.66902641622865,113.44093013354329,7.300835767947532
2023-10-28 00:00:00,0.7246356970809623,0.5253151900004902,0.47463466240898705,1165.8066496307451,96.37381981473347,113.38554664506074,7.300940319222149
2023-10-28 01:00:00,0.7246430647711101,0.5255789255637876,0.4743692757315034,1165.727195479024,96.08520508545152,113.33027239496761,7.3010411609503105
2023-10-28 02:00:00,0.7246565752949166,0.5258394585649511,0.4741072024468174,1165.623105704251,95.80314355816861,113.27510631098494,7.30113823570068
2023-10-28 03:00:00,0.7246762066572296,0.5260965644289137,0.4738486625671402,1165.4954670583256,95.52755397099355,113.22004688427114,7.301231485308386
2023-10-28 04:00:00,0.7247019298632357,0.5263501160731426,0.4735937801138131,1165.3449673025898,95.25836977671878,113.16509314757353,7.301320881127829
2023-10-28 05:00:00,0.724733691678379,0.5265999648389855,0.4733426995216049,1165.1725033108532,94.99548647312851,113.11024382339707,7.301406399017111
2023-10-28 06:00:00,0.7247714068007235,0.5268459773567645,0.4730955493003529,1164.9790415670252,94.7387665221934,113.05549750475392,7.301488032539774
2023-10-28 07:00:00,0.7248150253104079,0.5270880962810599,0.4728523843014115,1164.7650575694106,94.48813371978761,113.0008534935554,7.30156578128425
2023-10-28 08:00:00,0.7248644247275358,0.52732621985219,0.4726133008472358,1164.531544736539,94.24341280394896,112.94631030444448,7.301639663580617
2023-10-28 09:00:00,0.7249195168611846,0.5275603020390891,0.4723783415978407,1164.2790920878308,94.0044873508214,112.89186703888758,7.301709698542939
2023-10-28 10:00:00,0.7249802009459693,0.5277903027296372,0.4721475429771521,1164.0083227489993,93.77122542183542,112.83752273725025,7.301775912584041
2023-10-28 11:00:00,0.72504632040052,0.5280161864803671,0.47192093528824414,1163.720075961337,93.54343459967227,112.7832760751936,7.301838357136221
2023-10-28 12:00:00,0.7251178308711254,0.5282379023228339,0.4716985672192617,1163.4146439922617,93.3210527663707,112.72912730799702,7.301897028127968
2023-10-28 13:00:00,0.7251944963287439,0.5284555296519009,0.47148035423428925,1163.092954516377,93.10382126255915,112.67507348247715,7.301952050786683
2023-10-28 14:00:00,0.7252762465638893,0.5286690287037427,0.4712663333414305,1162.7553577828376,92.89165386269431,112.621114739396,7.302003435363393
2023-10-28 15:00:00,0.7253629256526433,0.5288784151942522,0.4710564847167926,1162.4024575454682,92.68437794306858,112.56725006057756,7.302051248247568
2023-10-28 16:00:00,0.725454360852836,0.5290837194728664,0.4708507738230839,1162.0348560557286,92.48181062779476,112.51347840112669,7.302095567087918
2023-10-28 17:00:00,0.7255504049708684,0.5292849773040111,0.47064916158100445,1161.653017068366,92.28380264505327,112.45979893156267,7.302136460440155
2023-10-28 18:00:00,0.7256509974570636,0.5294822011002568,0.47045163405539364,1161.2571522282617,92.0902868042158,112.40621128586996,7.302173954034923
2023-10-28 19:00:00,0.7257558916388814,0.5296754619844918,0.47025811484967844,1160.8479869181886,91.9010176712635,112.35271413370491,7.302208169243808
2023-10-28 20:00:00,0.7258650399654072,0.5298647753615026,0.4700685875538574,1160.4256556138735,91.71594774736934,112.29930722652398,7.302239127263956
2023-10-28 21:00:00,0.7259782125361851,0.5300502208057496,0.4698829680127228,1159.9907727627676,91.53485506005164,112.24598939432357,7.302266945427745
2023-10-28 22:00:00,0.7260952851442247,0.5302318459758973,0.46970120625923006,1159.5436440546962,91.3576241264239,112.19276003676539,7.302291687006329
2023-10-28 23:00:00,0.726216138599007,0.5304096986850108,0.4695232522600418,1159.084558447223,91.18414318682437,112.13961858146092,7.302313413697306
2023-10-29 00:00:00,0.7263405732028263,0.5305838634828035,0.4693490180045614,1158.6139683291965,91.01423183369879,112.08656410229796,7.302332232017492
2023-10-29 01:00:00,0.7264684992082086,0.5307543804038569,0.4691784619389993,1158.1320686764698,90.84780983194396,112.03359619347795,7.3023481891209014
2023-10-29 02:00:00,0.7265997365727711,0.5309213324229269,0.4690114981700828,1157.63923481608,90.68471908928304,111.98071405315315,7.302361383313224
2023-10-29 03:00:00,0.7267341484513332,0.5310847854673397,0.4688480586756202,1157.1357349804457,90.52484267498689,111.92791709094672,7.302371889630238
2023-10-29 04:00:00,0.726871607799548,0.5312448026388883,0.4686880784450503,1156.6218111337987,90.36807260837178,111.87520476419364,7.302379778473438
2023-10-29 05:00:00,0.7270119506583821,0.5314014678086842,0.46853147128639033,1156.0977589667486,90.2142730234056,111.82257638858839,7.302385142137497
2023-10-29 06:00:00,0.7271550739687745,0.5315548350649468,0.46837818169577294,1155.5637575788644,90.06335963013282,111.77003154100211,7.302388038393896
2023-10-29 07:00:00,0.7273008253372991,0.5317049862153689,0.4682281258487564,1155.020062260521,89.9152094016663,111.71756960222838,7.302388554487194
2023-10-29 08:00:00,0.7274490734855494,0.5318519934716707,0.46808122988886375,1154.4668820624813,89.7697185210548,111.66519004900051,7.302386765902768
2023-10-29 09:00:00,0.7275996890139262,0.531995929598534,0.4679374194928047,1153.9044146657,89.62678617225521,111.6128923726492,7.3023827477113255
2023-10-29 10:00:00,0.7277525596510824,0.5321368587219698,0.4677966292279098,1153.332826035794,89.48632593182947,111.56067613638598,7.302376565242688
2023-10-29 11:00:00,0.7279075576238054,0.5322748549637466,0.46765878354784046,1152.75229799984,89.34824080959302,111.50854084917238,7.302368293553159
2023-10-29 12:00:00,0.728064545459511,0.53240999963197,0.4675237997004505,1152.163016448241,89.21242862870189,111.4564859887829,7.30235801410976
2023-10-29 13:00:00,0.7282234349513004,0.5325423458056185,0.4673916236961137,1151.5650974666182,89.07882409248042,111.40451122275245,7.302345779146006
2023-10-29 14:00:00,0.7283840965687762,0.5326719719534465,0.46726217580862256,1150.9587049057156,88.94733307979789,111.35261606881235,7.302331666123155
2023-10-29 15:00:00,0.7285464140623975,0.5327989497325935,0.4671353833103592,1150.3439789783324,88.81787262815439,111.30080009756,7.302315744947428
2023-10-29 16:00:00,0.7287102888607145,0.532923340692356,0.46701118377209827,1149.7210350012117,88.69037289240846,111.2490629476926,7.302298075113767
2023-10-29 17:00:00,0.7288755890422314,0.5330452280487495,0.4668894928838038,1149.0900198152347,88.56474244531613,111.19740414009853,7.302278736886129
2023-10-29 18:00:00,0.7290422564342883,0.5331646491136243,0.46677027285116907,1148.450996706708,88.44094094250886,111.14582346499891,7.30225776540944
2023-10-29 19:00:00,0.7292101524638509,0.5332816929067423,0.4666534335991372,1147.8041108008695,88.31887415378614,111.09432042371697,7.30223524575904
2023-10-29 20:00:00,0.7293791851305605,0.5333964193480688,0.46653891455579105,1147.149453009413,88.19848090048279,111.04289468989755,7.302211234374237
2023-10-29 21:00:00,0.7295492900715277,0.5335088708584071,0.46642667282906464,1146.4870872235442,88.07971778243513,110.9915460337202,7.302185770879869
2023-10-29 22:00:00,0.7297203355709077,0.5336191342449316,0.4663166207693381,1145.8171366238091,87.96249880189694,110.9402739901404,7.302158936878483
2023-10-29 23:00:00,0.7298922422470606,0.5337272628183782,0.4662087045851312,1145.1396713915888,87.84677306534908,110.88907828072003,7.302130781708637
2023-10-30 00:00:00,0.7300649492857259,0.5338332975027844,0.4661028829738704,1144.4547465641417,87.73250075987701,110.83795869028012,7.302101343145098
2023-10-30 01:00:00,0.7302383237406015,0.5339373281821777,0.4659990653454287,1143.7624734029978,87.61959841104583,110.7869147558664,7.302070704436758
2023-10-30 02:00:00,0.7304123605138271,0.5340393543920096,0.46589725210424376,1143.0628395875738,87.50806464316848,110.7359466492393,7.302038866266962
2023-10-30 03:00:00,0.7305869191112814,0.534139480303821,0.46579733840962184,1142.3559935989933,87.39780719732039,110.68505350048056,7.3020059211904975
2023-10-30 04:00:00,0.7307619271137893,0.5342377519917115,0.465699277863961,1141.6419725971327,87.28878469168131,110.63423524940183,7.301971912671599
2023-10-30 05:00:00,0.7309373476918671,0.5343341952067518,0.46560304453663903,1140.9208055949246,87.18097401631833,110.58349176668229,7.301936863851099
2023-10-30 06:00:00,0.7311130616459471,0.5344288929340898,0.4655085549825002,1140.192580021279,87.074303800135,110.53282264048332,7.301900850117619
2023-10-30 07:00:00,0.7312890495721597,0.5345218589304367,0.46541579536169253,1139.4573101320248,86.96876225130809,110.48222780351502,7.301863883502344
2023-10-30 08:00:00,0.7314652083544111,0.5346131659501138,0.46532469255964687,1138.7150693876627,86.86428818623347,110.4317068966939,7.301826029610322
2023-10-30 09:00:00,0.7316414834632281,0.5347028526938663,0.4652352077065178,1137.9658953530825,86.7608498234045,110.38125973161958,7.30178732294438
2023-10-30 10:00:00,0.7318178168673708,0.5347909606766915,0.46514729910966485,1137.2098280317823,86.6584132143137,110.33088610610342,7.301747800476634
2023-10-30 11:00:00,0.7319941313738335,0.5348775452326473,0.46506091123598764,1136.446919614094,86.55693401081598,110.2805857505145,7.30170751139481
2023-10-30 12:00:00,0.7321703902761897,0.534962632916415,0.4649760174352279,1135.6771947980892,86.45639112155435,110.23035853694084,7.30166647905605
2023-10-30 13:00:00,0.7323465257342794,0.5350462728734482,0.4648925684117727,1134.9006991962476,86.35674590537499,110.18020422624224,7.301624746850922
2023-10-30 14:00:00,0.7325224860723811,0.5351285026538387,0.4648105265166068,1134.1174672091554,86.25796926993505,110.13012263795332,7.301582347739016
2023-10-30 15:00:00,0.7326982147601633,0.535209363663085,0.4647298502465492,1133.3275369549165,86.1600295353795,110.08011357056161,7.301539317932346
2023-10-30 16:00:00,0.7328736620995666,0.5352888924934498,0.464650502934104,1132.5309421424693,86.06289903634315,110.03017684726251,7.301495689284849
2023-10-30 17:00:00,0.7330487842489194,0.5353671215425214,0.4645724521243269,1131.7277128003884,85.9665534980243,109.98031231166327,7.3014514898884375
2023-10-30 18:00:00,0.7332235293146355,0.535444089349378,0.46449565922320735,1130.9178852148682,85.87096435686934,109.93051977583553,7.301406753061345
2023-10-30 19:00:00,0.7333978559854272,0.5355198267320008,0.4644200933779193,1130.1014888582022,85.77610897260732,109.88079908971255,7.301361505306596
2023-10-30 20:00:00,0.7335717158627733,0.5355943699591453,0.46434571829050575,1129.2785591907686,85.68196100814585,109.83115007615436,7.301315777705527
2023-10-30 21:00:00,0.7337450762355776,0.5356677436712882,0.464272509304096,1128.4491207330452,85.5885027091993,109.78157261513125,7.301269591256852
2023-10-30 22:00:00,0.7339178923411045,0.5357399817161748,0.46420043256044535,1127.6132082491101,85.49570984967846,109.73206653931182,7.3012229747357855
2023-10-30 23:00:00,0.734090120089905,0.5358111176570892,0.4641294544962577,1126.7708576362006,85.40355875808294,109.6826316820709,7.301175956489699
2023-10-31 00:00:00,0.7342617345120737,0.5358811706650253,0.46405955594078296,1125.9220900256284,85.31203594859203,109.6332679482852,7.301128552605172
2023-10-31 01:00:00,0.734432689623262,0.5359501759892277,0.4639907016648598,1125.0669458065731,85.22111687204642,109.58397516136169,7.301080792603645
2023-10-31 02:00:00,0.7346029578552224,0.5360181550269005,0.46392287028283447,1124.2054506491684,85.1307867928299,109.53475321346694,7.301032694257685
2023-10-31 03:00:00,0.7347725074454184,0.536085132458124,0.46385603713789075,1123.337635383102,85.04102873176112,109.48560197925528,7.3009842779937815
2023-10-31 04:00:00,0.7349412988774213,0.5361511392196836,0.4637901713307085,1122.4635409603468,84.95182169276526,109.43652129916357,7.3009355692327285
2023-10-31 05:00:00,0.7351093132227544,0.5362161903654691,0.4637252578237713,1121.5831884512813,84.86315553047491,109.38751109585401,7.300886580233045
2023-10-31 06:00:00,0.7352765155430884,0.5362803134651968,0.4636612690966983,1120.6966178853052,84.77501167551198,109.33857122445818,7.300837333397301
2023-10-31 07:00:00,0.7354428749698452,0.5363435333945845,0.463598180316603,1119.8038685516694,84.68737367231627,109.28970155349342,7.3007878486902715
2023-10-31 08:00:00,0.7356083804049608,0.5364058590605434,0.46353598259128365,1118.904954387989,84.60023553290226,109.2409020358987,7.300738133272076
2023-10-31 09:00:00,0.7357729929268134,0.5364673219241443,0.4634746445367782,1117.9999295999476,84.51357653457859,109.19217250118976,7.300688212120977
2023-10-31 10:00:00,0.7359366900342331,0.5365279408179275,0.46341414736038655,1117.088830411345,84.42738450331592,109.1435128455417,7.30063809992008
2023-10-31 11:00:00,0.7360994602185662,0.5365877249698531,0.46335448186392525,1116.1716739337726,84.34165327503653,109.09492301784826,7.300587803948915
2023-10-31 12:00:00,0.7362612666863804,0.5366467052596353,0.4632956172561319,1115.24852514358,84.2563629722906,109.04640284420685,7.300537347962814
2023-10-31 13:00:00,0.736422108442549,0.5367048823881149,0.46323755283806844,1114.3193847273185,84.17151308489338,108.99795232172325,7.300486732597542
2023-10-31 14:00:00,0.7365819543699335,0.5367622826681887,0.463180262386974,1113.3843131036326,84.08708668107799,108.94957129775673,7.300435977807378
2023-10-31 15:00:00,0.7367407849343462,0.5368189230297121,0.4631237290298587,1112.4433532097735,84.00307302149054,108.90125967215398,7.300385096208466
2023-10-31 16:00:00,0.7368985860256778,0.536874815869337,0.46306794041284427,1111.4965382220655,83.91946423603504,108.85301737058367,7.3003340969547414
2023-10-31 17:00:00,0.7370553362261222,0.5369299803817905,0.4630128774107395,1110.5439233771287,83.83624826875459,108.80484427576808,7.300282993968011
2023-10-31 18:00:00,0.737211027684819,0.536984423706177,0.4629585329114004,1109.5855304270206,83.7534206294739,108.75674034358002,7.3002317924022755
2023-10-31 19:00:00,0.7373656407121247,0.5370381638201515,0.46290488901562815,1108.6214168696347,83.67097006432306,108.70870545945527,7.300180504989502
2023-10-31 20:00:00,0.7375191608992596,0.5370912144470715,0.462851932056033,1107.6516310843363,83.58888809664575,108.6607395346657,7.300129141214824
2023-10-31 21:00:00,0.7376715793598726,0.5371435839877863,0.46279965367220466,1106.6762037043634,83.50716948524861,108.61284251379467,7.300077706867723
2023-10-31 22:00:00,0.7378228796677019,0.5371952884809517,0.46274803790374186,1105.6951978530533,83.42580436096569,108.56501428825243,7.300026212677247
2023-10-31 23:00:00,0.7379730541134036,0.5372463356671282,0.46269707704629187,1104.7086458082927,83.34478797735562,108.5172548053106,7.299974663771591
2023-11-01 00:00:00,0.7381220901755489,0.5372967383353041,0.46264675837764624,1103.716604100003,83.26411250461194,108.46956397457372,7.299923068394333
2023-11-01 01:00:00,0.7382699773123305,0.5373465077217952,0.4625970707204086,1102.7191265852266,83.18377112646576,108.42194171403838,7.299871433580249
2023-11-01 02:00:00,0.7384167073392911,0.5373956528067172,0.4625480051433443,1101.716259036861,83.10375840107899,108.37438795724594,7.299819764830885
2023-11-01 03:00:00,0.7385622715036401,0.5374441834603501,0.46249955183260716,1100.7080545623105,83.02406837382668,108.3269026292959,7.299768068040511
2023-11-01 04:00:00,0.7387066622811777,0.5374921084705224,0.4624517020518144,1099.6945633187872,82.9446957653661,108.27948566244775,7.299716348325094
2023-11-01 05:00:00,0.7388498715667644,0.5375394379015592,0.4624044457957683,1098.6758470102532,82.86563457065651,108.23213697513577,7.299664611300094
2023-11-01 06:00:00,0.7389918938312563,0.5375861787975044,0.4623577760656296,1097.6519513363808,82.78688058239753,108.18485650954361,7.29961286080536
2023-11-01 07:00:00,0.7391327218982175,0.5376323409104113,0.46231168317192006,1096.6229438087225,82.70842802727738,108.13764418315303,7.29956110190099
2023-11-01 08:00:00,0.7392723515589822,0.5376779303825102,0.46226616101038215,1095.5888694565058,82.63027329086088,108.09049994299684,7.299509337687173
2023-11-01 09:00:00,0.7394107774988994,0.5377229552028062,0.4622212016484428,1094.5497899163142,82.5524116598626,108.04342371743873,7.29945757200775
2023-11-01 10:00:00,0.7395479946710132,0.5377674239985735,0.46217679651630794,1093.505777026405,82.47483811711945,107.99641542617998,7.29940580874029
2023-11-01 11:00:00,0.7396840007393125,0.5378113409909036,0.46213294142283384,1092.456867761194,82.39755019556011,107.94947502931959,7.299354049744173
2023-11-01 12:00:00,0.7398187911792298,0.5378547150492807,0.46208962756497796,1091.4031439163082,82.32054275751169,107.9026024403873,7.299302298612795
2023-11-01 13:00:00,0.7399523638151388,0.537897551457102,0.46204684969491044,1090.3446577864613,82.24381278362597,107.85579760589656,7.299250557348582
2023-11-01 14:00:00,0.7400847163817799,0.5379398557667532,0.4620046023054392,1089.281466646439,82.16735706867702,107.80906046845134,7.299198827936657
2023-11-01 15:00:00,0.7402158465457938,0.5379816355674188,0.46196287786461965,1088.2136540073027,82.09117131415152,107.76239094570786,7.299147112790818
2023-11-01 16:00:00,0.740345753570434,0.538022895085928,0.4619216721741627,1087.1412702387188,82.01525316312669,107.7157889905957,7.299095413108054
2023-11-01 17:00:00,0.7404744361268809,0.5380636395561751,0.46188098004963074,1086.064378271016,81.93959962180945,107.66925454309985,7.299043730326868
2023-11-01 18:00:00,0.740601893893149,0.5381038762253578,0.4618407942974869,1084.9830736357214,81.86420671105697,107.62278751698447,7.29899206597739
2023-11-01 19:00:00,0.7407281265777372,0.5381436058084837,0.4618011142104285,1083.8973647573264,81.78907399892063,107.57638790427214,7.298940420357466
2023-11-01 20:00:00,0.7408531343581768,0.5381828364624149,0.46176193170409485,1082.8073669826172,81.71419698480688,107.53005560232283,7.298888794790783
2023-11-01 21:00:00,0.7409769183749635,0.5382215726318804,0.46172324236555035,1081.713149784551,81.63957331352199,107.48379055221645,7.298837189719634
2023-11-01 22:00:00,0.7410994784873879,0.5382598163037781,0.46168504423431594,1080.6147427731084,81.56520182595578,107.43759272772378,7.298785605475633
2023-11-01 23:00:00,0.7412208169539699,0.5382975745017063,0.46164733034572153,1079.512262290299,81.49107879354506,107.39146203188955,7.298734042381743
2023-11-02 00:00:00,0.7413409342840436,0.5383348486177345,0.4616100993211559,1078.4057326332597,81.41720346093616,107.34539844507621,7.298682500526465
2023-11-02 01:00:00,0.7414598333929571,0.5383716447695359,0.46157334509869297,1077.2952640781937,81.34357260425637,107.29940187612634,7.298630979757675
2023-11-02 02:00:00,0.7415775163830784,0.5384079660916318,0.46153706456771426,1076.180917057568,81.27018462418282,107.25347227739792,7.298579479861865
2023-11-02 03:00:00,0.7416939852529202,0.5384438155925104,0.4615012547498204,1075.0627511124776,81.19703794790045,107.2076096017574,7.298528000554208
2023-11-02 04:00:00,0.7418092439672055,0.5384791980894378,0.46146591087151845,1073.9408660638148,81.12413014792412,107.16181377014675,7.298476541105282
2023-11-02 05:00:00,0.7419232945049795,0.5385141156973612,0.4614310308366441,1072.8153078034914,81.05146016303405,107.1160847477595,7.298425101149684
2023-11-02 06:00:00,0.7420361411204051,0.5385485725910621,0.46139661051072794,1071.6861695862779,80.97902592527953,107.07042246186762,7.298373679732708
2023-11-02 07:00:00,0.742147787528321,0.5385825718736843,0.4613626468176031,1070.553524413148,80.90682594553391,107.02482685759747,7.298322275994731
2023-11-02 08:00:00,0.7422582372644854,0.5386161163531471,0.4613291369768135,1069.4174402121605,80.834858869531,106.97929788343005,7.298270889068496
2023-11-02 09:00:00,0.7423674954061807,0.5386492096407597,0.4612960774114744,1068.278007856587,80.76312300735977,106.93383547104159,7.298219517643211
2023-11-02 10:00:00,0.7424755653814766,0.5386818539791907,0.461263465899236,1067.1352856810743,80.69161732717374,106.8884395775467,7.298168160849219
2023-11-02 11:00:00,0.7425824525358814,0.5387140526606552,0.4612312991798267,1065.9893616002516,80.62034033089272,106.84311013714665,7.29811681724438
2023-11-02 12:00:00,0.7426881618119452,0.5387458084896753,0.4611995744758313,1064.8403132487624,80.54929077408103,106.79784709235935,7.298065485483066
2023-11-02 13:00:00,0.7427926984561418,0.5387771242314242,0.4611682890480534,1063.6882195798,80.47846745635671,106.75265038539312,7.298014164120064
2023-11-02 14:00:00,0.7428960670593444,0.538808002198193,0.46113744060615475,1062.5331480978075,80.40786938836214,106.70751996737808,7.297962851888073
2023-11-02 15:00:00,0.7429982736184781,0.5388384452560442,0.4611070263122104,1061.3751844062951,80.337495365392,106.66245577539503,7.2979115470981855
2023-11-02 16:00:00,0.7430993246471995,0.5388684562698592,0.46107704332636196,1060.2144167234862,80.26734423585022,106.61745774486043,7.2978602479289005
2023-11-02 17:00:00,0.7431992245733127,0.538898037132841,0.46104748977360016,1059.0509045387405,80.19741523488788,106.57252583273572,7.297808953144255
2023-11-02 18:00:00,0.7432979809657779,0.5389271909310933,0.46101836259703743,1057.884746631227,80.12770716336314,106.52765996732437,7.29775766059137
2023-11-02 19:00:00,0.7433955989277897,0.5389559196228612,0.4609896598545103,1056.7160070557877,80.05821928911116,106.48286010249033,7.297706368865196
2023-11-02 20:00:00,0.7434920848787907,0.5389842256413194,0.4609613791366032,1055.5447663656194,79.98895069294193,106.43812617959001,7.297655076144743
2023-11-02 21:00:00,0.7435874471367852,0.5390121119557042,0.46093351749917605,1054.3711246303712,79.91990032288078,106.39345812534306,7.297603780105627
2023-11-02 22:00:00,0.7436816895100329,0.5390395798854789,0.4609060736340999,1053.1951272001654,79.85106771001466,106.34885590769439,7.297552479712462
2023-11-02 23:00:00,0.7437748213773793,0.5390666326195879,0.4608790443812297,1052.0168838448724,79.78245175621431,106.30431944539953,7.297501172340078
2023-11-03 00:00:00,0.7438668495487955,0.5390932723305815,0.46085242758343176,1050.8364708313645,79.71405177237817,106.25984868343356,7.297449856153761
2023-11-03 01:00:00,0.7439577787340936,0.5391195005453912,0.4608262217277368,1049.6539419940393,79.64586723683425,106.21544358260883,7.297398529862705
2023-11-03 02:00:00,0.7440476192584272,0.5391453204866052,0.46080042361862544,1048.4694114008641,79.57789714364552,106.17110405838125,7.297347190653065
2023-11-03 03:00:00,0.7441363780533684,0.5391707341850358,0.46077503123719965,1047.2829518385547,79.5101409202185,106.12683005742579,7.297295836724169
2023-11-03 04:00:00,0.7442240600676905,0.5391957431786327,0.4607500430615667,1046.0946183446908,79.44259805241148,106.08262153839114,7.297244466727097
2023-11-03 05:00:00,0.7443106775377385,0.539220351005767,0.4607254555781276,1044.9045380528914,79.37526756812962,106.03847840692333,7.297193077455676
2023-11-03 06:00:00,0.7443962309008194,0.5392445578160879,0.4607012686392658,1043.712716652261,79.30814939876447,105.99440065958129,7.29714166882591
2023-11-03 07:00:00,0.7444807335513479,0.5392683674381484,0.4606774784456321,1042.519291697532,79.24124248017932,105.95038819134024,7.297090237334597
2023-11-03 08:00:00,0.744564193369618,0.5392917820347494,0.46065408284663634,1041.3243411160554,79.17454628626523,105.9064409439227,7.297038781027932
2023-11-03 09:00:00,0.7446466141559168,0.5393148026931507,0.4606310807649142,1040.1279041599928,79.1080604831602,105.86255888706135,7.296987298935731
2023-11-03 10:00:00,0.7447280092684582,0.5393374330682676,0.4606084685689929,1038.9301117303773,79.04178417896858,105.81874192073025,7.2969357877338386
2023-11-03 11:00:00,0.7448083810127742,0.5393596737821655,0.4605862456402683,1037.7309863389187,78.97571721429274,105.77499002832518,7.296884246892294
2023-11-03 12:00:00,0.744887741905451,0.5393815282262192,0.4605644086090386,1036.53064824338,78.90985876362825,105.73130311455797,7.296832673358929
2023-11-03 13:00:00,0.7449660989983913,0.5394029982771396,0.460542955608651,1035.3291638317294,78.84420841135658,105.68768112829495,7.296781065484832
2023-11-03 14:00:00,0.7450314759916771,0.5394243127173862,0.46052203411099557,1034.1204871504801,78.77505388923122,105.6441118908311,7.2967341689776255
2023-11-03 15:00:00,0.7450566162945267,0.5394462000424722,0.46050155419400846,1032.8909399905253,78.6962674071606,105.60056963824933,7.296699316262356
2023-11-03 16:00:00,0.7450384256927287,0.5394691026151431,0.46048085223544954,1031.6339391845554,78.60678136427389,105.55705777785126,7.296677377542835
2023-11-03 17:00:00,0.7449977954519669,0.539493131256263,0.4604591317437284,1030.3562596483014,78.5109406520906,105.51357039783974,7.296662904080011
2023-11-03 18:00:00,0.7449351080630979,0.5395189237966864,0.46043557359485643,1029.0535045629233,78.40852581334673,105.47011511982302,7.296656299076035
2023-11-03 19:00:00,0.744853961623455,0.5395468305807058,0.46040970561197697,1027.7256642456562,78.3005196394668,105.42669409171674,7.296656628916041
2023-11-03 20:00:00,0.7447578244643419,0.5395771899785086,0.4603811074680143,1026.3729475893288,78.18807493540494,105.38330974541228,7.2966628697751545
2023-11-03 21:00:00,0.7446488165194403,0.539610167791224,0.4603495909675356,1024.9956896180884,78.0720301622119,105.33996385703475,7.296674305885855
2023-11-03 22:00:00,0.7445290022666509,0.53964584291919,0.460315077821956,1023.5944420269778,77.95328319330417,105.29665839753486,7.296690166306042
2023-11-03 23:00:00,0.744399773239968,0.5396841937041297,0.46027760408659524,1022.1697534777843,77.83247829558707,105.25339485180326,7.296709884411929
2023-11-04 00:00:00,0.7442625535431233,0.5397251066486859,0.4602373092739916,1020.7223895590391,77.71029005046421,105.21017487991261,7.296732838905001
2023-11-04 01:00:00,0.7441182164672718,0.5397684652995991,0.46019433049526465,1019.252926083492,77.58713415707143,105.1669995637995,7.296758630903062
2023-11-04 02:00:00,0.7439678470981441,0.5398140614771618,0.46014890651241547,1017.7622312846055,77.46352191265701,105.12387032483831,7.296786742350923
2023-11-04 03:00:00,0.7438123947768405,0.5398616346507561,0.4601013290032274,1016.2512705125586,77.33988414304213,105.08078849602357,7.296816696885758
2023-11-04 04:00:00,0.7436523624396667,0.5399110225904796,0.46005177771808786,1014.7206264851212,77.21644220754516,105.03775481052683,7.296848235510917
2023-11-04 05:00:00,0.7434886082785462,0.5399619046017156,0.46000060441907137,1013.1714391845819,77.09355648717111,104.99477057021312,7.296880904440351
2023-11-04 06:00:00,0.7433216078755971,0.5400140741703546,0.45994803335649276,1011.604445052545,76.97141360498381,104.9518365294676,7.296914445393266
2023-11-04 07:00:00,0.7431518768033,0.5400672879547739,0.45989432726481777,1010.0205266047906,76.85020551703198,104.90895353097724,7.2969485731667305
2023-11-04 08:00:00,0.7429800084931543,0.5401212355250349,0.45983981870804647,1008.4208491535329,76.73013336597597,104.86612258482653,7.296982952976267
2023-11-04 09:00:00,0.7428062704634927,0.5401757650217135,0.45978466932873624,1006.8060078915719,76.61127877102065,104.82334416480273,7.297017431341115
2023-11-04 10:00:00,0.7426311287806756,0.5402306018201681,0.45972917062229135,1005.1771055653571,76.49377583261413,104.78061911160094,7.2970517383235105
2023-11-04 11:00:00,0.7424549655670555,0.5402855025955793,0.4596735789629629,1003.5351966586803,76.37771548690998,104.73794814986691,7.2970856498898975
2023-11-04 12:00:00,0.742277915777766,0.5403403807560766,0.4596179856035135,1001.8806521091701,76.2631298969395,104.6953315358844,7.297119086074048
2023-11-04 13:00:00,0.7421004159263238,0.5403949408417973,0.4595627000277111,1000.2148558191948,76.15010150443335,104.6527701362291,7.297151787866523
2023-11-04 14:00:00,0.7419226064690541,0.5404490838741525,0.4595078254355245,998.5383032887635,76.03865085287842,104.61026424155553,7.297183671124111
2023-11-04 15:00:00,0.7417447946972305,0.5405025889775311,0.45945359147852216,996.852159135401,75.92881394363225,104.56781450034502,7.297214552481
2023-11-04 16:00:00,0.7415672267042631,0.540555273892052,0.4594001865283764,995.157506138615,75.82060334248462,104.52542146137904,7.2972442863987235
2023-11-04 17:00:00,0.7413899138516907,0.5406071304782266,0.4593476191205881,993.4543738935898,75.71402159189252,104.48308514727736,7.297272865013302
2023-11-04 18:00:00,0.7412131489918804,0.5406579388588979,0.4592961157719317,991.7441755223039,75.60907052727478,104.44080623183734,7.297300116297286
2023-11-04 19:00:00,0.7410370580441393,0.5407076036392576,0.4592457742445747,990.0276063914744,75.50574231289076,104.39858502134236,7.297325967526492
2023-11-04 20:00:00,0.7408617298008651,0.5407560576541235,0.45919666331392056,988.30516701646,75.4040299370409,104.3564217325269,7.29735036731083
2023-11-04 21:00:00,0.7406873404015507,0.5408031682806527,0.45914891829229393,986.5779566393966,75.30391017976277,104.314316812771,7.29737321733318
2023-11-04 22:00:00,0.7405139506911365,0.5408488904750145,0.45910258496227974,984.8463885243369,75.2053716277475,104.27227042213113,7.297394484237947
2023-11-04 23:00:00,0.7403416868876738,0.5408931318906984,0.45905775697722134,983.111378283228,75.10838555600657,104.23028289841446,7.297414101541245
2023-11-05 00:00:00,0.7401706383843089,0.5409358299280906,0.45901449748617984,981.3736584252958,75.01292428225491,104.1883544936508,7.297432025278554
2023-11-05 01:00:00,0.7400008579609043,0.5409769485055961,0.4589728428106828,979.6336764350671,74.91896975117265,104.14648535784147,7.297448229935564
2023-11-05 02:00:00,0.7398324375835611,0.5410164279351775,0.45893285276452367,977.8922982267227,74.82648362841807,104.10467576252753,7.2974626752560745
2023-11-05 03:00:00,0.7396654189864476,0.5410542428188291,0.45889455267069557,976.1499466578556,74.7354458695137,104.06292583514607,7.297475344104547
2023-11-05 04:00:00,0.7394998663091793,0.5410903569348258,0.45885797845459425,974.4073225102895,74.64582127780959,104.02123577485833,7.297486213317594
2023-11-05 05:00:00,0.7393358300597622,0.5411247456115679,0.4588231543301421,972.6650462037254,74.55757656159344,103.97960574519561,7.29749526811041
2023-11-05 06:00:00,0.7391733479229511,0.541157393315002,0.4587900953459391,970.923618848865,74.47068355594583,103.9380358715845,7.297502499774153
2023-11-05 07:00:00,0.7390124579511108,0.5411882872525071,0.4587588136731214,969.1835905970928,74.38511023129587,103.89652628397944,7.297507902153187
2023-11-05 08:00:00,0.7388531913139389,0.5412174201187931,0.4587293159732217,967.4454558415015,74.30082675885946,103.8550770923418,7.297511472868269
2023-11-05 09:00:00,0.7386955796951726,0.5412447893096862,0.45870160401103943,965.7097813381131,74.21779758743142,103.8136884111885,7.297513213788357
2023-11-05 10:00:00,0.7385396434906257,0.5412703961483575,0.4586756758153612,963.9769642539263,74.13599701605365,103.77236031603445,7.297513128391533
2023-11-05 11:00:00,0.7383854073334228,0.5412942476411937,0.4586515234200862,962.2475572609474,74.05538824512614,103.73109290190001,7.297511225828737
2023-11-05 12:00:00,0.7382328850415419,0.5413163510888791,0.4586291388789847,960.5219088032025,73.97594749444467,103.6898862242059,7.297507513798338
2023-11-05 13:00:00,0.7380820928773452,0.5413367192468478,0.45860850855300106,958.8004707866472,73.89764310615861,103.6487403473445,7.297502005064982
2023-11-05 14:00:00,0.7379330431702799,0.5413553678135883,0.45858961590089925,957.0836596545843,73.82044518164795,103.60765532329187,7.297494714382827
2023-11-05 15:00:00,0.7377857455172805,0.5413723148088092,0.4585724420859793,955.3718609513525,73.74432533357614,103.5666311930719,7.297485658064049
2023-11-05 16:00:00,0.7376402078901925,0.54138758448946,0.45855696192412804,953.665499155446,73.6692514797625,103.52566799345374,7.297474857567075
2023-11-05 17:00:00,0.7374964343627861,0.5414011964616106,0.4585431551445293,951.9648714200355,73.5952006893627,103.48476574491326,7.297462329753352
2023-11-05 18:00:00,0.7373544289388542,0.5414131729958073,0.4585309987517753,950.2702863043938,73.5221486109947,103.44392446471025,7.297448093674789
2023-11-05 19:00:00,0.7372141934735447,0.5414235490977545,0.4585204567666847,948.5821646103174,73.45006127639247,103.40314416449895,7.297432179187758
2023-11-05 20:00:00,0.737075727654059,0.5414323471285766,0.4585115062703105,946.9007395623707,73.37891940074128,103.36242484969259,7.297414604851569
2023-11-05 21:00:00,0.7369390315367585,0.5414395951413881,0.4585041184980593,945.2262938829562,73.3086988893257,103.32176650994833,7.297395394201048
2023-11-05 22:00:00,0.736804100363602,0.5414453379241351,0.458498247724574,943.559218764032,73.23936589624422,103.28116913563966,7.29737458458494
2023-11-05 23:00:00,0.7366709346865483,0.5414495791873438,0.45849389012468356,941.8995515616323,73.170917091565,103.24063272161357,7.297352178669613
2023-11-06 00:00:00,0.7365395275830953,0.5414523743136641,0.4584909892256289,940.2477217078217,73.10331364997431,103.20015723582252,7.297328222583476
2023-11-06 01:00:00,0.736409886970165,0.5414537460456856,0.4584895217884198,938.6040241637766,73.03654076474793,103.15974315210522,7.2973027319876875
2023-11-06 02:00:00,0.7362819837640632,0.5414537320008181,0.45848944971400596,936.9684257086268,72.97057512045656,103.1193894510594,7.297275743622867
2023-11-06 03:00:00,0.7353987854100228,0.5414664946599003,0.45850215749164064,934.2446545535927,72.22819895514353,103.09682812708621,7.2979297876830795
2023-11-06 04:00:00,0.7502439445882625,0.5411883722492042,0.4583395638245208,935.359038304484,74.28299435575842,103.03805601326418,7.294001185659865
2023-11-06 05:00:00,0.731190750622746,0.5414575235774753,0.45875035800117614,925.9418101310363,69.10258369546725,103.08428520743213,7.299956115099357
2023-11-06 06:00:00,0.730650592609862,0.5414942280291634,0.4586018009188672,922.2400086297234,69.58296501700957,103.0287588099806,7.297903524763203
2023-11-06 07:00:00,0.7262694146573466,0.5417449778011122,0.4584771870482954,913.8504493624604,65.78850537807533,103.07305533214591,7.302388616911786
2023-11-06 08:00:00,0.7073063446279056,0.5423466764758222,0.4583566818003574,901.5162025430296,60.76183375734161,103.12007071523752,7.308500536538455
2023-11-06 09:00:00,0.7199811062395619,0.5425630247891755,0.45755201145265634,898.626596510598,62.64223359470616,103.06272069230997,7.305183655704251
2023-11-06 10:00:00,0.7007279166016929,0.5434283471843835,0.45719871317839084,885.7564172676097,57.66096621824356,103.10993045093491,7.311685342984529
2023-11-06 11:00:00,0.7072473971331223,0.5439437451434934,0.45622790178234557,880.6247331537564,59.279787521765336,103.05365109380745,7.30898552867938
2023-11-06 12:00:00,0.7057409071508687,0.5446888749080305,0.4554047238761538,874.5355582349831,59.610271717188596,102.9996895594007,7.308210359000704
2023-11-06 13:00:00,0.7007343735307948,0.5454636652924417,0.4547468642384711,864.1510510427757,56.278803220921944,103.0445660710339,7.313088681403422
2023-11-06 14:00:00,0.6780646826650378,0.5465154729991853,0.45426137266536254,848.9962072206773,51.28059862085718,103.09359418212843,7.320213197236038
2023-11-06 15:00:00,0.687798175087669,0.5471007446562122,0.4531087165831241,843.2399504695294,53.229571310775185,103.03839132163053,7.31752827242359
2023-11-06 16:00:00,0.8951910168415538,0.5432767489577468,0.45094137146976676,1038.813271520288,159.7721737210199,100.68812647013308,7.233810484275289
2023-11-06 17:00:00,0.8965494253365444,0.5396525858959028,0.45620765300599736,1066.3512967153151,168.1562165566331,100.63475166489329,7.226768535645861
2023-11-06 18:00:00,0.9089694744273835,0.5338043175274111,0.46309541488385253,1089.4541887119897,172.05503492980472,100.67837244001248,7.223652821792523
2023-11-06 19:00:00,0.9043289943490675,0.5277793935855797,0.4703454483168053,1106.4508448996678,171.90473798400316,100.72588669930298,7.223347181385208
2023-11-06 20:00:00,0.9311517651681533,0.5214990208419477,0.47660936195681375,1130.6955618986333,177.6073008432743,100.67162706141812,7.215199116757994
2023-11-06 21:00:00,0.9251533355469592,0.5162934115379715,0.48280780439781684,1144.8703291715942,175.3108116410283,100.71822671400865,7.216500936387767
2023-11-06 22:00:00,0.9304035157701263,0.5117085903379995,0.4877148812377216,1162.5379726359286,176.83778576599846,100.66585063029919,7.21208720800421
2023-11-06 23:00:00,0.9387144094052404,0.5077899079657703,0.49189754397775654,1176.952277038871,175.10136149341514,100.70785096235817,7.212550351518663
2023-11-07 00:00:00,0.9256954238058912,0.5049392385826773,0.4954904402615518,1186.0671328867243,170.22575455972355,100.75255996037336,7.215840984229135
2023-11-07 01:00:00,0.9433614619573617,0.5023164529752046,0.49772713866146523,1202.992202086354,171.91800545886204,100.69513838788126,7.211106557287836
2023-11-07 02:00:00,0.9283270700669786,0.50077405037821,0.4999593395922014,1210.1785977777242,166.03020169132972,100.7389705305357,7.215527939494864
2023-11-07 03:00:00,0.926004286366458,0.49960474250010994,0.5011666343229473,1221.1129833472808,164.48386656313656,100.68388591559315,7.213775161676361
2023-11-07 04:00:00,0.9274848562009952,0.49886769594889996,0.5019189833583407,1228.909336835761,159.88382978387372,100.72384422468826,7.21673612146232
2023-11-07 05:00:00,0.9089974784203511,0.4988358537879346,0.5024670251210059,1231.5414605045676,152.54813800085162,100.76661749011251,7.222189781978877
2023-11-07 06:00:00,0.9221703678837783,0.4987291300523145,0.5019836747758297,1242.0985896452557,152.09666156470132,100.70771357114494,7.219234337112463
2023-11-07 07:00:00,0.9033534675336043,0.4994232157261326,0.5018060060026804,1242.9591341203998,144.3180843097473,100.75010077129154,7.225352523278311
2023-11-07 08:00:00,0.8980550934844805,0.5002005839981524,0.5009186571523947,1247.6947625650578,141.26247175668675,100.69391033659966,7.224929041441242
2023-11-07 09:00:00,0.8969403219482124,0.5012053692255983,0.49980382314260396,1249.3021631083445,135.27931473810662,100.73314119981939,7.22922303806187
2023-11-07 10:00:00,0.8763161035133212,0.5026884655611982,0.49873791934496137,1245.8020488304774,126.92350527354482,100.77544250476396,7.235877011835624
2023-11-07 11:00:00,0.887757568802077,0.5039056600002052,0.4968464403619567,1250.387550765588,125.69738592781025,100.71622977596249,7.23377035010313
2023-11-07 12:00:00,0.8674347242630989,0.5057713465094877,0.49543187591441945,1245.2594692374416,117.37975146827864,100.75850299926368,7.240860208787161
2023-11-07 13:00:00,0.8480117110844713,0.50777329042797,0.49370176280161815,1237.9038179795452,109.13639492024136,100.80097477437437,7.247697805000457
2023-11-07 14:00:00,0.83164257561752,0.5099982336342459,0.49156067221412075,1228.9454396490119,101.24320024711578,100.84321638532873,7.254191864975369
2023-11-07 15:00:00,0.8457377367824837,0.5119533239917792,0.48880422191781553,1229.2578325370077,100.55812011334724,100.7835956706197,7.2520329450471746
2023-11-07 16:00:00,0.8253602972487046,0.5144980428085261,0.4866281109235891,1218.931107431953,92.83917069350541,100.82591157559463,7.259297467232849
2023-11-07 17:00:00,0.8323443137256397,0.516650202642918,0.48385772957621803,1215.732698694865,92.01891918692438,100.76703206827233,7.2576774349946165
2023-11-07 18:00:00,0.8172302138313772,0.5192142599847502,0.48156818092143033,1204.7896410581118,85.15554193163828,100.80921923899878,7.264791965667244
2023-11-07 19:00:00,0.7968415083601418,0.5218201755057417,0.47928375623197134,1191.007283672648,78.1663511809089,100.85229538646915,7.272169066422504
2023-11-07 20:00:00,0.8082833730317976,0.5239552753853329,0.4764812520736491,1186.5502154822307,78.32961288311752,100.79357050437703,7.27043921843151
2023-11-07 21:00:00,0.7863075954097288,0.5265912335314024,0.4742865304499325,1171.413718942914,71.66664672718673,100.83718395766495,7.278222463772615
2023-11-07 22:00:00,0.7922105087422548,0.5287693876973107,0.4715333237621086,1163.7055438933887,71.92370581442906,100.77954651402521,7.276771346206931
2023-11-07 23:00:00,0.7764182382708222,0.5313410259705506,0.4692555580496489,1148.303927716472,66.14292350704638,100.82318357480503,7.284220310152051
2023-11-08 00:00:00,0.7556342593806158,0.5339350870403052,0.466996306272794,1130.2393752969656,60.378107099306725,100.8678435163543,7.2918665951689094
2023-11-08 01:00:00,0.7666791694376122,0.5360307316359266,0.46424179445801866,1121.8734208772648,61.57461693084755,100.81050208035677,7.290116257649746
2023-11-08 02:00:00,0.7447480660116929,0.5386253327769893,0.4620861971393506,1102.9070664307962,56.07953861831964,100.85577338117395,7.298064157978939
2023-11-08 03:00:00,0.7505575074156315,0.5407359671105152,0.45940599337818766,1091.7507768963437,57.432087994622314,100.79961575986312,7.2964869820328095
2023-11-08 04:00:00,0.7348620162463775,0.5432377435633998,0.4571957297594294,1072.9742963687959,52.65863754444286,100.84493009215761,7.304046058880812
2023-11-08 05:00:00,0.714222590814564,0.5457474125263382,0.45502359000302073,1051.7653115635787,47.97091499554684,100.8913355472071,7.311751286282894
2023-11-08 06:00:00,0.7253339009134837,0.5477348824878583,0.4523805168182718,1040.6803150155486,50.01697973475518,100.83547020772541,7.309796931397708
2023-11-08 07:00:00,0.7036721923240202,0.5502208452160781,0.4503341069143799,1019.0758955139256,45.43544616567449,100.88247783653021,7.317747047809851
2023-11-08 08:00:00,0.709557992183604,0.5521992787036222,0.4477965775453778,1005.6619871605596,47.575566085168624,100.82788897075861,7.3159464730818184
2023-11-08 09:00:00,0.6942079428299186,0.5545586709336545,0.44572271957504034,984.7273762134811,43.56049399124918,100.87487787883963,7.323413616960772
2023-11-08 10:00:00,0.6739156632691675,0.5569218487766535,0.44370119364226746,961.6243933621256,39.63012700300252,100.92301488582855,7.331037491297627
2023-11-08 11:00:00,0.6851680889417741,0.5587380626392013,0.4412367777232702,949.0415536918368,42.23032232543128,100.8686238569538,7.3287688728477205
2023-11-08 12:00:00,0.6637428737394522,0.5610547690083977,0.43936651189298254,926.0066895612393,38.24163450382472,100.91736457093928,7.3366095681391315
2023-11-08 13:00:00,0.669711450864033,0.5628389778363501,0.43703550653801226,911.5331955170855,40.88988448935484,100.86430928741868,7.33446978774405
2023-11-08 14:00:00,0.6545846257707029,0.5650038874013296,0.435162844646645,889.6610682544859,37.31049252104953,100.91297139471126,7.341787881212254
2023-11-08 15:00:00,0.6344741788700892,0.5671601320895507,0.4333578161666165,865.7938287455922,33.85345395882412,100.96285875886333,7.34923645345941
2023-11-08 16:00:00,0.876938838052326,0.5629541148235963,0.4308884212132494,1073.482329025645,149.03762458758106,98.6160061069713,7.249093735573483
2023-11-08 17:00:00,0.8650150691551541,0.5597488761775996,0.4361466969471633,1089.6025388859946,150.43173347793893,98.66141369288145,7.2482637191812485
2023-11-08 18:00:00,0.886979657750784,0.5542161123882928,0.44217191053396676,1111.205192894468,156.55569062690367,98.60965925423766,7.2386832307169025
2023-11-08 19:00:00,0.88923682127959,0.5484538425991278,0.4490239199680131,1124.1697246916522,155.31417347186922,98.65579750819845,7.237945960450938
2023-11-08 20:00:00,0.885181412359601,0.543016574674504,0.45543443664428407,1133.6350433000252,152.36944428082256,98.70253118377383,7.238186307943534
2023-11-08 21:00:00,0.911007097076809,0.537502036896258,0.4608710420158341,1151.5077072339145,155.79229113467892,98.64899236933992,7.230509207506151
2023-11-08 22:00:00,0.9014283523242543,0.5331746095477347,0.46613784546366765,1158.497315457301,151.21356090685066,98.6948969879671,7.232589510448868
2023-11-08 23:00:00,0.8929791237935879,0.5295974849971479,0.4703535412279018,1163.4486531656153,146.1050858166995,98.73982787870538,7.234811875933019
2023-11-09 00:00:00,0.8855244710052642,0.5268266028340325,0.4735503484614595,1166.786338515943,140.62550876948606,98.78384576962077,7.237227390508819
2023-11-09 01:00:00,0.8783621035685031,0.524833545554803,0.4758299213577669,1168.6384843489595,134.85932399302368,98.82691782708413,7.2398841104395535
2023-11-09 02:00:00,0.899665991833653,0.5229437404477755,0.4771428210313656,1179.5398355602572,135.92898480376064,98.76952657067199,7.2345319549847655
2023-11-09 03:00:00,0.8851250421012955,0.5220302594679476,0.47862691847045885,1179.784728420322,129.40777214857277,98.81167174642104,7.238828353818865
2023-11-09 04:00:00,0.8969110170012741,0.5210744994344524,0.47914532737158905,1186.9505444591148,129.3600535014976,98.75402678062558,7.2348035247912925
2023-11-09 05:00:00,0.8855901487489609,0.5207905349744277,0.47986947275463326,1186.242858267825,122.9057212035164,98.795284623578,7.239597833564304
2023-11-09 06:00:00,0.8683984565455262,0.5208676516438275,0.48024100626395333,1182.5698073521917,115.7945358104451,98.83685570119177,7.244882976321421
2023-11-09 07:00:00,0.8825209727804737,0.5207089088191108,0.4798471784350566,1187.8293499210552,115.72763092507319,98.77853597169819,7.241599613856763
2023-11-09 08:00:00,0.8628181021429602,0.5212985352697175,0.4797783925915402,1182.297706311889,108.37126819254127,98.82006446939778,7.247701637051939
2023-11-09 09:00:00,0.8707051843196344,0.5216728055058367,0.47889363001918006,1183.8501187464512,107.73520927096446,98.76213596918276,7.245086518250072
2023-11-09 10:00:00,0.8562110013191667,0.5226103511199508,0.47831633734626416,1177.5081712107103,100.8613832690977,98.80341808898608,7.251246864338421
2023-11-09 11:00:00,0.8366026008433425,0.5237795786251076,0.4775179666154776,1168.2574312583752,93.64888705746942,98.84531241889924,7.257720969435544
2023-11-09 12:00:00,0.8487694542495984,0.5246217161718402,0.47604881865463494,1168.1599681563605,93.5626199773202,98.7873574688961,7.255304279373579
2023-11-09 13:00:00,0.8274006868795862,0.5261124965900331,0.47502392498443874,1157.3076274656928,86.4560514620658,98.82957601002857,7.262349361322514
2023-11-09 14:00:00,0.8340272889250521,0.527285168727584,0.4732846689541299,1153.7158647746098,86.22685221330374,98.77238903293231,7.260340707191935
2023-11-09 15:00:00,0.8184622208330198,0.5289580734838966,0.4719254626839424,1142.264468169113,79.85645430101616,98.81463511830125,7.267239393959069
2023-11-09 16:00:00,0.7979622976613154,0.5307709975116907,0.4704510681508977,1128.0321268699972,73.39147764815321,98.85769156039987,7.274361053024111
2023-11-09 17:00:00,0.8094406188987686,0.5321749362444926,0.4683872200107123,1123.2710209085085,73.99534105489431,98.80077670372991,7.272288581650859
2023-11-09 18:00:00,0.7874365305255044,0.534165883277789,0.46684221992433617,1107.775227447442,67.76970274418035,98.84436601727909,7.27984615566112
2023-11-09 19:00:00,0.7935303071511185,0.5357553909324261,0.46467239034525154,1099.868464146368,68.44812652892627,98.78846341024791,7.2780504598844225
2023-11-09 20:00:00,0.7776282602932771,0.5377958660949803,0.4629288651879854,1084.1785136658077,62.99409021082271,98.83217222254778,7.285329745350221
2023-11-09 21:00:00,0.7568440934221106,0.5399140387238965,0.46114297288582634,1065.8971199924465,57.5792699930773,98.87682810457602,7.292778835957961
2023-11-09 22:00:00,0.7680651462364457,0.5415619137888875,0.45882800502173715,1057.4743232990973,59.05785260922318,98.82130520091589,7.290753136706712
2023-11-09 23:00:00,0.7459996590369802,0.543758382046633,0.45707147641593887,1038.3904549124695,53.826834738441796,98.86657186322388,7.298541064769284
2023-11-10 00:00:00,0.7519570646239228,0.5454960030798595,0.4547553237679165,1027.2766689179182,55.42623062114594,98.81220275802687,7.296707890186711
2023-11-10 01:00:00,0.7360712365014008,0.5476552427393626,0.4528890439748928,1008.4874750567606,50.84200218841826,98.85757814550843,7.30412942357873
2023-11-10 02:00:00,0.7153556899801669,0.5498515605366957,0.4510269884942161,987.3332333494411,46.3570034860671,98.90400733672493,7.31168297764254
2023-11-10 03:00:00,0.7264946916780256,0.55153675171969,0.4486798728861296,976.4468333058023,48.5487252478166,98.85000621559007,7.309511929362923
2023-11-10 04:00:00,0.7046481873212787,0.5537482880765422,0.44690754793892445,955.0000926324831,44.109482991200714,98.89705371468776,7.3173335343081245
2023-11-10 05:00:00,0.7106169434774073,0.5554615251393363,0.44462484973371386,941.9086137847942,46.39772382366403,98.8442860478981,7.315296147965188
2023-11-10 06:00:00,0.6948994527600939,0.557579338935444,0.4428008763565503,921.2497831155592,42.44115837615156,98.89141029771795,7.322689327513983
2023-11-10 07:00:00,0.6743587953924716,0.559709778761108,0.44101135820889537,898.4589362963493,38.6161729564371,98.93965687397804,7.330189331625289
2023-11-10 08:00:00,0.6854882237741774,0.5612980092878449,0.4387701565469847,886.3219082664101,41.27853202835412,98.88722357406539,7.3277375697443885
2023-11-10 09:00:00,0.6638814573416576,0.5634011851113649,0.43710902981584443,863.7123113365989,37.3704285145104,98.93608545416002,7.335451731897173
2023-11-10 10:00:00,0.9942598314665932,0.5584852796394427,0.4315870162501028,1145.6288039838316,202.3049567329669,95.64945897859361,7.199022889349293
2023-11-10 11:00:00,1.0123151865118398,0.5537243871168918,0.43899279023236437,1188.4065253210545,218.09841841520205,95.59429822740402,7.189295142912411
2023-11-10 12:00:00,1.0221169238282206,0.5444394229022298,0.4505092154399886,1224.9148119252798,227.70406037428432,95.63872736263194,7.183647077672139
2023-11-10 13:00:00,1.0203466496213736,0.5340857538880966,0.462754835858485,1254.6435927417338,232.5627114841013,95.68735709193358,7.180542668723634
2023-11-10 14:00:00,1.0520977624236776,0.5234427843900837,0.47380281315391104,1290.7825512891814,242.6728547747536,95.6395873760196,7.170045574315543
2023-11-10 15:00:00,1.0505330495370924,0.5142557520938092,0.48429182415840866,1316.571464352542,244.3106769062364,95.68682932885493,7.169011654277545
2023-11-10 16:00:00,1.0600246301962262,0.5062608252696575,0.4928124374350215,1345.3369220045638,249.27467496216093,95.6402268784195,7.162760884951183
2023-11-10 17:00:00,1.071347732208214,0.4994582593077003,0.5000661254972859,1370.5800777853249,250.59077844744516,95.68279997128701,7.161614104645808
2023-11-10 18:00:00,1.0605549051539533,0.4942624754941259,0.5061278991201573,1390.3203756276396,248.32057302550214,95.72764943137742,7.163416351308989
2023-11-10 19:00:00,1.080161439271976,0.4897441528117102,0.5103513254757736,1417.3792803675742,252.25777487652508,95.67483879043101,7.157750299378959
2023-11-10 20:00:00,1.0658259582937195,0.48666808063347194,0.5142026420114941,1434.6790544357302,248.22630636516487,95.7180884406188,7.161109918309856
2023-11-10 21:00:00,1.0643878886136469,0.48430272213170267,0.516634417114646,1455.3346521008466,248.13538260482676,95.66643893178009,7.158628405086412
2023-11-10 22:00:00,1.0658560040087721,0.4826309054462799,0.5183745509662376,1472.6954941141435,244.63545941608118,95.7056270149838,7.160987021408759
2023-11-10 23:00:00,1.0471333144705435,0.4818777344936703,0.5196608342963189,1484.7713950110929,237.95881401084495,95.7465392832821,7.165777276653828
2023-11-11 00:00:00,1.0604126809235839,0.48125583285436635,0.519691550010718,1504.260437542458,237.85725208975524,95.69071853756182,7.162625315379712
2023-11-11 01:00:00,1.0407709724109504,0.48156904276325635,0.5199113765230136,1514.0953214221227,230.00423831406997,95.73094837198093,7.168309757543263
2023-11-11 02:00:00,1.0353354868738285,0.4821077150573857,0.5192332505224999,1527.39726842334,226.49911561260276,95.67675703999629,7.1676906161275085
2023-11-11 03:00:00,1.0333230122060522,0.48299400593057684,0.5182501067711907,1537.4221779604186,219.70250148104017,95.71390378348893,7.1718868482822185
2023-11-11 04:00:00,1.011913833471935,0.48443923727516464,0.5172068659969995,1542.2404676683987,210.07742416408146,95.75303527688705,7.178310960492253
2023-11-11 05:00:00,1.0231280604606476,0.4857266118835129,0.515218689596383,1554.5625825007746,207.3541891320666,95.69583464008525,7.176387523658
2023-11-11 06:00:00,1.0017029036803746,0.48771598862855986,0.5136822782179283,1557.2384597441312,197.09591796140356,95.73466575126284,7.1834019598821754
2023-11-11 07:00:00,0.9950331954710117,0.4896898099471042,0.5115039701633886,1563.4866954854465,191.59908779426888,95.67942134703222,7.183731565721573
2023-11-11 08:00:00,0.9917374974479831,0.49184742490082045,0.5092063891986613,1566.441140607769,182.94079515337032,95.71586610050458,7.188997636156847
2023-11-11 09:00:00,0.9694550398576599,0.49438668398798324,0.5070367573677955,1564.233009747,171.8560434618768,95.75455990850593,7.196404783245831
2023-11-11 10:00:00,0.9799291958219257,0.496611874631894,0.5040877674716893,1569.6384812224442,167.97803813010898,95.69706025806624,7.1950951236409555
2023-11-11 11:00:00,0.957844365074747,0.4994266449663998,0.5017128355577437,1565.3598294180927,156.84947141889046,95.7358025754548,7.202937600217334
2023-11-11 12:00:00,0.95075059792234,0.502089884191868,0.4988371068544882,1564.7636452828856,150.90086668809025,95.68063865448752,7.203753581325287
2023-11-11 13:00:00,0.9468553253104967,0.5048472754643392,0.49593981431184603,1560.842088144053,141.93654128479562,95.71744079283539,7.20967451041265
2023-11-11 14:00:00,0.9242321576625777,0.5078908493705957,0.49326803340622394,1551.7785635620212,130.98879937673078,95.75676180339481,7.217706898886098
2023-11-11 15:00:00,0.934333370601115,0.510521332637155,0.48991863695516674,1550.487881755686,127.48540825953403,95.6998833064628,7.216662759188818
2023-11-11 16:00:00,0.9119634959729942,0.513684517857023,0.48720095871782615,1539.4570609306597,117.04910930303528,95.73955488044729,7.225031525612895
2023-11-11 17:00:00,0.9046504511439941,0.5166122810081055,0.48407050774832755,1532.2677169198125,112.15218482177336,95.6853915355598,7.226052854115497
2023-11-11 18:00:00,0.9004536595514918,0.5195791728572299,0.48097225429462287,1521.7508508000599,104.31914186066115,95.72338585143932,7.232363386189421
2023-11-11 19:00:00,0.8776843463197341,0.5227807340018963,0.47815291990587694,1506.1415352553465,94.89990959431191,95.76416951515812,7.240782679445665
2023-11-11 20:00:00,0.8875854060873898,0.5255008590962679,0.47472489247927163,1498.5800462448587,92.99265141946881,95.70860592984667,7.239773433998372
2023-11-11 21:00:00,0.8651901656718278,0.5287266252474953,0.47195011208037063,1481.2593070062628,84.38157881809828,95.74992720854299,7.248451882832948
2023-11-11 22:00:00,0.8578714666507175,0.531664079423875,0.468819895299692,1468.0515164786211,81.4906704665124,95.69736646381673,7.249480121603201
2023-11-11 23:00:00,0.8536847899211304,0.5346081338087184,0.4657488545307056,1451.6106211854533,75.57681680174709,95.73708645806256,7.255974610547104
2023-11-12 00:00:00,0.8310688776999745,0.5377626543763058,0.46298289635852724,1430.2185254129586,68.29916174314788,95.77978881660026,7.264591991088404
2023-11-12 01:00:00,0.8411237262032478,0.5403903130393665,0.45965292776118255,1417.3106308615959,68.37790445647614,95.72585209164842,7.263433557228782
2023-11-12 02:00:00,0.8189964946715192,0.5435192670553127,0.45697802450571734,1394.6942390162505,61.797648564956994,95.7691354224941,7.272257314103944
2023-11-12 03:00:00,0.8119899065421796,0.5463284697965892,0.4539835440508839,1376.6045112461875,60.918257866331075,95.71836112589068,7.273143177625071
2023-11-12 04:00:00,0.8081705968976851,0.5491264197881639,0.45105904978097544,1355.4613248121254,56.77908385741728,95.75992071172277,7.279658019636676
2023-11-12 05:00:00,0.7860108194726708,0.5521292387769537,0.4484494789689675,1329.6043023822242,51.32855383477,95.80460470513592,7.288323391919365
2023-11-12 06:00:00,0.7963684406726508,0.554576148266984,0.4453093932765164,1312.734577865193,52.95066103050043,95.7523198900657,7.286905865892018
2023-11-12 07:00:00,0.7748655689443986,0.5575270355273554,0.4428108465412561,1286.2889372750628,47.87850513426767,95.79748991742753,7.295720314056963
2023-11-12 08:00:00,0.7683080942854369,0.5601441742860195,0.44001934232716533,1264.837301237521,48.39221129535611,95.74843483104671,7.2963588999776965
2023-11-12 09:00:00,0.764939625852233,0.5627367175377416,0.43730370019485154,1240.506144002861,45.397911674863266,95.79172264709366,7.302773482100889
2023-11-12 10:00:00,0.7433699876206362,0.5655354546620461,0.4349028963692995,1211.746365040838,41.09902524887986,95.83826232344214,7.31136420501573
2023-11-12 11:00:00,0.7540613121572695,0.5677556245408452,0.43200056372178963,1192.467317667925,43.631144396972616,95.78748998009948,7.309591046181993
2023-11-12 12:00:00,0.7330756852709854,0.5704868486259758,0.4297252647598106,1163.728305697978,39.42305552354001,95.83446578879104,7.318297116811037
2023-11-12 13:00:00,0.7268451196377663,0.5728715033888777,0.42718005604739984,1140.4429215526575,40.7213088445643,95.78703595317408,7.31860592267925
2023-11-12 14:00:00,0.7238189481060417,0.5752200778901891,0.4247137425237052,1114.4256181587243,38.33644106706299,95.83197120642613,7.324819254917625
2023-11-12 15:00:00,0.7026031304078159,0.5777770334062112,0.42256374408610703,1084.2437783560276,34.66491495316874,95.88030029861208,7.3332402073572815
2023-11-12 16:00:00,0.7133557771306458,0.5797341803839726,0.4199398596093142,1063.995081085216,37.66390124433435,95.831013416785,7.3310475246664195
2023-11-12 17:00:00,0.6926801993661607,0.5822049082044509,0.41792907356074765,1034.3840077248633,33.91549041593452,95.87976258192809,7.339543950216772
2023-11-12 18:00:00,0.6865248418778085,0.5843177533369298,0.4156705393241823,1010.6529490184217,35.63424765925365,95.833944891841,7.339453609210109
2023-11-12 19:00:00,0.683596072623201,0.5863805499311813,0.4134952349024581,984.2992521567705,33.5621853376226,95.88055985543753,7.345371375972155
2023-11-12 20:00:00,0.6624869608094752,0.5886531528868415,0.4116378358753124,954.0204198974154,30.23808861323226,95.93070554335222,7.353526290306159
2023-11-12 21:00:00,0.6446313065445359,0.5908602711230297,0.4096434243698113,923.2028161502558,27.594220757937848,95.98114792510326,7.361047530446784
2023-11-12 22:00:00,0.653718272938381,0.5926225182680182,0.40717119721712564,902.0375522727062,31.34468216697011,95.93363702087117,7.35800318724098
2023-11-12 23:00:00,0.6398162069232436,0.594837875465111,0.405180430188979,873.7120312972561,28.532579277656424,95.98360489500593,7.365347649271068
2023-11-13 00:00:00,0.6207571363776715,0.5970139067846133,0.40331137287270274,843.8537622313233,25.919700415057676,96.03465044831613,7.372779903035355
2023-11-13 01:00:00,0.632458301023704,0.5985589862799351,0.4011162199841654,825.4838036953842,29.334279127997064,95.98724525352765,7.3695226639694535
2023-11-13 02:00:00,0.6116668671811251,0.6005795310506431,0.399535812191191,796.9012236240405,26.30225149704915,96.03887303441445,7.377159478787204
2023-11-13 03:00:00,0.6179979294772587,0.6019792404941432,0.39760082012535136,777.865718488766,29.76472428137305,95.99275706029685,7.37393192540272
2023-11-13 04:00:00,0.6025139063111105,0.6037386861080032,0.3961623764112151,751.4999363650282,26.733418301314856,96.04449141632503,7.381100862759095
2023-11-13 05:00:00,0.582424779111481,0.6054400695543254,0.39483167900774857,723.7529564170752,24.01059684583976,96.09741800517284,7.388255177525348
2023-11-13 06:00:00,0.5932173935994981,0.6064860114302599,0.3931760694006238,707.6840463569291,27.320240408183153,96.05174358364884,7.384529312623613
2023-11-13 07:00:00,0.5720456295907528,0.6080267581645483,0.39209194219729054,681.417753321776,24.27631344360913,96.10536474308967,7.391770561630865
2023-11-13 08:00:00,0.5778155929281843,0.6089586352251546,0.3906453127219395,664.9264257504641,27.710941860683878,96.06110223908533,7.388043060171659
2023-11-13 09:00:00,0.5621681757093039,0.6102602222955674,0.3896639503744842,641.1183435198716,24.708271319982963,96.1148146036114,7.39474098353538
2023-11-13 10:00:00,0.5419305981130421,0.6115232432361724,0.38877336210543434,616.0184663665995,22.04961864916409,96.16980718296897,7.401431314693534
2023-11-13 11:00:00,0.5525402152641423,0.6121364107479416,0.38754968564977416,602.8238311394579,25.373493542801018,96.12593973697948,7.397126296545417
2023-11-13 12:00:00,0.5312412571676859,0.6132701998381509,0.3868754305308766,579.3943273665857,22.368315325947304,96.18161232475954,7.403910503197912
2023-11-13 13:00:00,0.7578468025356739,0.6090145233429765,0.3837167702077907,780.1261417761925,133.58997589204947,94.08535538160098,7.296085468014778
2023-11-13 14:00:00,0.7672128348568303,0.6060283790314406,0.3882689083224133,797.840631560248,133.97529156412483,94.12803047105508,7.293292631605653
2023-11-13 15:00:00,0.7662462327134473,0.6005243247728556,0.39524371380815393,810.7449329961994,131.72411573295705,94.17779984336362,7.2901392814123325
2023-11-13 16:00:00,0.8000713227464608,0.5931588765465047,0.4028252821082589,831.3771259458342,135.28347661940978,94.13223004791841,7.277960229286219
2023-11-13 17:00:00,0.8003255631060339,0.5861526606033587,0.4109937560466647,840.185062082638,130.6470019331457,94.18228386102956,7.276368187403864
2023-11-13 18:00:00,0.8263777285850661,0.5789615717818695,0.41826730380769145,855.7284247970779,132.09331401713277,94.13686479596679,7.266367679481051
2023-11-13 19:00:00,0.827602670237462,0.5726037464202451,0.4255496591328973,862.5840831446375,126.74169677513244,94.18518631625086,7.2662770163819115
2023-11-13 20:00:00,0.8215700413977614,0.5670461073471804,0.43198944761174507,866.3306396988523,120.5385255732069,94.23384786866278,7.2671413349527425
2023-11-13 21:00:00,0.8450666701374171,0.561557533729433,0.43733567987280664,879.0473679488515,121.20224850391247,94.18586207534382,7.25957196011097
2023-11-13 22:00:00,0.8331792796341724,0.5573117554020021,0.4424702758894756,880.583603433327,114.38541228391648,94.23360853455148,7.262194002294568
2023-11-13 23:00:00,0.8480689976534536,0.5532619542132345,0.44631754153727443,889.353783800881,114.21528684366885,94.1852577350935,7.25613878577176
2023-11-14 00:00:00,0.8389230552901248,0.550148496276118,0.4500756472828392,889.6948779698515,107.58378455817362,94.23182211132637,7.259547035136375
2023-11-14 01:00:00,0.8240825465445447,0.5476898567165625,0.45313695696634865,887.119715027403,100.53656046663252,94.27847803551825,7.263472631040496
2023-11-14 02:00:00,0.8402892086931931,0.5451709243504083,0.45522841647641243,893.7752987415895,100.55135628364731,94.22915015549837,7.258631610543175
2023-11-14 03:00:00,0.8221949301291408,0.5436464068637537,0.4573835832714197,889.3313059678825,93.42134222609188,94.27555829583736,7.263617877134702
2023-11-14 04:00:00,0.832003442201532,0.542078678498746,0.458510363438185,892.3456795185756,93.16148095777025,94.22631727652374,7.259594044035725
2023-11-14 05:00:00,0.8184986847282962,0.5412488105659111,0.4597710717414483,886.9894597842509,86.60288179731988,94.27240895325806,7.264852405636509
2023-11-14 06:00:00,0.8000578691627349,0.5408292554202117,0.46061012749210417,878.8411787816855,79.92984312635447,94.31887179675455,7.270401544257998
2023-11-14 07:00:00,0.8132162066852421,0.5401580572294216,0.46069561968130496,880.2713595662552,80.31121505227838,94.26948425182977,7.266896734556405
2023-11-14 08:00:00,0.7924836677118365,0.5402768620502378,0.4610798980216326,870.6647482822699,73.79553887847815,94.31611960949512,7.273160017884567
2023-11-14 09:00:00,0.8000865150144457,0.5401614617325913,0.4606450509106422,868.809269641287,74.22899959125247,94.26723467516321,7.270112479684409
2023-11-14 10:00:00,0.784679551539517,0.5406386111374423,0.4605095898731137,858.7290808365744,68.41305160471235,94.31393044270943,7.276372737923782
2023-11-14 11:00:00,0.7645033635673628,0.5413502421718523,0.46015365886661214,846.0517617938208,62.65907487580404,94.36124230952869,7.2828049161517034
2023-11-14 12:00:00,0.776372751129391,0.5416943238824267,0.459155820745115,843.2898942408448,63.8373436132523,94.31261380700951,7.279891581926006
2023-11-14 13:00:00,0.7545631263513249,0.5427073235541577,0.45859386977724287,829.5999354637977,58.28026160494747,94.36032371461879,7.28681681922991
2023-11-14 14:00:00,0.7612391036130436,0.5433636385955372,0.4573465943893174,824.0373093832432,59.6312991280939,94.31246042038266,7.284158626199028
2023-11-14 15:00:00,0.7450564965528091,0.5445294803942553,0.4564884393519809,810.3976659941934,54.702708651288965,94.36036322025363,7.290918453480715
2023-11-14 16:00:00,0.7242190304614916,0.5458260220708282,0.45552615357826076,794.399644721884,49.92609194565444,94.40903851545279,7.297773238175884
2023-11-14 17:00:00,0.7356060492472061,0.5466699541107136,0.45400517675596713,788.7397542356263,51.879426508469216,94.36157146112784,7.295016595982046
2023-11-14 18:00:00,0.713330774348879,0.5481154408863999,0.4529991403109408,772.2623411594302,47.177160281172014,94.41075943171745,7.302244453351287
2023-11-14 19:00:00,0.7196066292841982,0.5491220414575142,0.45139520827727425,764.3102575609986,49.29201121733128,94.36423318990002,7.299634267530777
2023-11-14 20:00:00,0.7031921829019605,0.550587524737196,0.4502273712194419,748.4264355607219,45.07228600964686,94.41363228049313,7.306573208827455
2023-11-14 21:00:00,0.6821713246334079,0.5521220195021835,0.44902553919693206,730.4314916662885,41.04606176873333,94.46391510606267,7.313560601390654
2023-11-14 22:00:00,0.6933259688924934,0.5531489461011985,0.4473208625921159,723.163809014959,43.54366532006185,94.41781873527246,7.310705249306479
2023-11-14 23:00:00,0.6712608223600964,0.5547360990200675,0.4461570916926855,705.1459028162766,39.4972506026243,94.46867832319222,7.317936876364849
2023-11-15 00:00:00,0.6773827249062909,0.5558420128666963,0.44446260429284307,696.0895556124099,42.131702823003856,94.42361168804688,7.315153972315363
2023-11-15 01:00:00,0.6609417745226276,0.5573724321749691,0.4432332568907863,679.2100599960685,38.37361346016232,94.47463730852535,7.322071962910202
2023-11-15 02:00:00,0.6398978041580501,0.5589325513806324,0.4420153631086001,660.4350749512482,34.84281660592759,94.52663224869647,7.329004580561766
2023-11-15 03:00:00,0.6510204760526639,0.5599437881331875,0.4403321867536672,652.7244425324749,37.67613404068528,94.48200447394757,7.325879418691238
2023-11-15 04:00:00,0.6288955355696388,0.5614961985425,0.4392184849981318,634.3823756112132,33.99218267897543,94.53458265112411,7.333025260768744
2023-11-15 05:00:00,0.6349953855869002,0.5625269813081891,0.4376096293438015,625.2698370901337,36.947900217021115,94.49107230014991,7.329931063561775
2023-11-15 06:00:00,0.6187727276419371,0.563966781630691,0.4364686808948115,608.3959011045795,33.490105068288955,94.54381074916364,7.336667576064424
2023-11-15 07:00:00,0.5979160252900607,0.5654202648004745,0.4353633564300346,589.8188356701676,30.29257888421125,94.59757178795854,7.343401629299842
2023-11-15 08:00:00,0.6090984876079588,0.566298195916975,0.43381960615535076,582.5682016383382,33.32947538311889,94.55447486569803,7.33990188116552
2023-11-15 09:00:00,0.5873466145590144,0.5677072358037197,0.4328457590691351,564.7326546598147,29.928418797129453,94.60881107656097,7.3467903829174945
2023-11-15 10:00:00,0.5935343791706996,0.5685765963661026,0.4314093197091987,556.391218945474,33.09202967850558,94.5668590114124,7.343298525983545
2023-11-15 11:00:00,0.5776412201913594,0.5698432948993221,0.43043938506346324,540.3001938858032,29.83417733442399,94.6213205696692,7.349755723334226
2023-11-15 12:00:00,0.5570687791628047,0.5711174700503939,0.42951970433154363,522.6528019991059,26.864811791391887,94.67682695308274,7.3562030714939635
2023-11-15 13:00:00,0.794167823477674,0.5672487776440993,0.4257082692048596,733.078421239158,137.91514268259274,92.66066642743834,7.255740651059257
2023-11-15 14:00:00,0.7983752062434014,0.5647042889615852,0.4299877646218657,753.7862713203162,138.70867531914757,92.70399966618515,7.254355404195671
2023-11-15 15:00:00,0.8247719669882194,0.5592163168058952,0.4360754728470548,779.6462577123033,143.96464133163238,92.66046513898286,7.243572748634905
2023-11-15 16:00:00,0.8318966127984244,0.5530253685590241,0.4434545438012152,795.7239584856983,141.56511552583726,92.70986939802766,7.241912154151109
2023-11-15 17:00:00,0.8333901909750807,0.5469327461289394,0.45060609856557277,807.9924295291291,137.60627238382503,92.75971919884692,7.2411581538440535
2023-11-15 18:00:00,0.864744646220678,0.5406503846091065,0.4569027053898276,828.6547405923276,140.04892441414125,92.7148625381013,7.232459887985149
2023-11-15 19:00:00,0.8595906782608068,0.5355819478969106,0.4630274377853058,837.7958360044516,134.58883335749343,92.76375325379182,7.233808637439802
2023-11-15 20:00:00,0.8804326132035648,0.5308265189987154,0.46774234092035044,853.8366554556812,135.42775357115286,92.71772185362576,7.2270487991289105
2023-11-15 21:00:00,0.876075346860846,0.5271297342482003,0.47225466995722293,861.208171594674,129.55257400149608,92.76480496098756,7.229601102089353
2023-11-15 22:00:00,0.8650609528763124,0.5242465727811366,0.47589357549465394,865.4470959523804,122.90972913940567,92.81153962890612,7.232832356888975
2023-11-15 23:00:00,0.8846364081726452,0.521471604472225,0.4783817635377856,878.6246932330538,123.1962979580128,92.76368615502199,7.227820440040972
2023-11-16 00:00:00,0.8689282116243001,0.5198031399085512,0.4808113106985686,880.550222751152,116.03617071728138,92.80968126179485,7.23238487062965
2023-11-16 01:00:00,0.8552653813163084,0.5186942311301032,0.4823923200364452,880.4472377930554,108.95118353025724,92.8552821764019,7.236817735560041
2023-11-16 02:00:00,0.8432956794704299,0.518174092531881,0.483187079533396,878.7241180660895,102.05179650974974,92.90035125289833,7.2411977069806195
2023-11-16 03:00:00,0.8322183583265991,0.5182162542596479,0.48329452653809124,875.5036604733485,95.39746441810756,92.94484385299177,7.24559542221507
2023-11-16 04:00:00,0.8506497581370015,0.518177378891278,0.4826104474880035,881.8157060070602,95.7646183674047,92.89459943733713,7.24156531788124
2023-11-16 05:00:00,0.8332051301873544,0.5189289061115455,0.48231312148113414,877.0106898453599,89.01411292935254,92.93859021098223,7.2472457600761775
2023-11-16 06:00:00,0.8433112394290976,0.5194313830804039,0.4812499586675252,879.7675928996184,89.1210226855265,92.8883068182749,7.244076244047199
2023-11-16 07:00:00,0.8293946390701424,0.5204753940653941,0.48057423414387646,874.1507622598233,82.88695480403794,92.93215640697578,7.2500631570888325
2023-11-16 08:00:00,0.8102795762144331,0.5216983666907352,0.4797332548470415,865.7397326279514,76.54352252398263,92.97637688482416,7.256299551484759
2023-11-16 09:00:00,0.823134952459358,0.5225404458590631,0.47826473452389656,866.9132592657348,77.21447575668267,92.92622459648658,7.253559577961356
2023-11-16 10:00:00,0.801850478387338,0.5240013146182393,0.4772805993419695,856.9807186913565,71.00589137127773,92.97075854666782,7.260407836001904
2023-11-16 11:00:00,0.8090851940049641,0.5250999074299876,0.47561077335919133,854.8973860640599,71.71245323069911,92.92116645830178,7.258015046521811
2023-11-16 12:00:00,0.793044518153276,0.5266813774720528,0.47436283240855454,844.5108105513596,66.13714268703926,92.965980436572,7.2648118834175595
2023-11-16 13:00:00,0.7723022977862803,0.5283787679331915,0.47301511828370096,831.5676473639401,60.6260579070817,93.01139532063887,7.27173351379776
2023-11-16 14:00:00,0.7837955894575452,0.5296381088882676,0.4710967200654011,828.6142693198387,61.98884644331134,92.96233263825819,7.2693698597687
2023-11-16 15:00:00,0.7613596352407678,0.5314703498811568,0.46971990011851955,814.6964375567501,56.613120411735615,93.00827616311528,7.276732341797225
2023-11-16 16:00:00,0.7677224595734622,0.5328756047514087,0.46771916348719744,808.9686130824961,58.13137627482554,92.96003937585452,7.274531789876136
2023-11-16 17:00:00,0.7509940931070288,0.5347323456383581,0.46617592541892805,795.1303856711868,53.33273075404449,93.00637130911275,7.281684709858491
2023-11-16 18:00:00,0.729658515634907,0.536651193159184,0.4645949363700771,778.9520118946266,48.69477098400794,93.053478366556,7.2888904718796255
2023-11-16 19:00:00,0.7407297500638221,0.5380820124785631,0.46248742274203364,773.1637930161455,50.74315288526571,93.00588081575486,7.286519926527957
2023-11-16 20:00:00,0.7180632478560509,0.5400563363175104,0.4609550862442592,756.5494476283535,46.14978458796899,93.05360242770584,7.294046049220307
2023-11-16 21:00:00,0.7241483052956774,0.54155296992087,0.45885786104486864,748.5252831175916,48.36337672527557,93.00697835208881,7.291739076798803
2023-11-16 22:00:00,0.707285853545682,0.5434764085282957,0.4572398058191805,732.5342718165995,44.20469227103631,93.05508651832939,7.29896574076408
2023-11-16 23:00:00,0.6858906758332097,0.5454237007385838,0.4556287472079162,714.4570403601357,40.257270424528244,93.10407244264795,7.306198356758053
2023-11-17 00:00:00,0.696859984127447,0.5468434811005463,0.4535311591186986,707.1717936418883,42.80389182268269,93.05808826911628,7.303602821393033
2023-11-17 01:00:00,0.6744074989835547,0.5487859213417418,0.45201861245800984,689.1211186732144,38.81248981312836,93.10773845514234,7.3110506128482164
2023-11-17 02:00:00,0.6803901700383194,0.5502202751368083,0.44999367665319173,680.0932633837543,41.500985980105696,93.06281736908802,7.308470178395862
2023-11-17 03:00:00,0.663559990406132,0.5520602904446523,0.44846273429647987,663.21435490532,37.770022663899255,93.1127853194781,7.315593087508906
2023-11-17 04:00:00,0.6421857463920484,0.5539003992889882,0.44696997766507923,644.4718174049037,34.28383563242634,93.16370862340267,7.322698132809289
2023-11-17 05:00:00,0.6532079296305435,0.5551749466948803,0.44502179923675234,636.846796528973,37.14230567756304,93.11940672214115,7.319740596813853
2023-11-17 06:00:00,0.6306706062641483,0.5569700148280458,0.44367606173419716,618.584926527298,33.4762297972301,93.17098686592274,7.327051371483865
2023-11-17 07:00:00,0.6367003408683506,0.5582185257102218,0.4418450952681361,609.5943159799314,36.47282225815849,93.12783032614128,7.32407254412385
2023-11-17 08:00:00,0.6201806982388892,0.5598669647426763,0.4405011553556246,592.8216899003911,33.02448161535616,93.17971733199583,7.330956078401659
2023-11-17 09:00:00,0.5990407692422325,0.5615076421919216,0.4392125226386113,574.36873163243,29.85835959405303,93.23260963033569,7.337804303830959
2023-11-17 10:00:00,0.6101580033082331,0.5625628192753933,0.4374896454652665,567.3006206192304,32.90785720900476,93.19001060299928,7.334407277560327
2023-11-17 11:00:00,0.5879733277294309,0.5641370899854901,0.43636499989899685,549.648385790007,29.497998630881863,93.24353391477644,7.341427914581492
2023-11-17 12:00:00,0.594156878893923,0.565149380122039,0.4347798871445271,541.512713836508,32.69227904362342,93.20211880914097,7.337997003145655
2023-11-17 13:00:00,0.57796834624594,0.5665556405706718,0.43367744891873156,525.614144994186,29.4320663114559,93.25588385654218,7.344559327004927
2023-11-17 14:00:00,0.9182206463468726,0.5587174303556933,0.4324994574564443,855.3749907541426,194.19002653559122,90.47952338362612,7.206654834827211
2023-11-17 15:00:00,0.9472044057356579,0.5509652862213773,0.4421618620555044,899.6333776397989,207.510708834507,90.43497877545195,7.193692380447417
2023-11-17 16:00:00,0.9524127723545286,0.5411128910100793,0.4541142842614084,930.9174521637367,211.09823429352295,90.48435509200043,7.189505673710971
2023-11-17 17:00:00,0.9880519448332772,0.5304131276433902,0.4654512205896964,967.3441599516862,219.36445201888057,90.44294201470076,7.177930644541343
2023-11-17 18:00:00,0.999247683322842,0.5206222456790627,0.47658058829091887,994.3989070746225,219.99109975403218,90.49044092749472,7.175530165954997
2023-11-17 19:00:00,1.0019200928323955,0.5121894526615981,0.4862036516980013,1017.5599525493379,218.61839213995307,90.53757845174943,7.174466509251918
2023-11-17 20:00:00,1.0332021591177663,0.5045279807764349,0.4939808492253866,1048.6376797670462,223.41739857907916,90.49240894538566,7.16640544958652
2023-11-17 21:00:00,1.0269167681153968,0.49872011304882785,0.5008939392447812,1068.3151609227534,219.83336845448844,90.53774714477615,7.167817137537172
2023-11-17 22:00:00,1.0465314456408221,0.49377153524940653,0.5057934697248618,1094.2942137049138,222.0827573332648,90.49030423869813,7.161883107295454
2023-11-17 23:00:00,1.0405476647946994,0.49022593682908727,0.5101338660031408,1111.7143961122904,217.30350118401375,90.53339736379934,7.164661997926818
2023-11-18 00:00:00,1.027921099419072,0.48774944471417747,0.5132999467355089,1125.7486897318454,211.13004895096415,90.5754636550273,7.168154722837891
2023-11-18 01:00:00,1.0460462798260441,0.48563127863745137,0.5150646760392733,1148.0601557736052,211.63733540090774,90.52563016480887,7.164079475062031
2023-11-18 02:00:00,1.0287220510689432,0.48470926024510996,0.5166689202619957,1159.249445345169,204.12071528855714,90.5664919691379,7.168948264686689
2023-11-18 03:00:00,1.039532781248798,0.4840190846938629,0.5169228166714942,1176.9411844974968,202.88631530388778,90.51530866346612,7.165884382915604
2023-11-18 04:00:00,1.0259226069902285,0.4842062405692858,0.5172057145413195,1186.1784858201947,194.81913504663976,90.55542809206788,7.171341891864368
2023-11-18 05:00:00,1.0072502910420456,0.48490915850302146,0.5169171132957981,1192.172862462221,185.7624741974875,90.59489889650258,7.177148278718111
2023-11-18 06:00:00,1.0204892233927734,0.4855571062939368,0.5156758187223903,1206.5778564447214,183.7044808948362,90.54299223598018,7.174923467520817
2023-11-18 07:00:00,0.9991634675366245,0.4870080546365264,0.5147154267504869,1209.9386753350104,173.93440401681502,90.58196803487927,7.181585930094568
2023-11-18 08:00:00,1.006772049329222,0.48834519586932007,0.5127844022411444,1219.920914921755,170.80743884082767,90.52942132382869,7.179890353135492
2023-11-18 09:00:00,0.9903498600718369,0.49030403337866735,0.5111732927909964,1221.5261047161687,161.10623456223712,90.56840034560972,7.186759322669611
2023-11-18 10:00:00,0.9694197231013931,0.49251123116040696,0.509287457368769,1219.950848088707,150.8152476454988,90.60719680175691,7.19383129229543
2023-11-18 11:00:00,0.9808583850159948,0.49445173568368955,0.5066726592497945,1226.960648655078,147.7884997099833,90.55473856369291,7.192463562296546
2023-11-18 12:00:00,0.9578132668809389,0.4970175425146703,0.5045470182264491,1222.9199293400707,137.40154037083346,90.59360926805778,7.20015665230984
2023-11-18 13:00:00,0.964112870872223,0.4992840343381646,0.5016440916979077,1225.683497795637,134.00496543204375,90.54113075416349,7.199078804209508
2023-11-18 14:00:00,0.9464250804435699,0.5020517656318737,0.4991961225229154,1220.0879812001529,124.27390220619733,90.58041904010827,7.2067751477778
2023-11-18 15:00:00,0.924456403443829,0.5049279294346514,0.4966252163086875,1211.3878703731998,114.37478884774208,90.61989644591544,7.214581188396784
2023-11-18 16:00:00,0.9348857884840485,0.5074169617608714,0.4934508107532534,1211.5171328243641,111.87259192465321,90.56806867452812,7.213575900355971
2023-11-18 17:00:00,0.9111609474805166,0.5104384364471128,0.4908593765001495,1200.6036111523,102.39861073577273,90.60802374243222,7.221851646755554
2023-11-18 18:00:00,0.9167940954724926,0.5130529679392998,0.48760578340920335,1196.7540720016498,100.12393885284524,90.55664386183064,7.220978900047248
2023-11-18 19:00:00,0.8984769610357164,0.5161092955938292,0.4848694723679295,1184.5960216909982,91.6786533154837,90.59727609494486,7.2291430146893205
2023-11-18 20:00:00,0.8760052581082393,0.5191946868938258,0.4820950571611785,1169.4696690128578,83.38757157309755,90.63836201854845,7.237350656368704
2023-11-18 21:00:00,0.8860688988158834,0.521814892115816,0.4787893954282573,1163.5742623260176,82.42510266734867,90.58794293568634,7.236373614180074
2023-11-18 22:00:00,0.8619508734147494,0.524930929250932,0.47611283455485753,1146.6719671719054,74.74429437752927,90.6297356312655,7.244962384810433
2023-11-18 23:00:00,0.8672747005084961,0.5275678448202928,0.47284732881904257,1137.2397682682376,74.27311097467661,90.58006874923538,7.244031758234823
2023-11-19 00:00:00,0.8488773434197415,0.5306125457321068,0.4701203218910484,1119.5971214331762,67.64432953053732,90.62260979664764,7.252389709450325
2023-11-19 01:00:00,0.8263672239448453,0.5336511035936726,0.46740080949515594,1099.2702027195658,61.29785277072722,90.66578148826237,7.260754971946681
2023-11-19 02:00:00,0.8363007052339599,0.5361743214830964,0.4642001628239158,1088.6787029430268,61.99196489066623,90.61712016725534,7.259597930884182
2023-11-19 03:00:00,0.8123891511775836,0.5391770747187774,0.4616387308389,1067.2203438272575,56.09075683858668,90.66105685230148,7.268264130470394
2023-11-19 04:00:00,0.8177936624270947,0.5416581912359671,0.4585376886225588,1053.72567701252,57.23708836619238,90.61329267777786,7.267075512996823
2023-11-19 05:00:00,0.7996625794959877,0.5445376313819386,0.4559759049106363,1032.2016998866593,52.11649441264359,90.65791610361771,7.275437285903104
2023-11-19 06:00:00,0.7774237956270827,0.5473940979962149,0.4534470319932284,1008.3256548055548,47.28649506899216,90.70326489431356,7.283774665906355
2023-11-19 07:00:00,0.7875145002750605,0.5497011499120537,0.450471007021615,994.7302799924938,49.16530117394824,90.65642328986773,7.282278261245653
2023-11-19 08:00:00,0.763935669787584,0.5524871529539808,0.44813271833817336,970.4258360598502,44.48466719724026,90.7025123316543,7.2908637071828215
2023-11-19 09:00:00,0.769514848636659,0.5547231856136393,0.44529062992684837,954.6007927375688,46.67462500948748,90.656635939999,7.2892916614000685
2023-11-19 10:00:00,0.7516492991173582,0.5573573663909787,0.4429836059481848,930.9612084618793,42.46487533263655,90.70331591883796,7.297529314438039
2023-11-19 11:00:00,0.7296599493123466,0.5599533021379003,0.44072786380902307,905.2525563301862,38.552459155558665,90.75082470392258,7.305704372920162
2023-11-19 12:00:00,0.7399434198185365,0.5619719185394203,0.43804705476124606,890.3066590716749,41.1015706998456,90.70578835104969,7.303751636912538
2023-11-19 13:00:00,0.716694571111176,0.5644791547679712,0.4359936120056256,864.8083485377438,37.123172195919686,90.75402226340898,7.312124425130058
2023-11-19 14:00:00,0.7223976233762531,0.5664141919377182,0.4334641463444678,848.2352920970364,39.90789060475492,90.7100356552386,7.3100560940863195
2023-11-19 15:00:00,0.7048014725627514,0.5687456850978568,0.4314635191745823,824.0038907631968,36.20126099126145,90.7587875935545,7.318034350792679
2023-11-19 16:00:00,0.6829551929305794,0.5710335208220597,0.42952884884384857,797.9866333645134,32.80611808476813,90.80845543967638,7.325929993458936
2023-11-19 17:00:00,0.6932622761795207,0.5727191469081426,0.4271909459243793,783.1511865050127,35.698947309932784,90.76525168873592,7.323446060839384
2023-11-19 18:00:00,0.6703888829314757,0.5748935365068553,0.4254635574636101,757.8353372256955,32.15424799786121,90.8156754113739,7.331453954538634
2023-11-19 19:00:00,0.6759224287841659,0.5764914456235415,0.42329424794514137,741.9152031023688,35.229240446067365,90.77358363669414,7.328861467450438
2023-11-19 20:00:00,0.6584274727387142,0.5784766443661609,0.4216444325402502,718.3931269966918,31.797794762518475,90.82444694142201,7.336478085987958
2023-11-19 21:00:00,0.6366726564213926,0.5804145292556704,0.420069314900518,693.3207870866511,28.707855114758672,90.87629853199834,7.343994408569589
2023-11-19 22:00:00,0.6469590210708998,0.5817293170033715,0.41810885544282483,679.7665675805097,31.783509049674233,90.83497716335721,7.340918542974154
2023-11-19 23:00:00,0.6239532935006675,0.5835480927863079,0.4167563519519319,655.8218148108917,28.427333907103378,90.88756782029314,7.34856693748477
2023-11-20 00:00:00,0.6294608881853827,0.5847641231573695,0.41497698178714315,641.5474296646538,31.690918227913,90.84744773318275,7.3453701376349345
2023-11-20 01:00:00,0.6122085864981294,0.5863681484540423,0.4137011978724109,619.7037985770547,28.439588514753943,90.90046696573047,7.352529451545586
2023-11-20 02:00:00,0.5906244471253367,0.5879340829866542,0.412501078062692,596.5012524373116,25.557892776606245,90.9545154012507,7.359584900922892
2023-11-20 03:00:00,0.6009464488471755,0.5888613380053094,0.4109298220733152,585.0515047013669,28.745014142136977,90.91511314213504,7.355881387516198
2023-11-20 04:00:00,0.5783080047571743,0.5903015950063951,0.40994812202533293,563.2349746523374,25.568865813161295,90.96988476122995,7.363032393916436
2023-11-20 05:00:00,0.5838689948131455,0.59113833487689,0.4085555778157437,551.3309869642087,28.95578170929823,90.93170468864034,7.359210291965009
2023-11-20 06:00:00,0.5669707594325636,0.5923613381576093,0.4076535326326917,531.8247706884661,25.820625916759393,90.98683396207238,7.365871098716262
2023-11-20 07:00:00,0.5456852887883974,0.5935553764097568,0.4068266575747108,511.064465879515,23.08670309117882,91.04301818485546,7.372423558422207
2023-11-20 08:00:00,0.5562556477118891,0.5941011021396659,0.4056356634412943,502.2118208534874,26.342544289014043,91.00548336192473,7.368092339604635
2023-11-20 09:00:00,0.534168122271017,0.5951710588995556,0.40501445141052733,482.9557455822842,23.303415782269127,91.06233765593045,7.374714022675087
2023-11-20 10:00:00,0.5400579966358316,0.595641338412883,0.40399129069409834,473.75611422175217,26.76973475429863,91.02601393157586,7.370287016689455
2023-11-20 11:00:00,0.5237356796266083,0.5964998192194572,0.4034436116429964,456.8766037696612,23.732705098937192,91.0831296043118,7.376418537868881
2023-11-20 12:00:00,0.751728287173692,0.5909547205215531,0.40260786614488236,677.897728284353,129.64512491758907,89.33272746105537,7.275731595210981
2023-11-20 13:00:00,0.7806150593122788,0.5859169374449228,0.40844146383812996,705.1272403283094,134.84024269923376,89.29087706106259,7.26369174758965
2023-11-20 14:00:00,0.782097419126841,0.5796460218715471,0.41614846446947235,719.423569272115,131.2161307411811,89.3418901294116,7.261427579424276
2023-11-20 15:00:00,0.8130493084383541,0.5723717674781148,0.4236308592152389,739.8864770291715,133.31918753531448,89.30262577669154,7.25045620068163
2023-11-20 16:00:00,0.819235742641234,0.5655683212192419,0.43148124917146485,750.9460060273311,128.30172130361257,89.35244535415804,7.249484872500835
2023-11-20 17:00:00,0.8180881344803789,0.559444249181411,0.43860127321454884,758.5951588883756,122.32314598350442,89.40236369036236,7.249499448600777
2023-11-20 18:00:00,0.8462574643274431,0.5533834869096074,0.4446354961158307,775.0344722306015,123.1142770565365,89.36061649943179,7.2412831843261785
2023-11-20 19:00:00,0.837898255897924,0.5486327821605075,0.4504044214949908,779.9612805710464,116.35043230420796,89.40952452488895,7.2433364526893556
2023-11-20 20:00:00,0.8562710913989253,0.5441667030124677,0.4547751887079519,792.0786506942235,116.23042482129492,89.36663897256966,7.236833503928585
2023-11-20 21:00:00,0.849206371108745,0.5407315552955967,0.4589856711549563,795.4022375792621,109.52963538538438,89.41413755597753,7.239952886278653
2023-11-20 22:00:00,0.8361900099244299,0.5380389546978854,0.4623872725908331,795.7032917536093,102.4275169968152,89.46132617425766,7.243608381478902
2023-11-20 23:00:00,0.8542535050408508,0.5353644746134617,0.464720309529633,805.1868635729845,102.37804614530164,89.41722647510633,7.238641364051482
2023-11-21 00:00:00,0.8370532282990666,0.5337517978650184,0.4670538327402134,803.3151027382373,95.14405165617154,89.4639412361769,7.243510029098384
2023-11-21 01:00:00,0.8482205142913737,0.5321510028021246,0.4682663446577468,808.9161531815383,94.82431601104754,89.41949350174043,7.239415276817906
2023-11-21 02:00:00,0.8349675551628651,0.5313366328906141,0.4695888198962207,805.8761175883287,88.10872176629061,89.4659488509815,7.244702202429835
2023-11-21 03:00:00,0.816810707617451,0.5309602148575093,0.47043814471342127,799.9625346618055,81.31508508537783,89.51246157320188,7.250245619122396
2023-11-21 04:00:00,0.8305785715558258,0.5303760715519175,0.47046782125679243,803.5772115486159,81.586128518019,89.46791956965473,7.246826049467377
2023-11-21 05:00:00,0.8098674412521393,0.530602230873818,0.47078010223143124,795.958081729701,74.9547012934106,89.51447976211247,7.25313215789669
2023-11-21 06:00:00,0.8180404290621506,0.530614881202459,0.47022532709210996,796.1323749792082,75.32382459233486,89.47008660258587,7.250140773619064
2023-11-21 07:00:00,0.8022490379723051,0.5312414270768321,0.4699751351438728,787.8147228721756,69.35932848359842,89.51690840721396,7.2565437989283055
2023-11-21 08:00:00,0.7818840612429147,0.5321066244605489,0.4694826341109105,776.8640319516089,63.512866820118475,89.56406282621705,7.263059739589906
2023-11-21 09:00:00,0.7939598230110138,0.5326155273352411,0.46832226892928197,775.8367399691165,64.6054147346553,89.52010100933096,7.260287291169979
2023-11-21 10:00:00,0.7716903622572017,0.5337961947788773,0.4676097583639033,763.7053460360565,58.955324174108945,89.5676164903487,7.26733052147805
2023-11-21 11:00:00,0.7786126881609979,0.5346197635325741,0.4661844366129193,759.765269131935,60.26801097399113,89.52416551561988,7.264766782556124
2023-11-21 12:00:00,0.7617690273293143,0.5359610599664683,0.4651696074611816,747.5268820069513,55.22919430950611,89.5721126061804,7.271702689220004
2023-11-21 13:00:00,0.740509677907618,0.5374250701318066,0.46404348644720644,732.9128020264981,50.397168055064455,89.62059027602984,7.2786709821090705
2023-11-21 14:00:00,0.7518713979940824,0.5384404515873431,0.4623441896971242,728.6754148160536,52.29038142932497,89.57776262715969,7.276063986052369
2023-11-21 15:00:00,0.7290136432098444,0.5400508442415253,0.46118032409746657,713.4821745488944,47.53410088959978,89.62674006590791,7.283420756640478
2023-11-21 16:00:00,0.7093321199108996,0.541693351474236,0.4597590535719523,697.0703478057416,43.49050740989813,89.67617805646726,7.290199627530357
2023-11-21 17:00:00,0.6920721049950795,0.5434603862712891,0.45807157443612534,679.9670271232432,40.04667943443006,89.72571590907481,7.296564338953176
2023-11-21 18:00:00,0.6763266760374924,0.545377439870833,0.4561536967369016,662.380142856547,37.12367749862063,89.77522674628021,7.302619546752247
2023-11-21 19:00:00,0.6910871034371355,0.5468836756660101,0.45376245144849325,656.0302654237895,40.40670244467385,89.73263219581268,7.299042194559261
2023-11-21 20:00:00,0.670680134708218,0.5489316989412623,0.4520431205137934,639.0398412779113,36.99809813108039,89.78219105531845,7.305854838853629
2023-11-21 21:00:00,0.6785386653142697,0.5504227011033991,0.4498816944893138,631.2118580311495,40.185751417355604,89.74023042083427,7.302584146597974
2023-11-21 22:00:00,0.6626866153996103,0.5522835710411391,0.4482910119906721,615.4481434680296,36.813121699142044,89.79011382522435,7.309255415753763
2023-11-21 23:00:00,0.6421409258084373,0.5541022470730647,0.4467946930639527,597.9250706866936,33.638748186601816,89.84074027306053,7.315927461578252
2023-11-22 00:00:00,0.6538321774255736,0.5553158533887654,0.4448968869548902,591.6230845190007,36.68702964622715,89.79939377147032,7.312538198186708
2023-11-22 01:00:00,0.6316481956300224,0.5570167704854507,0.4436449221078469,574.6318789121646,33.182537667818224,89.85059478635112,7.319522092874819
2023-11-22 02:00:00,0.6383213074815287,0.5581389320210082,0.44193079840858907,567.0117756132665,36.31822417388422,89.81022020592643,7.31613512987262
2023-11-22 03:00:00,0.6217988202760771,0.5596462030414399,0.440739092994048,551.4680913433783,32.92540329483861,89.86190035811025,7.322788083821477
2023-11-22 04:00:00,0.6008476889623058,0.5611326203237299,0.4396063045511342,534.2836847841827,29.83881576952857,89.91444470533456,7.3293690216555785
2023-11-22 05:00:00,0.6123177637490166,0.5620205581943847,0.43804995909575106,528.5421628588193,32.91688832191539,89.8747789120848,7.325681494197178
2023-11-22 06:00:00,0.5900355041870136,0.563428894724035,0.437103109673668,512.1285747472944,29.525861388914205,89.9279419179702,7.332504764478538
2023-11-22 07:00:00,0.5966062464709072,0.5642660711729599,0.4356870502120424,505.30934657955396,32.76120216672482,89.88933433815725,7.328775389001
2023-11-22 08:00:00,0.5802209062861191,0.5655019148886994,0.43476796128928785,490.5777374120709,29.473327613376785,89.94292873197658,7.3352093108302014
2023-11-22 09:00:00,0.5593565943381179,0.5667321156359676,0.4339010335729343,474.32160454231786,26.53844684197674,89.99743479481542,7.34156037875323
2023-11-22 10:00:00,0.615892145163488,0.5664970479788052,0.43202496074989366,488.52650778754236,40.9490321031746,89.77684645170244,7.3190089735888995
2023-11-22 11:00:00,0.9158615703607044,0.5594988835287007,0.4313063497255392,740.5298323025403,166.02613003997715,87.83065879398416,7.205203987280047
2023-11-22 12:00:00,1.0493866883943213,0.5503141888587966,0.4392787817247559,828.0201744461973,209.65694784850575,87.11229335145732,7.151365007135232
2023-11-22 13:00:00,1.4555123838449724,0.5291184394161615,0.453864530787496,1006.8519628092596,311.68119646231946,85.79337464597113,7.047827906175686
2023-11-22 14:00:00,1.7754152459220185,0.49899164168628585,0.48430076597026744,1196.892432318791,413.7812811460042,84.58834939766746,6.968941802958917
2023-11-22 15:00:00,1.6911757815485942,0.4698403073860362,0.5251339908467927,1275.084483772586,427.25884702204905,84.64678800431008,6.9830978591367385
2023-11-22 16:00:00,1.497065325397701,0.44840885587389273,0.555100263212624,1310.3584540689476,416.90134310619413,84.73554478230652,7.009477877782615
2023-11-22 17:00:00,1.391602506891538,0.43352115541091313,0.5726467599849621,1343.9717426400516,412.41343280044384,84.7508071822414,7.024330782033224
2023-11-22 18:00:00,1.295553536319051,0.42470140467600015,0.5829400726972633,1364.655353101735,400.1827154644571,84.85268270759794,7.042904958749077
2023-11-22 19:00:00,1.2223895176885817,0.4204444771938757,0.587444173945913,1382.0185336491784,387.9152539761306,84.88008997688308,7.056992693407059
2023-11-22 20:00:00,1.1949907684333614,0.41909910080606183,0.5876821040972597,1402.660368872831,379.1472183246617,84.977632352046,7.0665601266716624
2023-11-22 21:00:00,1.1452037323468243,0.4205571357727518,0.5859624093124796,1413.391453277581,363.6377408521509,85.08160166468048,7.08037619594943
2023-11-22 22:00:00,1.1343634583454865,0.42339715436124614,0.581697703856405,1430.3101277326687,354.57262225814003,85.10064868336065,7.085432273450699
2023-11-22 23:00:00,1.1005426420809665,0.4278509658564511,0.5769411220149389,1438.0191812797011,338.2109300834299,85.20218332583829,7.0977913343792105
2023-11-23 00:00:00,1.069748565747609,0.43312551403843186,0.5712870267602163,1444.360311265678,322.55711467055085,85.22533641246595,7.107125436722807
2023-11-23 01:00:00,1.0714790529106135,0.4386714242279123,0.5645764520934825,1455.1813528545867,310.83502033880313,85.31687361500272,7.112968477295822
2023-11-23 02:00:00,1.0420915376039472,0.44494754526406,0.5582637827995494,1456.7363043174753,292.8529602251283,85.41416977616649,7.124393282942759
2023-11-23 03:00:00,1.0444357122805863,0.4510484492064451,0.5511040843360383,1464.6729140952114,281.6677378583936,85.42480272518564,7.1270728142230615
2023-11-23 04:00:00,1.022772934706154,0.4576648844020416,0.5445061416727958,1464.201865766391,263.7676894403468,85.51937632163845,7.137975035205566
2023-11-23 05:00:00,0.9982027102016026,0.46425759307730413,0.5379509130693825,1460.5689767584984,245.2690936817499,85.61234478107582,7.148678476239528
2023-11-23 06:00:00,1.0068526018664172,0.47043889524251775,0.5308756894477451,1465.1548460516144,234.32394685712404,85.61864724901098,7.150684133915272
2023-11-23 07:00:00,0.9814129607821472,0.47694770808968684,0.52463993900922,1458.8653737858563,215.9360876321051,85.70887212614184,7.1614938444239655
2023-11-23 08:00:00,0.9864275378053583,0.48290143208673947,0.5179001000538508,1459.0830024238046,204.81879421559591,85.71202578897932,7.163164831688304
2023-11-23 09:00:00,0.9667369051155504,0.4891462568709781,0.5118980799569942,1450.8982722190628,187.3887726251983,85.80025071103115,7.173650944992824
2023-11-23 10:00:00,0.943599725077256,0.49520050845688374,0.5060729932606659,1439.555040925624,169.94942186517093,85.88721111528889,7.184006331691882
2023-11-23 11:00:00,0.9530796981135685,0.5006804686951071,0.4998579043423554,1436.5926801817702,160.43711170885996,85.8872202931997,7.185221633837422
2023-11-23 12:00:00,0.9283177726517773,0.5064429697484608,0.4944970872614432,1422.6414057165794,144.08727746736895,85.97226345937023,7.195774245705362
2023-11-23 13:00:00,0.933620554772147,0.511568262063176,0.4886962279409216,1415.3487920988894,135.48501721790885,85.97003320654326,7.196740030556855
2023-11-23 14:00:00,0.9139866184789012,0.5169717960325697,0.4836244954324768,1399.5786890795237,121.0166701500206,86.05382052251186,7.20700116801262
2023-11-23 15:00:00,0.8908203818740171,0.5221744134036773,0.4787272991941488,1380.6370785191782,107.16693108674373,86.13683820335996,7.217136444552689
2023-11-23 16:00:00,0.9000268959795868,0.5267592092701094,0.47346889918291113,1370.4011563868112,101.35857377132723,86.13257505156747,7.217693843077022
2023-11-23 17:00:00,0.8750838055688357,0.5316586907303432,0.46901915707648334,1349.0708894267193,89.2684647493918,86.214389377638,7.228033549406144
2023-11-23 18:00:00,0.8800274108054426,0.5359043422610926,0.4641427865521312,1334.7694815335212,85.06250085912907,86.20865426544637,7.228349774406922
2023-11-23 19:00:00,0.860306093045798,0.5404503640712732,0.4599511164892322,1312.0591569687094,75.12450721638508,86.2897185932217,7.238369249549938
2023-11-23 20:00:00,0.8369713464346894,0.5448224301440795,0.45591158207048765,1286.384008277699,66.0457169363672,86.3703718960574,7.248249958036736
2023-11-23 21:00:00,0.8461743237859567,0.5485587397678173,0.4515124908883165,1270.0762376463479,64.5511336222096,86.36320794841853,7.248123673511901
2023-11-23 22:00:00,0.8214188111163235,0.5526633957210904,0.44786553557638253,1242.7995530974604,56.88415748840869,86.44296937134605,7.258176132280616
2023-11-23 23:00:00,0.8265443314953314,0.5561171661733113,0.44379047358852586,1223.2335035502792,56.70487211733746,86.43471520766052,7.257801702407498
2023-11-24 00:00:00,0.8216104052785493,0.5596396895787789,0.440138851977569,1202.5471430184657,55.598480386010195,86.42752924690285,7.259391596014031
2023-11-24 01:00:00,0.8118982730212198,0.5629864233332103,0.4369330527293031,1177.1524268768133,50.647744024263005,86.50485340152193,7.2677027379279355
2023-11-24 02:00:00,0.7858581488243648,0.5663345332404066,0.43411620681222385,1147.096924439229,44.902442202062396,86.583693594724,7.277735979956422
2023-11-24 03:00:00,0.7940433054572706,0.5690019310060405,0.43080834853909206,1126.4394440702376,46.33668562661938,86.57437531071021,7.276929190901252
2023-11-24 04:00:00,0.7700100665094216,0.572146406114249,0.4281588617850835,1095.9730869014436,41.25246666167285,86.65251168547445,7.286798193141964
2023-11-24 05:00:00,0.7622955961785722,0.5749050631621828,0.42521904526404986,1071.2333476009019,42.04199416108912,86.64397727849168,7.287664669431662
2023-11-24 06:00:00,0.75677266119934,0.5776372207895851,0.4223935391653553,1043.341958358787,38.97587367722657,86.71997222115304,7.295041002542098
2023-11-24 07:00:00,0.7335420723273466,0.5805439683591647,0.4198928173458174,1011.4190933987074,34.946446944493395,86.79750720405248,7.3043624582583995
2023-11-24 08:00:00,0.7434194612489822,0.5828143151904247,0.41692140640304365,989.6299492628489,37.67983746024289,86.78622076822835,7.302629409379159
2023-11-24 09:00:00,0.7206129913824835,0.5855977543707387,0.41460848109264464,958.3406459528329,33.707635214195605,86.86299298409811,7.31196643390654
2023-11-24 10:00:00,0.7137155127101524,0.5879740388619258,0.4120472435302788,933.3158674196488,35.45080225620848,86.85278201091407,7.312073125990857
2023-11-24 11:00:00,0.7089158989676073,0.5903021737949165,0.40961835400336366,905.3692998500475,33.11278982162862,86.92731953995677,7.318847840743632
2023-11-24 12:00:00,0.686288087670892,0.5928033208811972,0.40752677829015066,873.7482396351835,29.763179571191476,87.0036682838645,7.327628118019923
2023-11-24 13:00:00,0.6962647826402075,0.594643642613194,0.40500358443076706,852.7769214773872,32.96614329879426,86.99077099472339,7.325120683106121
2023-11-24 14:00:00,0.6738706625052168,0.5969928878270666,0.4031289420615504,822.4658952048052,29.43947904529515,87.06650835313856,7.333906426799115
2023-11-24 15:00:00,0.6669980226034657,0.5989218918441511,0.401034084236007,798.8739450914251,31.55869241994448,87.05506395164255,7.333284641273112
2023-11-24 16:00:00,1.0122148008415597,0.5919772252305763,0.39850286617107644,1096.1562768455492,195.37558138830494,84.7728254442269,7.189967205716679
2023-11-24 17:00:00,0.9960410260369287,0.5852302294991408,0.40865868884942325,1125.5855244882428,201.15921953853157,84.84007085536642,7.186118399940801
2023-11-24 18:00:00,1.0255710050915159,0.5743012255806947,0.42075238202866916,1160.9387325499142,211.37972433936739,84.82628185673582,7.172784464432902
2023-11-24 19:00:00,1.0271978989683503,0.5630479498203566,0.43373087662049503,1185.0340222697,212.51258159760502,84.89687215894965,7.169355816315645
2023-11-24 20:00:00,1.0436735074075163,0.5521953937887059,0.44533576818692616,1212.1954662003939,217.04553376137062,84.88332519640208,7.15995816613953
2023-11-24 21:00:00,1.060611478441687,0.5422862991518215,0.45593782933903365,1234.9934786146332,217.26986835716113,84.94920054371242,7.156739376417968
2023-11-24 22:00:00,1.0556793212466764,0.5340923285962741,0.46518506322393494,1252.3165733871115,214.10422466756185,85.0154063633839,7.156595768032043
2023-11-24 23:00:00,1.0809706853659682,0.5267332055792334,0.4724087037160788,1277.1288101556395,217.19623557513256,84.99482750400222,7.148733085856595
2023-11-25 00:00:00,1.0703934327690696,0.5211099536939467,0.47898484594352025,1291.7454684081706,212.19736136123308,85.05846481674787,7.150760019621522
2023-11-25 01:00:00,1.0734960877411754,0.5164445357023882,0.4838257263397118,1310.0984588801175,211.52252106699197,85.03580162446947,7.146481385880326
2023-11-25 02:00:00,1.0771782695498189,0.5127053175716073,0.4877919188075411,1324.4932028622359,206.99583966023425,85.09508684083013,7.148014275337096
2023-11-25 03:00:00,1.0608677259924415,0.5101306931794038,0.4910043309957756,1333.6537152406895,199.63160102508007,85.15406026044911,7.151966178805799
2023-11-25 04:00:00,1.076795131482371,0.507846363985012,0.49277401389358055,1350.4559263124634,198.99043843598878,85.12628349392718,7.1476764086113445
2023-11-25 05:00:00,1.058204828457833,0.5067017358611051,0.4945488657462741,1357.1458877674293,190.5871547921176,85.18377602239454,7.1528725865163985
2023-11-25 06:00:00,1.0550634625365811,0.5059188131900038,0.4952203349943197,1367.647780275497,186.9782587982236,85.15539574978474,7.151242758298364
2023-11-25 07:00:00,1.053313402733888,0.5056229403152726,0.4955083512327419,1374.1976564493243,179.70368927453782,85.20997943890589,7.1552807374682335
2023-11-25 08:00:00,1.0327036584240694,0.5060127418092675,0.4955628881843966,1375.5467415305038,170.02762793770577,85.26451950887166,7.1614269655216285
2023-11-25 09:00:00,1.0452039674050988,0.5063180756633312,0.4945767970234305,1384.6201542632343,167.4265791945179,85.23304382915494,7.158906772551258
2023-11-25 10:00:00,1.0236662460037618,0.5074436677975739,0.4939540013894756,1383.548945580026,157.36135430532414,85.2868092261173,7.165861246761338
2023-11-25 11:00:00,1.0182181195812785,0.5086154665441546,0.49256877691331713,1386.3891304694362,152.54520992228925,85.25530670620745,7.1655836154676065
2023-11-25 12:00:00,1.0143536548799859,0.5100521375253759,0.49104481811981615,1385.2521340916564,144.23329704767522,85.3072719577698,7.171033305173007
2023-11-25 13:00:00,0.9920814964194301,0.5119366746586026,0.48954472778215347,1378.9418135089663,133.98444130518902,85.35963893148778,7.178459371084999
2023-11-25 14:00:00,1.0031841612671308,0.5135410384910869,0.48721072110879426,1380.4856032606483,131.08865955688742,85.32625735570895,7.176832360103863
2023-11-25 15:00:00,0.9804068331200912,0.5158041969312258,0.4854175366200673,1371.8776305564757,121.0686579648234,85.37832191007391,7.184836173282524
2023-11-25 16:00:00,0.973954463524787,0.5179392003788944,0.4830468031155861,1367.3367014230137,116.69108707223833,85.34544662787155,7.185247311094254
2023-11-25 17:00:00,0.9690750425877914,0.5202191745925007,0.4806641114410225,1358.83402342253,108.93365298231004,85.39639843739418,7.191533225392261
2023-11-25 18:00:00,0.9460077967314394,0.5228198412778013,0.47844085754827126,1345.2252929270567,99.67042206798124,85.44816277655599,7.199738883609708
2023-11-25 19:00:00,0.9563776074883575,0.5250125183338148,0.47551460344101865,1339.7676479588936,97.88009322104885,85.41417983506027,7.198509130014178
2023-11-25 20:00:00,0.9331628317900009,0.5277865156733227,0.47319746244378474,1324.0714135786889,89.25412443103488,85.46599675482356,7.207128618587978
2023-11-25 21:00:00,0.9262603080520454,0.5303334497826112,0.47041730937614296,1312.798896563768,86.48783094756321,85.43296457485262,7.207825892760073
2023-11-25 22:00:00,0.9209230665393172,0.5329537231053674,0.46769651670268475,1297.6843033125563,80.2994292894093,85.48399755527329,7.2145794694259235
2023-11-25 23:00:00,0.8975193578794892,0.5358239256020456,0.4652109576883904,1277.6253586058456,72.87805745878075,85.5361883854193,7.223232913552453
2023-11-26 00:00:00,0.9076249519275448,0.5382046986933992,0.462101240183782,1266.1559431118405,72.8222536791658,85.50240218874431,7.222070836957377
2023-11-26 01:00:00,0.8841919423802652,0.5411289464048634,0.4596450220397244,1244.617124603489,66.01759829851486,85.55482962356999,7.231048717308286
2023-11-26 02:00:00,0.8771989225922127,0.5437590720284099,0.4567901341559849,1227.8705979014167,65.11395127738987,85.52233258212699,7.231757271704783
2023-11-26 03:00:00,0.8719663981912291,0.5464205115655594,0.45402367115302306,1207.4812690292424,60.59259342778401,85.57406926326394,7.238693954356772
2023-11-26 04:00:00,0.8486550345275474,0.5493032548968279,0.45153090435706394,1182.4273949270962,54.93130809974505,85.62721345969649,7.247538385285215
2023-11-26 05:00:00,0.8588434000098495,0.5516455492263576,0.4484652078490986,1166.5210162148674,56.38373790926961,85.59402353549736,7.246205543069248
2023-11-26 06:00:00,0.8356582802666944,0.5545179897465689,0.4460627309859714,1140.715646724189,51.071782012612935,85.64745720277446,7.25529493326542
2023-11-26 07:00:00,0.8288340367552213,0.5570574289198771,0.44330899201663443,1120.2237064018736,51.57357767995414,85.6158017721124,7.255812664320385
2023-11-26 08:00:00,0.8237831357381843,0.5596030838630238,0.4406622925632799,1096.3247427706685,48.21655130372168,85.66847980517765,7.262733517918275
2023-11-26 09:00:00,0.8007416399456913,0.5623540008120507,0.4383091485281982,1068.102408090507,43.74620401623396,85.72280017462052,7.2715726195065065
2023-11-26 10:00:00,0.8110227197488706,0.5645260459043336,0.4354248895230745,1049.587444020573,46.14393932187904,85.69039410594327,7.269902152605437
2023-11-26 11:00:00,0.7880921176180599,0.5672238862259633,0.43320232737252234,1021.3524241912495,41.74476859863711,85.74504061804778,7.278926333816076
2023-11-26 12:00:00,0.7813606105167104,0.569559652607091,0.430666152234621,998.9539577113622,43.08519063711834,85.71441921222171,7.279099396748341
2023-11-26 13:00:00,0.7764040184805745,0.5718839281157838,0.4282475788433756,973.3576899002937,40.377296382913364,85.76822005554139,7.285842799081872
2023-11-26 14:00:00,0.7534772841401098,0.5744044022655751,0.4261358686893332,943.7759020910358,36.588366524129405,85.82389980025106,7.294516855399114
2023-11-26 15:00:00,0.7636372395923433,0.5763133510059175,0.4235295066739941,924.4148813888849,39.49055207212109,85.79247831709245,7.292385378660187
2023-11-26 16:00:00,0.7407838402578447,0.5787446756888994,0.42157918805077044,895.493353400594,35.597372459531606,85.84854379933537,7.301185756481095
2023-11-26 17:00:00,0.733905251156846,0.5807950962869752,0.419345991309597,872.906958144645,37.39778441247974,85.81915470041285,7.300902463535493
2023-11-26 18:00:00,0.7288515911745951,0.5828111526745633,0.4172407900267281,847.2707263415045,35.03493023541082,85.87431259634133,7.307317566964766
2023-11-26 19:00:00,0.7058597910428687,0.5850202873007365,0.4154495910311839,817.9609064925606,31.6350113164736,85.93156745205891,7.3156806339283085
2023-11-26 20:00:00,0.715716932136075,0.5865896343157652,0.41319550727954396,799.31767103673,34.80509295834967,85.9013405018108,7.3129806666931145
2023-11-26 21:00:00,0.6928130535695333,0.5886797778275235,0.41158829180671885,771.243789536845,31.205383433241483,85.95908051470094,7.321414534650101
2023-11-26 22:00:00,0.6856908594300755,0.5903728083703784,0.4097240762135035,749.9272568585137,33.27871915539857,85.93116502592994,7.320566028987269
2023-11-26 23:00:00,0.6804636908082861,0.5920152862017101,0.4079926991304888,725.6717936119734,31.11643093409174,85.98791108966294,7.326518681990267
2023-11-27 00:00:00,0.6574534743903417,0.593849595545678,0.4065743656599093,697.993961590258,27.981474778000965,86.04695691077059,7.334418548697051
2023-11-27 01:00:00,0.666967663324299,0.5950281215318871,0.40472124289818645,681.3731195880831,31.304201889656117,86.01816541307659,7.3310659433249965
2023-11-27 02:00:00,0.6441081384844963,0.5967210917491875,0.403501878988372,655.3648005290123,27.915419580495016,86.07775543703598,7.338990860038637
2023-11-27 03:00:00,0.6367204774611324,0.5980195814567338,0.4020443051127161,636.5102555800374,30.165211288156048,86.05143869054712,7.337492035185494
2023-11-27 04:00:00,0.6314083550506333,0.599250148812706,0.4007235111756024,614.7297037529382,28.1038606513078,86.1099434266736,7.342913596971312
2023-11-27 05:00:00,0.6083374241183713,0.6006765671601081,0.3997160011916081,589.704867194257,25.13333661140566,86.17090291692645,7.350279729197962
2023-11-27 06:00:00,0.6177192837992724,0.601431159552068,0.3982897093971846,576.0018916546885,28.552923602757662,86.1436690442664,7.346221037445759
2023-11-27 07:00:00,0.5948659235800677,0.6027128525035327,0.3974846851440924,552.9242729858532,25.2580289421755,86.20516848087598,7.3536198582595045
2023-11-27 08:00:00,0.5875214730578359,0.6035900350923425,0.39645023058097323,537.2015207776083,27.628542409023126,86.1806198511006,7.351448489433992
2023-11-27 09:00:00,0.5824501657841827,0.6043921895532216,0.3955457745338393,518.534673587632,25.664816078290603,86.24090744625823,7.356239349643815
2023-11-27 10:00:00,0.596830844920216,0.604612111953854,0.3946336581914965,514.6362656991694,32.121751089583434,86.13026176053194,7.3454191869736505
2023-11-27 11:00:00,0.6104624544749373,0.6045487209489657,0.39417793854154015,508.7389418647992,35.21321843204484,86.10192455709671,7.340006638390261
2023-11-27 12:00:00,0.5905284156497458,0.6047859362584059,0.3946074626742461,491.97828206366006,30.453467073332412,86.1652021241261,7.347492452936562
2023-11-27 13:00:00,0.5619344592716905,0.6049962420504148,0.39514710224587196,472.22990962836684,26.00867365983653,86.2307073676501,7.355325204533015
2023-11-27 14:00:00,0.8184695318872374,0.5975826349165193,0.3954368323180731,701.791161156813,138.0834400454407,84.65414584752821,7.245280736896162
2023-11-27 15:00:00,0.8092560038169947,0.5918755098733752,0.4032471551522059,718.2531831995728,135.16941660027757,84.7120512098843,7.24402192828087
2023-11-27 16:00:00,0.8292232487246717,0.584181742516028,0.41162641775565934,738.7554601604704,136.7344623999358,84.68748949214503,7.233796462358749
2023-11-27 17:00:00,0.8421708495296057,0.576226647935587,0.42049273690256045,751.6675471913275,132.37896065705235,84.74588537857977,7.2317142379970525
2023-11-27 18:00:00,0.8411591081357473,0.5689697199097821,0.4288233250091982,759.870922316297,126.13946472096987,84.80495780599658,7.231466486495891
2023-11-27 19:00:00,0.8709408046231649,0.5618401820569578,0.4358948146495832,776.3615408805096,126.646204404808,84.77737195169327,7.222632551816825
2023-11-27 20:00:00,0.8639781308135592,0.5561153333774782,0.4426758748921204,781.6878942133382,119.56363723431797,84.83515344459119,7.224440305089642
2023-11-27 21:00:00,0.8765031101014249,0.5509480503249166,0.4479746998473794,792.719490972447,118.41079571811444,84.80626259654407,7.218309878627385
2023-11-27 22:00:00,0.8777833732955579,0.5466948391806085,0.4527839704947798,797.1906122924718,112.10525030775297,84.86156271243503,7.220407383627656
2023-11-27 23:00:00,0.8646970233629538,0.5434302330954214,0.45682183373904706,797.5333011086931,104.64367063292806,84.91661612595578,7.2240122871096855
2023-11-28 00:00:00,0.8835084336157382,0.5402961199420572,0.45959341982260055,806.6619675565864,104.32034010322077,84.88504058938672,7.218717703044536
2023-11-28 01:00:00,0.86674776793216,0.5383004875419559,0.46235188105685504,804.8653823922468,96.82019963625912,84.9393674970178,7.2235921747950025
2023-11-28 02:00:00,0.8710831199308584,0.5365040880391689,0.4639925416024139,809.0775583804142,95.60148535854005,84.90745640544328,7.220096446839565
2023-11-28 03:00:00,0.8653033356770014,0.5353202053271372,0.46546186051798605,806.8855183359744,89.34801454254428,84.96064139063593,7.22460013035057
2023-11-28 04:00:00,0.8464063058102199,0.5347346057726147,0.4665767079531959,800.7482898439073,82.30476564210421,85.01387646385292,7.230273187292355
2023-11-28 05:00:00,0.8604787834968401,0.5339814193002599,0.46674058308054067,803.7445669205823,82.46262964938184,84.98093451549317,7.226669054054431
2023-11-28 06:00:00,0.8396710604499201,0.534080536599661,0.4672098550023153,795.8870521823956,75.67056503531445,85.03399601339495,7.233120686753901
2023-11-28 07:00:00,0.8406934298730322,0.5340942186312607,0.46687634620956786,794.4004918986865,75.29709225267403,85.00123055065352,7.230859477645289
2023-11-28 08:00:00,0.8319907862765094,0.5345174551132598,0.4666001407030005,786.7202352957383,69.89215351932523,85.05391757682655,7.236561438069961
2023-11-28 09:00:00,0.8107383343265955,0.5353148006856995,0.4662166937862605,775.2887968214961,63.91806373785158,85.10701809463497,7.2432795487402455
2023-11-28 10:00:00,0.822761929927576,0.5357597248298351,0.46508731496628264,773.4417839499085,65.01476055003592,85.07398123951029,7.240405484662905
2023-11-28 11:00:00,0.8002389699122843,0.5368951953038285,0.4644466810358272,760.9424985110053,59.276003053261476,85.12721089737053,7.247656707559878
2023-11-28 12:00:00,0.7998487582502495,0.5377839478868118,0.4631753499011844,755.1782114693914,59.969888462586,85.09472870334749,7.245872811973816
2023-11-28 13:00:00,0.7899909049985121,0.5389760015588243,0.4620742490934406,743.4460396668683,55.52714710429042,85.14792177105173,7.252145648310559
2023-11-28 14:00:00,0.7676736633519424,0.5404159254369145,0.4610152066712258,728.2773521625661,50.606671147002984,85.20178432576436,7.259365809143935
2023-11-28 15:00:00,0.7789059420735408,0.5413985420271769,0.4593119338396691,723.1224064194163,52.57745953843439,85.16934407066408,7.256672959520759
2023-11-28 16:00:00,0.7557592468301837,0.5429940576060894,0.4581842269274646,707.4975842574562,47.760061297474316,85.22350639201076,7.264261466314716
2023-11-28 17:00:00,0.7547786026302504,0.5442483778389988,0.4565321845610856,699.0461396530126,49.32041429656414,85.19187322569753,7.262527928925375
2023-11-28 18:00:00,0.7445145301204045,0.5457437468660048,0.45510959681580015,684.8316644975006,45.60908243837533,85.24610580526573,7.268994270526642
2023-11-28 19:00:00,0.7218439299384741,0.5474201258712289,0.4538074392861677,667.4728644753849,41.477941906065425,85.30119695045676,7.27636142519953
2023-11-28 20:00:00,0.732760785175017,0.5485696813131484,0.4519307020905922,660.5589702181356,44.048052288649366,85.26973171087026,7.273535702698962
2023-11-28 21:00:00,0.709443545972598,0.5502918563210701,0.450671762588036,643.3358073831491,39.86031840642528,85.32520796229991,7.281172576088767
2023-11-28 22:00:00,0.7082387375540729,0.5516140894828687,0.44895607218746414,633.6889163548431,41.99308753681551,85.29475642834082,7.279233621400058
2023-11-28 23:00:00,0.6979041196240805,0.5531397425282042,0.4474996810402173,618.4328987283113,38.745602100751,85.3503050688801,7.285644678134692
2023-11-29 00:00:00,0.6751715098441917,0.5548103639085269,0.44620824754180416,600.2862303727466,35.126799487693106,85.40688271054525,7.292932227934789
2023-11-29 01:00:00,0.6859988514518052,0.5559077861647702,0.44438801275448697,592.951693371529,38.05925417321956,85.37660544693023,7.289777959852433
2023-11-29 02:00:00,0.6627533530250355,0.557558419855402,0.4432025531174301,575.4172049413858,34.268077217507106,85.43362224812512,7.2972704377024975
2023-11-29 03:00:00,0.6418425594366497,0.5591451303164339,0.44188717793559196,557.0231420374466,31.203710656296927,85.49125087014319,7.304113467908182
2023-11-29 04:00:00,0.6502353310686039,0.5602722477927156,0.44001460304587064,548.5911422407644,34.70813360991249,85.46148314327161,7.300419054881187
2023-11-29 05:00:00,0.6336568688889576,0.5618680670566681,0.438671832291387,532.288641362008,31.504881809362278,85.51933627960219,7.307203775202228
2023-11-29 06:00:00,0.6125455010368765,0.5634528200177501,0.43739482032483523,514.5046240991827,28.637100112278986,85.57758203197068,7.31387722538692
2023-11-29 07:00:00,0.6240345341542091,0.5644269109086055,0.4357115483830838,508.3413481299747,31.831195013344445,85.54840123091122,7.310115148746466
2023-11-29 08:00:00,0.6013210649907684,0.5659140856004636,0.43466454051448966,491.5140684266198,28.580866290247016,85.60706174565621,7.31704678959416
2023-11-29 09:00:00,0.6080554363890515,0.5668031304286556,0.4331603170767841,484.48842761101605,31.94688161873064,85.57842701754832,7.313168206237762
2023-11-29 10:00:00,0.590876223584559,0.5680899473799017,0.4321902645114419,469.45080750087106,28.702593108464747,85.63773382943803,7.319764818772279
2023-11-29 11:00:00,0.569509273433057,0.569352697501958,0.43128295453151794,453.01880366193353,25.856490981563653,85.697547345766,7.326205566777379
2023-11-29 12:00:00,0.580938822498191,0.5699865823811769,0.42996909328798016,448.32527522111474,29.02835622362105,85.66968081857105,7.322025881888126
2023-11-29 13:00:00,0.5584107346584317,0.5711490132230187,0.42926587605861644,432.93091613001343,25.839523617167618,85.72995944944604,7.328658677035372
2023-11-29 14:00:00,0.8192371643887595,0.5654271159079101,0.4275908297876465,666.6760475544662,138.5910780099165,84.17659371543323,7.223167313595857
2023-11-29 15:00:00,0.8202974564708215,0.5610766326430294,0.433787685270442,687.2390938502915,137.04693169249038,84.22877866759904,7.221477440692605
2023-11-29 16:00:00,0.8231383408981785,0.5551198174985702,0.44109185518273336,702.9622512970972,133.4313578074214,84.28315783761377,7.219805446466438
2023-11-29 17:00:00,0.8593212332707513,0.5481620347826281,0.4482149127673109,726.4988118350614,135.86724179001897,84.25228594742147,7.209787801703728
2023-11-29 18:00:00,0.8591458294087875,0.5421179122960188,0.4554425310529815,737.84599621887,130.23443828944716,84.30583446244981,7.21006222460111
2023-11-29 19:00:00,0.8857436500986121,0.536294372725617,0.4613165513260609,755.9927259309754,130.92810669438995,84.27342030262035,7.202076512013549
2023-11-29 20:00:00,0.8850722718552095,0.5315983708754375,0.4669760579505743,764.8847234775917,124.69468841740546,84.32541262560447,7.203947295792382
2023-11-29 21:00:00,0.8775581711221871,0.5278351824692515,0.47161762601321616,770.505284305103,117.82220477830587,84.37627626763854,7.206518179744443
2023-11-29 22:00:00,0.9004584716107441,0.5242854649027516,0.474993241683317,785.0710938015093,117.88401026274683,84.34114090876861,7.200844466145093
2023-11-29 23:00:00,0.8867065385453134,0.5219843381918929,0.4781771186696577,788.020248253245,110.53639998604996,84.39082635116488,7.2050345603017565
2023-11-30 00:00:00,0.901296677220411,0.5198741036985067,0.4800211208388071,798.250938170941,110.02580454696398,84.35420244346864,7.20051698007761
2023-11-30 01:00:00,0.8898800624328089,0.5186972375270934,0.481848942613764,799.5127832731088,102.91862180695699,84.403326280108,7.205482391615159
2023-11-30 02:00:00,0.8733622530822102,0.518082466989868,0.4830419406194032,797.7238861679649,95.60896780866264,84.45165527634532,7.210742661617468
2023-11-30 03:00:00,0.8888327603459142,0.5173784122322473,0.4832740674714705,805.2002153536632,95.39196023931635,84.41461241360875,7.2073102318691475
2023-11-30 04:00:00,0.8688775670590424,0.5175673510503507,0.4837034128012087,801.1907854571645,88.11343997466334,84.46255041360571,7.213520298278352
2023-11-30 05:00:00,0.878359683285866,0.5176250667172956,0.48314239245879426,804.7642874773692,87.87349678342143,84.42473084558407,7.2105970776260655
2023-11-30 06:00:00,0.8626289722571452,0.5183616734428462,0.48285036521312613,799.5274249759443,81.18105248325814,84.47310513804473,7.217106481993957
2023-11-30 07:00:00,0.8424817351467538,0.5193823596678561,0.4822384017447495,791.4420773430751,74.57523459527648,84.52110242158949,7.223703122502977
2023-11-30 08:00:00,0.8549648881698968,0.5201035021749479,0.4808938560952478,793.013737194202,75.01155859614437,84.48382698067842,7.221229879609645
2023-11-30 09:00:00,0.8325310730369073,0.521517357434568,0.4799760581517333,783.2446874053993,68.63298814771292,84.53195627986166,7.22844764897266
2023-11-30 10:00:00,0.8399645162696933,0.5226095188461026,0.47827807104543785,781.4462727522614,69.32111837046438,84.49447572459702,7.226165923391437
2023-11-30 11:00:00,0.8224026352995472,0.5242487680585833,0.4770015918051694,771.0349783919834,63.584881239742415,84.54339352195834,7.23343186269001
2023-11-30 12:00:00,0.8007702882127785,0.526019125316578,0.4755766670989327,758.0464688638563,58.091572871038636,84.5922806017755,7.240670979530639
2023-11-30 13:00:00,0.8120144812585728,0.52736916819728,0.4735472845641391,755.1866546686142,59.44615450816624,84.55574269899189,7.2385011169017845
2023-11-30 14:00:00,0.7885583968342696,0.5293106416400647,0.4720607655954885,741.158839790026,54.12546383322837,84.6050125168733,7.246181271708831
2023-11-30 15:00:00,0.7684007464414758,0.5312987457979343,0.4702883966824596,725.678794598225,49.53518734065845,84.65477620677964,7.25329871448028
2023-11-30 16:00:00,0.7506444670583571,0.5334294025461056,0.4682293948145308,709.2889757696331,45.57430386273033,84.7046838172774,7.260022623069573
2023-11-30 17:00:00,0.7343965343541186,0.5357222613039619,0.46592655780803965,692.197998905049,42.175938023281965,84.75460095735677,7.266451681164385
2023-11-30 18:00:00,0.7489590836760653,0.5376136038099021,0.46314440965999665,686.1573107777089,45.107886571820444,84.71823754846581,7.2633571874328595
2023-11-30 19:00:00,0.7277009410494126,0.5400259945409516,0.46107010203786963,669.2991367043326,41.33776022116827,84.76809926734352,7.27058231673389
2023-11-30 20:00:00,0.7355949222767295,0.5418703157166741,0.4585322461071102,661.4802726160757,44.27205936232617,84.73183719372459,7.267716207321199
2023-11-30 21:00:00,0.7184664939889126,0.5440920259598198,0.4566112626551009,645.5500503863998,40.565515448745806,84.78244129069274,7.274915396673668
2023-11-30 22:00:00,0.6970005951682178,0.5462454643678204,0.454784535457709,627.7188108963388,37.115784900432985,84.83336364753362,7.282029638469204
2023-11-30 23:00:00,0.6785741733603307,0.5483566230070333,0.4528150316356269,609.2999405168486,34.28241654994323,84.88465588426534,7.2885914130907
2023-12-01 00:00:00,0.6618677836652557,0.5505085986267538,0.45070891968562565,590.6409828112111,31.90968562725186,84.93607681336111,7.2947835759782915
2023-12-01 01:00:00,0.6730083743283404,0.5522314043593554,0.44811037530944825,582.0340063961876,35.9068890224269,84.90052917978724,7.29077646889183
2023-12-01 02:00:00,0.6581712963420305,0.5543940550568844,0.44613291477800376,565.6337305843103,33.06374654310512,84.95200144642418,7.297289261341379
2023-12-01 03:00:00,0.6382660573285633,0.5564743634046732,0.44432073070896577,547.7059504059564,30.419089610000142,85.00380201983933,7.30378250861646
2023-12-01 04:00:00,0.6506781495695193,0.5578994861709751,0.44216950093203256,541.3365511343915,33.79238436439323,84.96891254502921,7.300028309109025
2023-12-01 05:00:00,0.6283869600569156,0.5597709047948475,0.4407399269016573,524.2775131237177,30.60542106609469,85.02122824169794,7.306922329732449
2023-12-01 06:00:00,0.6355693837357508,0.5609957044148756,0.43889973200670224,516.9039026940941,34.01588288801676,84.98698233240526,7.303144112459637
2023-12-01 07:00:00,0.6185638876161201,0.5625775614079733,0.437646760936658,501.51530360987107,30.772507806139032,85.04018446117419,7.309780999541904
2023-12-01 08:00:00,0.5974191471845118,0.5640938650917706,0.4364865152097498,484.64692050195526,27.903355163655625,85.09393582932174,7.316253394955363
2023-12-01 09:00:00,0.6089222661206235,0.5649703895284873,0.43494307485094486,479.4454822967259,31.059093152481807,85.06080826756673,7.3122697281982045
2023-12-01 10:00:00,0.5861997385936378,0.5663453050525706,0.43404467478249925,463.5172796837222,27.790356723176703,85.11520969639373,7.319019993808395
2023-12-01 11:00:00,0.5930776566718022,0.5671074798893716,0.4326927253876887,457.42237731081565,31.15077923417822,85.08288292550834,7.314911561808132
2023-12-01 12:00:00,0.5760272331955077,0.5682673420549855,0.43187370760193555,443.29048073863316,27.888925630731446,85.13813614677272,7.321334702094166
2023-12-01 13:00:00,0.5548257309975745,0.5693990062916942,0.43111520959000776,427.7319743089599,25.064188364633402,85.19401772282882,7.327582932868172
2023-12-01 14:00:00,0.7199783076231128,0.5668933521441878,0.4279432972317158,586.4561140250677,108.23180155433361,84.04069117528282,7.249233635884797
2023-12-01 15:00:00,0.742198170361761,0.5652309797470203,0.43021091827625896,600.4937764032695,105.42678252569925,84.08307393057338,7.249616463940603
2023-12-01 16:00:00,0.766969950430061,0.561465864681179,0.4342674061381095,619.8834091134428,107.61531958471024,84.0482071913092,7.240029268258419
2023-12-01 17:00:00,0.7703374555142781,0.5571918735835782,0.4395583093501262,629.0068650777532,102.37369178627446,84.09905959919354,7.240206693028861
2023-12-01 18:00:00,0.7688162754300798,0.552933216398809,0.44473648127728826,634.4934435837515,96.3830958814947,84.15022813399209,7.240941942781251
2023-12-01 19:00:00,0.7980409485029576,0.5483350756495662,0.44922097594541427,648.8910281202727,97.12509704672829,84.11520138720454,7.2330328737213865
2023-12-01 20:00:00,0.790255738256443,0.5447808442152944,0.45375859108483235,651.4553603772885,90.55987519107573,84.1655651119855,7.23556347933999
2023-12-01 21:00:00,0.809991918226715,0.5412929416528952,0.45711622414053127,661.5345698954064,90.84146319990043,84.1294826302725,7.229146213590686
2023-12-01 22:00:00,0.8031101895347884,0.5387128891935766,0.4604936827678896,662.5272327475732,84.5538152946344,84.17896426164828,7.232721836489293
2023-12-01 23:00:00,0.790393318162049,0.5367365991052532,0.4632085382048085,660.5915552359056,78.20311338310749,84.2278109120694,7.23670443814018
2023-12-02 00:00:00,0.8090066742230146,0.5346692285379785,0.46495996106878734,668.2201151499543,78.83164573711923,84.19106003363547,7.231806250721411
2023-12-02 01:00:00,0.7919753472085151,0.5335935045059391,0.4667877569916505,664.2631881061355,72.55998753892365,84.23951885089649,7.23693325057139
2023-12-02 02:00:00,0.8037062036912359,0.5324168560476897,0.4676037655594338,668.3018694733356,73.26582197146247,84.20213515394839,7.232753989184836
2023-12-02 03:00:00,0.7900563215773518,0.5319725601758987,0.46861152308611936,663.5019376067424,67.51286604968594,84.25084743520877,7.238331848104058
2023-12-02 04:00:00,0.7716678731989797,0.531885937250899,0.46921999952774324,656.0216600790172,61.91518232437408,84.29929914019039,7.244043747619935
2023-12-02 05:00:00,0.7858199517479333,0.5315218683026905,0.4690500476629579,658.5488376445313,63.1932498958943,84.26232875685795,7.240500154802091
2023-12-02 06:00:00,0.7648863879496114,0.5319367279104843,0.4692073155951648,649.6752536320976,57.73759122076035,84.31091426908462,7.246912310134172
2023-12-02 07:00:00,0.7735096510830949,0.5320654249477224,0.4685508487390016,649.179658359903,59.24128264321985,84.27383515569524,7.243670276762758
2023-12-02 08:00:00,0.7572911806476132,0.5327839626257297,0.4682460176060351,640.0534690817127,54.28164729955553,84.32310890728598,7.250187905162723
2023-12-02 09:00:00,0.736758549528266,0.5336962353411367,0.46773568657094106,628.5465787990719,49.57889396005168,84.37240462205733,7.256704874258302
2023-12-02 10:00:00,0.7491588971887325,0.5342019856860829,0.4665874018949556,627.4905364270501,51.54558047075604,84.33618966357734,7.253661444610429
2023-12-02 11:00:00,0.7267606839219855,0.5353634232459444,0.46591315376939785,615.2268625549976,46.88421478719575,84.3858799898083,7.2606532159028045
2023-12-02 12:00:00,0.7341671800437266,0.5361214863609552,0.46455601338483815,611.7406923114678,49.0916285809523,84.34987573704424,7.257698540483921
2023-12-02 13:00:00,0.7169514157690927,0.5373884232428489,0.46364255289137984,599.844149510866,44.78808893834288,84.40039652825165,7.264615644121617
2023-12-02 14:00:00,0.6955511831162959,0.5387506585104888,0.46263920907662576,585.8300921992819,40.79309978207753,84.45114572748349,7.271455843679124
2023-12-02 15:00:00,0.7072765792024474,0.5396277507057569,0.46107764369249643,582.6699427812488,43.26891848735548,84.41617461702039,7.268457588349804
2023-12-02 16:00:00,0.6843006348897276,0.5410955621625048,0.46007186764689273,568.4971725722519,39.1776064019068,84.4674230861803,7.275654765201555
2023-12-02 17:00:00,0.691254728568821,0.5420839255288381,0.4584609359797205,563.4409300259504,41.88720330763809,84.43284596127516,7.2726161879902795
2023-12-02 18:00:00,0.6737864640716082,0.5435379418866999,0.45733606552349776,550.1236930806007,38.03485534637213,84.4849897716601,7.27961545471381
2023-12-02 19:00:00,0.6521549685881625,0.5450327143623581,0.4561880120501943,534.9380060228956,34.535387800832986,84.5374867482973,7.286484218772294
2023-12-02 20:00:00,0.6636402860444846,0.54599175886895,0.45453406795267204,530.9482780483889,37.332856504888234,84.50398319525114,7.283276727716594
2023-12-02 21:00:00,0.6406414684994226,0.5475075182366187,0.45347099927797285,516.0662792716165,33.63756096650605,84.5570307505307,7.29042276120888
2023-12-02 22:00:00,0.6474688286196685,0.5484974646020194,0.4518585208627861,510.616600359044,36.66486348486911,84.52405024834361,7.287108034642864
2023-12-02 23:00:00,0.6300809701030348,0.5499269122683501,0.45075090018696007,496.9986308602304,33.106122931363565,84.5779603817202,7.293987142778088
2023-12-03 00:00:00,0.6084855983566516,0.5513683192962952,0.4496594074598493,481.70340655786663,29.936451698794123,84.63231715773877,7.3007093573114545
2023-12-03 01:00:00,0.6200654798921384,0.5522364653677065,0.4480945438610983,477.862658158875,32.932950669328626,84.60038474071018,7.297140167331751
2023-12-03 02:00:00,0.5972614068199481,0.5536494627251406,0.44713470270688027,463.19296572602354,29.499763515865617,84.65530075823023,7.304090951419228
2023-12-03 03:00:00,0.6042591470672732,0.5545061634535692,0.44565975911665845,458.2172752852947,32.74817959628024,84.62395283769074,7.30036247210855
2023-12-03 04:00:00,0.587158730969293,0.5557914127468776,0.4446949514502086,445.0743501924607,29.368877405601225,84.67968141171345,7.307020668425288
2023-12-03 05:00:00,0.5658506199698876,0.5570751370340936,0.44376657311399564,430.40163890458473,26.429714911600463,84.7359035878009,7.313485626546682
2023-12-03 06:00:00,0.5777921249675466,0.557761507229165,0.4423830381748634,427.3750224907635,29.55389049607975,84.70554067827145,7.309477482375207
2023-12-03 07:00:00,0.5553515574357697,0.5589944066783321,0.44160724030010395,413.52293921558305,26.301283174475667,84.76228713005588,7.316151477717694
2023-12-03 08:00:00,0.5626532834014174,0.5596541651851815,0.4403377061328153,409.52142607369257,29.673738447072324,84.73256174268272,7.3120050007788855
2023-12-03 09:00:00,0.5461595295985178,0.5607337464335537,0.4395711648315443,397.357602524212,26.464275824873727,84.79003066552116,7.318315235615394
2023-12-03 10:00:00,0.5253984741057345,0.5618154198983827,0.4388489615950045,383.7584900318261,23.692358955831214,84.84801955442148,7.324466311126178
2023-12-03 11:00:00,0.5377275533686137,0.5622877625637581,0.4376861915435583,381.903960223449,26.888059299912474,84.8191360791311,7.320017636720794
2023-12-03 12:00:00,0.5160654173896881,0.5633061230266727,0.4371184854716577,369.19872921901407,23.794836988564533,84.87760591034697,7.326344700743168
2023-12-03 13:00:00,0.5238503060538375,0.5637509472499357,0.43607350975283843,366.4669364059384,27.25711987132507,84.84934334904474,7.321762445026497
2023-12-03 14:00:00,0.5079740589235968,0.5646171575166886,0.43552447336082983,355.5324948302402,24.123289260416133,84.90839606811556,7.3277661714036375
2023-12-03 15:00:00,0.48782238074528966,0.5654866552948857,0.4350215464279183,343.166020244257,21.476446874776997,84.96800907833756,7.333595869164633
2023-12-03 16:00:00,0.5008362997195731,0.5657366084312505,0.43408140825112485,342.6025635806935,24.731063461196133,84.94045950271885,7.328709109544063
2023-12-03 17:00:00,0.47983612818412363,0.5665478211995002,0.43372747685507507,331.14892772236686,21.723157468241688,85.00046526868702,7.334735606032562
2023-12-03 18:00:00,0.48831257692591057,0.566780916999761,0.4328986204339581,329.7129520706473,25.265125132241433,84.97351512699741,7.329734685008333
2023-12-03 19:00:00,0.4733145592773012,0.5674384414036293,0.43255232948834904,319.9977516268014,22.223629245925913,85.03400771474674,7.3354075737854725
2023-12-03 20:00:00,0.4539521114509344,0.5681129815373264,0.4322476999361413,308.8694084932439,19.682385365839863,85.0950452186631,7.340924246659648
2023-12-03 21:00:00,0.46771879376323117,0.5681655990659661,0.43150730513893154,309.57092055363285,22.976674307752752,85.06863025879868,7.3356494210979815
2023-12-03 22:00:00,0.44757684501417105,0.5687903879560711,0.4313391816949769,299.3030493489771,20.063248272678575,85.12998723412647,7.341371265782644
2023-12-03 23:00:00,0.45675066331049313,0.5688431197350716,0.43069926477137627,299.09822249624335,23.65564399833494,85.10413136032228,7.336013814312791
2023-12-04 00:00:00,0.4425924391829907,0.5693229563413137,0.43053112283593054,290.5255432109048,20.670223624755877,85.16583857436382,7.34140699321793
2023-12-04 01:00:00,0.4240089959532473,0.5698305516880428,0.43039953703747774,280.5203253255727,18.207962504731988,85.22808542781026,7.346652573140771
2023-12-04 02:00:00,0.4385558845294972,0.569715118889275,0.4298303763390294,282.348792272915,21.53054598815736,85.20261536105289,7.341048684430868
2023-12-04 03:00:00,0.4192157318336392,0.570184095142545,0.42982186771513875,273.13154734747945,18.681764804691603,85.26509767306617,7.346518218695774
2023-12-04 04:00:00,0.4291352573230847,0.570084986635617,0.42934022101712777,273.9870421490818,22.317938789419284,85.2401449591788,7.340860216687393
2023-12-04 05:00:00,0.41576281016404837,0.5704203500464589,0.42932014398450447,266.410196295546,19.3694165273972,85.30285221368763,7.3460228468848285
2023-12-04 06:00:00,0.3979227346231333,0.5707920876145808,0.4293313863056212,257.35875192958713,16.97134353117949,85.36610736448745,7.351042847361717
2023-12-04 07:00:00,0.413274894458182,0.5705405904182341,0.42889988159661196,260.141277836325,20.32102834319426,85.34138933186838,7.345165206121743
2023-12-04 08:00:00,0.3946090079935927,0.5708879885733387,0.42902138559639585,251.81046334099617,17.51226919045991,85.40479330349922,7.3504405544731775
2023-12-04 09:00:00,0.40522202409297103,0.5706699135999678,0.42866560198638953,253.54526539538165,21.18502231467143,85.3805562972889,7.344541842744163
2023-12-04 10:00:00,0.39265193305058227,0.5708896819827483,0.4287611718805143,246.78331038776017,18.281282039270312,85.44408989498086,7.349503859925687
2023-12-04 11:00:00,0.3755000716913223,0.5711568260426149,0.4288832085412648,238.51329758375547,15.941084513392434,85.508163213863,7.354338270752817
2023-12-04 12:00:00,0.3915322570043133,0.5708030215975288,0.42855830857172633,242.07707828645957,19.308369386366124,85.48402378171163,7.34825037623059
2023-12-04 13:00:00,0.37356272420849673,0.5710569910474794,0.4287773432612181,234.46908218678035,16.544493962743964,85.5481703656988,7.353358770358687
2023-12-04 14:00:00,0.3847824097352099,0.5707503045478822,0.4285174858732222,236.9162415410952,20.24516074983365,85.52447827674273,7.3472753457522035
2023-12-04 15:00:00,0.3728763327011398,0.570884887579508,0.4287009879676097,230.81458040547213,17.37430843863489,85.58866590571878,7.352082537538005
2023-12-04 16:00:00,0.35634255705490575,0.5710747666058414,0.42890621282020924,223.17819299259756,15.08002421330276,85.65338780152909,7.356772077948643
2023-12-04 17:00:00,0.5110183917394905,0.5675199654319328,0.4278269130337941,352.51743406311317,69.93099889031237,84.85391003935854,7.295614457692012
2023-12-04 18:00:00,0.5113367661843449,0.5657839131778173,0.43039824058979703,360.4197385530903,63.43439297460991,84.91108727910391,7.296191158414297
2023-12-04 19:00:00,0.5414240991062433,0.5629157944227188,0.4330242763911375,375.0026467056174,63.61259775787587,84.88242600431181,7.28668742268488
2023-12-04 20:00:00,0.5464178126689466,0.5602248842355134,0.4364247647753193,379.4450442518403,57.37954268981224,84.94026375950584,7.287746093277647
2023-12-04 21:00:00,0.5443990762727519,0.5576927170428478,0.4397456822868248,380.65370280935423,51.483997890106785,84.99817255461393,7.28934222879068
2023-12-04 22:00:00,0.5727716471297712,0.5547029248967142,0.44252841959468503,391.61584473119325,52.49485776158532,84.96869331032374,7.281579103163562
2023-12-04 23:00:00,0.5642987808955011,0.5525522186110425,0.445619905110096,390.65248592224276,47.03070070546899,85.02611472873835,7.284670657312696
2023-12-05 00:00:00,0.583209096311967,0.5501694697292044,0.4478750178469509,398.0472948020117,48.60671583171993,84.99623946888603,7.278058263870353
2023-12-05 01:00:00,0.5765045065588658,0.5484386604074627,0.4503789645650394,396.350142881451,43.871258836380015,85.05311248874408,7.28180980635318
2023-12-05 02:00:00,0.5638290702878942,0.5470653216883162,0.45252607993503496,392.1572098029281,39.540702967950374,85.10991515830689,7.285830450011567
2023-12-05 03:00:00,0.583161953643994,0.545338109378011,0.4539426890518025,398.48359117947365,41.776912508841704,85.0795782303632,7.280214703843166
2023-12-05 04:00:00,0.5669556235592366,0.544425418713377,0.45565010033397985,393.2919000565961,37.53432394593392,85.13615030956399,7.2851167640271095
2023-12-05 05:00:00,0.579601489317126,0.5432234768177494,0.4565408594795511,396.9976230836329,40.115299613347446,85.10567494091632,7.280012825432249
2023-12-05 06:00:00,0.5678190200200377,0.5426157333352992,0.4577172802076042,391.9632255913075,36.24201669948325,85.16231167233067,7.28506917416107
2023-12-05 07:00:00,0.5509470507960297,0.5422585696547128,0.458651687241206,384.76546998278593,32.731113935677676,85.21907448080968,7.290191462081618
2023-12-05 08:00:00,0.5670188913824645,0.5414790590727899,0.45891700183389333,388.51718509061755,35.52905285703558,85.18869289163456,7.2854242416890855
2023-12-05 09:00:00,0.5481327009316175,0.5414210714949129,0.45958650995106,380.96575194032494,31.86399185317529,85.24546973158994,7.2910993714684205
2023-12-05 10:00:00,0.5586103743817126,0.5409840749316925,0.45954491381081747,382.6491170812877,34.89686799474617,85.21520411965675,7.286549619138278
2023-12-05 11:00:00,0.5451083672933839,0.5410788082845213,0.4598645405447122,375.78932186061525,31.41463709464319,85.27226623444409,7.292141278481631
2023-12-05 12:00:00,0.5268239922095497,0.5413365575514099,0.46005418024715794,366.98895990562244,28.302395248091862,85.32959913466054,7.297709163752442
2023-12-05 13:00:00,0.541817576417671,0.5411126741628789,0.4596424380061844,369.4235718735151,31.346626894946848,85.29965354091662,7.293194012285748
2023-12-05 14:00:00,0.5220174936593495,0.5415466634890702,0.4597202762818281,360.6706571612895,27.97159043664203,85.35712453037769,7.299166506967925
2023-12-05 15:00:00,0.5317624823963615,0.5415351106320521,0.4591678705582454,361.39646813134067,31.229309106373194,85.32745354025909,7.294735869633194
2023-12-05 16:00:00,0.517742599458582,0.5420139791785418,0.45902705640399155,353.6932767700146,27.949178114716336,85.38527715819016,7.300505416690337
2023-12-05 17:00:00,0.49901186812617354,0.5425971441176779,0.4588324011327143,344.19172278443546,25.06673287030854,85.44347475548322,7.3062069452620255
2023-12-05 18:00:00,0.5136032618400209,0.5426577159601491,0.4580855835106701,346.1207382534109,28.229113583533515,85.41419765561126,7.301673161130315
2023-12-05 19:00:00,0.4936898031227341,0.5433337153898681,0.45787548326236305,336.9429090998232,25.035961334943742,85.4725799857301,7.30769483301164
2023-12-05 20:00:00,0.5032175862660907,0.5435217764552795,0.45709258921233503,337.4133311201388,28.42226461556067,85.44366701263453,7.30317735661975
2023-12-05 21:00:00,0.48919913134427845,0.5441708146320103,0.45674883005845995,329.49462975597606,25.27042395318595,85.50240648524095,7.308935443926374
2023-12-05 22:00:00,0.47048608027769195,0.5448895450325554,0.4563968644105786,319.8805429165523,22.544691874891353,85.56158773066475,7.314604604400368
2023-12-05 23:00:00,0.4851522418787212,0.5450559077401479,0.4555236538683513,321.83427680395516,25.783853527840954,85.53306074225289,7.3098996062714505
2023-12-06 00:00:00,0.465383277102458,0.5458171739352334,0.4552133541626364,312.70334743855574,22.71462542667634,85.5924396321584,7.315850494448107
2023-12-06 01:00:00,0.4750293160220571,0.5460617843659084,0.45436546698297453,313.3422851651697,26.18902754755246,85.56434192071185,7.311140599592418
2023-12-06 02:00:00,0.46127894101389894,0.546751602243763,0.4539692913098869,305.6062514299147,23.13029900060315,85.62402684877344,7.316785410986767
2023-12-06 03:00:00,0.442874133147159,0.5474909102159766,0.45358971010212107,296.2274223677036,20.53128526664545,85.68420302412795,7.322326324988917
2023-12-06 04:00:00,0.4577845836764642,0.5476608203082524,0.45270977845096694,298.51581645960425,23.817255117448582,85.65643754400084,7.317393157334933
2023-12-06 05:00:00,0.43838774490867555,0.5484149199148465,0.4524032825323222,289.717157305668,20.84352507636177,85.71677606331168,7.32320347740739
2023-12-06 06:00:00,0.44834470415766925,0.5486346203709446,0.4515816673942292,290.76340769121714,24.385412658241894,85.68945825467028,7.318252899974296
2023-12-06 07:00:00,0.4350576075320369,0.5492922709419767,0.4512141827718744,283.431187158883,21.396112255236094,85.75005135676938,7.323738404986551
2023-12-06 08:00:00,0.41700605654932205,0.5499905759883976,0.45088062394461115,274.4735002344798,18.884121826821165,85.81116247029863,7.329125840668267
2023-12-06 09:00:00,0.4323517372374219,0.5501069637410035,0.4500550878429573,277.25194689668524,22.20755779088067,85.7840911018517,7.32393832537057
2023-12-06 10:00:00,0.4134104229599313,0.5508067116778402,0.44980579279260396,268.91611487091603,19.3077072247116,85.8453278540854,7.329585712722798
2023-12-06 11:00:00,0.42374445476505834,0.5509635128582905,0.44905484615039637,270.48345052317455,22.897128404215035,85.81870663382679,7.324392404644473
2023-12-06 12:00:00,0.4109925253738753,0.5515528611505696,0.4487561622413312,263.6368995308518,19.963779425043036,85.88012776876757,7.329703950123764
2023-12-06 13:00:00,0.6348747160486791,0.5475417066818941,0.44549238670409286,483.53519064374075,124.35125451653472,84.41045730292065,7.236074259009302
2023-12-06 14:00:00,0.6879587221053906,0.5442806526285608,0.44895560044863014,518.3591893206645,129.7902906686738,84.37117640165661,7.224570705586346
2023-12-06 15:00:00,0.6968656032139415,0.5395810687792324,0.45514461363775344,538.86104342993,125.94977826610948,84.42384346699991,7.222462487326599
2023-12-06 16:00:00,0.7363582562924793,0.5335559066850935,0.4614312426317024,564.9060235980702,127.70887644705151,84.39198685305496,7.211779817441391
2023-12-06 17:00:00,0.7640124370056749,0.5275470685516123,0.46813121383574025,587.74990325773,127.45281379883933,84.36066736518032,7.204079701901319
2023-12-06 18:00:00,0.7835572226657822,0.521845460911485,0.4747656862210315,604.0229208388115,122.82881507906025,84.41039343153287,7.203152049641253
2023-12-06 19:00:00,0.7813687927043695,0.517126972460641,0.4808021836957325,614.4223029835305,115.82375483187633,84.46161446141546,7.20501940441037
2023-12-06 20:00:00,0.7799839802999557,0.5132593885293601,0.4856414094807637,622.4354790989909,108.83776897970488,84.51164168824003,7.2070689017222636
2023-12-06 21:00:00,0.8046245193919743,0.5098370460673356,0.4889688673954779,637.9486790796147,108.60018266449264,84.47496469784544,7.200889857762002
2023-12-06 22:00:00,0.8017956631846106,0.5075272919611076,0.4921176965621854,644.3921310741341,101.83711468320416,84.52360952154721,7.204360313319225
2023-12-06 23:00:00,0.7917060055793338,0.5059748841064603,0.49447224831298214,647.6449848709425,94.7728699216584,84.57126607357604,7.20842851644696
2023-12-07 00:00:00,0.8124726528246125,0.50447420915742,0.49570888176281414,660.1231401096138,94.78084707186704,84.53302306769541,7.204081818267352
2023-12-07 01:00:00,0.7969086290036136,0.5039867336415279,0.4970044099905785,660.9393237712044,87.7012538352397,84.57988352783049,7.209430248011546
2023-12-07 02:00:00,0.7832040763234971,0.5039463187363389,0.4975642108739983,659.7024682550217,81.05449943248135,84.62652252986942,7.214575841082831
2023-12-07 03:00:00,0.7710245969181414,0.504385368538408,0.49744062971983805,656.8508219189804,74.90404532943033,84.67283355214397,7.219601400539228
2023-12-07 04:00:00,0.7596110438847058,0.505280338736341,0.49672790819864887,652.5610456706848,69.26197362537535,84.71874865650727,7.224577323970797
2023-12-07 05:00:00,0.7784104387599792,0.5060132916982159,0.49526284845507007,658.3129065172394,70.51434618483081,84.67856656419316,7.2208725591360245
2023-12-07 06:00:00,0.7604995211234571,0.5074612783167357,0.4942843120715716,652.7098561164619,64.87796477429698,84.72391722518113,7.227054640874976
2023-12-07 07:00:00,0.7711006725377149,0.5085781900407366,0.4925824158147946,655.1569182371445,66.14816673435604,84.68322499692694,7.224018908369878
2023-12-07 08:00:00,0.7567731539816659,0.5101953038596561,0.4913304648468305,649.0119331253676,61.01547271207506,84.72899380350083,7.230449282563312
2023-12-07 09:00:00,0.7373505510660786,0.5119159012176683,0.4899916295390108,640.2478814312011,55.98041244694927,84.7746933774306,7.237003149572424
2023-12-07 10:00:00,0.750730784577011,0.513196348904328,0.48804890489516606,641.6602601487517,57.720180405140816,84.73466121220575,7.234292012921015
2023-12-07 11:00:00,0.7291264757575086,0.515044340272554,0.48667467225198474,631.8034992998515,52.72884690129121,84.78064783600584,7.241383142628651
2023-12-07 12:00:00,0.7369707037758697,0.5164609026772333,0.48465336549120447,630.3803369067542,54.59472967696696,84.74073905590751,7.238860846786926
2023-12-07 13:00:00,0.7206186368253216,0.5183318367828536,0.48311167207443645,620.5604405619646,50.05234267140927,84.78753245522576,7.245867555954312
2023-12-07 14:00:00,0.6996306091907765,0.5202585560858759,0.4815338804383741,608.3870391959503,45.70061203558367,84.83452127673506,7.25288497223379
2023-12-07 15:00:00,0.7118674415900852,0.5216984282986035,0.479392273790717,606.8036160174307,47.95422915280416,84.79562626649658,7.25030372715296
2023-12-07 16:00:00,0.6892275810472287,0.5236862691972042,0.4778548041637167,594.1319664674141,43.562014068104325,84.84309542912611,7.257699392497732
2023-12-07 17:00:00,0.6963078036315123,0.5251915011082238,0.4757206146730049,590.2557221717497,45.97187893636053,84.80459000451147,7.255157670631081
2023-12-07 18:00:00,0.6794064673167459,0.527132915128924,0.4740849121135484,578.1606210755804,41.939456354634196,84.85294997869309,7.2623152289417385
2023-12-07 19:00:00,0.6580022289899443,0.5290951874701353,0.4724568739250053,563.9686598642074,38.1564113656213,84.90167141213327,7.269425175944256
2023-12-07 20:00:00,0.6698375014865332,0.5305346644967436,0.4703046562739913,560.7502069639081,40.80041432086565,84.86424401823459,7.26666400984161
2023-12-07 21:00:00,0.6470017112116687,0.5325035058766343,0.4687779513377895,546.583548332167,36.880275952047775,84.91351913103456,7.274064418023606
2023-12-07 22:00:00,0.6538300868914011,0.5339494546239414,0.466702737529933,541.5590015058326,39.68992994683694,84.87662688718798,7.271256691451353
2023-12-07 23:00:00,0.6368721706500968,0.535815427536084,0.4651373832610513,528.4355838214176,36.01655420751562,84.92678997336596,7.2783461391021165
2023-12-08 00:00:00,0.6154115532520399,0.5376793878157067,0.46361204156770885,513.4445162498334,32.6402387168654,84.97740663561889,7.285348416583072
2023-12-08 01:00:00,0.6271665028522809,0.538984938398288,0.4615965183148309,509.7175970332835,35.541109365006605,84.94159664265048,7.28223646651698
2023-12-08 02:00:00,0.6044848671782407,0.540810724012633,0.4602133180541601,495.1464368329153,31.951941721852048,84.99279735145339,7.289468141223102
2023-12-08 03:00:00,0.6113763219821928,0.5420856746922594,0.45831643856167337,490.0174949285481,35.03997663002006,84.95760470057459,7.286248236575685
2023-12-08 04:00:00,0.5946091287463765,0.5437715657234159,0.4569325935136864,476.8263907227493,31.59882883533505,85.00964604904006,7.293139080140065
2023-12-08 05:00:00,0.5733196477371815,0.5454441423457698,0.45560771846999826,461.9494394274913,28.505372071549747,85.06220315838397,7.299906731875673
2023-12-08 06:00:00,0.5853160485169551,0.5465310596400065,0.45381382774420576,458.5679933723354,31.575313797532132,85.02804733709401,7.296344013025258
2023-12-08 07:00:00,0.5629085344444344,0.5481418484684504,0.45265191407850325,444.3810265348365,28.210608839405847,85.08117131449953,7.303311896003541
2023-12-08 08:00:00,0.5700012146863753,0.5491830861095492,0.4509996989270085,439.8349982441197,31.464040757584744,85.0476994691442,7.299651467927019
2023-12-08 09:00:00,0.5536655196949509,0.5506310417924567,0.4498542037039915,427.27931933273385,28.204594862903335,85.10156681638308,7.306222640579834
2023-12-08 10:00:00,0.532794650394934,0.5520640831684508,0.4487758806297694,413.13788037773094,25.316200306238507,85.1560159200256,7.312679067228033
2023-12-08 11:00:00,0.5451641193219942,0.55289497063223,0.44724312606463357,410.645757234678,28.49316386365875,85.12345841384577,7.308635102900555
2023-12-08 12:00:00,0.5232628082727749,0.5542574494326411,0.4463333216972188,397.3498871027226,25.29249444224208,85.17842915636945,7.315279946375873
2023-12-08 13:00:00,0.5307649756763789,0.5550415055825,0.44494763260425146,393.8415346347142,28.66781738622082,85.14657974464131,7.311146066278919
2023-12-08 14:00:00,0.5150158802770594,0.5562327668761738,0.44405901150417626,382.30192022573874,25.53082957702278,85.20218485217046,7.317375201876843
2023-12-08 15:00:00,0.4947010584317824,0.5574149648794279,0.443238384182405,369.23809455451385,22.793810147470325,85.25839893563497,7.323492738442161
2023-12-08 16:00:00,0.5075574245267351,0.5579854874201307,0.441971893884939,367.9120921006919,26.039072174936905,85.22732865535072,7.318979572324721
2023-12-08 17:00:00,0.48642369610924585,0.559095690197082,0.44131176778674125,355.75433681349637,22.977485775296586,85.28400390171929,7.325266955630525
2023-12-08 18:00:00,0.494456437918239,0.5596306729008428,0.4401851651474743,353.4887321167342,26.436761894287617,85.25361441002234,7.320680626961203
2023-12-08 19:00:00,0.47944982240350714,0.5605735531538912,0.43954397698875497,343.1298081166155,23.3894220322118,85.31080127594902,7.32656751695947
2023-12-08 20:00:00,0.45977937082489384,0.5615187497019596,0.4389678438330369,331.2664274915062,20.76563770060051,85.368606688451,7.332353497054988
2023-12-08 21:00:00,0.47332499287362145,0.5618448701660996,0.43794827760356736,331.19063194439684,24.062485294639487,85.33885233186767,7.3273987138517995
2023-12-08 22:00:00,0.45287094500024416,0.5627272132322769,0.4375225256711698,320.2302079566396,21.08247480019402,85.39703260631403,7.333375192653797
2023-12-08 23:00:00,0.4615838401039714,0.5630322753075534,0.43663180427662696,319.19874682471055,24.613341220705212,85.36793648914023,7.32837069760847
2023-12-09 00:00:00,0.44739702299150863,0.5637512325829863,0.43621244456838953,310.00135309301544,21.64389806191828,85.42652427782609,7.333932690828063
2023-12-09 01:00:00,0.42855588348830065,0.5644854501675209,0.4358489482296828,299.30856114422164,19.124519297572007,85.48572321531246,7.339397588161641
2023-12-09 02:00:00,0.44279586178268643,0.5646018536663931,0.4350445294635474,300.42816939308085,22.452822024484753,85.45708090681518,7.334063388068284
2023-12-09 03:00:00,0.4232068607747496,0.5652843538674144,0.4348173245133377,290.5802515259012,19.565536176077778,85.51658292582162,7.33973185630857
2023-12-09 04:00:00,0.43263943207320316,0.5653984480434757,0.43412447091078626,290.70676874096443,23.14948656475561,85.48856235293282,7.334369822377746
2023-12-09 05:00:00,0.4192312644216707,0.5659307865238918,0.43389443767156916,282.58382034045735,20.229488674519537,85.54832938205604,7.339656787529613
2023-12-09 06:00:00,0.40108475365493074,0.5664912731092794,0.43371464941230453,272.9524331627076,17.767440980894374,85.60869239355782,7.344868605275711
2023-12-09 07:00:00,0.4160957394352219,0.5664297578965363,0.4330911037972986,275.1230871555846,21.123163111948774,85.58097782120318,7.339210043784624
2023-12-09 08:00:00,0.39715310307730084,0.5669512727172112,0.43303524904933466,266.26212707500395,18.272406852733994,85.64156816646269,7.344654246561514
2023-12-09 09:00:00,0.40724060151907415,0.5669056760761613,0.43251143724012964,267.3673862816043,21.887390678144293,85.6144405434962,7.339009849014779
2023-12-09 10:00:00,0.39463032325570535,0.5672835427518133,0.43243709404392855,260.163153237056,19.008389624779618,85.67519257974735,7.344065274900372
2023-12-09 11:00:00,0.377197774137403,0.5677006069085617,0.4324062059765921,251.4046230053046,16.613616636537024,85.73655054053035,7.349052328250083
2023-12-09 12:00:00,0.39293222071522954,0.5674981409501038,0.4319264794081309,254.45608091653403,19.995148091077724,85.7095867014967,7.343130467815948
2023-12-09 13:00:00,0.3747292667328294,0.5678907583703676,0.4320026094908817,246.416843030788,17.197948098742753,85.7710833681568,7.348369431292694
2023-12-09 14:00:00,0.35916990824829836,0.5682284349249589,0.4319673846512385,237.9184328319826,15.210202885823161,85.83301918618197,7.352928000713286
2023-12-09 15:00:00,0.34588783042283205,0.5685777352885373,0.4317972461928932,229.49023206482718,13.78464509579856,85.89500105330276,7.356968882299132
2023-12-09 16:00:00,0.3341473638956118,0.5689681758436038,0.43150528874354616,221.30650533220864,12.758647912019264,85.95685601911522,7.360613449843291
2023-12-09 17:00:00,0.3538261975012447,0.5688294957827599,0.43076817724900374,225.44176456986588,16.964780769345612,85.92952293074036,7.353522882284965
2023-12-09 18:00:00,0.33865140165163116,0.5693159739062428,0.4306189387072923,218.57103150599966,14.823958383855299,85.99080436649847,7.357929127425798
2023-12-09 19:00:00,0.3516152198606362,0.5692351051327375,0.4300542553495064,221.7844673936459,18.8998236053364,85.96369786727512,7.351251331406769
2023-12-09 20:00:00,0.3417590134277571,0.5695707193533746,0.4299576828031389,216.59270072875364,16.373652162240468,86.02470486772737,7.3554916834903485
2023-12-09 21:00:00,0.32668544579718384,0.5699318056191651,0.42994785017908005,209.7964107863685,14.276091821521023,86.08629030651198,7.359749921632238
2023-12-09 22:00:00,0.3445125072400267,0.5696515884309976,0.42952247257080306,214.79374269570368,17.808963223701014,86.05896217342024,7.353042125341982
2023-12-09 23:00:00,0.32840458269657063,0.5699562254607,0.4296697272452011,208.55618168267495,15.183758803602752,86.12054309708232,7.357662567966021
2023-12-10 00:00:00,0.3408892521894596,0.569684998925904,0.42937929746412606,212.25324476504875,18.934790982495976,86.09372906969955,7.35113036415483
2023-12-10 01:00:00,0.33090155400264487,0.5698269146181881,0.4295355556154502,207.44162802725887,16.19882742235901,86.15520012925948,7.355445100966134
2023-12-10 02:00:00,0.3158033250491059,0.5700164889253423,0.4297447792827823,200.9678177658663,13.965578114977548,86.21728654237052,7.359755365206225
2023-12-10 03:00:00,0.33375005094546056,0.56957372549043,0.42951712273357073,206.25833098061977,17.40663340515418,86.19032809084342,7.353084500684681
2023-12-10 04:00:00,0.31770928533493736,0.569737284382463,0.429836864680413,200.26503036723977,14.730059173334183,86.25242373082811,7.357731851534908
2023-12-10 05:00:00,0.3303228207636246,0.5693427918627878,0.42969520595001887,204.20783848407976,18.4433669017767,86.22598419563987,7.3512256601044665
2023-12-10 06:00:00,0.320512529596846,0.5693709761718042,0.4299836676582896,199.61588330419156,15.695153383784504,86.28793897129232,7.355546108072601
2023-12-10 07:00:00,0.3055907764923702,0.5694653707047724,0.430304680937579,193.3543755970984,13.464864103325914,86.35051117132251,7.359861806346604
2023-12-10 08:00:00,0.32368906246197604,0.568936846552083,0.43017651184817135,198.8541721349627,16.89699153627311,86.32388603066055,7.353201288070682
2023-12-10 09:00:00,0.30788598778799,0.5690254974767615,0.4305798704613009,193.0617774917979,14.234204567389607,86.38643332260652,7.357843721145061
2023-12-10 10:00:00,0.3206547599082036,0.5685683049691931,0.4305110753199187,197.2010522973018,17.95083845060497,86.36030653201276,7.351344393326844
2023-12-10 11:00:00,0.31107095006548896,0.568538431809941,0.43086229136195864,192.7989413532548,15.217551371887867,86.42267666964435,7.355654059374874
2023-12-10 12:00:00,0.2963295229001326,0.5685857256677529,0.4312366934801013,186.71987017849642,13.0060645738843,86.48566251792802,7.359963743259408
2023-12-10 13:00:00,0.31462292185095175,0.5680150775726984,0.43115408228644037,192.40685830592219,16.442150604295666,86.45930061483459,7.353300451813495
2023-12-10 14:00:00,0.2990230459495435,0.5680677063346724,0.4315959078284655,186.7872984504447,13.798406941079838,86.52222369277469,7.357931444201658
2023-12-10 15:00:00,0.31197240961024014,0.5675808300511346,0.4315594967926766,191.0999739529436,17.524558051182964,86.49633633435414,7.3514290933533895
2023-12-10 16:00:00,0.3026103014190358,0.567524160448255,0.4319371809107868,186.87193892401143,14.80631602003981,86.5590468483637,7.3557229421959915
2023-12-10 17:00:00,0.2880449128008011,0.5675504321127444,0.43233438667403284,180.9548655555772,12.613343769648392,86.62237500021385,7.360021104739717
2023-12-10 18:00:00,0.3065847086587149,0.5669608032562846,0.43226850597135646,186.81642002477827,16.057367277176827,86.59617938341994,7.353343812046229
2023-12-10 19:00:00,0.29111382742125635,0.5669999178707089,0.4327257895761951,181.34889618147332,13.424437739960794,86.65942939210673,7.35796905038523
2023-12-10 20:00:00,0.27809508721303955,0.5670114853969422,0.43305413494832407,175.34790573472907,11.639289784107467,86.72300657732086,7.361929741456791
2023-12-10 21:00:00,0.2671552862085421,0.5670423601569442,0.43324661299209427,169.34700967151122,10.403812020029662,86.78653995759478,7.365406322037752
2023-12-10 22:00:00,0.25761839713516627,0.5671176761077842,0.4333162914120405,163.53111274763407,9.545776244506776,86.84984905795977,7.368517188489821
2023-12-10 23:00:00,0.2795980184453845,0.5666550354608126,0.4329278330610612,170.00648491178507,13.782554120664166,86.82282132895352,7.360852039758053
2023-12-11 00:00:00,0.26672078453856735,0.566845401729603,0.43309460508445546,165.27342217902716,11.751780961883808,86.88537509919918,7.364779702469274
2023-12-11 01:00:00,0.28165631513126127,0.5664969178743469,0.4328268357909527,170.58314400987092,15.867891108516254,86.85851874834731,7.357632123880234
2023-12-11 02:00:00,0.274182276961491,0.5665718538039338,0.4329919621546958,167.32597394972348,13.436262733423753,86.92051718960344,7.361410977879401
2023-12-11 03:00:00,0.261170221060531,0.5667103314259005,0.4332213322694507,162.35423552944755,11.464120690168636,86.98311950093174,7.365259928744665
2023-12-11 04:00:00,0.28103503088545295,0.5662203519698119,0.43301316340172746,169.1574285847362,15.025150363162961,86.95570620268776,7.358133352259117
2023-12-11 05:00:00,0.26684676944393304,0.5663411918020843,0.43335493311041895,164.55572288815677,12.500871615042202,87.01815709160157,7.362397798078175
2023-12-11 06:00:00,0.28097719743620697,0.5659093899648947,0.43324582160422975,169.86695466961072,16.292440821825394,86.99122726141499,7.355535588019862
2023-12-11 07:00:00,0.2729898630905273,0.5658917730847366,0.43355916090733665,166.5587324007887,13.651619678127128,87.0533339284862,7.359496993134554
2023-12-11 08:00:00,0.2595682146457437,0.5659486350583837,0.43391513782831875,161.50689744294078,11.52645249120195,87.1160795420876,7.363506402980947
2023-12-11 09:00:00,0.27914194802804404,0.5653808910287517,0.43381921767003645,168.20175640283315,14.999051423128586,87.08873880392451,7.356537591140289
2023-12-11 10:00:00,0.2647571981562971,0.5654328558451885,0.43425606838937664,163.50105793785355,12.418239215887695,87.15137593559035,7.360910348151728
2023-12-11 11:00:00,0.27867826906890647,0.5649445866634403,0.43422622408646444,168.70724499388788,16.16884028484832,87.12453509111747,7.354175678660129
2023-12-11 12:00:00,0.4673385821444842,0.5610430600151421,0.43193206612693325,396.61779074999674,125.5317458431702,85.53384412705323,7.248825531732131
2023-12-11 13:00:00,0.5680484394681633,0.5568847186496352,0.43481394696600806,426.5926938404629,125.0091310255789,85.56943967764254,7.24495487060352
2023-12-11 14:00:00,0.5796779879886061,0.5520962597199637,0.4411887740349668,448.39598107990156,120.44721852178031,85.62093264564902,7.242223484564117
2023-12-11 15:00:00,0.6269682568672201,0.5455872758518086,0.44799340320651315,476.35941796373794,121.75775292311648,85.58683941731731,7.230345226838408
2023-12-11 16:00:00,0.6399591648347744,0.5393127578638351,0.45566736504416877,492.0873717408781,115.22016730610686,85.63878165776443,7.229092952638147
2023-12-11 17:00:00,0.6635873738369491,0.5331551058032091,0.4626060815599752,511.4355829649736,113.3485652166054,85.60596794266228,7.2215048798215244
2023-12-11 18:00:00,0.6871131252455607,0.5273620496311247,0.4691870071578142,525.8288736948664,108.18150590169226,85.65422677000868,7.220037618323999
2023-12-11 19:00:00,0.6869460654677821,0.5226466164347572,0.4751988087962197,534.5580021890472,100.81225599101839,85.70434386740995,7.2217119949354345
2023-12-11 20:00:00,0.7164695608807269,0.5181344430871944,0.4798346084485138,551.577988320649,100.5518212885569,85.66617723343492,7.214846144493879
2023-12-11 21:00:00,0.7101105198684248,0.514844317908983,0.48432708725652834,557.6637663269813,93.24186440760795,85.71500977154734,7.218247314330491
2023-12-11 22:00:00,0.7160044907696448,0.5120506423832809,0.48760764293098974,568.2349791571278,91.1920580780533,85.67781240226255,7.21483419518833
2023-12-11 23:00:00,0.7235560866867561,0.5097875946522458,0.49029299567073703,574.5476218817587,86.05807455023147,85.72360746314439,7.217114135321995
2023-12-12 00:00:00,0.7099881594070158,0.5083937619842017,0.49257145363608656,575.6317468817863,79.13375015542431,85.77076131846081,7.2219353522725065
2023-12-12 01:00:00,0.7283863106754042,0.5069852137666134,0.4936666071236266,585.5224977974942,79.41184845393937,85.73065003788646,7.217723802957661
2023-12-12 02:00:00,0.7127076932970073,0.5065106780203996,0.4949221127771767,584.7956392859811,72.83543809180657,85.77771898610445,7.223428328333068
2023-12-12 03:00:00,0.7110026831053284,0.506186972847074,0.49533927866668187,588.9455749456505,71.69095661798607,85.73931214047353,7.221858757734563
2023-12-12 04:00:00,0.7122792083050544,0.5061477059666085,0.4954334979207959,589.1741906383658,67.3943713209664,85.7844044916445,7.225802662273526
2023-12-12 05:00:00,0.693576844818084,0.5066684116450116,0.4954791515972177,584.4695263158499,61.51535268646295,85.83121030071504,7.232044857753353
2023-12-12 06:00:00,0.707808399439345,0.5069260624952201,0.49462292854574924,589.0101509113684,62.74464351666023,85.79102691479868,7.228863501974626
2023-12-12 07:00:00,0.688674495280095,0.5079048346538638,0.4941830890122502,583.172338005134,57.190714175477886,85.83812598647953,7.235594313185827
2023-12-12 08:00:00,0.6841525527199752,0.5088089762630627,0.4931699612838192,582.6091276732508,57.10546467008262,85.79999751962035,7.234718723490099
2023-12-12 09:00:00,0.6831085674058448,0.5098448165694812,0.4920136326996794,578.4202311400595,53.717171036168075,85.84561471459809,7.239366089274254
2023-12-12 10:00:00,0.6925196530223879,0.5107256018374888,0.49070573032397063,581.0161687607558,55.01726676542283,85.80614250626707,7.237320564931292
2023-12-12 11:00:00,0.6986675057292334,0.511608939184232,0.48951511549201593,582.94698645539,56.070317363099164,85.76710982657167,7.235731619568349
2023-12-12 12:00:00,0.6733893235933207,0.5129603806396994,0.48887239399224525,574.114513051841,50.44728838326273,85.81569072405898,7.243774368609893
2023-12-12 13:00:00,0.6647472903545361,0.514093505174237,0.487704285115034,570.6487135241221,50.422195148174104,85.77958449586481,7.243771411359044
2023-12-12 14:00:00,0.6608088125727554,0.5153033735676601,0.4863963299120241,563.6567996878662,47.08225758170583,85.82740537617464,7.249188013195212
2023-12-12 15:00:00,0.6380207452093377,0.51687976423721,0.48524882426681726,552.1643885163704,42.41075064812647,85.87740817196644,7.25668366724798
2023-12-12 16:00:00,0.6490788022307308,0.518027090505696,0.48337153439602953,550.6196767996163,44.64910049599146,85.84044238335355,7.254146583508009
2023-12-12 17:00:00,0.6274664438621225,0.5197892887708885,0.4820354628166106,539.0387020626873,40.200972492627365,85.89097177201909,7.26171929720251
2023-12-12 18:00:00,0.6209181899894421,0.5213337783081387,0.4802925468018721,533.36785091778,41.23923270997924,85.85638837823868,7.261185925258553
2023-12-12 19:00:00,0.6182520122786296,0.5229213134209822,0.4785045905532828,524.4625049581082,38.74191794700856,85.90568730659002,7.266317637662558
2023-12-12 20:00:00,0.596342930156364,0.5248000710707713,0.47699609038645063,511.34361517148506,34.92052965349458,85.95723650635416,7.2735997938743475
2023-12-12 21:00:00,0.6079353814059587,0.5261610468664542,0.4748727411446726,508.5614603393799,37.80369124792344,85.92149935167025,7.270617194045258
2023-12-12 22:00:00,0.5868135585338898,0.528076910462285,0.47336414388823256,495.88379038887297,33.963765724322165,85.97350405462232,7.277994257026004
2023-12-12 23:00:00,0.5806022960831986,0.5296967304431844,0.47154317125110207,489.4336999418547,35.549100146653814,85.9402356011772,7.277067660947628
2023-12-13 00:00:00,0.5782911367803424,0.5313035653776729,0.4697335093596473,479.8933895128928,33.46325783239029,85.99090427327562,7.28192829407511
2023-12-13 01:00:00,0.5567416389373615,0.5331559662170811,0.4682571218515981,466.32111253156444,30.07840971364959,86.04393846773364,7.28897090532624
2023-12-13 02:00:00,0.5686003554857166,0.5344358589743902,0.46622500591135796,463.35696424230576,33.27078680792817,86.0094023266399,7.285524784848733
2023-12-13 03:00:00,0.5478681665965395,0.5362459194273371,0.46482983233120706,450.5619195874113,29.74527227696955,86.06288264273314,7.29263960289624
2023-12-13 04:00:00,0.5419841441590367,0.5377255843395976,0.46316396819537886,444.23500364085095,31.61880226570523,86.0309191742417,7.29128208303069
2023-12-13 05:00:00,0.540097555400943,0.5391634743709313,0.46153088750523286,434.8809135863939,29.744029170865407,86.08295147250169,7.2958107775245615
2023-12-13 06:00:00,0.5189167278588293,0.5408359055690587,0.460248888768842,421.60400367568485,26.604359792150692,86.13744958650307,7.3025601952060075
2023-12-13 07:00:00,0.5311182811578583,0.5419065613229692,0.45844028440306733,419.1296567804272,29.96182991588304,86.10409053977105,7.298626245797169
2023-12-13 08:00:00,0.5108695874266836,0.5435039274623886,0.4572672254048163,406.840210161329,26.61975085467061,86.15902764130647,7.305432850196828
2023-12-13 09:00:00,0.5053920721605684,0.5447572790645986,0.45584293177108426,401.176101141989,28.667215420395962,86.1283441333967,7.303629946061147
2023-12-13 10:00:00,0.5039268812039067,0.5459557757238825,0.45445884879475096,392.48709084680996,26.920024790260243,86.1817084924518,7.307795627304474
2023-12-13 11:00:00,0.4834588714897876,0.5473883421147993,0.45341850505069153,379.9571383782676,23.968926320851622,86.23762023650707,7.314188491526274
2023-12-13 12:00:00,0.4960245818350306,0.5482126769319136,0.45187300304067046,378.364523964012,27.41327346050716,86.2053853826329,7.309791419266861
2023-12-13 13:00:00,0.7130560215171818,0.5450719834234016,0.4480103584968528,590.6585417368358,131.95671256603202,84.71768697534542,7.219315516804426
2023-12-13 14:00:00,0.7408293662789649,0.5427904278480314,0.451176314853282,621.8538673069517,137.97640878650296,84.68087217320142,7.209904830031864
2023-12-13 15:00:00,0.764633775093553,0.5380406410718416,0.45689841558799377,646.9851869423896,138.95284422010457,84.73158018678583,7.205213569433833
2023-12-13 16:00:00,0.7708811106546517,0.5326046317026609,0.463605104594485,665.577911001274,136.24333522220107,84.78484292262964,7.203361923626865
2023-12-13 17:00:00,0.8086047231672912,0.5264721226274997,0.469821100603591,691.5484011435163,139.62408528319045,84.75200714614395,7.1933001301582244
2023-12-13 18:00:00,0.8107882610368535,0.521171675652554,0.476315758965732,706.4948304605881,135.12720817458424,84.80344917698676,7.193555399019557
2023-12-13 19:00:00,0.8241718138686426,0.5163064834647424,0.4817003958773102,725.3284442337605,135.00606817950492,84.77032700835666,7.187665554890873
2023-12-13 20:00:00,0.8384763337521399,0.5120124026038267,0.4864992795753645,739.9187561792911,131.44638328192568,84.81783579506579,7.187522812300428
2023-12-13 21:00:00,0.830478061103001,0.5087662662126851,0.49072252580554926,749.0729800329223,125.28026349361305,84.86629922064789,7.190265922007801
2023-12-13 22:00:00,0.8534905945889103,0.5057113750300892,0.49357632153778674,766.4234553868176,125.96681288958928,84.82775953438272,7.184589871860908
2023-12-13 23:00:00,0.8415437461929935,0.5037827728047658,0.4964069987971554,773.2232484071706,119.26013477803296,84.87503457951888,7.188783056308401
2023-12-14 00:00:00,0.8429761757079646,0.5022352261804629,0.4981441259204379,784.2702032292391,117.46209353260998,84.83704438618444,7.186251287452589
2023-12-14 01:00:00,0.8467326912215324,0.5011535327024941,0.49939958242279076,791.3465267687537,112.44624028092105,84.88134401741027,7.189171607644113
2023-12-14 02:00:00,0.8300821424488221,0.5008154854417673,0.5003914107763621,793.1829173784241,105.25393349755564,84.92652017562357,7.194527374748417
2023-12-14 03:00:00,0.8459722136234636,0.5004007587886207,0.5002937131471943,803.4641390933715,105.16293397270842,84.88564639087205,7.191019319904968
2023-12-14 04:00:00,0.8279492695561264,0.5008393611747549,0.5004813683029539,803.3272765018894,97.9486683427645,84.9306044509706,7.197196686479342
2023-12-14 05:00:00,0.824477044758741,0.5013584919173657,0.4999069749974855,807.6656724609468,95.96780714920263,84.89091985280128,7.196233064800109
2023-12-14 06:00:00,0.8240232740023528,0.5021303467249607,0.49909336168201873,808.189648707047,90.84011304673717,84.93402027936287,7.200660517369586
2023-12-14 07:00:00,0.8038854097388601,0.5033956748319953,0.49830294501487365,803.6331482451478,83.87114128946027,84.97838613915107,7.20734548122647
2023-12-14 08:00:00,0.8168396822276616,0.5043771006902189,0.4966553969230978,807.8144784447749,84.0870810375081,84.93701610135481,7.204793169037993
2023-12-14 09:00:00,0.796398746722998,0.5060386995457625,0.49549144812498624,801.7198135898929,77.39020705879983,84.98157414050245,7.21198125736021
2023-12-14 10:00:00,0.7908933415998769,0.5075930913545291,0.4937785727385886,800.3817599733287,76.11374441438127,84.94181745097835,7.2116952627606254
2023-12-14 11:00:00,0.7886368173209474,0.5092717069620276,0.4919721320275259,795.4187710445121,71.65072429945047,84.98511140085542,7.216872436870192
2023-12-14 12:00:00,0.7670173735817377,0.5113022655502701,0.4903503685792903,785.5802348315486,65.57939164018703,85.02996937222167,7.2242332558542515
2023-12-14 13:00:00,0.7787869615097609,0.5129187904573813,0.4880100623613639,784.8720812970762,66.64322696491448,84.98907964701759,7.221995884038755
2023-12-14 14:00:00,0.757243261548336,0.5151273641635057,0.4862580121911802,774.0203525914504,60.88088004967426,85.03438177357225,7.229698719510635
2023-12-14 15:00:00,0.750886528076228,0.5171164291050513,0.4840789852175875,768.2961973749666,60.612051931797055,84.99541711144937,7.229610469550006
2023-12-14 16:00:00,0.7479251805976972,0.5191545791181396,0.48188417433157493,759.1669725403927,57.02787909565774,85.03967699988964,7.235102511090738
2023-12-14 17:00:00,0.7256843203097946,0.5214714686688258,0.47996083448031357,745.405824958469,51.95952685590121,85.08573494175326,7.242761223124388
2023-12-14 18:00:00,0.7369479340064651,0.5232919845804187,0.4774036454137456,741.2005436665322,53.88023377023745,85.04587633066552,7.240490367741149
2023-12-14 19:00:00,0.7150786928570054,0.5256598017485913,0.4754810264142912,727.015624218269,49.00795337411912,85.09247380971583,7.248377620765901
2023-12-14 20:00:00,0.708440464142258,0.5277430039115087,0.47320499726863896,718.3492684448227,49.61771452426793,85.0547582434204,7.248199566931413
2023-12-14 21:00:00,0.7052859183963411,0.5298309264402159,0.47095436909763594,706.4877952851928,46.75499949921148,85.10036585442445,7.253731913282075
2023-12-14 22:00:00,0.6829014208522564,0.532160431088768,0.46902007979092414,690.2439453616698,42.47688253458432,85.14796000314618,7.26143618970742
2023-12-14 23:00:00,0.6939629345742881,0.5339417239057717,0.4665071636241502,683.9597698496103,45.02145879476811,85.109418319975,7.258918393161476
2023-12-15 00:00:00,0.672162648014927,0.5362493520898873,0.4646436760655271,667.861249939132,40.79621417912708,85.15756790809556,7.266768214032616
2023-12-15 01:00:00,0.6654855292358879,0.53823453908175,0.46247473688199303,657.6455162883341,42.01843729123975,85.12132647254252,7.266319681028811
2023-12-15 02:00:00,0.6622792707346749,0.5401969552823651,0.46035519442578443,644.3903927992735,39.628056514741665,85.16846570893749,7.271715691072739
2023-12-15 03:00:00,0.6400819575205288,0.5423807000857672,0.45856945278190614,626.9891826351302,35.891311156857796,85.2177732760723,7.279281193019177
2023-12-15 04:00:00,0.6511680288663971,0.5439839529077835,0.4562429195895979,619.9068258083706,38.84058275639244,85.18065919488367,7.276363544099645
2023-12-15 05:00:00,0.6295001465384432,0.546106089949791,0.45457107372612315,603.1206498788113,35.02388011490707,85.2305280447413,7.284040221495718
2023-12-15 06:00:00,0.6228893303918857,0.5478816299389552,0.4526246920213684,592.5419811564263,36.63775477786732,85.19586596608336,7.283204754491813
2023-12-15 07:00:00,0.6198642784575186,0.5496137886588366,0.4507386605889491,579.0320248845743,34.538616942570094,85.24464837246467,7.288331068139616
2023-12-15 08:00:00,0.5977682654800652,0.5515651486456068,0.4491978276996378,561.5644829194047,31.13529343387479,85.29574182257957,7.295660926047889
2023-12-15 09:00:00,0.6089192216130952,0.5529066733099152,0.44714436430506427,554.7022475410236,34.32025068415431,85.26012939227132,7.292270792787436
2023-12-15 10:00:00,0.5875384141946224,0.5547681092804921,0.44573548434497,538.189113691585,30.769273059446622,85.31179533255272,7.2996640009201
2023-12-15 11:00:00,0.5811130836174909,0.5562720557732467,0.4440711864425312,528.1479663871229,32.63831276262692,85.27877028548784,7.298370464861832
2023-12-15 12:00:00,0.5783386502093841,0.5577196863488991,0.4424721767760813,515.227920517738,30.722248976682536,85.3292371835575,7.303141235184752
2023-12-15 13:00:00,0.5565542623406973,0.5593901978791913,0.4412179081995611,498.48748797416005,27.55131838719305,85.38213693553057,7.310141851367976
2023-12-15 14:00:00,0.9381233984746236,0.551205125866299,0.43913205956150353,842.2602276266339,200.43537223761825,83.1270902284917,7.162157003801495
2023-12-15 15:00:00,0.9365373470304035,0.5441561532778727,0.44919822300103424,881.0341832650752,208.19861798049124,83.17946467822127,7.1569895924449485
2023-12-15 16:00:00,0.9586470871815549,0.5341642381458156,0.46069500939157504,921.7762097617176,218.07215529970085,83.15371666485473,7.145417314228325
2023-12-15 17:00:00,0.9871706138029634,0.5233484142477092,0.4726413892678212,957.4678551297604,223.43702988768865,83.20591026572428,7.139245624821112
2023-12-15 18:00:00,0.9934404294382726,0.5135256722468642,0.4839011669680359,986.8953614597598,224.7172594896141,83.25882143010367,7.136505511001599
2023-12-15 19:00:00,1.0289748561135417,0.5043311230697429,0.4933053485084197,1023.3740385687213,231.7694761332779,83.22723193794832,7.126665130416491
2023-12-15 20:00:00,1.027991697682835,0.49691372565061714,0.5019731443587965,1049.291490662867,230.559583602679,83.27690268680851,7.1265914085332875
2023-12-15 21:00:00,1.0379142031342128,0.49070595816162094,0.5086719014942709,1078.5535174613278,233.07112041643686,83.2435337233866,7.121070150593585
2023-12-15 22:00:00,1.048763641448592,0.48563399613106567,0.5141926687542823,1103.8735372870312,231.93233014345242,83.28892218028203,7.120920259956291
2023-12-15 23:00:00,1.0374660634960657,0.48199842092617723,0.5186919416129365,1123.638135405591,227.46686144692993,83.33448252798418,7.123570696436182
2023-12-16 00:00:00,1.0574417224231625,0.4789080777013956,0.5214557510322301,1150.905594189104,229.41153261123782,83.29476859225714,7.118507949980456
2023-12-16 01:00:00,1.0425711669900943,0.47712923282669956,0.5240081402562298,1167.9613351290532,223.45146413059356,83.3386054472631,7.122648759839348
2023-12-16 02:00:00,1.041543535338623,0.4759158064921481,0.525257867497912,1188.5710973298508,221.72423421656165,83.29832775139089,7.120605875949228
2023-12-16 03:00:00,1.0428502328397637,0.47531038610051085,0.5259238811770849,1205.399026624668,216.53221289048528,83.3389986178588,7.123692915321798
2023-12-16 04:00:00,1.024079259174854,0.47551187390394484,0.5262442981221107,1216.8136365833914,208.4073068895685,83.37944974659382,7.129096109652111
2023-12-16 05:00:00,1.03803416604332,0.475759803899902,0.5253748673060793,1235.831438661116,207.04801979208403,83.3359631372158,7.1263050245082376
2023-12-16 06:00:00,1.0181551474786357,0.4768782541200779,0.524789925281498,1244.7378030089617,198.03355062793509,83.3758803612022,7.13258710367429
2023-12-16 07:00:00,1.0132992545253616,0.47813768262649775,0.5233664298838044,1257.303665160255,193.67536939234364,83.33247617652584,7.1322245482624025
2023-12-16 08:00:00,1.0111523612064686,0.4797055849586741,0.5217032319510818,1266.1262207826194,185.99226677227614,83.37055690681736,7.137011391567446
2023-12-16 09:00:00,0.989766277330597,0.4817656006932802,0.5200403073205412,1269.6208079343614,175.78397613813257,83.40881860212711,7.143934391298766
2023-12-16 10:00:00,1.0015767472595316,0.48361316842567026,0.5174701841076806,1280.8236047322196,172.66177920851555,83.36368388288639,7.14224197790532
2023-12-16 11:00:00,0.9798443539005248,0.48612791938269345,0.5154148190530244,1281.9390900294904,162.16827741462683,83.40187975138218,7.149761853832984
2023-12-16 12:00:00,0.9735932365382942,0.48856808360951737,0.5127532079537359,1286.8334699156815,156.76332165463467,83.3572774250859,7.1502439038871834
2023-12-16 13:00:00,0.9700591023289274,0.4911675316697087,0.5100186470999388,1288.0016716550658,148.18633629788815,83.39450061433035,7.156020645668451
2023-12-16 14:00:00,0.9475817102200639,0.4941031638108975,0.5074538249259045,1283.8886428860658,137.52928771267688,83.43228681495752,7.163867507362598
2023-12-16 15:00:00,0.9584742621076938,0.49668060129602914,0.5041340475896613,1287.6562093482476,134.23582537043205,83.38687099599845,7.162688432902955
2023-12-16 16:00:00,0.936021288239678,0.4998273853086183,0.5014276342352597,1281.244722501616,123.89637368354013,83.42498476700295,7.170964716263158
2023-12-16 17:00:00,0.9291557367989692,0.5027789197626978,0.49824965579547004,1278.8476769879576,119.02963153805432,83.38054785174832,7.17184630931446
2023-12-16 18:00:00,0.9248306554599892,0.5058068473725541,0.49509129108305644,1272.7700003584773,111.09872010763029,83.41817929032901,7.178222281127497
2023-12-16 19:00:00,0.901792203784509,0.5090838641856333,0.49219155109272983,1261.4758164667185,101.51436794494347,83.45675218574851,7.186643831161471
2023-12-16 20:00:00,0.9121892558972022,0.5119078743231134,0.488630714422526,1258.3321352844785,99.4189602882617,83.4121003227275,7.185637336686902
2023-12-16 21:00:00,0.8891901761393562,0.5152540306545712,0.4857408563559246,1245.0924772969863,90.52836377227744,83.45124087155143,7.194402915333236
2023-12-16 22:00:00,0.8820055199878927,0.518323886343985,0.4824529385810525,1236.06441815212,87.36209735197117,83.40795409390499,7.195399669571395
2023-12-16 23:00:00,0.877430174695463,0.5214224654671553,0.47922516453817393,1223.4591168846039,81.0994410975967,83.44689548785374,7.202083995257976
2023-12-17 00:00:00,0.8543368883042909,0.5247324469678719,0.47629334400657264,1205.7561861757367,73.47768768039235,83.48707735403319,7.210805368221288
2023-12-17 01:00:00,0.864592450586014,0.5275309821626836,0.4727663275719057,1196.6891416233807,73.22070333781433,83.44378913770326,7.209727167312481
2023-12-17 02:00:00,0.8415359915106826,0.5308338484625531,0.4699274967762052,1177.6197096973842,66.2729653489888,83.48464048007482,7.218735142923158
2023-12-17 03:00:00,0.8343467924582177,0.5338141967918925,0.4667412480880501,1163.1774559350347,65.07752908526302,83.44299236204861,7.21963924993461
2023-12-17 04:00:00,0.8298631247960778,0.5367918529500549,0.4636378798182915,1145.3703047605331,60.57874706663764,83.4836378309005,7.226424944887694
2023-12-17 05:00:00,0.8067987687374992,0.5399664636838598,0.46085765295700326,1122.7765720065743,54.798650360386695,83.52575331307654,7.235284082822494
2023-12-17 06:00:00,0.7874224454607407,0.5431190703106233,0.4578751477845299,1098.6892486347465,49.81061208817004,83.56833267098543,7.243581409195381
2023-12-17 07:00:00,0.7968583602626723,0.5458811439435017,0.45430686666309117,1082.9869968462233,51.726202892947796,83.52627863047461,7.2418317533732415
2023-12-17 08:00:00,0.7811800105215674,0.5491103043580398,0.4513077961469595,1059.5607582855196,47.2913169990443,83.56936508841542,7.2501718463615035
2023-12-17 09:00:00,0.7606894778166645,0.5522922825726029,0.44841054194401037,1033.770420046442,43.08536035019406,83.61259938806691,7.258569054791202
2023-12-17 10:00:00,0.7724896917561398,0.5548826320421705,0.4451206811349857,1018.3787336507232,45.445440238227846,83.5714962742348,7.256820586631544
2023-12-17 11:00:00,0.7499479297926542,0.5579217829340599,0.44252866665429225,992.3244582855614,41.21977687815215,83.61527205997463,7.265568961820367
2023-12-17 12:00:00,0.7567554385412634,0.5603582401868911,0.43948190945435395,974.7628354421067,43.757054560764125,83.57457934522411,7.263817177777582
2023-12-17 13:00:00,0.7396339883014957,0.5631727832141411,0.4370083914687791,949.5289492441273,39.878586985434886,83.61934174765368,7.272255627640387
2023-12-17 14:00:00,0.7182947596515706,0.5659148825171566,0.4346220395122848,922.1925684872542,36.24987293460804,83.66451034205153,7.280649799849411
2023-12-17 15:00:00,0.7294887362549505,0.5680458997894077,0.4318349187335575,905.7028168839843,39.00251658980066,83.62501084611988,7.2785523370743395
2023-12-17 16:00:00,0.7069070300736956,0.5706495233429867,0.42969003002816086,878.6320909413906,35.26912357932535,83.67087532818819,7.287127506255186
2023-12-17 17:00:00,0.7132892225373129,0.5726665005754141,0.427091898952396,860.5687163371426,38.17856687363843,83.63195906446532,7.284945317732971
2023-12-17 18:00:00,0.6959936933773803,0.5750734014988228,0.4250380867715005,834.942408808928,34.62209034770876,83.67875831750582,7.29318211377335
2023-12-17 19:00:00,0.6744716071258727,0.5774199444369135,0.42306184645117884,807.497956666922,31.355630961065653,83.72608988701597,7.301334354149149
2023-12-17 20:00:00,0.685390171218822,0.5791448142830613,0.42069082696819554,791.3111322431547,34.33489808651742,83.68840072248568,7.298719995224691
2023-12-17 21:00:00,0.6624612595767029,0.5813688128126666,0.4189463361966593,764.7054005454463,30.84315258245425,83.7364472120929,7.307046104072133
2023-12-17 22:00:00,0.6685567962200247,0.5829826622876791,0.4167613404952432,747.4432583222662,33.98173870110588,83.69951123437352,7.304313572218214
2023-12-17 23:00:00,0.6512551522576006,0.5849928881562373,0.41509753694953727,722.7022223386143,30.646908369557362,83.74850666994966,7.312179488915882
2023-12-18 00:00:00,0.6296381893691214,0.5869540359776159,0.4135103635009951,696.4072646239352,27.634129568114314,83.79813223908037,7.319946593288877
2023-12-18 01:00:00,0.6403561169080022,0.5882754735212855,0.4115433901621172,681.7018528946377,30.7599221047547,83.76239961707044,7.316715708817699
2023-12-18 02:00:00,0.6173948977588092,0.5901094855020688,0.4101871410187203,656.6583441674802,27.470019758153175,83.81276984076834,7.324617377326502
2023-12-18 03:00:00,0.6233128571837411,0.591321880206033,0.4084080699118959,641.3082223551684,30.78050466480957,83.77788611735852,7.321230857541527
2023-12-18 04:00:00,0.6060058506040772,0.5929322226180236,0.4071385857898491,618.4836316577043,27.579475164102764,83.82916768515445,7.328648682782666
2023-12-18 05:00:00,0.584351794257391,0.5944994217660287,0.4059478228080643,594.3151081926745,24.745291164599177,83.88113861556305,7.335935461502995
2023-12-18 06:00:00,0.5949837640540759,0.5954094817815198,0.4043907006933009,581.9802524888605,27.963298396883324,83.84742753587659,7.332038575064381
2023-12-18 07:00:00,0.5721420687287767,0.5968440809349427,0.40342912444889484,559.3343340048172,24.818803844735115,83.90014082568929,7.339429894566393
2023-12-18 08:00:00,0.5780011917710745,0.5976520321049112,0.40205849754831385,546.6064700003595,28.222940907703407,83.86736229812887,7.335398296650813
2023-12-18 09:00:00,0.5609512850349735,0.5988569276165154,0.4011835627676973,526.412587002536,25.142522964599667,83.9208861599717,7.3422553232621395
2023-12-18 10:00:00,0.5395197823348837,0.6000281239342702,0.40038613371647697,504.96744508011295,22.445676828935962,83.9751727549443,7.348997280786413
2023-12-18 11:00:00,0.5503512308721099,0.6005336993578025,0.3992282936624805,495.5167955139788,25.72546095854101,83.94345404022361,7.3444224086195415
2023-12-18 12:00:00,0.5278689056599397,0.601578897275265,0.3986497387396214,475.71211946854925,22.68912636866787,83.9984210399521,7.351264586715022
2023-12-18 13:00:00,0.7869001112260848,0.5954222659716377,0.39742885650773613,705.0648768216795,136.038442233319,82.53104748578319,7.238230944085871
2023-12-18 14:00:00,0.7880260621738978,0.5906930655294972,0.4039651621621164,724.7190104876564,135.4838858451022,82.58209980251951,7.234875574429668
2023-12-18 15:00:00,0.7908032484424165,0.5841178978148501,0.4118751999375314,739.8721845768208,132.7766843963571,82.63567193759724,7.231639302485523
2023-12-18 16:00:00,0.8268281313038639,0.5762511932668726,0.41990374814508635,763.0445952986805,136.07524963844764,82.60552402916916,7.219712133389521
2023-12-18 17:00:00,0.8270307668704032,0.5691082461959479,0.42822450810420326,774.3571946742185,131.27103912344737,82.65787914893735,7.2185462519037165
2023-12-18 18:00:00,0.8536120176060109,0.5620146455329835,0.4353858398310021,792.48436278176,132.6370330378713,82.62630723223438,7.208956881334555
2023-12-18 19:00:00,0.8539653662768679,0.5559240699203166,0.4424285545772887,801.771353523745,127.16764311331691,82.6766331543574,7.209450668683999
2023-12-18 20:00:00,0.8471988339742498,0.55073391988839,0.4485082954944756,807.8555301331302,120.89167441984863,82.72637978796654,7.2108339677724045
2023-12-18 21:00:00,0.8708087495556214,0.5456930188471676,0.45338529735772837,822.9025594428532,121.48699436609859,82.69131630758544,7.2037352138243484
2023-12-18 22:00:00,0.8580791297384515,0.5419416053285506,0.4580278452621824,826.5619743407772,114.59337408937212,82.73956856505656,7.206880666216695
2023-12-18 23:00:00,0.8732589980718566,0.5384151748033751,0.4613132917238563,837.4189403252351,114.38272274745707,82.70296010811833,7.201201681035333
2023-12-19 00:00:00,0.8632526018443109,0.5358597067625562,0.4645181232360442,839.6407532241719,107.65039680037258,82.75021184178902,7.205169874653662
2023-12-19 01:00:00,0.8478567659304354,0.5339568209088956,0.46701200506355267,838.8109503652789,100.53972884738415,82.79651492991017,7.2095687458552025
2023-12-19 02:00:00,0.8642749900710952,0.5320070915695987,0.468504471879765,847.1872597419865,100.4895242508266,82.75907435690904,7.205125702876803
2023-12-19 03:00:00,0.8454850552538824,0.5310456241795513,0.4700945338302398,844.255244391578,93.29450878974916,82.80480999932955,7.210590528150234
2023-12-19 04:00:00,0.8556953551885801,0.5300291426026522,0.47063176907047277,848.7390062145047,93.0075500676332,82.76639943755774,7.206868185027379
2023-12-19 05:00:00,0.8413733454187868,0.5297538688694028,0.4713501959542554,844.6891815279076,86.36246604157435,82.81233179039468,7.212661347145599
2023-12-19 06:00:00,0.822338407048233,0.5298559174419194,0.47166757719540875,837.7236162360309,79.64005139521636,82.857738623757,7.2186691154700435
2023-12-19 07:00:00,0.8358547048220087,0.5297092781151796,0.47119895646583027,840.2881505834121,79.98838193015048,82.81960673427793,7.215485721208922
2023-12-19 08:00:00,0.8144132840553494,0.5303403323790604,0.47107545090618674,831.614248561401,73.4371035124233,82.86497315531915,7.222212850272944
2023-12-19 09:00:00,0.8224736163310217,0.5307152314647648,0.47011660816757717,830.6844855342007,73.88015890649075,82.82640395621766,7.219401531169404
2023-12-19 10:00:00,0.8062945630063885,0.5316845348579727,0.46950332648001963,821.3583885375717,68.01655189567823,82.87247154558226,7.226179980793338
2023-12-19 11:00:00,0.7856219570999246,0.5328597245763665,0.46868326499315216,809.3308049978888,62.263783996527756,82.91833250690655,7.233049028474051
2023-12-19 12:00:00,0.7977394901632229,0.5336542507743757,0.4672163697744307,807.2333631094849,63.43250093688596,82.88057520615783,7.230410551228175
2023-12-19 13:00:00,0.7752582446589354,0.5351016306448919,0.4662292920450895,794.0454117541764,57.87442593514639,82.92670349356287,7.2377879891467725
2023-12-19 14:00:00,0.7823717411498683,0.5361656624290506,0.46454546383321377,788.9856814016266,59.25532446500959,82.88890631176442,7.235316103558607
2023-12-19 15:00:00,0.7653470068383946,0.5377420841431053,0.4632968135541013,775.7131512997995,54.30196709470584,82.93590276495848,7.242580694634364
2023-12-19 16:00:00,0.7439934741367532,0.5394218535949868,0.4619544094059545,760.0118999561015,49.54627855593931,82.9829506764901,7.24986090344493
2023-12-19 17:00:00,0.7555595301662467,0.5406342422108867,0.46005094856128814,754.6834297553241,51.496517629644345,82.94617039012977,7.247327984076277
2023-12-19 18:00:00,0.7326253010107467,0.5424336970600637,0.4587012164994916,738.4157074279497,46.80945639817659,82.9936305316655,7.254989544646109
2023-12-19 19:00:00,0.7393012054425991,0.5437693341405836,0.4567425478311261,730.7068815958647,48.959671265151016,82.95704733672399,7.252507551627689
2023-12-19 20:00:00,0.7220582798762425,0.5455663932389222,0.45526200117064836,714.9411091404404,44.727624580269385,83.0054482623315,7.259928113488594
2023-12-19 21:00:00,0.7005488912307748,0.5474101083485946,0.4537507756074125,697.0129496721477,40.741449744352494,83.05406858389915,7.267306212719002
2023-12-19 22:00:00,0.7119081754084728,0.5487308466216212,0.45173883620539834,689.9208113005772,43.23654967326625,83.0185476352261,7.264608672424848
2023-12-19 23:00:00,0.6888517736356975,0.5506027057466583,0.4503173655665739,671.9963874795252,39.16683864695758,83.06767860297951,7.272295182933391
2023-12-20 00:00:00,0.6953105917320761,0.5519585108134291,0.44834830547997084,663.0602211016754,41.831462121682286,83.03253357714433,7.269572126766157
2023-12-20 01:00:00,0.6779888338922431,0.5537472465535069,0.44688052593442357,646.2046152658554,38.05139495403756,83.08257697755376,7.276955919810887
2023-12-20 02:00:00,0.656324605078594,0.5555448030360893,0.44543007825775566,627.4464934462799,34.54622982339777,83.13296912694425,7.284264801809527
2023-12-20 03:00:00,0.6676098199533942,0.5567771433108024,0.44351034317312704,619.8452549637345,37.37348317993971,83.09893164526356,7.281226225194806
2023-12-20 04:00:00,0.6446706144252969,0.5585457257626955,0.44219449482541034,601.5416102827182,33.70162444904256,83.14988374975087,7.288758831332697
2023-12-20 05:00:00,0.6511022441796297,0.5597647969674476,0.4403711335206827,592.5549443331056,36.69104130885179,83.11634448546185,7.2856458684299765
2023-12-20 06:00:00,0.633902111235354,0.5614025627401095,0.43905518781736824,575.7314713670352,33.20425555967573,83.1681789128938,7.292821475489565
2023-12-20 07:00:00,0.6123366285797086,0.5630324500971574,0.4377808044528496,557.2170147060799,30.02795828949725,83.22045583000855,7.299898097979063
2023-12-20 08:00:00,0.6237551323693139,0.564065530691425,0.4360624700044441,550.1425026080001,33.06027549427861,83.18800206157536,7.296401267617522
2023-12-20 09:00:00,0.6008888449743531,0.5656356164599844,0.43495521101174467,532.4303983861062,29.631926389287763,83.24083804391097,7.303680621828304
2023-12-20 10:00:00,0.6074308983056902,0.5666278528400206,0.4333663147443223,524.2858823333767,32.830193514209434,83.20897627633391,7.300090527273734
2023-12-20 11:00:00,0.5905269410250907,0.568032794559477,0.4322812905431188,508.34275195404797,29.537347364268403,83.26265200259833,7.306948464604285
2023-12-20 12:00:00,0.8015153914323113,0.5647733170961687,0.42865711702199977,709.1151042712695,134.0017295057374,81.92280585708598,7.215525105673865
2023-12-20 13:00:00,0.8352852985753804,0.5617064906986983,0.43256981824281365,739.2874266132693,141.05394736152803,81.88075356954228,7.205734067251963
2023-12-20 14:00:00,0.8292628345944852,0.5566563182484384,0.4393772732294665,756.0693574735908,138.66899932414657,81.92864262275015,7.204951087890383
2023-12-20 15:00:00,0.8567510604015942,0.5501719929715174,0.44616566280379616,778.618615748173,141.6674183775608,81.8950536773411,7.195217020459918
2023-12-20 16:00:00,0.8896310979875875,0.5433854157220553,0.4531675331547971,801.617788398217,144.33553304780176,81.86061262964037,7.1864283367579755
2023-12-20 17:00:00,0.9120214895889632,0.5368427332165236,0.4602851272389458,823.1628529868609,145.73866937183018,81.82630072420541,7.179764806824437
2023-12-20 18:00:00,0.8974689035090441,0.5314258166740705,0.4672008489414695,832.4851920182458,139.07012463601305,81.87456111357893,7.183070737469346
2023-12-20 19:00:00,0.9051355683313711,0.5265239427995562,0.4724641388153935,846.8613861614921,137.9843685417055,81.83954082860406,7.178473299489121
2023-12-20 20:00:00,0.9040097108751909,0.5225808297977844,0.4770544520410441,854.8276037397463,131.8421971288102,81.88633157641,7.181399964948432
2023-12-20 21:00:00,0.8890052491400536,0.5197165714132641,0.4807342594399125,858.4177452583319,124.18318930203509,81.9325321106211,7.185780617762458
2023-12-20 22:00:00,0.906715522602156,0.5171074166368037,0.4829806782407149,870.507235667339,123.59343785693726,81.89569090836083,7.181431204884371
2023-12-20 23:00:00,0.8891069673581694,0.5156976622806768,0.48514258130453153,871.7327328547574,115.65800855947374,81.94136341301285,7.186906386945552
2023-12-21 00:00:00,0.8926009634764944,0.5145654002390688,0.486105027570745,878.5640839823865,113.75568276522047,81.90398687789245,7.184305768923748
2023-12-21 01:00:00,0.8867610277078823,0.5140879936167371,0.4868342672631133,879.2434809559763,107.00529920660529,81.94888451072963,7.189238356897509
2023-12-21 02:00:00,0.8675252430453205,0.514234533961469,0.4871936044857666,875.7129427350301,99.17395470863288,81.99348645121297,7.1954148891339305
2023-12-21 03:00:00,0.8814086135358016,0.5142465121371297,0.48657039159096305,881.0101704121975,98.57647172167466,81.95548192403145,7.192510893960672
2023-12-21 04:00:00,0.860424045388131,0.5150942738895586,0.4862743340381649,875.5037408776004,90.92536785142372,82.00003413194301,7.1994174470287655
2023-12-21 05:00:00,0.8610335295248475,0.5158657756000858,0.4851750192880671,875.9135370531374,89.55153729690463,81.96198152130104,7.197880766125581
2023-12-21 06:00:00,0.8526222019233456,0.5170369768778451,0.4841250521862567,870.3075430552527,83.38672135361834,82.0065589085059,7.203939535613392
2023-12-21 07:00:00,0.8311816822003507,0.5185565429249267,0.48301401311446124,860.7044642432152,76.43321275922096,82.05122477983738,7.211114785147052
2023-12-21 08:00:00,0.8433032104242119,0.5197339878257125,0.48113525876144375,860.2635490993333,76.70052811506504,82.01338251708776,7.208833079110343
2023-12-21 09:00:00,0.8207335998608174,0.5215728464217739,0.4797842076605427,849.1755874646235,70.09031335294424,82.05832199802313,7.216510946077637
2023-12-21 10:00:00,0.820068904578058,0.5231583499679899,0.4778172489627976,844.3391711437814,69.85028637943292,82.02083034546874,7.2153862976148195
2023-12-21 11:00:00,0.8105778657027018,0.5250253024880405,0.47602439883903885,833.6777438973149,64.75682208237981,82.06616829657908,7.222001915686947
2023-12-21 12:00:00,0.7882243969933179,0.5271147654229624,0.4743123849588842,819.2751736372708,59.03922115651929,82.11188937010411,7.22966592375665
2023-12-21 13:00:00,0.7995863634989887,0.528747405771226,0.47195102892793117,814.4881763203701,60.37870007214411,82.07495278848802,7.227526548403217
2023-12-21 14:00:00,0.7764479992202399,0.5309641163405353,0.4702013668964118,799.2291853164453,54.92276721045064,82.12111678733228,7.235550706764761
2023-12-21 15:00:00,0.7752949691390795,0.5328292793691104,0.4679419403602161,790.6475152500884,55.80153768623137,82.08482988882128,7.2344494556968675
2023-12-21 16:00:00,0.7654018540777563,0.5349180603811291,0.46591512918183675,776.4674721539471,51.69200768486548,82.13148172061402,7.2412682963945505
2023-12-21 17:00:00,0.7427260018620496,0.5371659822180898,0.4640420660450175,758.8411173336191,47.029383853778334,82.17875080025074,7.249100201861814
2023-12-21 18:00:00,0.7538209057656086,0.5388867481191489,0.4615894924005796,751.3034682638367,49.21635029071342,82.14308715836229,7.246801880365365
2023-12-21 19:00:00,0.7305469482254298,0.5411555978251325,0.45978507876943947,733.4570323306381,44.634438383827884,82.19089558251453,7.254899580867557
2023-12-21 20:00:00,0.7292411066074563,0.5430182183710869,0.457533555721478,722.7401403109791,46.3189494314444,82.15610913160837,7.253578367147563
2023-12-21 21:00:00,0.7192765446360142,0.5450707794243531,0.45554256712885033,706.6126331783657,42.881505058639874,82.20436825529126,7.260360262998408
2023-12-21 22:00:00,0.6965771817089966,0.5472501309281356,0.45374396390170413,687.324533967022,38.93576275089838,82.25343525767278,7.268135123862276
2023-12-21 23:00:00,0.7076199636421366,0.5488562306461534,0.45141111407387147,678.5521825432039,41.65933792281506,82.21925240760187,7.265486664323296
2023-12-22 00:00:00,0.6843685375279288,0.5509986031765656,0.4497389914363814,659.6184455059534,37.63495304094006,82.26890362454951,7.273466449534557
2023-12-22 01:00:00,0.6830137710544067,0.5526983619335655,0.4476630021803823,648.2111878653794,39.82161573347699,82.23579680679099,7.271768673364991
2023-12-22 02:00:00,0.673122363839044,0.5545649877024424,0.4458603153576003,631.5242141204616,36.790302725912426,82.28582119597668,7.27834147877063
2023-12-22 03:00:00,0.6505421826136071,0.55654352719194,0.4442690113228554,611.9178842022646,33.30003365992861,82.33682846937964,7.285893802277847
2023-12-22 04:00:00,0.6616217599330849,0.557918362382739,0.4421745140837025,603.189938733701,36.34193601687689,82.3042512493409,7.282766194511623
2023-12-22 05:00:00,0.6385042496411732,0.5598258942288513,0.4407429903152513,584.3941060472343,32.65819700002909,82.35586237518164,7.290490140428711
2023-12-22 06:00:00,0.6371646692687265,0.5612686836210093,0.4389373919702704,573.4581445890518,35.15502235564435,82.32452004748926,7.28830697238338
2023-12-22 07:00:00,0.6274757120746502,0.5628630207505402,0.4374078179283418,557.307644422315,32.362471913854044,82.3764102530005,7.294556883836599
2023-12-22 08:00:00,0.6050407114000906,0.5645674434185126,0.43610058186374573,538.4344453799348,29.153158186434965,82.4294094942539,7.301789217360418
2023-12-22 09:00:00,0.6161538431964841,0.5656436173584873,0.43431475343136733,530.6931531295608,32.3697546844824,82.39852821611595,7.298130604981168
2023-12-22 10:00:00,0.5934161241317489,0.5672539698110114,0.4331784090120841,512.9366886385686,28.917337814413763,82.45211911144582,7.305485683884907
2023-12-22 11:00:00,0.5922655341945336,0.5683911499802452,0.43168745980113177,503.2847081893104,31.61494853682191,82.42257410099549,7.302763841671923
2023-12-22 12:00:00,0.5829227882453407,0.569671527993083,0.4304697669533487,488.43067847715633,28.979530379648967,82.47634033250706,7.308606349946196
2023-12-22 13:00:00,0.560833282310779,0.5710680474608246,0.42947505127585384,470.97888929963494,25.969002877263215,82.5313179930325,7.315440956526782
2023-12-22 14:00:00,0.5722923301415036,0.5718202364083625,0.42801467617281114,464.8434790787844,29.31034877106856,82.50208476081569,7.311201208625056
2023-12-22 15:00:00,0.6014213470523166,0.5721025387255583,0.4266365140651029,469.6180861160633,37.23440543157897,82.3889368484161,7.298386431448929
2023-12-22 16:00:00,0.6161786147337861,0.5722855493125225,0.42607311850923696,472.9464907224942,41.77730992200739,82.2813454607473,7.290306524364488
2023-12-22 17:00:00,0.9513274498838578,0.5651651505945166,0.42326552831899816,788.2949078801977,200.35139613015122,80.34888482358787,7.157979451354503
2023-12-22 18:00:00,0.9734907510944245,0.5575466909911633,0.4339315196650833,835.1167920154343,213.30989006766967,80.30988289609854,7.148735900759816
2023-12-22 19:00:00,0.9900630594525068,0.5458680778436119,0.4479055708651065,877.5491923889682,222.95532006379355,80.28303846757238,7.138803617914655
2023-12-22 20:00:00,0.9877677077254877,0.5335889780524485,0.46250240703917034,907.8675100335996,223.64834695382407,80.33753589980537,7.137381852283914
2023-12-22 21:00:00,0.988295397223652,0.5222344108684261,0.475432214466216,933.8408771968836,222.3297735820182,80.39175344189015,7.1362549592928195
2023-12-22 22:00:00,0.9915707058215745,0.5125472822392313,0.4861737525700929,956.8372571237392,219.6762225645348,80.44472520349396,7.1355379572208895
2023-12-22 23:00:00,0.9946375143693643,0.5047430958394831,0.49473852632959275,977.3611142753205,215.92261124265696,80.496006140335,7.1354473542135874
2023-12-23 00:00:00,0.996384792907835,0.4987423947103437,0.5013087006667873,995.6590284372986,211.2324840953472,80.54553875773097,7.136027736062169
2023-12-23 01:00:00,0.9963929116806041,0.4943768948373651,0.5061094654081361,1011.8786165533313,205.73263646331594,80.59341449048549,7.13726617648226
2023-12-23 02:00:00,0.9946764171694391,0.4914029121822551,0.5094202241646674,1026.1264448079535,199.54551932232448,80.63918998284986,7.139090487773756
2023-12-23 03:00:00,0.9914032135481056,0.4895954878542561,0.5114857270910043,1038.4610923564271,192.76696116531272,80.68317656950342,7.141441846452962
2023-12-23 04:00:00,0.9867864950920262,0.4887413449278274,0.5125346204014197,1048.9262829213676,185.49162714777694,80.72561139713551,7.144258425471039
2023-12-23 05:00:00,0.9810320955898144,0.48867713124273054,0.5127407009831968,1057.5519175642162,177.8024168875003,80.76663326435322,7.147486552401914
2023-12-23 06:00:00,0.9742903665425204,0.4892884961655153,0.512225723452504,1064.3029541738176,169.76877651738792,80.80632928445594,7.151089589629535
2023-12-23 07:00:00,0.966795424947583,0.4904067813951984,0.5111698937259559,1069.325582933262,161.50380583536707,80.84492121931409,7.154997273442227
2023-12-23 08:00:00,0.9586168184785303,0.491976373275626,0.50963317047931,1072.52909496854,153.07266674905225,80.8824499500557,7.15919200897916
2023-12-23 09:00:00,0.9498885391426688,0.49389967455586414,0.5077203638193278,1074.0228954472148,144.56476455481092,80.919076375534,7.163628732294193
2023-12-23 10:00:00,0.9406836947339372,0.4961161372485219,0.5054969246493816,1073.8004557000359,136.06668640964062,80.95489458694047,7.16828055381359
2023-12-23 11:00:00,0.9310419570251092,0.49858857480993785,0.5030032094431898,1071.8186857656606,127.6520763278721,80.98996344426031,7.173130779935453
2023-12-23 12:00:00,0.9210485985576352,0.5012519016787123,0.5003089490049024,1068.2203800290429,119.4003977693316,81.02443350300642,7.178143430134054
2023-12-23 13:00:00,0.9107191040173114,0.5040822948494637,0.4974400237841226,1062.9323622085913,111.39212770101388,81.05834896751435,7.183306341824895
2023-12-23 14:00:00,0.9000966631843587,0.5070453659387848,0.4944330273719125,1056.0259078846545,103.68259142371896,81.0917986254521,7.188598362854256
2023-12-23 15:00:00,0.8892259676714888,0.5101067646830674,0.49132427863500366,1047.6036435462522,96.32366429136236,81.12488073220662,7.1939973444351795
2023-12-23 16:00:00,0.8781153825862519,0.5132513917307829,0.48812982547826184,1037.6129977131955,89.37834136509417,81.15763043140522,7.19949261582603
2023-12-23 17:00:00,0.8668115378918672,0.5164516518331489,0.48487834341796604,1026.2082733512586,82.86128053378118,81.19013637797711,7.205063797973061
2023-12-23 18:00:00,0.8553287053188029,0.5196928776187554,0.4815850915740316,1013.372167890201,76.81933788984925,81.22243660083058,7.210698318457713
2023-12-23 19:00:00,0.8436996718448079,0.5229600637427513,0.47826540680461976,999.2271090269516,71.23967304778132,81.2545809157069,7.216383077176242
2023-12-23 20:00:00,0.8319533857373002,0.5262370683552398,0.47493581465657336,983.8480099767024,66.12995463274967,81.28661756935578,7.222102733652331
2023-12-23 21:00:00,0.8201036310760845,0.5295150503308718,0.47160535222930533,967.2510040535474,61.49936728424848,81.31856754837882,7.22784704129216
2023-12-23 22:00:00,0.8081875507269274,0.5327814077588825,0.46828674006810483,949.616833978754,57.29672692799472,81.35047584641302,7.233602810623055
2023-12-23 23:00:00,0.7962193123253807,0.536026469512368,0.46498992378335674,930.9808140025852,53.51991125012178,81.38236423834717,7.239357362168021
2023-12-24 00:00:00,0.784218124234818,0.5392445167048449,0.4617206869999601,911.4687425135066,50.122691623986164,81.41425339689275,7.245102906341117
2023-12-24 01:00:00,0.7721996001974865,0.5424269079467016,0.4584879499678496,891.1870421706578,47.07076847702067,81.44616851723087,7.250827418449426
2023-12-24 02:00:00,0.7601682386530587,0.5455643011372818,0.4553014486817126,870.1418443154034,44.36826533948554,81.47812374415966,7.256516060955791
2023-12-24 03:00:00,0.7481395208682587,0.5486563446998146,0.4521614624971465,848.5483887663022,41.927447563549144,81.5101364730249,7.26216756257975
2023-12-24 04:00:00,0.7361138606606377,0.5516993874062297,0.4490719139445208,826.4942204917602,39.720872913669155,81.54222392536573,7.267775684195063
2023-12-24 05:00:00,0.7240857740873008,0.5546860093445948,0.4460407123179742,804.0556059049287,37.72969155776185,81.57440460004253,7.273327927471702
2023-12-24 06:00:00,0.7120528647236317,0.5576120442470262,0.4430721919527871,781.326273446511,35.926438375447226,81.60669479038428,7.278816647629703
2023-12-24 07:00:00,0.7000105536012247,0.5604683958568369,0.4401758278125352,758.3416368904366,34.310895331770126,81.63911266360708,7.284226380328089
2023-12-24 08:00:00,0.6879610334405419,0.5632593136938893,0.4373469998469638,735.2475766843985,32.82816973846329,81.67166461894571,7.289561893492785
2023-12-24 09:00:00,0.6758975640046355,0.5659800855001726,0.43459061341400423,712.1174022517913,31.466414611234956,81.70437117427338,7.294814749463006
2023-12-24 10:00:00,0.663811409045396,0.568621235088035,0.4319164293780551,689.0318800576341,30.217772533931335,81.73725588697164,7.299968787424363
2023-12-24 11:00:00,0.6517085501480109,0.5711922567400158,0.42931431957087646,666.0541710953175,29.05296254419374,81.7703123113634,7.30503694036683
2023-12-24 12:00:00,0.6395757012880086,0.5736757034035483,0.42680229207246473,643.2776476406915,27.978127243794347,81.80358451033074,7.309990945404577
2023-12-24 13:00:00,0.6274221783446404,0.5760794836345151,0.4243717607548869,620.7457814833149,26.97171648029954,81.83706242602037,7.314841107555957
2023-12-24 14:00:00,0.6152463060230352,0.5783958059991907,0.42203053210903235,598.5367492380727,26.0311677519985,81.87077382658677,7.31957379171166
2023-12-24 15:00:00,0.6030537251893129,0.5806225181503812,0.41978045718218265,576.7101756047362,25.14857561726032,81.90472901598022,7.324183743152591
2023-12-24 16:00:00,0.5908544804426444,0.5827688693165671,0.4176117940289492,555.2676939822815,24.312361062707197,81.93891334851044,7.328683401742671
2023-12-24 17:00:00,0.5786490553145498,0.584816642654368,0.4155429103235424,534.3373024995951,23.52720115229412,81.97337907702351,7.333042392625713
2023-12-24 18:00:00,0.5664549538027104,0.5867766062308443,0.41356237871202245,513.8990341406416,22.782124115785894,82.00810160603925,7.3372755484850325
2023-12-24 19:00:00,0.5542813504894208,0.588645920024881,0.4116728689625269,494.0026295570859,22.075208326164333,82.04309598913035,7.341376260373768
2023-12-24 20:00:00,0.542145527845944,0.5904163600880568,0.4098823045585769,474.7256260535665,21.405889124972937,82.07838621409682,7.345329324054279
2023-12-24 21:00:00,0.5300598350690239,0.5921031456515115,0.40817506989779206,455.9992639868662,20.765994693520344,82.11393472618668,7.349156917556728
2023-12-24 22:00:00,0.5180466292610129,0.5936891320102335,0.4065681442690799,437.96073404234085,20.159233027283783,82.1497936567637,7.352829084981704
2023-12-24 23:00:00,0.5061205875487512,0.5951872347668623,0.4050482479035216,420.54173064684466,19.579157588069908,82.18592623815485,7.3563646795268935
2023-12-25 00:00:00,0.4942933061149208,0.5966000263981057,0.4036127101799188,403.7445473494871,19.02394686974225,82.22232915097186,7.359765636443889
2023-12-25 01:00:00,0.48258878701831753,0.5979236906712053,0.4022651396940053,387.61592825573695,18.493314786185913,82.25901512029344,7.363023190164628
2023-12-25 02:00:00,0.47102690567157535,0.5991599241920762,0.40100363783861714,372.1585324776011,17.985683382426956,82.29598014658114,7.366137973853783
2023-12-25 03:00:00,0.45963307781464857,0.6003026633617036,0.3998340362104471,357.425527386016,17.501850782385176,82.33324154053828,7.369098086381649
2023-12-25 04:00:00,0.4484269904166758,0.6013607248850508,0.3987473054428855,343.3624257715304,17.038304713238265,82.37077171769405,7.371916154980869
2023-12-25 05:00:00,0.4374031779213019,0.6023450521546466,0.39773267022757575,329.89487298931647,16.592123655094365,82.40853862699333,7.374608957208613
2023-12-25 06:00:00,0.42659239457677156,0.60325136027543,0.3967943439082883,317.06941009844894,16.16396466389593,82.44655565576785,7.377166722258008
2023-12-25 07:00:00,0.4160096167450885,0.6040823165382059,0.3959296817614791,304.8733379869332,15.752897636373588,82.48481389453045,7.379592157841311
2023-12-25 08:00:00,0.40568811292437784,0.6048323172692875,0.39514414292299593,293.35684315468177,15.359899495361903,82.52332870711018,7.38187387170485
2023-12-25 09:00:00,0.395612814453573,0.605515746312756,0.3944235755470509,282.4061172490816,14.981420540616474,82.56205309195757,7.384035843521027
2023-12-25 10:00:00,0.3857858439293523,0.6061365800799001,0.3937641809144655,271.99639635131246,14.616685106882187,82.60097546892425,7.386083498428471
2023-12-25 11:00:00,0.37622939852949744,0.6066944452485407,0.3931664533611843,262.1383207856064,14.265779848299848,82.64009510803533,7.388014291911393
2023-12-25 12:00:00,0.36694928898712437,0.6071927090282492,0.39262720263247136,252.8087327872987,13.928014416942231,82.6793999516342,7.389832930970696
2023-12-25 13:00:00,0.35797838104067337,0.6076273716528122,0.39215044807932337,244.0453759225279,13.604246692218343,82.71889963726464,7.391530815924683
2023-12-25 14:00:00,0.3492944584859673,0.6080087062495175,0.39172623822435987,235.76172411559295,13.292277068027108,82.75855933967297,7.393126036621345
2023-12-25 15:00:00,0.3408724306379994,0.6083442689175711,0.3913472852207569,227.89564459495236,12.990643507201561,82.79835553987198,7.394631954561549
2023-12-25 16:00:00,0.33272730439575887,0.608634206204425,0.391013682593336,220.45311760346013,12.69958886552218,82.83828606258047,7.396047347054905
2023-12-25 17:00:00,0.3248627450160098,0.6088804938977594,0.39072368701230703,213.4212886498406,12.418877792396827,82.87834253105541,7.397374934825051
2023-12-25 18:00:00,0.31730712382869763,0.6090805122278895,0.3904800816074798,206.82706671300926,12.149237414260758,82.91852945317495,7.398608748421643
2023-12-25 19:00:00,0.31000309778911717,0.6092457928719227,0.3902715462990586,200.56656419815403,11.888183789726739,82.95881099091476,7.3997710828489485
2023-12-25 20:00:00,0.3029719025963745,0.6093751452777757,0.39009952492692535,194.65709121811722,11.636311858915334,82.9991880535508,7.400858413015534
2023-12-25 21:00:00,0.29621522207842166,0.6094703227863147,0.38996251305513313,189.08589128464052,11.393433765903659,83.03965173531408,7.401873558284104
2023-12-25 22:00:00,0.2896907457307875,0.6095381377245254,0.38985375567444197,183.7912675288848,11.158081108655779,83.08018258236368,7.402829965263577
2023-12-25 23:00:00,0.28344026024945246,0.6095751514213047,0.38977709539383276,178.8131716531346,10.931500552988407,83.1207847121522,7.403719403221269
2023-12-26 00:00:00,0.27740844431187794,0.6095889869727675,0.38972482786162727,174.07830200107952,10.711831983426329,83.16143708381612,7.40455766427846
2023-12-26 01:00:00,0.27160109892260265,0.6095800482736162,0.3896967491689054,169.58781474599903,10.499264075708744,83.20213604165312,7.405344840280299
2023-12-26 02:00:00,0.2660154262325173,0.6095498762127403,0.3896915012887549,165.3312921790968,10.293679809747491,83.24287401579315,7.40608351437187
2023-12-26 03:00:00,0.26064444648557883,0.6095001378618583,0.38970752068760073,161.2957482950039,10.09485106436646,83.28364415031355,7.406776752200814
2023-12-26 04:00:00,0.2554780732531187,0.6094324746600279,0.38974320192899603,157.4665572911483,9.902450747938767,83.3244404899195,7.40742783339219
2023-12-26 05:00:00,0.25050616493752703,0.6093490404003176,0.3897964984887776,153.82677458209486,9.71617889348959,83.36525405008904,7.408040798739648
2023-12-26 06:00:00,0.24572987322206258,0.6092504250244939,0.3898669435164773,150.374197241461,9.536095934777638,83.40608030294625,7.4086164574024655
2023-12-26 07:00:00,0.2411413729934216,0.609137983178783,0.3899532207111523,147.09715366915484,9.3619578207473,83.4469132293094,7.4091575324592265
2023-12-26 08:00:00,0.23670781678035702,0.6090149561239095,0.3900518530129418,143.9615003301263,9.192787793298125,83.48774645292441,7.40967122678168
2023-12-26 09:00:00,0.23243709025426912,0.6088813962335288,0.39016297588062643,140.9722995677822,9.028893328659949,83.52857539310367,7.410156964928016
2023-12-26 10:00:00,0.22831969333923757,0.6087386879113394,0.39028519205478485,138.1181202109343,8.870030527305996,83.56939431327957,7.410617443237062
2023-12-26 11:00:00,0.22434995237105523,0.6085876239145643,0.390417691354096,135.39236865214417,8.716054406535036,83.61019986696017,7.41105421268905
2023-12-26 12:00:00,0.22052083171001544,0.6084291594051606,0.39055948945168645,132.7869183706102,8.56678014972817,83.6509879160013,7.411469167415227
2023-12-26 13:00:00,0.21682410364336482,0.6082643823757765,0.3907094490573016,130.29259263234982,8.421997798284567,83.6917538057139,7.411864444295995
2023-12-26 14:00:00,0.21325604470235807,0.6080937583212571,0.3908670781569016,127.90539248074693,8.281611490592843,83.73249547938003,7.412240968277367
2023-12-26 15:00:00,0.20980740116301919,0.6079184236740737,0.3910311600589216,125.61551599951359,8.145382697219828,83.7732079175288,7.412600982534596
2023-12-26 16:00:00,0.20647372486456256,0.6077388969445997,0.39120112826785486,123.41846617197179,8.013197675782834,83.81388880323921,7.4129455069236885
2023-12-26 17:00:00,0.2032495120617212,0.6075558006073017,0.39137629637110066,121.30871205873204,7.884911045649571,83.85453527024343,7.413275778297859
2023-12-26 18:00:00,0.20012840159851464,0.607369838433375,0.391555876173674,119.28001205822862,7.760356350554597,83.89514409319439,7.4135931783863604
2023-12-26 19:00:00,0.19710755361878865,0.6071813085062403,0.3917395289591796,117.32965083937067,7.639457295992918,83.93571385147169,7.413898300597434
2023-12-26 20:00:00,0.1941799513556418,0.6069909355027086,0.39192641992135313,115.45097140100754,7.522023387244482,83.97624107718983,7.414192572064262
2023-12-26 21:00:00,0.19134226516107952,0.6067990458620122,0.3921161644183759,113.64091682199577,7.407963248926591,84.01672416981656,7.414476634880356
2023-12-26 22:00:00,0.1885903882360311,0.6066060297133132,0.39230829761842684,111.89572677655926,7.297160151995524,84.0571611506422,7.414751264095352
2023-12-26 23:00:00,0.1859195979116297,0.6064123249357168,0.392502289440932,110.21114873912639,7.189479859214584,84.09754978961146,7.415017319710219
2023-12-27 00:00:00,0.1833277972420191,0.6062181149977675,0.39269791392537734,108.58532967664904,7.08486079652864,84.13788910429115,7.41527516929973
2023-12-27 01:00:00,0.18080981221206158,0.6060238439719999,0.39289461640814305,107.01371648028105,6.9831488835597835,84.1781766936263,7.415525691568495
2023-12-27 02:00:00,0.1783631967385591,0.6058297090145716,0.3930921445167302,105.49420856493332,6.884269921137021,84.21841144641658,7.415769279469095
2023-12-27 03:00:00,0.1759851092926598,0.605635931430737,0.39329021154887234,104.02436397441704,6.788134712749983,84.25859206541315,7.416006380462561
2023-12-27 04:00:00,0.17367233332143947,0.6054427539209686,0.39348849801159086,102.6014424548415,6.694641379471605,84.29871710121503,7.416237484348777
2023-12-27 05:00:00,0.1714222718999535,0.6052503614014784,0.3936867555975581,101.22326846391522,6.603706250952661,84.33878540039814,7.416462967660802
2023-12-27 06:00:00,0.16923175038316024,0.6050589662539761,0.39388469260444753,99.88721893610173,6.515224806062001,84.37879557603112,7.416683265782902
2023-12-27 07:00:00,0.16709896313436615,0.6048686809985365,0.3940821507888353,98.59181970184105,6.429136116673427,84.41874684684315,7.416898615614059
2023-12-27 08:00:00,0.16502168456266603,0.6046796378981486,0.3942789406763806,97.33524912817813,6.345362585884769,84.45863824698357,7.417109301889949
2023-12-27 09:00:00,0.16299734896451945,0.6044919819844751,0.3944748504526951,96.11542700270714,6.263814416063113,84.49846868350988,7.4173156389203605
2023-12-27 10:00:00,0.16102481367026616,0.6043057717532799,0.3946697921537522,94.93143828375734,6.184450427492586,84.53823767222003,7.4175177612211005
2023-12-27 11:00:00,0.15910124501097042,0.6041211461490897,0.39486355285741925,93.7810161642661,6.107167221114207,84.57794402790341,7.4177159880265195
2023-12-27 12:00:00,0.1572252926737953,0.6039381633458226,0.39505603961659735,92.66309802716755,6.0319146996900574,84.617587197964,7.4179104624635475
2023-12-27 13:00:00,0.15539528302640274,0.6037568904305042,0.39524714230318875,91.57636645493787,5.958629063432852,84.65716649740632,7.418101356589454
2023-12-27 14:00:00,0.1536096992047886,0.603577384768997,0.39543676453419363,90.51963103569472,5.887252211416645,84.69668131262374,7.418288822405647
2023-12-27 15:00:00,0.15186681695412965,0.6033997030488044,0.3956248063067653,89.49155399741377,5.817716889258586,84.73613096016669,7.418473022356684
2023-12-27 16:00:00,0.1501649127834348,0.6032238931916055,0.3958111776631025,88.49081448854126,5.749955174541376,84.77551477629947,7.418654108641237
2023-12-27 17:00:00,0.14850294782452067,0.603049979229745,0.3959958300200106,87.51662369424675,5.68392539598347,84.81483236628151,7.418832169225931
2023-12-27 18:00:00,0.1468796336273111,0.6028779872492368,0.39617870695154234,86.5680004124344,5.619574602548631,84.85408324211382,7.419007310105071
2023-12-27 19:00:00,0.14529319807054264,0.6027079450742149,0.39635974066721813,85.64361015691938,5.556829987544532,84.89326676004153,7.419179667745465
2023-12-27 20:00:00,0.14374352083905803,0.6025398550842855,0.3965389257893753,84.74335988532927,5.495686385147759,84.93238286880475,7.41934925473394
2023-12-27 21:00:00,0.14222863176589132,0.6023737363568876,0.39671620064131063,83.8657743584467,5.436060470110613,84.97143086797321,7.419516213519788
2023-12-27 22:00:00,0.14074747796711135,0.6022095914690708,0.39689154195607496,83.01007964877918,5.377907784072639,85.01041040789053,7.419680614884489
2023-12-27 23:00:00,0.13929952581023794,0.6020474216372645,0.39706493741928556,82.17587671802512,5.321204596824148,85.04932129696562,7.419842496964505
2023-12-28 00:00:00,0.1378831199088288,0.6018872221090161,0.39723636099845266,81.3619541004099,5.265879555324393,85.08816300455565,7.420001964513882
2023-12-28 01:00:00,0.13649816602956727,0.6017289930021953,0.397405810545088,80.56824130877479,5.211928420987439,85.12693549354702,7.420159025968486
2023-12-28 02:00:00,0.13514308502245248,0.6015727202225308,0.39757327295320144,79.79359189549113,5.159281615981515,85.16563827694335,7.420313775824745
2023-12-28 03:00:00,0.13381702842215873,0.6014183904707573,0.3977387487714557,79.03739990223697,5.107901917112654,85.20427111641791,7.420466262342364
2023-12-28 04:00:00,0.1325196150105528,0.6012659981597894,0.3979022372024061,78.29938817509132,5.057771716328045,85.24283389087816,7.420616508991912
2023-12-28 05:00:00,0.1312494972488215,0.6011155162289524,0.3980637463436386,77.57859688684906,5.008830960756497,85.28132623979151,7.420764589054532
2023-12-28 06:00:00,0.1300064409674899,0.6009669394610374,0.3982232782335438,76.8748604409736,4.9610690934984065,85.31974809787457,7.420910516482226
2023-12-28 07:00:00,0.12878926255520615,0.6008202370763288,0.39838084899609394,76.18734458262531,4.914432618962376,85.35809917100946,7.42105435292868
2023-12-28 08:00:00,0.12759726086278494,0.6006753867771949,0.3985364736876532,75.5155617305013,4.868890005732046,85.39637930600497,7.421196134074333
2023-12-28 09:00:00,0.12643008116030968,0.6005323775372997,0.39869015922566564,74.8592628340493,4.824424685672786,85.4345884138313,7.421335879024605
2023-12-28 10:00:00,0.12528660975493827,0.6003911693139745,0.3988419353081025,74.21767615898833,4.780986052069923,85.4727262728058,7.421473642540313
2023-12-28 11:00:00,0.12416678439148778,0.6002517601555668,0.39899180312031945,73.59075812261013,4.738571169944963,85.51079286410244,7.421609429206998
2023-12-28 12:00:00,0.12306952972173982,0.6001141066410319,0.39913979749873574,72.97776973463264,4.697130687067222,85.54878799389166,7.421743290897072
2023-12-28 13:00:00,0.12199425955709833,0.5999781819657315,0.3992859417187805,72.37831293238361,4.6566379164838105,85.58671157845119,7.421875256101039
2023-12-28 14:00:00,0.12094074363762419,0.5998439762187678,0.3994302438719771,71.79223011207593,4.61708195276941,85.62456357094885,7.422005336896904
2023-12-28 15:00:00,0.11990807758321817,0.5997114455476278,0.39957274291163236,71.21890822105821,4.578421307105287,85.66234385871917,7.422133576472558
2023-12-28 16:00:00,0.11889594029791885,0.5995805734703865,0.39971345395345736,70.65813234945196,4.540641205695397,85.70005240341298,7.42225999086243
2023-12-28 17:00:00,0.1179035960006989,0.599451320798114,0.39985241342054967,70.10940972978932,4.503707834299272,85.73768913744473,7.422384615286483
2023-12-28 18:00:00,0.11693054727589741,0.5993236590426407,0.39998964870210063,69.57241072516648,4.467598443758227,85.77525403176072,7.42250747396712
2023-12-28 19:00:00,0.11597654251418599,0.5991975741280894,0.4001251730420426,69.04696822712931,4.432301247839048,85.81274706181715,7.422628579706014
2023-12-28 20:00:00,0.1150407871695597,0.5990730181560855,0.40025903312461775,68.53255682662503,4.397779767388614,85.85016820461131,7.422747970868296
2023-12-28 21:00:00,0.11412323722631636,0.5989499886786088,0.4003912312296599,68.02914750618281,4.364031930940273,85.88751745279463,7.422865650667988
2023-12-28 22:00:00,0.11322311956460607,0.598828436892836,0.4005218156920715,67.53623340230881,4.33102216290733,85.92479480357233,7.42298165678796
2023-12-28 23:00:00,0.11234001004742561,0.5987083343222984,0.40065081532638175,67.05353855556555,4.298731096380398,85.96200027593035,7.423096010895767
2023-12-29 00:00:00,0.11147369340888037,0.5985896669079169,0.4007782441735917,66.58092348970739,4.267148744616023,85.99913386959994,7.423208724378475
2023-12-29 01:00:00,0.11062348870595867,0.5984723873909866,0.40090415044831174,66.11794718766483,4.236243980952821,86.03619563565373,7.4233198318415505
2023-12-29 02:00:00,0.10978935828714102,0.5983564933357957,0.401028536568802,65.6645855084014,4.206015054602398,86.07318557095876,7.423429336156283
2023-12-29 03:00:00,0.10897065238108952,0.5982419382293969,0.40115145041441114,65.22042106855089,4.176432254505575,86.11010374240243,7.423537270877688
2023-12-29 04:00:00,0.10816712675287474,0.5981287040415507,0.4012729106668763,64.78529768864897,4.147484437198776,86.14695018160363,7.4236436495449505
2023-12-29 05:00:00,0.10737830773039912,0.5980167552554204,0.4013929543299503,64.35891341762023,4.119150051660868,86.18372496307015,7.423748497729328
2023-12-29 06:00:00,0.10660376129855362,0.5979060582692102,0.4015116167512788,63.94099333467844,4.0914094252666136,86.22042817385362,7.4238518394785675
2023-12-29 07:00:00,0.10584345491352501,0.5977966107446587,0.40162890034469273,63.531517149609485,4.064261063905064,86.2570598139116,7.42395367740433
2023-12-29 08:00:00,0.10509681510955049,0.5976883675880902,0.4017448526287954,63.130123012568745,4.0376789596184475,86.2936200118414,7.424054043329581
2023-12-29 09:00:00,0.10436352626932498,0.5975813030243825,0.4018595009980512,62.73661248390025,4.011648875554305,86.33010885803776,7.424152955891157
2023-12-29 10:00:00,0.10364342780038183,0.5974754043194703,0.4019728589082406,62.35088579880614,3.986163547197642,86.36652638904293,7.424250424791102
2023-12-29 11:00:00,0.10293601106434214,0.5973706292414435,0.40208497137390936,61.97262465585791,3.961200078698257,86.40287276967425,7.4243464800565775
2023-12-29 12:00:00,0.10224124799251944,0.5972669755932198,0.4021958407130776,61.601811888047905,3.9367572046925625,86.4391480033341,7.424441124121901
2023-12-29 13:00:00,0.10155864068915521,0.5971644014336347,0.40230551179456037,61.238138478211276,3.912812589309111,86.47535226912835,7.4245343869727805
2023-12-29 14:00:00,0.10088803077781765,0.5970628931745899,0.40241399919064097,60.88150653139834,3.889359151195798,86.51148562852426,7.424626278993221
2023-12-29 15:00:00,0.10022904384207049,0.5969624184489288,0.40252133768485154,60.53168491831249,3.866380176161581,86.54754824150275,7.42471682381625
2023-12-29 16:00:00,0.09958135616360503,0.5968629486766824,0.4026275581350489,60.188474503101205,3.8438612461236223,86.58354026330508,7.424806042577173
2023-12-29 17:00:00,0.09894494324891895,0.5967644818282343,0.40273266271833025,59.851860643403185,3.8218012740580027,86.6194616994214,7.424893937540575
2023-12-29 18:00:00,0.09831937143967769,0.5966669793927569,0.4028366930286155,59.52157791665654,3.800181015732468,86.65531277068881,7.424980537046033
2023-12-29 19:00:00,0.09770440161851623,0.5965704195785226,0.4029396726902125,59.1974799805311,3.7789898802027913,86.69109361729384,7.425065857755144
2023-12-29 20:00:00,0.09709991183620965,0.5964747916072998,0.4030416133621809,58.879493586110044,3.7582225136562,86.7268043016142,7.4251499082901
2023-12-29 21:00:00,0.09650551579019663,0.5963800599907644,0.4031425535572793,58.567383383199974,3.737861874262921,86.7624450679355,7.425232715562405
2023-12-29 22:00:00,0.09592119217423967,0.5962862228727406,0.4032424952844734,58.26113683195413,3.7179070350600236,86.79801592429448,7.42531428170839
2023-12-29 23:00:00,0.09534656183856548,0.5961932452394592,0.40334147661014025,57.96052483054239,3.6983413667959555,86.83351712674786,7.425394633635147
2023-12-30 00:00:00,0.09478141558932053,0.5961011073412165,0.4034395190579371,57.66542076702894,3.679155693276514,86.86894883410277,7.425473787147154
2023-12-30 01:00:00,0.09422564663838569,0.5960097994031386,0.40353663326955014,57.37576139310463,3.6603453962680956,86.90431111851042,7.425551750406436
2023-12-30 02:00:00,0.09367891673711054,0.595919289321873,0.4036328542521959,57.09134287466553,3.641895710051845,86.9396042541593,7.425628548950728
2023-12-30 03:00:00,0.09314120938619352,0.5958295756246448,0.40372818361177926,56.81215571753032,3.6238059307743358,86.97482824881044,7.4257041846224086
2023-12-30 04:00:00,0.0926122154770318,0.5957406289646475,0.40382265338719514,56.53801531539464,3.606062668307983,87.00998336522959,7.425778681138919
2023-12-30 05:00:00,0.09209175860549491,0.5956524323575233,0.40391628213445807,56.268816134952246,3.5886582800290934,87.04506976540351,7.425852052779254
2023-12-30 06:00:00,0.09157965005470059,0.5955649676615008,0.4040090897042688,56.00444601615832,3.5715846225656427,87.08008762741815,7.425924314863556
2023-12-30 07:00:00,0.09107565539954524,0.5954782120748744,0.4041011010608929,55.74476518320111,3.5548315682336824,87.115037189039,7.425995486732303
2023-12-30 08:00:00,0.09057975823423514,0.5953921640821105,0.4041923178654552,55.48976428123943,3.538398426992245,87.14991846126792,7.426065570267281
2023-12-30 09:00:00,0.09009166647472457,0.5953067953057017,0.40428277120243794,55.23927036783201,3.5222726838732807,87.18473175247225,7.426134589654036
2023-12-30 10:00:00,0.08961121874014444,0.5952220898147665,0.4043724785409827,54.993187495734226,3.5064474018229728,87.2194772495793,7.426202559097777
2023-12-30 11:00:00,0.08913833248661222,0.5951380397135123,0.4044614485452218,54.751467903758204,3.490919116551526,87.25415503950991,7.426269485910116
2023-12-30 12:00:00,0.08867274625444492,0.5950546191739279,0.4045497095463665,54.51395682797738,3.475676656063305,87.28876544079,7.426335393049191
2023-12-30 13:00:00,0.08821444562802526,0.5949718268372398,0.40463726303844333,54.28064614754049,3.4607194256157663,87.3233084659407,7.426400282293329
2023-12-30 14:00:00,0.08776320209819466,0.594889640245722,0.40472413368312066,54.05140193701141,3.446037759176321,87.35778440190951,7.426464173963051
2023-12-30 15:00:00,0.08731885795884195,0.5948080437271972,0.40481033868842553,53.82613140977023,3.4316249713738314,87.3921934625492,7.42652708274689
2023-12-30 16:00:00,0.08688128242591187,0.5947270243443863,0.4048958922819858,53.60475814634713,3.4174755423240977,87.42653582709168,7.426589020972353
2023-12-30 17:00:00,0.08645028932335777,0.5946465635222516,0.40498081489069815,53.38717280741164,3.4035815932325253,87.46081176681459,7.426650006344339
2023-12-30 18:00:00,0.08602586591815801,0.594566660047596,0.4050651078529984,53.17336830339978,3.389942606643816,87.49502129499115,7.4267100405275475
2023-12-30 19:00:00,0.08560778483807187,0.5944872913390037,0.4051487960173543,52.963212098199286,3.37654906058802,87.52916475411365,7.426769145207139
2023-12-30 20:00:00,0.08519592030193826,0.5944084447605883,0.405231893294216,52.756630407112006,3.363395654260975,87.56324234896721,7.426827333101842
2023-12-30 21:00:00,0.0847902078747904,0.594330114040205,0.40531440660125884,52.55358661620522,3.350479759327515,87.59725417605897,7.4268846107418325
2023-12-30 22:00:00,0.08439044343330425,0.5942522787261113,0.40539635846121513,52.35396151022543,3.3377928333210702,87.63120058190974,7.426940998683539
2023-12-30 23:00:00,0.08399661572786121,0.5941749377385762,0.40547775006797565,52.15774888954375,3.3253344274508256,87.66508158084937,7.426996498498031
2023-12-31 00:00:00,0.08360852340487764,0.59409807103414,0.40555860352117656,51.964832141263166,3.3130961972405095,87.69889752712487,7.427051130697898
2023-12-31 01:00:00,0.08322605502942482,0.5940216674111444,0.40563893117414895,51.77514623436698,3.301073488703742,87.73264863135675,7.4271049072969735
2023-12-31 02:00:00,0.0828491534819013,0.5939457213049527,0.40571873917783813,51.58865894575532,3.2892640020631077,87.76633499329532,7.427157834457327
2023-12-31 03:00:00,0.08247766148004748,0.5938702169636739,0.40579804490701693,51.40527889266998,3.277661221886462,87.79995692023739,7.427209929087933
2023-12-31 04:00:00,0.08211152080255399,0.5937951486595021,0.40587685469696433,51.22497291249273,3.26626277859577,87.83351452264863,7.42726119768643
2023-12-31 05:00:00,0.08175057752617229,0.5937205010478607,0.4059551854892599,51.04765203149584,3.2550623419463043,87.86700811739006,7.427311657137732
2023-12-31 06:00:00,0.08139473253049398,0.5936462642274969,0.40603304823001823,50.87325873377221,3.2440558079566815,87.90043791834402,7.427361318759419
2023-12-31 07:00:00,0.08104393506510864,0.593572433274103,0.40611044837496785,50.70176456442381,3.2332411596506265,87.9338040274706,7.42741018835483
2023-12-31 08:00:00,0.08069802429217482,0.5934989921768539,0.4061874036243693,50.53307648842194,3.222611799785371,87.96710680697934,7.427458284253053
2023-12-31 09:00:00,0.08035699135349522,0.59342594008738,0.40626391492092256,50.36718970785511,3.2121673862400617,88.00034627235202,7.427505607838435
2023-12-31 10:00:00,0.080020677289084,0.593353261336649,0.4063399996132891,50.204013073987134,3.2019014699022894,88.03352279240734,7.427552177389258
2023-12-31 11:00:00,0.07968899401512854,0.5932809471885327,0.4064156673747709,50.04349560389688,3.1918104398988656,88.06663658487692,7.427598003598291
2023-12-31 12:00:00,0.07936189633139036,0.5932089932962495,0.40649092303351214,49.88561210293231,3.18189252308013,88.09968775361028,7.4276430919390295
2023-12-31 13:00:00,0.07903924095531457,0.5931373855455706,0.4065657822287097,49.73028001210927,3.172141896195076,88.13267666492737,7.427687459698632
2023-12-31 14:00:00,0.07872102000119394,0.5930661231871337,0.40664024579519986,49.577495090192556,3.1625582589212566,88.1656033346454,7.427731108174366
2023-12-31 15:00:00,0.07840709176128367,0.5929951924157764,0.4067143290547062,49.42717638843166,3.153135918621504,88.19846813527049,7.4277740545983315
2023-12-31 16:00:00,0.0780973776593243,0.592924585543232,0.4067880405408178,49.27927856567172,3.1438716825633968,88.23127128614256,7.427816309046063
2023-12-31 17:00:00,0.0777918373561399,0.5928542987409211,0.4068613845178737,49.13377924304434,3.134763987509477,88.26401289215943,7.4278578766698615
2023-12-31 18:00:00,0.07749034293667861,0.5927843195944126,0.40693437477705374,48.990604945152135,3.1258076827511467,88.2966933218026,7.4278987737609405
2023-12-31 19:00:00,0.07719288736463692,0.5927146474432111,0.4070070120563269,48.8497519115747,3.1170025042104434,88.32931259113717,7.427939001534356
2023-12-31 20:00:00,0.07689934402634527,0.5926452701520414,0.4070793098613975,48.711148046643856,3.1083434152598057,88.36187107441448,7.4279785762246515
2023-12-31 21:00:00,0.07660964266792604,0.5925761809701687,0.40715127570627596,48.57475291320143,3.0998275860675006,88.39436899150259,7.428017507319538
2023-12-31 22:00:00,0.07632374720909224,0.5925073765330445,0.40722291335025124,48.44054657646834,3.091453635021782,88.426806447795,7.428055799665929
2023-12-31 23:00:00,0.07604154319772909,0.5924388459462585,0.40729423493200967,48.30846346304694,3.0832169951746997,88.45918381221001,7.428093468606562
2024-01-01 00:00:00,0.07576302434211475,0.592370588628898,0.40736524110271227,48.17850022918351,3.075117433734964,88.491501100963,7.428130515278824
2024-01-01 01:00:00,0.07548807726492462,0.5923025939380001,0.40743594374501674,48.05059248639035,3.067150483440952,88.52375868836607,7.428166954968086
2024-01-01 02:00:00,0.07521663901489055,0.592234855959763,0.40750634946277403,47.92470407325824,3.059313629984901,88.5559567938932,7.4282027966031
2024-01-01 03:00:00,0.0749486810254641,0.5921673720940944,0.40757646117258267,47.80081933934065,3.051605798504765,88.58809550929746,7.428238044221401
2024-01-01 04:00:00,0.07468412029330687,0.5921001346322778,0.40764628749266857,47.67889107053418,3.044023730573037,88.62017512773109,7.428272709479167
2024-01-01 05:00:00,0.07442289956606521,0.5920331382982553,0.40771583432946074,47.55888677156927,3.03656517844231,88.65219585518173,7.42830680059485
2024-01-01 06:00:00,0.07416494547345096,0.5919663763650611,0.4077851092185379,47.440764682871816,3.0292272563423337,88.68415796423879,7.428340328123678
2024-01-01 07:00:00,0.07391020142233815,0.5918998436657502,0.40785411795408083,47.32449236415305,3.022007721231126,88.71606167232002,7.428373300442416
2024-01-01 08:00:00,0.07365863837166027,0.5918335376197408,0.40792286344143075,47.210053861340775,3.0149054868501866,88.74790708427025,7.428405721826941
2024-01-01 09:00:00,0.0734101640764966,0.5917674498974973,0.4079913550314721,47.097396527594555,3.0079169408613,88.7796945656986,7.4284376058637305
2024-01-01 10:00:00,0.07316477347017222,0.59170158005273,0.4080595932285867,46.986517697215945,3.0010419014102925,88.81142413290225,7.428468953547992
2024-01-01 11:00:00,0.07292237502825953,0.5916359199592977,0.4081275871784151,46.877365606108,2.994276830223031,88.8430961562043,7.428499778409964
2024-01-01 12:00:00,0.0726829178721014,0.5915704651128516,0.4081953419520127,46.769911111195476,2.9876197284236103,88.87471085203346,7.428530088345216
2024-01-01 13:00:00,0.0724463758513226,0.5915052132623567,0.40826286009577295,46.66413989177465,2.9810696278931768,88.90626832468344,7.428559887375123
2024-01-01 14:00:00,0.0722126905619732,0.5914401592977465,0.4083301473706835,46.5600188215303,2.9746242748574367,88.93776882436461,7.428589184499769
2024-01-01 15:00:00,0.07198180728996688,0.5913752984921152,0.408397209116296,46.45751699743377,2.968281565236663,88.9692125905498,7.428617988217098
2024-01-01 16:00:00,0.07175366921744708,0.5913106259625874,0.40846405085088033,46.35660212579541,2.9620392976605547,89.00059987960755,7.4286463074722535
2024-01-01 17:00:00,0.07152823042517702,0.5912461377948425,0.4085306770049254,46.25724792817156,2.9558956790408812,89.0319309046381,7.428674149660867
2024-01-01 18:00:00,0.07130546734404347,0.5911818320300425,0.4085970898055879,46.15944150708611,2.949849845794642,89.06320576871273,7.428701518551202
2024-01-01 19:00:00,0.07108530502001854,0.591117702367474,0.40866329639578836,46.06314016657582,2.9438989098356685,89.09442482975626,7.428728426149559
2024-01-01 20:00:00,0.07086773934223747,0.5910537484675596,0.40872929716321726,45.968341758788156,2.9380427273758265,89.12558810387749,7.428754873324006
2024-01-01 21:00:00,0.07065269584116309,0.5909899641933589,0.4087950990867457,45.875004248866055,2.93227846729327,89.15669595317766,7.42878087202517
2024-01-01 22:00:00,0.07044013306522695,0.5909263461529554,0.4088607060260735,45.783103917189365,2.92660452502229,89.18774858876102,7.428806429220898
2024-01-01 23:00:00,0.07023002970465102,0.5908628926477913,0.4089261199244594,45.692629130155055,2.9210201271881275,89.21874611261335,7.428831548452176
2024-01-02 00:00:00,0.07002231800422573,0.5907995982236,0.4089913470018372,45.60354130213135,2.915522678877402,89.24968887755229,7.428856240996894
2024-01-02 01:00:00,0.06981699425398535,0.5907364625853491,0.4090563875969346,45.51583849770954,2.9101120514078365,89.28057689949776,7.428880507664285
2024-01-02 02:00:00,0.06961399110436182,0.5906734804253563,0.4091212477831214,45.429482702183094,2.9047857017232595,89.31141053523919,7.428904359676267
2024-01-02 03:00:00,0.06941327114478134,0.5906106488237857,0.4091859309047415,45.34445250425746,2.899542190819978,89.3421899919246,7.428927803554238
2024-01-02 04:00:00,0.06921481733712621,0.590547966484518,0.4092504384551926,45.26073867375887,2.8943809125263678,89.37291535719395,7.428950842236203
2024-01-02 05:00:00,0.06901856830191895,0.5904854287000921,0.4093147758394103,45.17830631157051,2.8892995375283697,89.40358697723644,7.428973486297416
2024-01-02 06:00:00,0.06882451328498737,0.5904230346563689,0.4093789439955357,45.09714942340753,2.8842976655448833,89.43420491084797,7.428995737754476
2024-01-02 07:00:00,0.06863259634076552,0.5903607801614709,0.40944294775447376,45.017236388511165,2.879373194622213,89.46476948050967,7.429017606300333
2024-01-02 08:00:00,0.06844278343462266,0.5902986626974629,0.40950679002256984,44.93854771869388,2.8745248240656625,89.49528089021317,7.429039098066657
2024-01-02 09:00:00,0.06825505707835315,0.5902366810003082,0.40957047226730353,44.86107387240971,2.869751930268828,89.52573923875468,7.429060216164191
2024-01-02 10:00:00,0.0680693615757195,0.5901748310300983,0.4096339991651806,44.784783117323315,2.865052410035918,89.55614486705306,7.429080970532979
2024-01-02 11:00:00,0.06788569388163665,0.5901131125665482,0.40969737097294695,44.70967387090112,2.8604261601651846,89.58649779059323,7.429101361876668
2024-01-02 12:00:00,0.06770399856504446,0.5900515216878741,0.4097605922498186,44.63571483403509,2.855871117608433,89.61679835384959,7.4291214000816455
2024-01-02 13:00:00,0.06752424470753514,0.589990056239041,0.4098236655051241,44.56288829073776,2.851386108217047,89.64704675711553,7.4291410909052775
2024-01-02 14:00:00,0.06734642003300241,0.5899287153835888,0.40988659172001124,44.491187653632004,2.846970707709817,89.67724307279667,7.429160436603376
2024-01-02 15:00:00,0.067170475695924,0.5898674957813633,0.4099493747953641,44.420585176363225,2.842623092381419,89.70738762205812,7.429179446153315
2024-01-02 16:00:00,0.06699639408053111,0.5898063962538629,0.41001201611387206,44.3510709385349,2.8383426092985835,89.73748052003484,7.429198122899599
2024-01-02 17:00:00,0.06682413428979554,0.5897454140832068,0.41007451886410085,44.28262173712316,2.8341277355369163,89.76752204281925,7.429216474445353
2024-01-02 18:00:00,0.06665366816840558,0.5896845474351653,0.41013688520472313,44.21522142193926,2.82997740658165,89.79751238605779,7.4292345061766785
2024-01-02 19:00:00,0.06648498125927056,0.5896237953861564,0.41019911622934263,44.14886209860894,2.8258911150323005,89.82745164475142,7.42925222081937
2024-01-02 20:00:00,0.06631802744602383,0.5895631550019533,0.41026121540425153,44.08351745160881,2.8218671417836276,89.85734014623371,7.429269627119822
2024-01-02 21:00:00,0.06615280421091371,0.589502626120924,0.41032318292166553,44.019186175497744,2.8179054033601956,89.88717790545174,7.429286725689066
2024-01-02 22:00:00,0.06598926560343774,0.5894422059041263,0.4103850221539059,43.95584228636857,2.8140042116413824,89.916965252941,7.429303525221881
2024-01-02 23:00:00,0.06582738596473833,0.5893818927999301,0.41044673494894135,43.89347104994551,2.8101626030452946,89.94670238061585,7.429320030778061
2024-01-03 00:00:00,0.06566715210925465,0.5893216860259755,0.4105083222449689,43.83206526764523,2.806380118015678,89.97638938158862,7.429336244912456
2024-01-03 01:00:00,0.0655085219772201,0.5892615831049367,0.4105697870059658,43.77160090656289,2.802655195165971,90.00602657594115,7.429352175823353
2024-01-03 02:00:00,0.06535149327630971,0.5892015838994397,0.410631129397231,43.71207677726777,2.7989877589297056,90.03561397830559,7.429367824078605
2024-01-03 03:00:00,0.0651960249992894,0.5891416860687014,0.4106923522368084,43.653469657057066,2.795376310124879,90.0651519046017,7.429383197648571
2024-01-03 04:00:00,0.0650421014694348,0.5890818887379031,0.410753456582554,43.595770702465245,2.7918202798412124,90.09464047700045,7.429398299702702
2024-01-03 05:00:00,0.06488969205803047,0.5890221902202726,0.41081444447711557,43.538962519168976,2.7883185452563484,90.12407993923442,7.429413136325306
2024-01-03 06:00:00,0.06473876830919029,0.5889625889898418,0.410875317776475,43.48302877605659,2.784870047562273,90.15347052406658,7.429427713253446
2024-01-03 07:00:00,0.0645893281457061,0.5889030849303457,0.4109360766220013,43.427968384523815,2.7814747178229395,90.18281224564598,7.42944203100723
2024-01-03 08:00:00,0.06444133325685576,0.588843676043249,0.41099672345957694,43.373759602441595,2.7781311637829957,90.21210541944293,7.4294560972170585
2024-01-03 09:00:00,0.06429476219994376,0.58878436124511,0.4110572596220639,43.32039008401981,2.7748385889603178,90.24135022856723,7.429469916323249
2024-01-03 10:00:00,0.06414960396398954,0.5887251399872762,0.41111768578929453,43.267853804847924,2.771596614796915,90.270546761946,7.429483490560839
2024-01-03 11:00:00,0.06400582338346222,0.5886660105484544,0.41117800409195693,43.216130608369944,2.768403948858212,90.29969532469454,7.429496827124973
2024-01-03 12:00:00,0.06386341854663749,0.5886069728316026,0.4112382146505736,43.16521950145051,2.7652605291523082,90.32879593080258,7.429509926504712
2024-01-03 13:00:00,0.06372235437660656,0.5885480251840817,0.41129831952832696,43.11510055046702,2.7621650856061177,90.35784888818584,7.429522795846315
2024-01-03 14:00:00,0.06358261955119812,0.5884891670876702,0.41135831937639766,43.06576734593442,2.7591172111977644,90.38685429686511,7.4295354375620475
2024-01-03 15:00:00,0.06344418710641189,0.5884303973283216,0.4114182157240193,43.01720453647244,2.7561159283425583,90.41581240084425,7.42954785724223
2024-01-03 16:00:00,0.06330703344078518,0.588371714881965,0.41147800987002603,42.96939851873738,2.7531603656043604,90.44472341903447,7.429560059862675
2024-01-03 17:00:00,0.06317115681792308,0.5883131196678668,0.4115377019162577,42.92234838040076,2.7502504661152942,90.47358736493892,7.429572045872268
2024-01-03 18:00:00,0.06303652509606468,0.5882546103360123,0.4115972935896193,42.87603580644311,2.747385071677646,90.5024045386093,7.429583821954487
2024-01-03 19:00:00,0.06290312026059354,0.5881961861630887,0.4116567858237844,42.83045038177239,2.744563518258786,90.53117511404133,7.4295953919982844
2024-01-03 20:00:00,0.06277093306642978,0.5881378467805625,0.41171617909796265,42.78558702954573,2.74178549126547,90.55989917581832,7.42960675795374
2024-01-03 21:00:00,0.06263993395052841,0.5880795910482073,0.41177547489778815,42.74142873093447,2.7390499123979613,90.58857701375524,7.429617926121878
2024-01-03 22:00:00,0.06251012131032983,0.5880214189001447,0.4118346733089135,42.697974650763435,2.736356730351559,90.61720864117095,7.429628896922997
2024-01-03 23:00:00,0.06238146563436223,0.5879633292513631,0.41189377576294856,42.655207943298784,2.7337048847639043,90.645794350452,7.429639676612197
2024-01-04 00:00:00,0.06225395039067108,0.5879053215249864,0.41195278302969557,42.61311901965416,2.731093766981468,90.67433431095593,7.429650268821004
2024-01-04 01:00:00,0.06212756709960038,0.5878473954257903,0.4120116955058344,42.571703208107316,2.728523089100306,90.70282860506147,7.429660675369394
2024-01-04 02:00:00,0.06200228860543566,0.5877895500499198,0.4120705144127307,42.53094483422147,2.72599186310297,90.73127751491421,7.429670902149338
2024-01-04 03:00:00,0.061878113618095434,0.5877317853497757,0.41212923981401717,42.490843233145874,2.723500048497127,90.75968105155141,7.429680949509828
2024-01-04 04:00:00,0.06175501692588596,0.5876741005282787,0.41218787280351044,42.451384015081004,2.7210467467362043,90.78803947867081,7.429690822879069
2024-01-04 05:00:00,0.06163298394646961,0.5876164951459821,0.41224641399173945,42.41255880015754,2.7186314314837223,90.81635295207995,7.42970052549077
2024-01-04 06:00:00,0.06151199897389313,0.5875589687464514,0.4123048640193623,42.374358575739514,2.7162535379194064,90.84462164085332,7.429710060795127
2024-01-04 07:00:00,0.06139204227420681,0.5875015207835961,0.41236322366307254,42.336771893878584,2.7139123463415697,90.87284576258843,7.429719433163522
2024-01-04 08:00:00,0.061273112506639915,0.5874441512152024,0.4124214929814704,42.29979804595865,2.7116078136743758,90.90102532981528,7.429728642952475
2024-01-04 09:00:00,0.06115518472156011,0.5873868593872911,0.4124796729222315,42.263422706669985,2.7093390496105485,90.9291606193322,7.4297376956224115
2024-01-04 10:00:00,0.06103824491336686,0.587329644961699,0.4125377639875543,42.227637714053564,2.7071055421074,90.95725179144381,7.429746594343852
2024-01-04 11:00:00,0.06092228590596494,0.5872725077629023,0.412595766439119,42.19243909478552,2.7049070496014336,90.98529892417147,7.429755340699231
2024-01-04 12:00:00,0.06080728468913953,0.5872154472710102,0.4126536810665208,42.15781349695275,2.702742739806811,91.01330228443597,7.429763939831723
2024-01-04 13:00:00,0.060693240020522184,0.5871584634537211,0.41271150791745576,42.123760268698724,2.70061257355339,91.04126188453172,7.429772392074319
2024-01-04 14:00:00,0.06058013152450342,0.5871015558815293,0.412769247661786,42.09026772116961,2.698515829068125,91.0691779616126,7.429780701938634
2024-01-04 15:00:00,0.06046794491823457,0.5870447242763122,0.412826900745513,42.05732760319553,2.696451993972791,91.09705068646352,7.4297888726654335
2024-01-04 16:00:00,0.060356668311643,0.586987968419242,0.41288446752700647,42.02493304902373,2.6944206421544448,91.12488020148339,7.429796906942987
2024-01-04 17:00:00,0.0602462845837513,0.5869312880190111,0.4129419484977743,41.993074066602105,2.692421151825741,91.1526667167036,7.4298048086600925
2024-01-04 18:00:00,0.0601367925976779,0.5868746830515567,0.4129993436958313,41.961750052618356,2.6904534868340675,91.18041024398698,7.429812578122779
2024-01-04 19:00:00,0.06002817116038971,0.5868181531855743,0.4130566537021562,41.930948763365734,2.6885168940638793,91.20811104488945,7.42982022008603
2024-01-04 20:00:00,0.05992040836238524,0.5867616982606381,0.4131138788167507,41.900663215347244,2.6866109396188267,91.2357692707927,7.429827737308936
2024-01-04 21:00:00,0.05981349810808328,0.5867053181905708,0.413171019199005,41.87089001129141,2.684735419282972,91.26338499542052,7.429835131163183
2024-01-04 22:00:00,0.059707420818572755,0.5866490127408337,0.41322807531311856,41.8416177195712,2.682889627352626,91.29095847079392,7.429842406126585
2024-01-04 23:00:00,0.059602175441183285,0.5865927818947364,0.4132850471888012,41.81284578370187,2.681073530827584,91.31848970853052,7.42984956248142
2024-01-05 00:00:00,0.05949774241055933,0.5865366254488468,0.41334193525990115,41.78456286682728,2.679286434641194,91.34597896278055,7.42985660466374
2024-01-05 01:00:00,0.0593941107348607,0.5864805433126966,0.4133987397454918,41.75676249764866,2.67752793804053,91.37342638052647,7.429863535243051
2024-01-05 02:00:00,0.05929127479271858,0.5864245354353212,0.4134554607638965,41.72944152909696,2.675797852602497,91.40083203337753,7.429870355494063
2024-01-05 03:00:00,0.05918921889016211,0.5863686017065635,0.41351209860929805,41.702590776338326,2.6740956141584618,91.42819613321791,7.429877069046235
2024-01-05 04:00:00,0.059087937203863496,0.5863127420886871,0.4135686533886763,41.6762069078902,2.6724210201551233,91.45551875684355,7.429883677244522
2024-01-05 05:00:00,0.058987414127262064,0.5862569565019061,0.41362512536504725,41.65028082007141,2.6707735136560693,91.48280011880045,7.429890183689001
2024-01-05 06:00:00,0.058887639509127704,0.5862012449150047,0.41368151468820963,41.624806505800606,2.669152723333443,91.51004036143435,7.429896590763436
2024-01-05 07:00:00,0.05878860816511275,0.5861456073068364,0.41373782144123233,41.599781045085344,2.6675584752097,91.53723955420242,7.429902899649344
2024-01-05 08:00:00,0.05869030337622699,0.5860900436500005,0.4137940458475872,41.57519460464503,2.665990167729214,91.56439793471162,7.42990911423291
2024-01-05 09:00:00,0.05859272424410984,0.5860345539393651,0.4138501879235542,41.551046707078115,2.664447772952199,91.59151551392877,7.429915234754391
2024-01-05 10:00:00,0.05849585405240838,0.5859791381718864,0.41390624786902463,41.52732759488128,2.662930698046067,91.61859253144434,7.429921265059466
2024-01-05 11:00:00,0.05839968339964391,0.5859237963665581,0.4139622257750254,41.50403169335287,2.661438600691188,91.64562912574921,7.429927207374687
2024-01-05 12:00:00,0.05830420748462697,0.5858685285276843,0.41401812169473,41.481156292807974,2.6599713202378985,91.67262536434744,7.429933062798984
2024-01-05 13:00:00,0.05820941083712835,0.5858133347074074,0.41407393575732554,41.45869226005988,2.658528299805186,91.6995814778245,7.429938834948046
2024-01-05 14:00:00,0.05811529262821749,0.5857582149050558,0.4141296679737308,41.43663915213812,2.6571095135590372,91.72649747681491,7.429944524042293
2024-01-05 15:00:00,0.058021837390729136,0.5857031691940692,0.4141853184524746,41.41498790298635,2.655714412701963,91.75337359383384,7.429950133658018
2024-01-05 16:00:00,0.05792903642028038,0.5856481976349545,0.41424088723487673,41.39373333089468,2.6543426802270997,91.78020996326347,7.429955665864004
2024-01-05 17:00:00,0.05783688527566603,0.5855933002530329,0.4142963743487132,41.372872917712264,2.6529941674723703,91.80700665061728,7.429961121679195
2024-01-05 18:00:00,0.05774536962932432,0.5855384771663523,0.4143517798438586,41.35239817179896,2.6516683586232936,91.83376387962673,7.42996650446489
2024-01-05 19:00:00,0.05765448871444469,0.5854837283780073,0.41440710372669454,41.33230868171195,2.650365229806658,91.86048166060975,7.429971814423786
2024-01-05 20:00:00,0.057564228206228564,0.5854290540245783,0.4144623460290994,41.312596015872245,2.649084272602239,91.88716021916893,7.429977054877652
2024-01-05 21:00:00,0.05747458003756598,0.5853744542006479,0.4145175067508814,41.29325535341918,2.647825193165955,91.91379968566854,7.429982227748502
2024-01-05 22:00:00,0.05738554009604464,0.5853199289488432,0.41457258589854096,41.274284351988406,2.6465878537968464,91.94040012367458,7.4299873339797164
2024-01-05 23:00:00,0.05729709510273824,0.5852654784409941,0.41462758345587003,41.25567510936727,2.6453717762516358,91.96696175022427,7.429992376692872
2024-01-06 00:00:00,0.0572092443474387,0.5852111026833242,0.41468249942542607,41.23742724303167,2.6441769384466625,91.99348457532557,7.429997356074086
2024-01-06 01:00:00,0.057121974551892794,0.5851568018637038,0.4147373337754687,41.21953290458992,2.643002868884295,92.01996881783215,7.430002275206622
2024-01-06 02:00:00,0.057035278235521895,0.5851025761041347,0.4147920864715185,41.201987605104705,2.6418492949154615,92.04641460418804,7.430007135872723
2024-01-06 03:00:00,0.05694915204418609,0.585048425453173,0.41484675750509975,41.18478943473637,2.640716105216103,92.07282198825621,7.430011938839309
2024-01-06 04:00:00,0.05686358603344998,0.5849943500788458,0.4149013468253916,41.1679325028994,2.6396029467526967,92.09919113831911,7.43001668643867
2024-01-06 05:00:00,0.056778573302292044,0.5849403501054622,0.4149558543892905,41.15141271904904,2.6385095734718687,92.12552217197775,7.430021380292682
2024-01-06 06:00:00,0.05669410495093242,0.5848864257010585,0.4150102801327967,41.13522476852326,2.637435665051411,92.15181524400987,7.430026022487338
2024-01-06 07:00:00,0.056610174053138,0.5848325770088802,0.41506462399342,41.11936446439421,2.6363809676756524,92.17807047671191,7.4300306146645125
2024-01-06 08:00:00,0.056526777084754544,0.5847788040964151,0.41511888594554786,41.10382977324334,2.6353453628802614,92.20428792981765,7.430035157628679
2024-01-06 09:00:00,0.05644390260324424,0.5847251072123864,0.4151730658749616,41.08861383421332,2.634328438991865,92.23046780748975,7.430039654065482
2024-01-06 10:00:00,0.05636154999733919,0.5846714863676422,0.4152271637784077,41.073716315794435,2.63333017712683,92.25661011914593,7.430044104130372
2024-01-06 11:00:00,0.056279707827043356,0.584617941822459,0.4152811795303497,41.05913040144698,2.6323501710070465,92.28271507065983,7.430048510471774
2024-01-06 12:00:00,0.05619836964263846,0.5845644737368758,0.41533511304632775,41.044852190129745,2.631388185338931,92.30878278093401,7.430052874618458
2024-01-06 13:00:00,0.05611753216573592,0.5845110821870333,0.4153889642892826,41.030879787146546,2.6304441100667404,92.33481330797252,7.430057197314787
2024-01-06 14:00:00,0.05603718795224862,0.5844577673610187,0.4154427331588428,41.01720874102486,2.629517680151998,92.3608067888878,7.4300614803023395
2024-01-06 15:00:00,0.05595732997624139,0.5844045294411843,0.4154964195556032,41.00383486282838,2.628608645985172,92.38676335447853,7.430065725212075
2024-01-06 16:00:00,0.05587795089665767,0.5843513686267604,0.4155500233661955,40.990753728592566,2.627716742399291,92.41268314394907,7.430069933757001
2024-01-06 17:00:00,0.055799044742731584,0.5842982850891477,0.4156035444887468,40.97796169408869,2.626841749720503,92.43856627224142,7.430074107338948
2024-01-06 18:00:00,0.055720608482420754,0.5842452789104239,0.41565698287707276,40.96545698985602,2.6259835655473904,92.46441279552184,7.430078246641265
2024-01-06 19:00:00,0.05564263223714955,0.5841923503823552,0.4157103383556718,40.953233642394935,2.625141833649003,92.49022290575253,7.430082353962724
2024-01-06 20:00:00,0.05556511548078269,0.5841394995185725,0.4157636109174422,40.94129136348429,2.624316537747613,92.51599661178267,7.430086429432125
2024-01-06 21:00:00,0.05548804833796801,0.5840867266186385,0.41581680037919266,40.92962421558777,2.623507326138064,92.54173410719743,7.430090475312825
2024-01-06 22:00:00,0.055411425238146364,0.5840340318622178,0.4158699066265727,40.918228798923685,2.622713994967557,92.56743550377499,7.430094492907828
2024-01-06 23:00:00,0.055335243356544384,0.5839814153357453,0.4159229296067287,40.90710346250462,2.6219364489683277,92.59310085605664,7.430098482847867
2024-01-07 00:00:00,0.0552594935119892,0.583928877342223,0.41597586912460127,40.89624262770808,2.621174355915592,92.618730350151,7.430102447254528
2024-01-07 01:00:00,0.05518417521733557,0.5838764178960942,0.4160287251717487,40.88564602547553,2.620427700615318,92.64432399462459,7.430106386244687
2024-01-07 02:00:00,0.055109279298490244,0.5838240373064288,0.41608149754701623,40.87530810883136,2.61969615511808,92.66988197717583,7.430110301903707
2024-01-07 03:00:00,0.05503480058732013,0.5837717357567055,0.41613418612759734,40.86522571017844,2.618979529896919,92.69540440583708,7.430114195430604
2024-01-07 04:00:00,0.0549607367742732,0.5837195133241455,0.4161867908637059,40.855397480321926,2.6182777478902066,92.72089132682284,7.430118067332168
2024-01-07 05:00:00,0.054887079316527775,0.5836673703164647,0.416239311548326,40.845818219293015,2.6175905006254094,92.74634292014296,7.430121919562501
2024-01-07 06:00:00,0.054813826727754124,0.5836153067873152,0.4162917481453877,40.83648703513704,2.616917735514659,92.77175921640584,7.430125752462736
2024-01-07 07:00:00,0.05474097118504004,0.5835633230242683,0.4163441004591813,40.82739916645012,2.6162591713322576,92.79714038283824,7.430129567796105
2024-01-07 08:00:00,0.05466850786731905,0.5835114192125396,0.4163963683610961,40.81855164182418,2.6156146307390093,92.82248652443494,7.430133366667831
2024-01-07 09:00:00,0.05459643433625063,0.5834595954417892,0.4164485517903863,40.80994301845686,2.6149840309610033,92.847797692456,7.430137149607648
2024-01-07 10:00:00,0.05452474264207767,0.5834078520214976,0.4165006505312334,40.80156841999458,2.614367083227564,92.87307406185829,7.4301409184152645
2024-01-07 11:00:00,0.05445343236480936,0.583356188966909,0.41655266457355244,40.79342761149663,2.613763774378048,92.8983156406878,7.43014467318572
2024-01-07 12:00:00,0.0543824955601679,0.5833046065907173,0.41660459369827957,40.78551574259685,2.6131738192455627,92.92352260541637,7.430148415684676
2024-01-07 13:00:00,0.05431192773411966,0.5832531050768635,0.41665643777440553,40.77783003423192,2.612597052455642,92.94869505791735,7.430152146929449
2024-01-07 14:00:00,0.05424172715169963,0.583201684493161,0.4167081967547026,40.77036946679924,2.612033416469608,92.97383303536789,7.430155867285367
2024-01-07 15:00:00,0.05417188666739077,0.5831503451315294,0.41675987043192464,40.76312966457171,2.611482653587102,92.99893670096536,7.430159578345995
2024-01-07 16:00:00,0.054102403714051,0.583099087099788,0.4168114587284653,40.7561090541175,2.6109446711520174,93.02400611303283,7.430163280676948
2024-01-07 17:00:00,0.054033272276866266,0.583047910648864,0.41686296146418567,40.74930393470324,2.610419251156694,93.04904141139447,7.430166975603951
2024-01-07 18:00:00,0.05396448818346206,0.5829968159587449,0.41691437850802254,40.742711703059335,2.60990623881205,93.07404269460723,7.430170664052681
2024-01-07 19:00:00,0.05389604932902641,0.5829458031169076,0.4169657097973333,40.73633109524894,2.6094055619965797,93.09901001083227,7.430174346464288
2024-01-07 20:00:00,0.05382794881153111,0.5828948724223209,0.4170169551148505,40.73015783945969,2.60891696913739,93.12394352456651,7.430178024355694
2024-01-07 21:00:00,0.053760186267019706,0.5828440238901215,0.4170681144499267,40.724191730062685,2.608440448811599,93.14884324336836,7.430181697803586
2024-01-07 22:00:00,0.05369275480216511,0.5827932578199831,0.41711918758438393,40.71842851678692,2.607975752454996,93.17370933318226,7.430185368291534
2024-01-07 23:00:00,0.05362565051281398,0.5827425743866029,0.4171701743897171,40.7128657636017,2.6075227358159285,93.19854188978657,7.430189036673816
2024-01-08 00:00:00,0.05355887143361879,0.5826919736749819,0.4172210748042289,40.70750228758255,2.6070813315580876,93.22334095993497,7.430192703352802
2024-01-08 01:00:00,0.053492411135973396,0.5826414559736844,0.4172718886154323,40.70233408817798,2.6066513043606894,93.24810670313656,7.430196369715417
2024-01-08 02:00:00,0.05342626928001701,0.5825910212975285,0.4173226158127203,40.69736097285297,2.6062326435295318,93.2728391267092,7.430200035831626
2024-01-08 03:00:00,0.05336043958769972,0.582540669928289,0.41737325618849536,40.69257904804432,2.605825121734406,93.29753838799331,7.4302037030253665
2024-01-08 04:00:00,0.0532949196367364,0.5824904019760909,0.4174238096616002,40.687986823202046,2.6054286522750516,93.32220454758658,7.430207371807474
2024-01-08 05:00:00,0.0532297046791847,0.5824402176570037,0.41747427607227783,40.683581352185406,2.6050430627646657,93.34683772636244,7.430211043177452
2024-01-08 06:00:00,0.053164790281700326,0.5823901171757373,0.4175246552679718,40.67935984461297,2.604668188512226,93.3714380394559,7.430214718067771
2024-01-08 07:00:00,0.05310017613785961,0.582340100546415,0.4175749472381345,40.67532211949008,2.604304019391276,93.39600549388554,7.4302183965378745
2024-01-08 08:00:00,0.053035856267460935,0.5822901680432089,0.4176251517793434,40.67146444383759,2.6039503381023765,93.42054024567979,7.430222079821004
2024-01-08 09:00:00,0.052971827269361366,0.5822403198249431,0.41767526877334066,40.66778467836695,2.603607018642549,93.44504238495236,7.430225768628068
2024-01-08 10:00:00,0.052908087437079275,0.5821905559690516,0.4177252981629817,40.664281784107075,2.6032740021953034,93.469511955689,7.430229463290279
2024-01-08 11:00:00,0.0528446311748181,0.5821408767360501,0.4177752397543713,40.66095224665662,2.602951083005907,93.49394910793256,7.430233164961632
2024-01-08 12:00:00,0.08727454711719736,0.5814054147084409,0.4173901909488837,57.842591589161806,10.530003198695194,93.33105828590737,7.41387418244424
2024-01-08 13:00:00,0.12103818999130103,0.5806435305239298,0.41718102920477695,73.45364725493188,15.739424177035273,93.25435993632664,7.40188226678742
2024-01-08 14:00:00,0.38423539767337306,0.5742325152437548,0.41624140360792056,324.74426626343177,123.64464945094721,91.350677307067,7.295617213429845
2024-01-08 15:00:00,0.39661888888356006,0.5706005101278396,0.42130445523531096,351.01902831833735,123.27869114870006,91.36563825116633,7.290214813589671
2024-01-08 16:00:00,0.4433849297696023,0.5648393546265448,0.427323558827251,383.69347839933204,128.39916085786194,91.29082033582583,7.275518852832838
2024-01-08 17:00:00,0.4598388583780972,0.5586678504283022,0.43477597763553294,404.8668273347027,125.79968159879814,91.30934462507071,7.271063761051194
2024-01-08 18:00:00,0.48841375667758763,0.5519294857553506,0.4422245303105844,429.7409399182995,127.21105497730912,91.23855941122676,7.260579910923258
2024-01-08 19:00:00,0.5127849942711361,0.5449585804546576,0.45007682441893765,449.5154862247933,125.14897293001998,91.25404532841293,7.256170770312375
2024-01-08 20:00:00,0.5168772483443592,0.5385576351079936,0.4578233115458836,464.062988926305,120.41170983918092,91.27301629977295,7.255047952818721
2024-01-08 21:00:00,0.5487552898832888,0.5319423157006138,0.46471796232612267,486.67420990323126,122.29592382601447,91.19884996974665,7.24577919583431
2024-01-08 22:00:00,0.5474779776699764,0.5262434300917004,0.4716935559930134,498.9447486132885,117.06731283610269,91.21747694138004,7.246456549973003
2024-01-08 23:00:00,0.5592908221201867,0.5208928079492264,0.4776204880398438,515.7625014273758,116.45886535179864,91.14601744614443,7.240818655225432
2024-01-09 00:00:00,0.5682290781900231,0.5159875212520307,0.48316447583668404,528.1459338676822,112.64517769401746,91.16187787489572,7.240778874654776
2024-01-09 01:00:00,0.5589750958370303,0.5119574665780809,0.488215641505934,535.769893240003,106.54010173678655,91.18094380469232,7.243419351981445
2024-01-09 02:00:00,0.5797805278680813,0.5079413077161039,0.4921165939069086,551.8649972688931,107.29904792996051,91.10691300693765,7.237508716756018
2024-01-09 03:00:00,0.5690196898116328,0.5048982745416075,0.4960271393762958,557.9548645926279,101.18214519063265,91.12622282884212,7.241048665121711
2024-01-09 04:00:00,0.5731693613138662,0.5021336154275051,0.4989540850460463,568.8839461085025,99.95060569850926,91.05546883845486,7.237851831169217
2024-01-09 05:00:00,0.5754772254470703,0.4997954904916436,0.5015347619071334,575.609009149883,95.574775832486,91.0726680138986,7.240038717351829
2024-01-09 06:00:00,0.5607511941991858,0.498153599348143,0.5038339947212909,577.7853024215067,89.17269367518655,91.09298449988847,7.2445851068338305
2024-01-09 07:00:00,0.5771335655239531,0.49640254613960805,0.5051284432040745,588.7153568040651,89.74757092422554,91.02064612181097,7.2402711408367475
2024-01-09 08:00:00,0.5624485352453192,0.4954723089773612,0.506631235299387,589.7783493697365,83.59179992198318,91.04156465731498,7.245296878312904
2024-01-09 09:00:00,0.5635020466217759,0.4946228873939683,0.5073782540899111,595.9322024132548,82.51592249903825,90.97267215956016,7.243279488486029
2024-01-09 10:00:00,0.5629716888980331,0.4940880617615934,0.5079293044892846,598.034458164283,78.2942120791809,90.99191350024304,7.246624948936255
2024-01-09 11:00:00,0.5459616432263353,0.49405727082761086,0.5084231348992547,595.7651243117648,72.26881897515476,91.01436292993041,7.252181454974595
2024-01-09 12:00:00,0.560425507197427,0.49377747467765526,0.5080768307537687,602.50827759307,73.22117055572323,90.94432190375151,7.248623385314183
2024-01-09 13:00:00,0.5440320321949523,0.4941852230005186,0.5081025979415775,599.5012743105945,67.56598755480003,90.96746616065474,7.254440011457127
2024-01-09 14:00:00,0.5436995376833464,0.4945151333747474,0.507552411880873,601.8294372528102,67.09343405028095,90.90092084834704,7.25296273911093
2024-01-09 15:00:00,0.5419353868664994,0.4950665649152502,0.5069194547367971,600.2439351617047,63.41759096852326,90.92259701593575,7.256916807054514
2024-01-09 16:00:00,0.5238747885947062,0.49598792367735395,0.5063835403581508,594.4454704998182,58.09101586966558,90.9475482013672,7.263014015844337
2024-01-09 17:00:00,0.5375594517739811,0.49655318052943437,0.5051233396634123,597.9527590358922,59.67716833438879,90.87998541703921,7.259740340774591
2024-01-09 18:00:00,0.5203722903528986,0.49772110086573307,0.50433955459662,591.7919970574422,54.71263942438456,90.90564966075411,7.265976773478977
2024-01-09 19:00:00,0.5194908027732639,0.49870079202448125,0.5030972710701673,591.2229552239623,54.96590184608655,90.84163776970037,7.264689455363396
2024-01-09 20:00:00,0.5172043734103673,0.49984088105500263,0.5018437771977544,586.8779382303393,51.9271645768996,90.86583596376379,7.268922024758949
2024-01-09 21:00:00,0.4987535582615,0.5012670072609778,0.5007801099913515,578.475302137397,47.328737827850944,90.89336745820357,7.275274712089423
2024-01-09 22:00:00,0.512070240494438,0.502264737866523,0.49907155133189196,579.6429725244491,49.51604955924389,90.82831742650518,7.2720410023269375
2024-01-09 23:00:00,0.4947285866782035,0.5038122318874898,0.49789321969804884,571.2527497056918,45.207729240507646,90.85649726584596,7.278436870117993
2024-01-10 00:00:00,0.4937039492959371,0.5051033862629586,0.49633277662479575,568.6859299839906,46.08973289345905,90.79499639138322,7.2771359768094275
2024-01-10 01:00:00,0.49126182321172396,0.5065149429222634,0.49480452279452464,562.4542999019345,43.58683490958212,90.82165404525894,7.281441190178563
2024-01-10 02:00:00,0.4728086094839202,0.5081627443813289,0.4935176022322365,552.3112801173186,39.5803177783923,90.85169688096306,7.28786451669175
2024-01-10 03:00:00,0.48613501437797335,0.5093331671479114,0.491637342436849,551.9990944527577,42.245856112742004,90.78902294238998,7.2844840859366125
2024-01-10 04:00:00,0.4688226394647203,0.5110276598462111,0.49031620030265227,542.1769979348549,38.41813833248986,90.81965166531876,7.29091237895427
2024-01-10 05:00:00,0.46788509040095283,0.5124209519136576,0.4886599949320787,538.4073243551256,39.765189456422775,90.7605325379935,7.289461224251452
2024-01-10 06:00:00,0.465508534158689,0.5139107325259794,0.48706079521236356,531.054170164335,37.64103496377791,90.78952581114547,7.293714185160982
2024-01-10 07:00:00,0.4472142349664659,0.5156091705486996,0.4857312484429961,519.9133948896588,34.05552905533349,90.8219441410093,7.300093182876645
2024-01-10 08:00:00,0.46060918132792816,0.5167976008558713,0.4838448809526955,518.8089223593796,37.03307918051403,90.76150168790777,7.296491484082702
2024-01-10 09:00:00,0.4435264711290183,0.5184954550113691,0.4825276020206751,508.2521437592288,33.54734724187816,90.79443420839041,7.302833132683438
2024-01-10 10:00:00,0.44276711341140373,0.5198652822521609,0.48090659509569894,503.92826231814524,35.210350223504726,90.73754120078539,7.301154195463927
2024-01-10 11:00:00,0.6819327791943509,0.5163653330029309,0.4776801982232233,728.4691362251899,145.92569378749909,88.98206664856494,7.211245761640482
2024-01-10 12:00:00,0.6736651482518261,0.5143057424182116,0.48151955352966674,751.3495923493016,149.3240137620536,89.00966806966548,7.209953120141878
2024-01-10 13:00:00,0.7027203222034025,0.510052908751197,0.4860818549236381,781.3739438491865,157.95867690015675,88.95040976271811,7.199897412580417
2024-01-10 14:00:00,0.7028222751348138,0.5055874504520157,0.49171581129034725,801.099644568532,158.63469798704523,88.98135734456828,7.199035529003747
2024-01-10 15:00:00,0.717553196150352,0.5008476500575846,0.49687785337796847,824.653388695253,162.98566227903603,88.92483931529935,7.192210817806155
2024-01-10 16:00:00,0.7294749983337325,0.4962964708876388,0.5019648080637967,843.8666187960132,163.5722265324379,88.95260302909264,7.190883004957018
2024-01-10 17:00:00,0.7226229789136757,0.49245253120221893,0.5067459399247342,858.1904515807873,161.14055161907666,88.98308550242815,7.192346703856941
2024-01-10 18:00:00,0.7455006721908771,0.48862277567102685,0.5104079039112738,880.3907520775998,165.03835259635335,88.92221785149454,7.185867570664254
2024-01-10 19:00:00,0.7358463886322953,0.4857633688612169,0.5141249732532616,892.8873908326703,161.52836954703488,88.95167213393908,7.188609512566723
2024-01-10 20:00:00,0.7409552701103251,0.483219043112601,0.516806769179697,909.6917645586838,162.32666448030872,88.89248323044609,7.185081299623896
2024-01-10 21:00:00,0.7434659395829953,0.48117777535624484,0.5191187375300552,922.461102713102,159.62522920505702,88.91893696227947,7.186892580224389
2024-01-10 22:00:00,0.72869088454348,0.47985473387576794,0.5211083008913858,930.6113428145467,154.29243437863494,88.94740288463804,7.191062223890849
2024-01-10 23:00:00,0.7450183488358479,0.4785088767683499,0.5220129565179054,946.8496658359908,155.63460964860585,88.88530108374863,7.186915506422057
2024-01-11 00:00:00,0.7297007778258434,0.4780124984007679,0.5231160383038358,953.5181871580436,149.7620995924382,88.9135042722388,7.1917880407769985
2024-01-11 01:00:00,0.7304554126055721,0.4776435167267439,0.5233820435707465,964.6653025244858,148.5443159874031,88.8534206107666,7.18998642998608
2024-01-11 02:00:00,0.7290133782640745,0.47765488840169773,0.5234342350420879,971.8409326734262,143.91639328566248,88.87939541148145,7.193491166334973
2024-01-11 03:00:00,0.7112323323377634,0.478179815597414,0.5233888704115334,974.5234369366178,136.95732400875886,88.90751436987365,7.199135586762387
2024-01-11 04:00:00,0.7251262909483166,0.4785233513330811,0.5224382039804122,985.4344905148465,136.8951155553013,88.84543161495742,7.196134775829057
2024-01-11 05:00:00,0.7076345293012775,0.47956702744235147,0.5218662159993824,986.8140358659022,129.78459477205325,88.87358624207138,7.202200220338019
2024-01-11 06:00:00,0.7068480887609613,0.48056233937305226,0.520648136877566,992.8346753560002,127.62459560066897,88.81373129463428,7.201261828942604
2024-01-11 07:00:00,0.7038246814807688,0.4818288417557143,0.5193522710250337,994.9109022844602,122.12001095853418,88.84017810305285,7.205719893934871
2024-01-11 08:00:00,0.6848496226429036,0.48346094238376064,0.5181225152338059,992.5820781071427,114.56740432419095,88.86893974319524,7.212226843473255
2024-01-11 09:00:00,0.6977719810200611,0.48478861735227835,0.5161221727104371,998.651745998418,114.06802574188508,88.80764610266047,7.209776957279566
2024-01-11 10:00:00,0.6793724427522508,0.48671869208697927,0.5146148509392735,995.203174874331,106.6953566496357,88.83663105067164,7.2165527481027
2024-01-11 11:00:00,0.6779653054027975,0.48847725740183146,0.5125918638935781,996.5685349988208,104.51260948275838,88.77776326851439,7.216028374239384
2024-01-11 12:00:00,0.6742109181883815,0.49043386087489627,0.5105778671336582,994.0237242068761,99.02529336683901,88.80533969826863,7.221041200895068
2024-01-11 13:00:00,0.6547229215723158,0.49266143609102636,0.5087310365461704,987.1614147269686,91.75066233524574,88.83539789554759,7.228063094749923
2024-01-11 14:00:00,0.6672713565156942,0.4944964069638594,0.5062034397903001,988.9083720471904,91.60139146218147,88.77537348991127,7.22581596667598
2024-01-11 15:00:00,0.6484367841191757,0.49687704465613525,0.5042363672538243,981.1509882210092,84.72662587124518,88.8058071634476,7.233016891635718
2024-01-11 16:00:00,0.6467524024241286,0.4990024050739687,0.5018400179250362,978.4201144301727,83.2032343101154,88.74841902733124,7.2326353071432745
2024-01-11 17:00:00,0.6426871348286326,0.5012771690933165,0.4995041222161311,971.8326753461794,78.35918074079399,88.77754859579346,7.237947836960795
2024-01-11 18:00:00,0.6230283174837088,0.5037657895151361,0.49739508645073127,961.036258472012,71.9299160136359,88.80931669233135,7.245254643929774
2024-01-11 19:00:00,0.6353640923124606,0.5057996694401482,0.4946715848605607,959.1244222855538,72.57903909663109,88.75090872998159,7.243009900535397
2024-01-11 20:00:00,0.6164934702968539,0.5083475696630576,0.4925363756341507,947.7383099935607,66.62065151661895,88.78308872732674,7.250419683853997
2024-01-11 21:00:00,0.6148253571758713,0.5105863573686902,0.4900291323000957,941.6301215510558,66.06978916135728,88.72741896330606,7.249997129030362
2024-01-11 22:00:00,0.6107032373111393,0.512945628965815,0.48761259620393393,931.7499706351437,62.119810699383734,88.75833057451456,7.25542452125082
2024-01-11 23:00:00,0.5911163688350599,0.5154867899269276,0.48545565994250856,917.7981695156716,56.706781637670524,88.79199226473293,7.262850163533994
2024-01-12 00:00:00,0.6035084876719936,0.5175294377163904,0.4827288131046936,913.0455038667229,58.25094236721333,88.73527404353462,7.260444425608981
2024-01-12 01:00:00,0.584774165709659,0.5200732035404688,0.4806017858211536,898.8636732056631,53.232262315112024,88.76935951761982,7.267925147375013
2024-01-12 02:00:00,0.5832626167893467,0.5222727100536292,0.4781409658537953,890.249105424542,53.61165258598139,88.71548831770001,7.267335016613038
2024-01-12 03:00:00,0.5793004190006965,0.5245742533602953,0.47578647122999645,877.9585700939896,50.47571577980144,88.74820866166199,7.272743754822854
2024-01-12 04:00:00,0.5599279815986081,0.5270411693145595,0.47370976798034853,861.7434068635907,45.93803522552634,88.78379006661662,7.280165430353129
2024-01-12 05:00:00,0.5725003577535589,0.5289803509623765,0.47109366755908305,855.0584631520336,48.20909724794129,88.72876777790711,7.2774998851452555
2024-01-12 06:00:00,0.5540244107469143,0.5314178817656176,0.4690778071588663,838.9973658775361,43.93212383320554,88.76471698530165,7.284937669633069
2024-01-12 07:00:00,0.5527394667059919,0.53348830127733,0.4667551143176846,828.7898388505913,45.01360974148336,88.71260289669925,7.2840953600676706
2024-01-12 08:00:00,0.548974043357333,0.5356491370482541,0.4645477234214121,814.9881100816181,42.46511038906987,88.74709140281688,7.289390742962411
2024-01-12 09:00:00,0.5299059966502973,0.53797029508822,0.4626234862224738,797.4299482497369,38.55633231882101,88.78451584424566,7.296714386059337
2024-01-12 10:00:00,0.5426154203021505,0.5397387828155612,0.4601885129081667,789.6745631585658,41.31334789811574,88.73113783218183,7.2937318210588336
2024-01-12 11:00:00,0.7112459193018534,0.5385800355744921,0.45547974614003855,1053.5649669924705,193.16185948529906,86.30736459857391,7.169025608559173
2024-01-12 12:00:00,0.868828899721781,0.5349961206417384,0.4566298724860705,1096.5632107401566,211.47416033629747,86.22930487002478,7.16041210285167
2024-01-12 13:00:00,0.8708005693533635,0.5288671944155455,0.4652509660235271,1135.4661893285986,224.18775000429014,86.26133018542345,7.154555722012367
2024-01-12 14:00:00,0.8669727835013787,0.5205644761987968,0.47555522208623907,1168.9283605042044,232.50538389486744,86.29979585571714,7.150617642173883
2024-01-12 15:00:00,0.8975484676805322,0.5110391277802048,0.48560048317841426,1209.0766328945288,245.94954932878505,86.25163630227362,7.139123927978078
2024-01-12 16:00:00,0.8966871769027379,0.5022085971242054,0.4957835091334166,1239.3634321503198,251.25264866984952,86.28924732421562,7.136854676225722
2024-01-12 17:00:00,0.9097886376413236,0.49396221651848327,0.504549268834465,1273.034819983793,259.9072042020561,86.24184284291908,7.129212271196938
2024-01-12 18:00:00,0.9189258610339495,0.48658398010671633,0.5125480156579035,1302.5822462636593,264.5593319216271,86.27567289744948,7.12711326710791
2024-01-12 19:00:00,0.9092671711171859,0.4805070555098446,0.5195681094169607,1327.2033386011701,265.83312754071125,86.31123858470835,7.127767045495282
2024-01-12 20:00:00,0.9294331968985814,0.47494990051204594,0.524930569185924,1359.0668860101262,273.1126964645181,86.25879436510465,7.121058513860725
2024-01-12 21:00:00,0.9166197400192675,0.4707375433477449,0.5299613083192507,1381.5400591950608,272.6570496822504,86.29298597601132,7.123211510608319
2024-01-12 22:00:00,0.9192595389387463,0.467178255554184,0.533565499269064,1407.770849029023,276.1409653578633,86.24066899923523,7.11941405636177
2024-01-12 23:00:00,0.9186882127878745,0.4643859091392007,0.5365744810043781,1430.0921575911698,275.7871349291736,86.27174481262624,7.120944603541095
2024-01-13 00:00:00,0.9012870429019778,0.4625092255583027,0.5390263283491014,1447.756256693778,272.41795922921364,86.30371300120713,7.124674556820126
2024-01-13 01:00:00,0.9153931004456971,0.46080945498744946,0.5401952144501491,1472.8081471694807,275.4099436542919,86.24808943602618,7.120575959938385
2024-01-13 02:00:00,0.897314077285445,0.46007955156133556,0.5414668458699627,1488.6015706667647,270.7843475035752,86.27951182411381,7.125154882586054
2024-01-13 03:00:00,0.8962692443772032,0.45960377885980586,0.5417369209141247,1508.3019227058512,270.45965824002104,86.22473056317531,7.123301618116988
2024-01-13 04:00:00,0.8922828279885626,0.4596164309687154,0.5417440487189884,1524.1434256997072,266.34146552683643,86.25394688171552,7.12677428559254
2024-01-13 05:00:00,0.8724003332281031,0.460205099325723,0.5415651493488155,1535.4511231694612,259.4550105678804,86.28406229951538,7.132210082915689
2024-01-13 06:00:00,0.8847315396787268,0.4607099441463069,0.5403877252975854,1554.243506043161,259.2044720852463,86.22717737663596,7.12945002052296
2024-01-13 07:00:00,0.8650523777607426,0.4619535601866979,0.5395810210682134,1563.8383002443406,251.43278453510442,86.25705735094374,7.135431946571862
2024-01-13 08:00:00,0.8631504286191717,0.4632080233283368,0.5380284955455223,1577.4589713246817,248.28074230265767,86.20116000947911,7.134612061135313
2024-01-13 09:00:00,0.8580716992827486,0.46479323553580854,0.5364043301655519,1587.2403548902728,241.37666236588413,86.22951949557385,7.139253290220915
2024-01-13 10:00:00,0.8376159070563014,0.4667636031318954,0.5347942392463588,1592.575625939499,231.95823545719279,86.25895664269291,7.145751648782405
2024-01-13 11:00:00,0.8495673382616458,0.4684938596094332,0.5323523841121596,1605.478217335786,229.42058571401054,86.20166202395401,7.143714494631227
2024-01-13 12:00:00,0.8295287540563215,0.47084026099194776,0.5304189941430975,1609.2101900394546,219.4954482906178,86.23103325363022,7.150607443933052
2024-01-13 13:00:00,0.8276400304771494,0.473051056191635,0.527888075301007,1617.0773703960883,214.50859386898307,86.17488417223461,7.150356248503779
2024-01-13 14:00:00,0.8222948675048527,0.4755061633273419,0.5253888096831424,1621.0928822986448,205.83124650348202,86.20317224764288,7.1557683379097705
2024-01-13 15:00:00,0.8018167297688602,0.4782348453676585,0.5230170256248922,1620.709996742173,194.92741709884805,86.23273042054856,7.1629907664058425
2024-01-13 16:00:00,0.8138339408372333,0.4806243869128605,0.5199149442419958,1628.0065071215781,191.1489714447272,86.1756298262065,7.161332089259862
2024-01-13 17:00:00,0.7937822012915388,0.4835644894695595,0.5173942841765987,1626.1023847580984,180.16577567261515,86.20529814302441,7.168863680302697
2024-01-13 18:00:00,0.79211376675946,0.4862719450901437,0.5143700704588771,1628.4367774747277,174.44751046316534,86.14958200991482,7.1689178766948185
2024-01-13 19:00:00,0.7866724500990603,0.48917433729068954,0.5114376448595097,1626.8820391599018,165.13399703271298,86.17843811759569,7.1748607112275735
2024-01-13 20:00:00,0.7663125752490193,0.4922844507469374,0.5086966897471114,1620.956507292821,153.93333437503853,86.20877530735658,7.182595176681936
2024-01-13 21:00:00,0.7783899094210999,0.4949813479267946,0.5052998475403959,1622.8230415748922,150.06292454268848,86.15243392046871,7.181106041430757
2024-01-13 22:00:00,0.758397862466465,0.49819381712227756,0.5025195796513376,1615.4232734927068,139.22974970738318,86.18306950430868,7.189089724350065
2024-01-13 23:00:00,0.7568654573704898,0.5011093777900706,0.4993008004021983,1612.3816163975002,133.97063117107956,86.12837203142826,7.189278454670812
2024-01-14 00:00:00,0.7513984020869839,0.504184128993328,0.4962097994497507,1605.3980407750555,125.21495847697975,86.15837990938294,7.195576874564279
2024-01-14 01:00:00,0.73111591481108,0.5074253327329304,0.4933503286308195,1594.0421649145453,114.91727345483378,86.19010429322843,7.203667865299837
2024-01-14 02:00:00,0.7432702976086409,0.5102018690346477,0.4898853200101286,1590.672703167659,112.0741434112118,86.13500488295232,7.202189467219551
2024-01-14 03:00:00,0.7233188080398676,0.5134776626410709,0.4870536435628871,1577.9468536292952,102.50847047280794,86.16716973075002,7.210484607065135
2024-01-14 04:00:00,0.7219165133804321,0.5164101296009144,0.4838293052427744,1569.7552486448278,98.74043376048355,86.11397247897104,7.210672561552981
2024-01-14 05:00:00,0.7164748246429896,0.5194795683354848,0.480753519429956,1557.6037239529821,91.5043889560568,86.14557790254361,7.217187326551123
2024-01-14 06:00:00,0.6963225534672396,0.5226951055405755,0.47793022047236583,1541.1257026776364,83.00401528454864,86.17910210142085,7.225507110910007
2024-01-14 07:00:00,0.7085584721782012,0.5254023339898515,0.4745437747306053,1532.9021005464854,81.90470611577368,86.12558304961324,7.223923532233411
2024-01-14 08:00:00,0.6888251778495205,0.528605111188728,0.47178946172970154,1515.287929720501,74.24545183094833,86.15960628570652,7.232398825431905
2024-01-14 09:00:00,0.6876558162128648,0.5314332001638798,0.4686762226082529,1502.4673981849603,72.43614743715081,86.10817071443832,7.2324772624076745
2024-01-14 10:00:00,0.6824220743376852,0.5343871392106769,0.4657197283427685,1485.7426901168994,67.05624770376183,86.14156339443056,7.239086563591661
2024-01-14 11:00:00,0.6626258928024363,0.5374787003721091,0.46302362933522023,1464.8133803770136,60.5450147088952,86.17703698357117,7.247516549929711
2024-01-14 12:00:00,0.67517347002091,0.5400329623019196,0.45979390842967616,1452.5173516180807,61.22070206788729,86.12514304637175,7.245722172637405
2024-01-14 13:00:00,0.6558704010735658,0.5430895019301596,0.4571862725977577,1430.8472764630296,55.365326281692106,86.16106694871345,7.254274581153787
2024-01-14 14:00:00,0.6552357513177471,0.5457520790188066,0.45423691357669893,1414.282488210495,55.29815652210213,86.11135845418754,7.254138762742205
2024-01-14 15:00:00,0.6504181509914284,0.5485391724977012,0.45144973720911,1393.9641031395909,51.445221785192984,86.14645450606756,7.260744994498032
2024-01-14 16:00:00,0.6311200946749206,0.5514633123723185,0.4489249064884354,1369.6165317964726,46.47913796040598,86.18376217285001,7.269196172432674
2024-01-14 17:00:00,0.6440654504249904,0.5538287828072653,0.4458900674614502,1354.3113498223174,48.43614933615105,86.13335866236639,7.267129224862745
2024-01-14 18:00:00,0.6253285588615973,0.5567055691421426,0.44346220277415604,1329.6854659234996,43.83692995100753,86.17101427017354,7.275666948160689
2024-01-14 19:00:00,0.6250513236124402,0.5591788393882962,0.44071543524514767,1310.5782169831486,44.88622369835209,86.12283961165258,7.2752969546169215
2024-01-14 20:00:00,0.6207329521003757,0.5617703201661295,0.4381240935227499,1287.7659062842015,41.99438728675174,86.15948501259172,7.281814183134524
2024-01-14 21:00:00,0.6019745742920904,0.5645050305560649,0.43579156568384897,1261.123447067315,37.98212556484762,86.19844987344763,7.290206106409299
2024-01-14 22:00:00,0.6152494790962821,0.5666653246234974,0.43297033467134555,1243.9092769673946,40.68287909331455,86.14936967939408,7.287815738016079
2024-01-14 23:00:00,0.5969959442669022,0.5693465723858393,0.4307402397920832,1217.4265929346288,36.80697243540053,86.18860530188746,7.296268592858471
2024-01-15 00:00:00,0.59701828916119,0.571615350978586,0.42820868025261416,1196.8166232461874,38.49710752788727,86.14183105305676,7.295598396827285
2024-01-15 01:00:00,0.5930094597639236,0.573997447385549,0.42583164222918435,1172.5661139937845,36.12067594044383,86.17990043123666,7.301968886772046
2024-01-15 02:00:00,0.5746068263457343,0.5765256985150068,0.42371130498181075,1144.6769125801,32.63484225994712,86.2204061149708,7.3102362882222485
2024-01-15 03:00:00,0.5880097834354368,0.5784622160064214,0.4211243972037095,1126.566098806763,35.728322104507505,86.17255461453196,7.307475045419255
2024-01-15 04:00:00,0.5699928041481698,0.5809275460128133,0.419115572946553,1099.2155357999018,32.235230069145025,86.21331290492319,7.315786217722416
2024-01-15 05:00:00,0.570100765040437,0.582968785391282,0.4168228678860602,1078.066281577264,34.26958401201248,86.16789945074798,7.314775074499953
2024-01-15 06:00:00,0.566183153554855,0.585116220133998,0.4146856865217594,1053.3225075045466,32.16364144076707,86.20735895264099,7.320928296257582
2024-01-15 07:00:00,0.5479145063651497,0.5874116981157222,0.41280390971801323,1025.115552754081,28.970412061096752,86.24938551267708,7.329002753369251
2024-01-15 08:00:00,0.5612318907982878,0.5890977955989293,0.410477399922338,1007.0031385024529,32.27048774230404,86.20276879332575,7.325829155011698
2024-01-15 09:00:00,0.5432702833557076,0.5913170858471443,0.4087179108968205,979.6701061254938,28.99220751457073,86.24506431732019,7.333922900447047
2024-01-15 10:00:00,0.5432708465420627,0.5931033471359893,0.4066904239665242,958.8477921789906,31.222673565836093,86.20102593448594,7.332523088619887
2024-01-15 11:00:00,0.761578054552696,0.5904372859844219,0.4024544400486673,1130.5990224400712,137.21444041801604,84.69301758033649,7.236031592824731
2024-01-15 12:00:00,0.7526124611637993,0.5891629420820609,0.4058263813824306,1144.0575080601968,140.027377098472,84.7236941732902,7.235460503555796
2024-01-15 13:00:00,0.744402645946737,0.5851362993789012,0.41139519270778047,1155.1122370263438,140.92975335897566,84.76358903943918,7.233350290219771
2024-01-15 14:00:00,0.7439370806852624,0.5799231312777684,0.4175747780324208,1164.1464899561417,140.52670286721886,84.80441355570689,7.230908461773818
2024-01-15 15:00:00,0.7460850913407108,0.5744558857062518,0.4237191535305776,1171.4546956517306,139.12256167860536,84.84464382927347,7.2287331262550545
2024-01-15 16:00:00,0.7482771688012256,0.5692343102618889,0.4294661221415124,1177.2142793742755,136.9167002199806,84.88383296392202,7.227102475162001
2024-01-15 17:00:00,0.7495364206852823,0.5644669663943872,0.4346721622246753,1181.6345300680557,134.10286410870074,84.9219209164506,7.226062298803756
2024-01-15 18:00:00,0.7495722412507637,0.560245986077202,0.43926699815185044,1184.7722237115227,130.78537581057267,84.95888745247355,7.225613001585076
2024-01-15 19:00:00,0.7483625939956053,0.5565962292680321,0.4432357242468017,1186.6667214565673,127.0451429403806,84.99477957057182,7.225724919191148
2024-01-15 20:00:00,0.7460124139311732,0.553509176878457,0.4465940828508406,1187.3556185432956,122.97047012337427,85.02972876503044,7.226347660102138
2024-01-15 21:00:00,0.7426793375376955,0.5509579157094152,0.4493720195830742,1186.8580619052295,118.62354943517468,85.06362977471179,7.227427120846476
2024-01-15 22:00:00,0.7385379125853596,0.5489028045485168,0.45161314992418045,1185.1911170251549,114.07210848500063,85.09652283183102,7.228909939160226
2024-01-15 23:00:00,0.73371381343513,0.5473028029494748,0.45336322267761336,1182.3678755200483,109.37530669559932,85.1285722809508,7.230755673926878
2024-01-16 00:00:00,0.7282924203822755,0.5461358539038966,0.4546470300205014,1178.3613248424174,104.5786679916398,85.15982956782362,7.232940369040215
2024-01-16 01:00:00,0.7224189346483034,0.5453320546639945,0.45554111702198585,1173.2630354136109,99.7439693757187,85.1904256715556,7.235404247728411
2024-01-16 02:00:00,0.7161382983234743,0.5448805914367449,0.45605840067395303,1167.0169085573575,94.91393855414489,85.22038246244458,7.238135688395963
2024-01-16 03:00:00,0.7095274595098753,0.5447368691120413,0.45624783262232627,1159.683380844087,90.12856905120918,85.24978400713462,7.2410990686377765
2024-01-16 04:00:00,0.7026150821839531,0.5448953316338093,0.4561169291182205,1151.1780003301112,85.43776812027528,85.2786430364104,7.244287227870002
2024-01-16 05:00:00,0.6954862500377883,0.5452858151066199,0.4557411751093647,1141.6912834374664,80.86054742686028,85.3070898139132,7.247648557208597
2024-01-16 06:00:00,0.688162503095779,0.5458939282191525,0.4551367934852902,1131.206966828894,76.43036745832605,85.33515361993386,7.251171772805325
2024-01-16 07:00:00,0.6806614241439156,0.5467087753125891,0.45431616944561465,1119.6976282148573,72.17992882953877,85.36285684745302,7.254847576212255
2024-01-16 08:00:00,0.6730145046815381,0.5477032019651896,0.4533083428510208,1107.2360055479016,68.11727555137948,85.39025073442056,7.258655978424697
2024-01-16 09:00:00,0.6652468424116038,0.5488556499015619,0.45213661212908723,1093.8528650623098,64.26295056995366,85.41737663620643,7.2625800632150375
2024-01-16 10:00:00,0.6573631411403643,0.5501668571628502,0.45080075258862107,1079.4860464647434,60.646163246569095,85.44423449965979,7.266617923843776
2024-01-16 11:00:00,0.6494033236856308,0.5515964835369725,0.4493429518916273,1064.314020662061,57.240913508579034,85.47089689360588,7.2707407084803215
2024-01-16 12:00:00,0.6413808419603406,0.5531300025706737,0.4477785253761091,1048.3864281957397,54.04635947654081,85.49739187347498,7.274937664485329
2024-01-16 13:00:00,0.6333041104939615,0.5547588171725979,0.4461167534276616,1031.7099638592945,51.071683008310515,85.52373494541294,7.2792000269808845
2024-01-16 14:00:00,0.6251780405507046,0.5564807551906423,0.44436019729112053,1014.2555848009251,48.332376227801994,85.54992982347271,7.283522648435372
2024-01-16 15:00:00,0.617023314527094,0.5582725729793115,0.44253280357895974,996.1600172705232,45.794892325017834,85.57601703302738,7.287888475492628
2024-01-16 16:00:00,0.6088493603191358,0.5601211866132252,0.4406480963773202,977.5012614412639,43.440784783111745,85.60202007594917,7.2922874634913235
2024-01-16 17:00:00,0.600660614360472,0.5620173672080092,0.4387156687658552,958.3343545417758,41.25847903347116,85.62795693474028,7.296712174524732
2024-01-16 18:00:00,0.5924577558088417,0.5639543400382984,0.4367427428641095,938.6874537158654,39.24507938363689,85.65383963758504,7.3011541170808085
2024-01-16 19:00:00,0.5842437144109771,0.5659234583625992,0.4347382465724907,918.6177282617956,37.387349674302705,85.67968423961088,7.305604997881889
2024-01-16 20:00:00,0.5760177075376404,0.5679222142720555,0.4327049641662572,898.123011516949,35.69069801718061,85.70549552026382,7.31005816428439
2024-01-16 21:00:00,0.567786558452504,0.5699369943592485,0.4306565572800087,877.3307579678482,34.11678550605953,85.7312982331045,7.314505343485893
2024-01-16 22:00:00,0.559549254591574,0.5719618986517936,0.4285990836064193,856.2920004788937,32.65464861527379,85.75710612354423,7.318941330875988
2024-01-16 23:00:00,0.5513002100424985,0.5739908490859962,0.42653895566645533,835.0493963041272,31.299472266174874,85.78293231399033,7.323357396707797
2024-01-17 00:00:00,0.5430374388653917,0.5760177861754611,0.42448232701122296,813.6570591498942,30.040898072097498,85.80879033711062,7.3277469326775275
2024-01-17 01:00:00,0.5347569134932739,0.5780384201856741,0.42243372817808256,792.1371538293631,28.881294684785775,85.8346904253555,7.33210095934957
2024-01-17 02:00:00,0.5264625458266551,0.5800466131368274,0.4203989925630983,770.5718605759674,27.795821841552915,85.86064498276863,7.33641780429272
2024-01-17 03:00:00,0.5181521206009965,0.5820385830796119,0.4183819212730078,749.0037973524633,26.777538205794006,85.88666524142232,7.340693736025127
2024-01-17 04:00:00,0.5098191405415691,0.5840087618511121,0.4163882727735108,727.4812673362424,25.8237978245072,85.9127657584186,7.3449198680787555
2024-01-17 05:00:00,0.5014624377851687,0.5859524684629746,0.4144226555692241,706.0543787831073,24.928066097118887,85.93895920408697,7.349090420405951
2024-01-17 06:00:00,0.49307835437729564,0.587863798940644,0.41249109528998695,684.7670928165625,24.091662021630693,85.96526156774401,7.3531942661385585
2024-01-17 07:00:00,0.48467510496246263,0.5897422133619493,0.41059364602174037,663.6531186184832,23.300520868704623,85.99167320539462,7.357235211376276
2024-01-17 08:00:00,0.4762527694568807,0.5915855078860601,0.4087324465895217,642.7447135316862,22.550772321840572,86.01820254072642,7.361210742738472
2024-01-17 09:00:00,0.4678087734367284,0.5933881912967693,0.4069130289897607,622.0959613034029,21.84109703470816,86.04486576026072,7.365111532044888
2024-01-17 10:00:00,0.45934623758498555,0.5951473182602722,0.405138174155578,601.7436064315906,21.168195924588552,86.07167202033398,7.368933316249828
2024-01-17 11:00:00,0.4508654298758536,0.5968565052517897,0.4034142689465519,581.7412453248251,20.533475148796335,86.09863970977881,7.372664070599767
2024-01-17 12:00:00,0.6821191414791323,0.5928574483377099,0.40082331882316974,794.1539735780253,129.75658704859853,84.56871789203592,7.267061032649631
2024-01-17 13:00:00,0.6815799570223726,0.5902206607938718,0.4049420495668058,810.8490372622301,132.10061568409986,84.58888401041078,7.2622252518121515
2024-01-17 14:00:00,0.6885248385433052,0.585591121120004,0.410541543597884,825.2850920416629,132.851446424762,84.61205437293098,7.257082488165806
2024-01-17 15:00:00,0.6977657540764896,0.5801147652774942,0.4167438644141047,837.7458356146815,132.41754672195458,84.63529791970963,7.252385825695805
2024-01-17 16:00:00,0.7062253974041451,0.5744680729546491,0.42300824004951226,848.4379874884181,131.04763167976114,84.65794641758669,7.248481805629078
2024-01-17 17:00:00,0.7129307709620597,0.5690066688085544,0.4290288219488372,857.6476948429604,128.98376518645495,84.67989250669224,7.2453882370396325
2024-01-17 18:00:00,0.7175186895386109,0.5639204438039792,0.4346234262133358,865.3907399707418,126.31015394340034,84.70105815049233,7.243130508647882
2024-01-17 19:00:00,0.720142581629606,0.5592926364710784,0.4397126799911441,871.8167073541334,123.1624782477684,84.72150379598813,7.241609821626154
2024-01-17 20:00:00,0.7209948716178369,0.5551753882515569,0.44424134806462867,876.9591274203557,119.62483309389653,84.74127910925608,7.24076076329499
2024-01-17 21:00:00,0.7202443429499484,0.551595492937443,0.4481794022667497,880.803540097956,115.75161780410818,84.76042964730678,7.240539785902677
2024-01-17 22:00:00,0.7182584717707738,0.5485063144863025,0.4515775846756158,883.4675656875552,111.63865498422348,84.7791175720293,7.240832059154404
2024-01-17 23:00:00,0.7151574610278183,0.5459176262727755,0.4544253221930028,884.8983151329197,107.328423751169,84.79739674861358,7.241612621158675
2024-01-18 00:00:00,0.7111948172236814,0.5437770224408741,0.456780301941765,885.178281100933,102.8859001818948,84.81515207336516,7.242795830138576
2024-01-18 01:00:00,0.706500706018368,0.542059260483725,0.4586721151969976,884.3113359257698,98.36455982895276,84.83252349963685,7.2443425308239755
2024-01-18 02:00:00,0.7011476751831046,0.5407511050131428,0.46011711834242347,882.2749719107799,93.80609793597648,84.84959656402751,7.246230904227786
2024-01-18 03:00:00,0.6952825748108237,0.5397913276292521,0.4611840033695899,879.1721628541629,89.26156824008524,84.86645837172033,7.248399767628422
2024-01-18 04:00:00,0.6889490484518421,0.5391721020168084,0.4618829503477859,874.9605296232261,84.77179046585812,84.88314797505468,7.250835517735536
2024-01-18 05:00:00,0.6822358687423917,0.5388473421932295,0.4622653971368667,869.7217202356154,80.37105153812232,84.89972432312553,7.253496610542133
2024-01-18 06:00:00,0.6751947135874619,0.5387903035351276,0.46236165032233434,863.478009688986,76.09479439949487,84.91623463087136,7.2563581602146
2024-01-18 07:00:00,0.6678481517922442,0.5389913293542772,0.46218302582240356,856.2173477320084,71.96787777964006,84.93270740326783,7.259410134055762
2024-01-18 08:00:00,0.660263116157137,0.5394046463970295,0.4617796051651626,848.0472627938892,68.00818308351586,84.94919011827707,7.2626156183373665
2024-01-18 09:00:00,0.6524557992789487,0.5400218482165905,0.4611612570802226,838.9450421702263,64.24460784838831,84.96571671040583,7.265965089215356
2024-01-18 10:00:00,0.6444523115093083,0.5408265317838337,0.4603460214266074,828.9348765931124,60.69067862166038,84.98231574451819,7.269443653150506
2024-01-18 11:00:00,0.636311083958583,0.5417699294069023,0.4593857169512834,818.200803919097,57.32344721769009,84.99900523870366,7.273017156509262
2024-01-18 12:00:00,0.6280358494440175,0.5428498828589879,0.45828313128637066,806.7146047479698,54.16408819903819,85.01581267637741,7.2766809764901605
2024-01-18 13:00:00,0.6196497374532648,0.5440474020953002,0.4570585866376884,794.5316756619077,51.21308181153628,85.03276273432444,7.2804189364871466
2024-01-18 14:00:00,0.6111571648600357,0.5453612327938265,0.4557136624851191,781.6326455340043,48.48348697172615,85.04987892701263,7.284226619141156
2024-01-18 15:00:00,0.6025892056171674,0.5467651679225527,0.45427589543003394,768.1320111622193,45.95255993687003,85.06717273107641,7.288083766078857
2024-01-18 16:00:00,0.5939687751652567,0.548237115088334,0.4527682362393693,754.1491490094683,43.589853767396825,85.08463736279867,7.291976727821964
2024-01-18 17:00:00,0.5852976393768335,0.5497735396385145,0.4511946489860778,739.6844222159274,41.40345458803669,85.1022984232364,7.29589886591934
2024-01-18 18:00:00,0.5765869608544628,0.5513618865886732,0.4495682923504714,724.8002288244413,39.381401237550655,85.12017010839232,7.299838582342258
2024-01-18 19:00:00,0.5678421437676068,0.5529959311528899,0.4478957092593181,709.5256254174825,37.520281291154994,85.13826853436802,7.303788276605692
2024-01-18 20:00:00,0.5590711072553625,0.5546671881477,0.44618574075719447,693.907587454625,35.809973766267355,85.15660570970387,7.307738578627753
2024-01-18 21:00:00,0.5502881178208054,0.5563605059956879,0.44445379841783855,678.0571382738613,34.21507182326552,85.17515670931824,7.311682853499761
2024-01-18 22:00:00,0.5414922506014045,0.5580714443369882,0.44270467953922604,661.9963037600908,32.737694871328166,85.19394709714335,7.315612902632389
2024-01-18 23:00:00,0.5326874066237912,0.5597915549701894,0.44094710256088854,645.7841328372995,31.36633764650546,85.21298678711274,7.319520049515353
2024-01-19 00:00:00,0.5238758442982562,0.5615157000292212,0.4391863716678378,629.4553753093688,30.09708900276987,85.23229069281253,7.323397084477957
2024-01-19 01:00:00,0.5150615574148028,0.5632376913224291,0.4374288077312272,613.0550445218845,28.921934929610376,85.25186864204176,7.327236229882394
2024-01-19 02:00:00,0.5062518036757349,0.5649516562658002,0.4356801078675756,596.6439201761801,27.817601354868195,85.27168740404555,7.331038858223752
2024-01-19 03:00:00,0.49744546059618433,0.5666524259217477,0.4339457109713192,580.2581792246561,26.78559119031373,85.29177543262385,7.334795179553464
2024-01-19 04:00:00,0.4886454762058611,0.5683332048156741,0.432232563018226,563.9480884993893,25.82385977644653,85.31215930710177,7.338493903683715
2024-01-19 05:00:00,0.4798573768199266,0.5699932268310046,0.43054109262269574,547.737609201875,24.915503922844966,85.33279669101961,7.3421416659046175
2024-01-19 06:00:00,0.4710832080086698,0.5716265489495693,0.42887739006871234,531.6740567189956,24.060487750606796,85.35371459702978,7.345728063132245
2024-01-19 07:00:00,0.46232721113025604,0.5732295025820321,0.4272450619796999,515.7923030446052,23.254250441917037,85.37491657493527,7.349248643178604
2024-01-19 08:00:00,0.4535944148474215,0.5747963434958266,0.4256499229831767,500.1348643382517,22.498660893155762,85.3964332523534,7.352692004846754
2024-01-19 09:00:00,0.44489107817884294,0.576329651591889,0.4240889645398557,484.6992459121076,21.780027291116756,85.41821391187636,7.3560685876431835
2024-01-19 10:00:00,0.4362229682575768,0.5778236180226748,0.4225680662327761,469.53424440922527,21.09960505989079,85.44028785776057,7.359367523908995
2024-01-19 11:00:00,0.4275986131607474,0.5792744880292275,0.42109087322707306,454.6739262210907,20.455118486679147,85.46266328644971,7.362582828620036
2024-01-19 12:00:00,0.41902006645575907,0.5806862023595215,0.41965320534789213,440.09912805245114,19.83970134901709,85.4853029428204,7.365724074585224
2024-01-19 13:00:00,0.7343491297179365,0.5756513372164798,0.414587542999861,711.9902943901385,171.33324436487163,83.59129819869091,7.2305927019340785
2024-01-19 14:00:00,0.7710019606547953,0.5721359480786843,0.4195813692516569,754.5438078629256,185.80192936191776,83.43378613459633,7.215857428092633
2024-01-19 15:00:00,0.7810361984558691,0.5650371982999997,0.42873217323420754,786.3284578910853,191.41586984578444,83.4463265931973,7.210091251938046
2024-01-19 16:00:00,0.7701522007512078,0.5567749234558595,0.4391272988728716,808.0612102796485,190.3223355244641,83.46969906217937,7.209318076655639
2024-01-19 17:00:00,0.7940406936456073,0.5477339131976795,0.44874396950454953,835.562961370247,194.65883943047376,83.40946055171011,7.199844529671825
2024-01-19 18:00:00,0.7927094716091925,0.5394773996452673,0.45828568252996965,853.4685777730713,191.62070913858346,83.4336792820149,7.199593532496798
2024-01-19 19:00:00,0.7917388709822121,0.5321043644322364,0.4665827435552527,871.6018323616324,189.83574043663612,83.38017061228824,7.196182509113563
2024-01-19 20:00:00,0.8126732155887155,0.5251805347986094,0.47365182302549497,891.1430534862088,189.25026411060458,83.39778824096967,7.192624439536737
2024-01-19 21:00:00,0.802642637048739,0.5197165422063813,0.48008102027689253,903.0155217992602,183.38031753642633,83.42242469006425,7.194821934877401
2024-01-19 22:00:00,0.8213192915972886,0.5147214508837838,0.4848961431644599,921.981888962859,183.82603581957096,83.36133027215142,7.188793195539636
2024-01-19 23:00:00,0.8118564175675924,0.5109506066122845,0.48942111926061427,932.1502718752971,177.3826555558581,83.38537104870065,7.191962300716144
2024-01-20 00:00:00,0.8029924328917261,0.5079704929241754,0.4928884850390582,943.0777518836869,172.78281936383632,83.33049015473604,7.191622402443881
2024-01-20 01:00:00,0.8165075913940668,0.5052851309828844,0.49534102337433383,955.8042138454193,169.65311083144857,83.34795079165598,7.190981369447295
2024-01-20 02:00:00,0.8000164614397591,0.503661876618189,0.49760113822857044,961.0867201327419,161.61706213415775,83.37174800639944,7.1957187128219005
2024-01-20 03:00:00,0.8134042980872078,0.5021354730555108,0.4986498037225855,973.7007258784367,160.252212740036,83.31046506906179,7.191847936077683
2024-01-20 04:00:00,0.7991902018502304,0.5014952246682145,0.4997935964159721,977.6056439034398,152.1770812707068,83.33454324342758,7.197064966258511
2024-01-20 05:00:00,0.786509251977862,0.5012520206363368,0.5003061488219234,982.4126580516214,146.3309976314809,83.27989168119105,7.198417845676135
2024-01-20 06:00:00,0.7967877377134416,0.5010337925843698,0.5001020342790482,989.1441615863481,142.0619533280336,83.29803832765687,7.19934479481912
2024-01-20 07:00:00,0.7775777258542257,0.5015680949667188,0.5000496427957861,988.4965882266418,133.21491192447002,83.32257414529356,7.205519089301803
2024-01-20 08:00:00,0.7887547312302633,0.5019364431718243,0.4990708109316487,995.3294608984504,131.27572143704637,83.26234316558327,7.202751302284699
2024-01-20 09:00:00,0.7725245736623465,0.5029859381407275,0.49841958981878315,993.4982945576149,122.82603525449947,83.2875296844675,7.2091234378783815
2024-01-20 10:00:00,0.7582498720496947,0.5042021603347573,0.49738710301762507,992.6950827375813,116.94399269705008,83.23419604854514,7.211379243791437
2024-01-20 11:00:00,0.7670537667450968,0.5052827649526637,0.49581445705163013,993.9132904132088,112.67556293217385,83.25391950012056,7.213160003974439
2024-01-20 12:00:00,0.74660541234678,0.5069469918588051,0.49457903283649424,987.8077749559317,104.15598257291255,83.2801833361538,7.2201780626617875
2024-01-20 13:00:00,0.7567534057149328,0.508287744731874,0.49258406929452336,989.3896297412956,102.700738632976,83.22178913705217,7.217924750051005
2024-01-20 14:00:00,0.7395196246080669,0.5102007298339122,0.4910384985479908,982.3331094700007,94.89127786987225,83.24889496429437,7.22498291084498
2024-01-20 15:00:00,0.7244570565178285,0.5121465470396019,0.4892537139651082,976.4793203599404,89.92387592700835,83.19760104636308,7.227700706478936
2024-01-20 16:00:00,0.7325155711928645,0.5138584424812936,0.48703120480528933,972.7873933280144,86.51418513621698,83.2194915471073,7.229915275989207
2024-01-20 17:00:00,0.7115069486168502,0.5160627455150142,0.48524060968958244,961.8295737146934,79.12576732592824,83.24810093421084,7.237408399055159
2024-01-20 18:00:00,0.7211348044497791,0.5178469493325871,0.48279548237321757,958.8849291424868,78.82124612710044,83.19199722995823,7.235319114723671
2024-01-20 19:00:00,0.7034644583817641,0.5201421149278549,0.4808603090072767,947.3312646303353,72.2436746135878,83.22149962328845,7.242746482068432
2024-01-20 20:00:00,0.6880828950916266,0.5223937252971849,0.47876922426951685,937.2567141939478,68.65785150371258,83.17262375893695,7.245638709764917
2024-01-20 21:00:00,0.695805210673771,0.5243471231313324,0.47630511452192037,929.5342120975884,66.4558134473969,83.1969683928175,7.248011986838059
2024-01-20 22:00:00,0.6745454151139778,0.5267446929064031,0.47432690979988096,914.7114387879916,60.429254949649376,83.22817240850284,7.255748450918782
2024-01-20 23:00:00,0.6840393351150391,0.5286548619108473,0.4717570556661564,908.2296740573171,61.39448930877573,83.17453053045085,7.253581607076852
2024-01-21 00:00:00,0.6662843933298628,0.5310507977909399,0.4697244866657469,893.2685747921619,56.0693054584673,83.20657566613224,7.261167483085687
2024-01-21 01:00:00,0.6508955153446997,0.5333543457707797,0.46758612291555796,880.0652700264436,53.78114803399964,83.1602435162482,7.264034255592732
2024-01-21 02:00:00,0.6586249423305244,0.5353215720593878,0.4651104824200182,869.4328715172793,52.65098394069192,83.1870707201526,7.266364271689988
2024-01-21 03:00:00,0.6375149331954502,0.53771163095755,0.46314153650310314,851.870306114169,47.77842316759717,83.22089828496117,7.2741428308724565
2024-01-21 04:00:00,0.6471335262281072,0.5395751379307286,0.46062310863823763,843.0382802186743,49.75091344499657,83.16965308983862,7.271731546401466
2024-01-21 05:00:00,0.6295152804983847,0.5419118900911454,0.4586548644900299,825.8487170642552,45.367691982859625,83.20422005341827,7.279311667970683
2024-01-21 06:00:00,0.6142900650659207,0.5441289381953179,0.45661212088429515,810.7432165511667,44.01747742195301,83.16032542660868,7.2820134408628565
2024-01-21 07:00:00,0.6221346463142258,0.5459805637706528,0.4542588673492212,798.3964293775767,43.61210514991248,83.18955622558565,7.284166409638226
2024-01-21 08:00:00,0.601209871480897,0.54824837556359,0.45242119178025675,779.3154569976075,39.502482247522096,83.22589058676273,7.291867472719502
2024-01-21 09:00:00,0.6108890257633551,0.5499573090044402,0.4500706455544731,769.3215144911404,42.10058646835474,83.17692706889363,7.289125718544888
2024-01-21 10:00:00,0.5935353346739581,0.5521343277250763,0.44826475213665795,751.0458811814354,38.31266211434149,83.21392217569488,7.296570882576901
2024-01-21 11:00:00,0.5741714662380071,0.5542614448486324,0.4464702587003758,731.1053821913497,34.767397310958444,83.25185936252501,7.303882616584542
2024-01-21 12:00:00,0.5823965145886931,0.55592227013825,0.44417051191272855,719.9903329094419,37.655922990387886,83.20439051499531,7.300929178741921
2024-01-21 13:00:00,0.5698552523788916,0.5579934190229036,0.44230020871134745,702.0063130523757,34.59637481787748,83.24221631700897,7.307627232200355
2024-01-21 14:00:00,0.5510444335858888,0.5600733635054966,0.4405425536575446,681.994914859205,31.43331161057319,83.28128915004898,7.314698583436967
2024-01-21 15:00:00,0.564053607934843,0.5615777327479474,0.43835565161320544,672.9448074277127,34.60738658494264,83.23430538990732,7.311215359801613
2024-01-21 16:00:00,0.5439831011950197,0.5635798601246846,0.43678869505153745,653.6742366207633,31.24675952083034,83.27402225201108,7.318494439411808
2024-01-21 17:00:00,0.5506900759634561,0.5650265466730651,0.43481366671183913,643.1899831636417,34.22203684200524,83.22849829980284,7.315347318321992
2024-01-21 18:00:00,0.5373600524100268,0.5668212340849756,0.4332831628159922,625.7654178047435,31.25800573474427,83.26846482843975,7.321909042958122
2024-01-21 19:00:00,0.5180661577639508,0.5686039244220643,0.43187072237337476,606.4464466503516,28.223346106865144,83.30975876896397,7.32880367843154
2024-01-21 20:00:00,0.5307713463789412,0.5697807447848551,0.43004042596955466,598.2609844213205,31.468919668607494,83.26480567052847,7.324919770456236
2024-01-21 21:00:00,0.5105568852103191,0.5714684884121449,0.4288120594165344,579.891159184603,28.21350201953683,83.306761739141,7.3319627750831415
2024-01-21 22:00:00,0.5172052101582866,0.5725884618040759,0.4271791256133163,570.47586624989,31.29797073332408,83.26333797150583,7.328377709086384
2024-01-21 23:00:00,0.5039989012170385,0.5740615934490465,0.42597470542227,554.1242869074046,28.43414243531321,83.30548946620351,7.334629437748694
2024-01-22 00:00:00,0.48481647545403106,0.5755330467213877,0.4248816410270065,535.9749100115754,25.533568878817942,83.3490071244551,7.341211023670049
2024-01-22 01:00:00,0.4976298737581963,0.5763905835565923,0.42337373640530557,529.1215309192946,28.854847847861333,83.3060612714295,7.3368534589821595
2024-01-22 02:00:00,0.4777720394789962,0.5777708536134897,0.422446547800887,512.0656828192416,25.73945836926096,83.35020448249286,7.343532802902365
2024-01-22 03:00:00,0.4845754631068057,0.5785893106531098,0.4211207963137576,504.166231519094,28.931688363680635,83.30875048943808,7.339459601344918
2024-01-22 04:00:00,0.47165843005041636,0.5797635883459873,0.42021298032665877,489.26198956031266,26.144557402752298,83.35299324642757,7.345373223553892
2024-01-22 05:00:00,0.4526993823559069,0.5809485925157739,0.4194112207262699,472.6403963381974,23.357711490585856,83.39860913992081,7.351603693249127
2024-01-22 06:00:00,0.4657572898145437,0.581508073647799,0.41820148730070594,467.4202241639016,26.738609784908295,83.35754325078871,7.346768932851337
2024-01-22 07:00:00,0.4461907221077891,0.5826069154894299,0.41755874042496155,451.9758867274934,23.704521709457673,83.40370870618673,7.353102736292501
2024-01-22 08:00:00,0.4532720513722827,0.5831400561465726,0.4165206412651658,445.75974360940006,26.96241593945929,83.36414854911102,7.348583770743204
2024-01-22 09:00:00,0.44079996812896804,0.5840313874572106,0.41588944821870855,432.5115115329261,24.262797986736523,83.4103099032766,7.354101247054717
2024-01-22 10:00:00,0.42232111633357017,0.5849455169479653,0.41535575343845293,417.56944563037047,21.57759520771967,83.45786161102212,7.359955616833851
2024-01-22 11:00:00,0.5747464652701999,0.5824560410568496,0.4125725447670132,580.648834796354,117.3010212429576,82.4499064087118,7.276844194011108
2024-01-22 12:00:00,0.6007233454770339,0.5810119469786735,0.4143488337433364,593.1173653450694,114.00847341342698,82.48047631999077,7.279931353194643
2024-01-22 13:00:00,0.6151078545833659,0.5778711730825061,0.41796834858770215,611.0042649996774,115.52248729019243,82.43818311169808,7.271802448918573
2024-01-22 14:00:00,0.6153425865112768,0.574062035959096,0.42271323684081735,619.8798433178633,110.34893339720588,82.48164840676951,7.272262852212284
2024-01-22 15:00:00,0.6104632330956825,0.5701371499508556,0.42752773010308515,624.9782642769933,103.905720275506,82.52648071364037,7.27341890888118
2024-01-22 16:00:00,0.6368813540322673,0.5656680229418143,0.4318274681814595,638.7335543308639,104.25525370032535,82.48572833870196,7.265206153549683
2024-01-22 17:00:00,0.6287133089030292,0.5620588557276608,0.43633889558536104,641.3724864771003,97.31779900722087,82.53047842669315,7.26761110790084
2024-01-22 18:00:00,0.6457380458343619,0.5583754830496361,0.4399223333183514,650.9997108621675,96.82760358223707,82.49011375103161,7.261004667920726
2024-01-22 19:00:00,0.6413867356375292,0.5553850764441227,0.4435773466935714,652.7949152695818,90.55586261687502,82.53356679406589,7.263734695973613
2024-01-22 20:00:00,0.6294447860529309,0.552934156084724,0.44675067025846826,651.6008620812277,83.76038962557672,82.5774786140784,7.2673015018944085
2024-01-22 21:00:00,0.6484886649832919,0.5502791392255809,0.4490780262534966,659.7698826523743,84.07852060847071,82.5359023147634,7.261487478333334
2024-01-22 22:00:00,0.6333101875304656,0.5485464529211685,0.4515542970082373,657.1396548983041,77.48198873449911,82.5794991026587,7.2660205288754725
2024-01-22 23:00:00,0.6443380785258958,0.546701190708572,0.4531227712724195,661.8790700713076,77.52003378372214,82.53828121442832,7.261297858198671
2024-01-23 00:00:00,0.6347362012820107,0.5454869122723738,0.4548194484216938,658.9931993709479,71.87357006213522,82.58123049118014,7.2657321477198895
2024-01-23 01:00:00,0.6184446662893668,0.5446603219726179,0.4561912376465379,653.3185966877246,65.91614644015297,82.62483227622059,7.270782845645592
2024-01-23 02:00:00,0.6339849690039909,0.5435269577678867,0.4568151505317384,657.3347625850539,66.9812562785873,82.5830885361436,7.26620016155413
2024-01-23 03:00:00,0.615965116844429,0.5431798009014788,0.4577343191198444,650.6218937380033,61.30541664007374,82.62667346004294,7.271849265670958
2024-01-23 04:00:00,0.6246665104502164,0.5425858784806176,0.4578980091075801,651.6020661744669,62.243478729421696,82.58555486651676,7.268007535410747
2024-01-23 05:00:00,0.6130482937435291,0.5425203810879426,0.4583111774530844,645.116207605524,57.46445103774351,82.62883751713566,7.273317724458226
2024-01-23 06:00:00,0.5950295769237146,0.542709182632253,0.45855530477490125,636.0116450273314,52.465760594402205,82.67295047756436,7.279136360606905
2024-01-23 07:00:00,0.6092586354622314,0.5424987818834546,0.4581492471700026,636.9349175005567,54.31619047980515,82.63166358227059,7.275088412608586
2024-01-23 08:00:00,0.5900371622454615,0.5429715546500807,0.4581671022303508,627.2650419162808,49.49448789403331,82.67592689814037,7.281331848837717
2024-01-23 09:00:00,0.5978103003981841,0.543096724761031,0.4575376100065068,625.5622421605407,51.221769697984385,82.63547220385098,7.277850578147026
2024-01-23 10:00:00,0.5854994825886637,0.5436916853876265,0.45722093084293963,616.5032240557383,47.18139139018666,82.67958326740955,7.28358862592096
2024-01-23 11:00:00,0.5668976810063597,0.5444541776336963,0.45683697547690066,605.0070384541141,42.96801762385905,82.72464981592908,7.2897719785319275
2024-01-23 12:00:00,0.5514405866987118,0.5453202056577771,0.456160843182171,592.6726934347182,39.348201003461554,82.76984200255578,7.295450857808641
2024-01-23 13:00:00,0.5379947248192926,0.5463456741132939,0.45521114818161307,579.7729844066685,36.24513574738413,82.81494101244493,7.300776441488575
2024-01-23 14:00:00,0.5503639945590932,0.5470988642536473,0.45366148244305615,575.8433005409837,39.4568428888346,82.77440965653427,7.296329061851959
2024-01-23 15:00:00,0.5409941721222944,0.5483404790839662,0.4525141312618906,564.9228383557778,36.67034964569248,82.81845831771962,7.301562142464756
2024-01-23 16:00:00,0.5243490578417668,0.5496758177917063,0.4514489955214727,551.9035131427353,33.639962366986964,82.86345810454361,7.307358062630937
2024-01-23 17:00:00,0.5394705520181635,0.550468900752946,0.4499217454504909,549.6786708809383,36.96022917287077,82.82245290771499,7.3029041934467305
2024-01-23 18:00:00,0.5208297270581406,0.5518040238378535,0.4490022163733113,537.0500755868472,33.63569639049949,82.86764913174925,7.309132467173913
2024-01-23 19:00:00,0.5289876920076646,0.5526234430261826,0.44763235296783555,533.0338964254178,36.630399082163834,82.8277236977078,7.305228915818157
2024-01-23 20:00:00,0.517123199013886,0.5538056260891268,0.4466897961668984,521.8608797911023,33.69578898329338,82.87273694251942,7.310854767099836
2024-01-23 21:00:00,0.49893855431713763,0.555024294508865,0.4458324659995647,508.6176485696429,30.609496999013764,82.91889681725351,7.316892342053191
2024-01-23 22:00:00,0.5130399012357122,0.5556680544164889,0.4445117310261784,506.2908589852286,33.85223438170181,82.87897843376733,7.312458007136682
2024-01-23 23:00:00,0.49393027661148664,0.5568541008099704,0.44377082049858846,493.5548593245167,30.54880653296563,82.9254739882953,7.31873960590622
2024-01-24 00:00:00,0.501655078160885,0.5575257705418153,0.4425754655386561,489.59883164672925,33.5599580406738,82.88675717661496,7.314740078294078
2024-01-24 01:00:00,0.4895711454866326,0.5585660974546374,0.44178862521813034,478.4823734042969,30.657716046068074,82.93310293563226,7.3203442743789875
2024-01-24 02:00:00,0.4712729253240894,0.5596509273490672,0.441077093789418,465.3795613206103,27.66217809833098,82.98066108356349,7.326332255453
2024-01-24 03:00:00,0.4852941771834328,0.5601570046465135,0.439901378357487,463.3371101054656,30.943457612294274,82.94196544750157,7.321703013234869
2024-01-24 04:00:00,0.4661872499561749,0.5612171041886236,0.43929363956175094,450.897258565178,27.726735790834095,82.98986767165351,7.327900480644189
2024-01-24 05:00:00,0.47393726715325274,0.5617575496007294,0.43823537447015437,447.3638778687973,30.822290318894996,82.9524261359395,7.323674626826096
2024-01-24 06:00:00,0.46205328401133405,0.5626684745501317,0.4375750724728336,436.66345911223044,28.00849238351666,83.00015656743528,7.329134863595519
2024-01-24 07:00:00,0.44407106836074733,0.563627704443459,0.43698315211223715,424.02794703411337,25.163127921586025,83.0491375396063,7.334943157679741
2024-01-24 08:00:00,0.45815289522026365,0.5640073059013124,0.4359401128253319,422.60121626344994,28.494760181961087,83.01166233513669,7.330064008276295
2024-01-24 09:00:00,0.43937847276554665,0.5649404946014265,0.4354552280497454,410.75100784694536,25.39864100819529,83.06094629673481,7.336073601294693
2024-01-24 10:00:00,0.4473066901213362,0.5653525995696194,0.4345308629681603,407.9364989846136,28.574025223030233,83.02473088240676,7.331579886939975
2024-01-24 11:00:00,0.4356822359558748,0.5661339793496882,0.43400115521925436,397.92930408798475,25.83404170454538,83.07377532066795,7.336854781531318
2024-01-24 12:00:00,0.4178129309080685,0.5669660557986032,0.43354928322395797,386.0406329424116,23.06398225372552,83.12409653551529,7.342505553145479
2024-01-24 13:00:00,0.4322264426899929,0.5672038636400618,0.43264613914405103,385.4120837574288,26.453460711716378,83.08778824839568,7.33732816786216
2024-01-24 14:00:00,0.5994923393254319,0.5636736774913592,0.43145214486942474,561.1588196535197,115.89112966565908,82.16948599498713,7.265921548924542
2024-01-24 15:00:00,0.6127024798957218,0.5610596186442272,0.43466741169502465,581.6617047773321,118.01713276701355,82.1286494557966,7.2584140360978475
2024-01-24 16:00:00,0.6132220836667868,0.5575828725237484,0.4391320355985263,592.9977075550546,113.34443296217418,82.17420859934393,7.2590605624972335
2024-01-24 17:00:00,0.6091081822186569,0.5539032624195501,0.4437288326458502,600.3764690190783,107.2464213477725,82.22118456444423,7.260344689681656
2024-01-24 18:00:00,0.6366877147926072,0.5496656021903631,0.44780760410630566,616.2347308573344,107.84549650355426,82.18287596800404,7.252457330097787
2024-01-24 19:00:00,0.6295463896103579,0.5462759420356231,0.45211264106263077,620.888596613969,101.08650670028112,82.22969650275549,7.254960788570518
2024-01-24 20:00:00,0.6474913096286787,0.5428403289011915,0.45546181671396635,632.3923309993112,100.68299056333184,82.19162405489539,7.248687830511868
2024-01-24 21:00:00,0.6440790026341134,0.5401128946643479,0.4588641474355968,636.0264596128617,94.4954850198678,82.23699679405746,7.251534743059772
2024-01-24 22:00:00,0.6327774431031772,0.5379430848632691,0.4617729199151308,636.5881666787984,87.69953008818233,82.28273357923662,7.25524655127416
2024-01-24 23:00:00,0.6524901330699044,0.5356061476241092,0.46379299403067015,646.4035905504353,88.00069736863678,82.24320575958745,7.249779144016987
2024-01-25 00:00:00,0.6377589949366363,0.5341937594720977,0.4659630259911669,645.381967538639,81.34011758470301,82.28848366960086,7.254468232268074
2024-01-25 01:00:00,0.6491191941427288,0.5326919543914381,0.4672013254634594,651.6206221874315,81.26854073031437,82.24916414957772,7.250107574739757
2024-01-25 02:00:00,0.6399589333299858,0.5318246662107822,0.46855675923446594,650.2243625511547,75.53749922748872,82.29366416196751,7.254694697383649
2024-01-25 03:00:00,0.6238937325870207,0.5313474016164935,0.46958674550005775,645.9484075871054,69.43617953818072,82.33875110927191,7.25991669929381
2024-01-25 04:00:00,0.639701205935674,0.5305824764773432,0.4698470461672468,651.2795585446902,70.37259780336342,82.2987281144752,7.255680330854561
2024-01-25 05:00:00,0.621882877310683,0.5305938122991414,0.47040884099692837,645.822390017811,64.54812797625485,82.34369219347535,7.2614900285031565
2024-01-25 06:00:00,0.6306243322756009,0.5303622240990188,0.4702178813698752,647.9838448291696,65.3055398816347,82.30418463804587,7.258000845627081
2024-01-25 07:00:00,0.6191976462151438,0.5306510365800104,0.4702767182565196,642.6704747644632,60.38858099492834,82.34876070355872,7.263468985675178
2024-01-25 08:00:00,0.6011900531523104,0.5311826175567337,0.47018139385952096,634.658176365002,55.207510506576135,82.39412631102516,7.269463124157065
2024-01-25 09:00:00,0.6155335127218192,0.5313255277836137,0.46942036773585516,636.5748802918456,56.91464789582915,82.35433243901429,7.26573474468991
2024-01-25 10:00:00,0.5964743845036425,0.5321369887949249,0.46908937826255515,627.8149883682299,51.957582816367506,82.3997912704767,7.27211681046885
2024-01-25 11:00:00,0.6041849094335718,0.5326023738378903,0.46812292725278243,626.9851287131921,53.51659636706935,82.36074290703385,7.268961796650705
2024-01-25 12:00:00,0.5919137828896859,0.5335241051360132,0.46747860698245464,618.795800288285,49.351561170839275,82.4059633322738,7.27485540626247
2024-01-25 13:00:00,0.573244306634984,0.534599166042288,0.46678387162311064,608.1043469801633,44.98274946071151,82.45210978756467,7.281209338270412
2024-01-25 14:00:00,0.5870375637039587,0.5352178898679636,0.4654975905358939,607.6675954849757,47.32023244408394,82.41294175357551,7.27761165765312
2024-01-25 15:00:00,0.5673938719692592,0.5364411592996571,0.46472662746791676,596.7070441984429,43.02483908198421,82.45926537229799,7.284278498465312
2024-01-25 16:00:00,0.5747665979603743,0.5372483303733011,0.4633859230995164,593.9027282113623,45.19635938060594,82.42100107909788,7.2811551653613735
2024-01-25 17:00:00,0.5622803458698501,0.5384739140615855,0.46240749660723096,583.8540708784046,41.588677901190884,82.46715271689195,7.287202859367664
2024-01-25 18:00:00,0.5434405969819022,0.5397999100623077,0.46144185324920894,571.485890375554,37.810421178875494,82.51432825645585,7.293677151027258
2024-01-25 19:00:00,0.5571753212540103,0.5406219308191449,0.45993186016635274,569.674980511915,40.5862522061948,82.47596283931551,7.289978647234137
2024-01-25 20:00:00,0.5373830649236453,0.5420190290779173,0.45897783203583364,557.3992467284525,36.75964341442869,82.52337907565784,7.296714340597564
2024-01-25 21:00:00,0.5446760651063873,0.5429513896396838,0.4575054704756911,553.5491923377995,39.34081260626981,82.48604684899388,7.2934494032912465
2024-01-25 22:00:00,0.5321952621749061,0.5442781304416068,0.45641814639739214,542.536487239514,36.097792438113025,82.53326277467475,7.299488500816833
2024-01-25 23:00:00,0.5134423184297605,0.5456720873748073,0.45537919323139164,529.3431223614526,32.723516046706564,82.58158813569999,7.30592170028576
2024-01-26 00:00:00,0.5270592403325869,0.5465323681048792,0.45383491372743534,526.9553822729633,35.75539117277371,82.54415931927272,7.302021973219482
2024-01-26 01:00:00,0.5075412196873746,0.5479433780795504,0.45285829845058434,514.1532482861904,32.26328487651422,82.5927374753433,7.30865622051317
2024-01-26 02:00:00,0.5148539423321546,0.5488645311887234,0.45140345824571604,510.0150968697956,35.10345582116373,82.55640284541468,7.30514762492714
2024-01-26 03:00:00,0.5024864690845575,0.5501633619038447,0.45034580384163375,498.7500814329078,32.08817327339181,82.60475222908333,7.311073194086558
2024-01-26 04:00:00,0.4838070750593025,0.5515098600777703,0.44936330797452956,485.4340251923523,28.96258249596363,82.6542695968695,7.317389791165038
2024-01-26 05:00:00,0.4975790009631936,0.5522957118664708,0.4478956399151446,483.1001517969247,32.16231743089611,82.61782506638507,7.313187571988461
2024-01-26 06:00:00,0.47816392258872087,0.5536290130072488,0.4470056805563786,470.38872296209126,28.859164049003724,82.66759587660465,7.319683916438054
2024-01-26 07:00:00,0.4856271077519293,0.55444779230536,0.44565932228156363,466.49134715564617,31.871653072063015,82.6323059777891,7.315863492069306
2024-01-26 08:00:00,0.47354305691138165,0.5556367010261745,0.4447111422587395,455.4842852312814,29.0127763781148,82.68182219935284,7.321593049816185
2024-01-26 09:00:00,0.4551955729660564,0.5568649826518923,0.4438472432583452,442.5043118002733,26.083933558593696,82.73255101469547,7.327695423020581
2024-01-26 10:00:00,0.4691105998253005,0.5575201535296935,0.4425177094555954,440.66352352364856,29.383065595431468,82.69710446725603,7.323166026978579
2024-01-26 11:00:00,0.45018220951274696,0.558715691589518,0.44175878282953995,428.42653040650663,26.256620194051294,82.74806501057958,7.329412008277596
2024-01-26 12:00:00,0.4578517110246596,0.5593928565149929,0.4405633648162222,425.1702827719844,29.382112717805267,82.71378266463121,7.325260629194072
2024-01-26 13:00:00,0.44606537423946013,0.560432721490206,0.4397668884437529,414.7711406928939,26.6310985275857,82.76443130497533,7.330755860975016
2024-01-26 14:00:00,0.4280825220011628,0.5615103002215185,0.43905805007849247,402.47239855065396,23.837978594906552,82.81631428094549,7.336619730729478
2024-01-26 15:00:00,0.44224700893481333,0.562002695865921,0.4378980730717796,401.4087343168177,27.20114884728835,82.78181275962892,7.331748904869765
2024-01-26 16:00:00,0.42353290619099676,0.5630413771658428,0.43730852132518777,389.94380642154886,24.14956261035867,82.83389795233342,7.337789275088494
2024-01-26 17:00:00,0.6301575489716075,0.5597454990452239,0.43349159286529787,632.4638816474193,164.3365610804766,81.43066025831831,7.2260774496325375
2024-01-26 18:00:00,0.6879302469712134,0.5571011657238044,0.43627359647002234,658.1369114567049,165.9441848721855,81.45815676681461,7.228222953369477
2024-01-26 19:00:00,0.6762979275184308,0.5527015937048071,0.44266237664691127,679.110379104654,164.43998672329005,81.50369957884186,7.228330084152333
2024-01-26 20:00:00,0.7057618808431249,0.5462847838123217,0.4494974268166961,706.9737539409514,168.42549868332478,81.46796041543445,7.218850682532048
2024-01-26 21:00:00,0.7045451297329237,0.5401472992903849,0.4568874719817038,723.0225593666369,164.0438506117416,81.51668859412155,7.219058060234878
2024-01-26 22:00:00,0.7289550753056703,0.5339187836506353,0.4632855177034916,744.8086450799211,165.11469998756982,81.48197048570954,7.211192581308341
2024-01-26 23:00:00,0.7324046536348151,0.5285058158792315,0.4695777823147724,758.5194401382794,159.9765517609604,81.52899930846554,7.212048941442454
2024-01-27 00:00:00,0.7268088864083843,0.5239760209866852,0.4750284152809291,768.6885046756303,153.39851691295877,81.57612338180522,7.2141049001271815
2024-01-27 01:00:00,0.7513046955719114,0.5196098696582535,0.47925824270289763,787.332100996219,153.66174684411,81.53839726770474,7.207782780050962
2024-01-27 02:00:00,0.7406190375068721,0.5164807541614791,0.4832965964927431,795.1731178219022,146.37391614401412,81.58430413229564,7.211288875092256
2024-01-27 03:00:00,0.7550759196669392,0.5136159209084415,0.4860333723918578,809.5498094788405,145.26829970198924,81.54593147662739,7.206546921987434
2024-01-27 04:00:00,0.7487273673819198,0.5116320863856024,0.4886215371406599,816.3263977780889,138.30774678077617,81.59018697599599,7.2103512732920425
2024-01-27 05:00:00,0.7347123188646004,0.5103042164330961,0.4905940245877607,819.9189610836522,130.3843146886955,81.63443262394276,7.214978901009451
2024-01-27 06:00:00,0.7521138961671828,0.508939908679808,0.49153963923830507,832.3130000871407,129.5820058208798,81.59438820736361,7.210867166361997
2024-01-27 07:00:00,0.7354635141259465,0.5085078228454035,0.4926173145210273,834.0601708353278,121.52944559403501,81.63791309905622,7.216357104657562
2024-01-27 08:00:00,0.7450757196186479,0.5080419880824258,0.49270785857010096,842.5444361269283,119.92521925422531,81.59766192253211,7.213243721261888
2024-01-27 09:00:00,0.7344962525238891,0.5082253233576352,0.49290916182348987,843.5516979239892,112.63863003770679,81.6404049080893,7.218585981447715
2024-01-27 10:00:00,0.7171197871903628,0.5087813898125852,0.49280327189806933,841.4825512475005,104.69076752291795,81.68348327896834,7.224566999243733
2024-01-27 11:00:00,0.7317206863892921,0.5090992612501211,0.4918928460261813,848.4408836694123,103.9559311196332,81.64243629310272,7.22148098492291
2024-01-27 12:00:00,0.7126721865471125,0.5101424337716355,0.49135151411503636,844.7959678241605,96.2183328138411,81.68525773277001,7.2280346888747085
2024-01-27 13:00:00,0.7203561109366652,0.5109542299847357,0.4900398629271346,848.1039414075638,95.09394657721563,81.64446761843904,7.225655001585423
2024-01-27 14:00:00,0.7080439368862791,0.5122806065533059,0.48899349447789303,843.9764814351907,88.37999598055097,81.68696365364038,7.231829449553181
2024-01-27 15:00:00,0.6892163981880152,0.5138153428975106,0.48782770264085484,836.9258993126691,81.24323009789642,81.73005887350573,7.2385491398817745
2024-01-27 16:00:00,0.7026492425472721,0.5149860025512477,0.4859925367158507,839.2029835630559,81.28923199362983,81.68897301997184,7.235887574417761
2024-01-27 17:00:00,0.6824477499817233,0.5167726791613391,0.4846576386660439,830.9082685131598,74.51430759880004,81.73211646890731,7.243034328155287
2024-01-27 18:00:00,0.6892326571433465,0.5182053295995567,0.48268250686390923,829.8495469309944,74.40527296417544,81.69164389624555,7.240932681046171
2024-01-27 19:00:00,0.6760965766486746,0.5200755003723967,0.48106027596577483,821.4787631838726,68.71399184379017,81.73466968298513,7.247555041676943
2024-01-27 20:00:00,0.6567634591717562,0.5220644656910228,0.4794063225573469,810.2622491739623,62.777819635307885,81.77850347775583,7.254632692551272
2024-01-27 21:00:00,0.669641614594755,0.5236097447535166,0.47717597968032793,808.7939132941783,63.84280491928153,81.73796416015776,7.252061929323247
2024-01-27 22:00:00,0.6490896221573907,0.5257115118003903,0.475505580149094,796.7854460212728,58.21982958501311,81.78201477056002,7.2594774665471125
2024-01-27 23:00:00,0.6555149526866741,0.5273873347204501,0.4732791225266048,792.396967708888,59.193809508413075,81.74230632699991,7.257374044322878
2024-01-28 00:00:00,0.642075677062688,0.5294596138168592,0.47144854371702244,780.8154681140697,54.52566722851691,81.78628141257535,7.264187559647435
2024-01-28 01:00:00,0.6223715650184122,0.5315937869875192,0.4696579766796233,766.64031655188,49.653971442405116,81.8312082073937,7.27144301551082
2024-01-28 02:00:00,0.6350741677324634,0.5332311516194086,0.46733175474530164,762.5042162680552,51.599132882412825,81.79154368876875,7.2687457531464155
2024-01-28 03:00:00,0.6146390871023851,0.5353962226830012,0.4655887124842242,747.9257896648196,46.94103252497391,81.83675598952847,7.276215169598594
2024-01-28 04:00:00,0.6210908862470197,0.5370956164117713,0.46333845426701004,741.317209653975,48.774623194548354,81.79803326783889,7.27391874892921
2024-01-28 05:00:00,0.6076475271380185,0.5391716739865323,0.461506518952072,727.6467934447754,44.877315958594664,81.84314820099387,7.280741891414018
2024-01-28 06:00:00,0.5879844028620035,0.5412802582263684,0.4597484992907579,711.5881667697719,40.8037212117557,81.88932080587207,7.287983902551643
2024-01-28 07:00:00,0.6007197719051195,0.5428536255718851,0.45749123567988853,705.909801503513,43.35532752717013,81.8506302803767,7.285017476645416
2024-01-28 08:00:00,0.5802371794530539,0.5449467438536453,0.45583556548889675,689.9185736232081,39.31494228675935,81.89711595418676,7.292455949027572
2024-01-28 09:00:00,0.5867509302097416,0.5465337577067347,0.4537060064467145,682.1665778047042,41.70354529241363,81.85949314641005,7.289859261001168
2024-01-28 10:00:00,0.573519146104203,0.5484899322345822,0.4519942068610903,667.431555416729,38.30564398002309,81.90585360579331,7.296557818081591
2024-01-28 11:00:00,0.5540687381957006,0.5504633932745273,0.4503756348352537,650.4877051838457,34.755285523043554,81.95336253986639,7.303658053876087
2024-01-28 12:00:00,0.5669293494436808,0.5518807827589226,0.44828079886125843,644.2423515403848,37.67807675522707,81.91572292705288,7.300330420208468
2024-01-28 13:00:00,0.5466500250021169,0.5538168665666348,0.4467883097191937,627.743878522197,34.04554737841565,81.9635307913366,7.307601737460364
2024-01-28 14:00:00,0.5532224866374931,0.5552244887744052,0.4448505677047736,619.7503696951661,36.77639107985636,81.92705148472679,7.3046356563325325
2024-01-28 15:00:00,0.5402242984299536,0.5569913584131191,0.44332962701891143,604.8179784061738,33.688747008890395,81.9747054265352,7.311114148271712
2024-01-28 16:00:00,0.5210057893860791,0.5587736326663645,0.4419094146421,587.8503289744606,30.472611054760154,82.02355693201186,7.31798962960503
2024-01-28 17:00:00,0.5338911925402682,0.5599781185242846,0.4400387809808956,581.8060696767502,33.603549358869614,81.9870334135723,7.314260248201563
2024-01-28 18:00:00,0.5138769088065811,0.561700649503202,0.438763721667936,565.5515999477471,30.229889119384985,82.03618597951113,7.321282198701438
2024-01-28 19:00:00,0.520575504102782,0.5628812602273218,0.43706309486716605,558.0239164987066,33.17205795477602,82.00087060991552,7.317898279255096
2024-01-28 20:00:00,0.507788371755738,0.5644190960477482,0.43577611204313943,543.5871166984598,30.265054449038782,82.04982606871424,7.324108716304518
2024-01-28 21:00:00,0.48873950808161515,0.5659702821851164,0.43459681625270197,527.2202384802399,27.255208823515645,82.10004151832092,7.33071559471333
2024-01-28 22:00:00,0.5018200600676334,0.566924894056133,0.43297990751100635,521.9517836028767,30.519918958534163,82.06463052418036,7.326536734958076
2024-01-28 23:00:00,0.48210821383054725,0.5684059388966751,0.4319484151681002,506.48078369009244,27.31683271919891,82.11515051269103,7.333263263523181
2024-01-29 00:00:00,0.4889776654881629,0.5693382787605897,0.4305047005664514,499.9123824096324,30.39528805966246,82.08100530555619,7.329445045340888
2024-01-29 01:00:00,0.47652853535141126,0.5706226352965007,0.4294687822800351,486.4062944963794,27.62277601966136,82.13126450701236,7.335325980900926
2024-01-29 02:00:00,0.4579192856933246,0.5719254516465526,0.42853541161981457,471.06106138899617,24.78369639472674,82.18281572022059,7.34159200276054
2024-01-29 03:00:00,0.47123875627761014,0.5726252414249157,0.42717830038314514,466.9647545721313,28.130643853454913,82.14849027002214,7.336966352815002
2024-01-29 04:00:00,0.45182754387857677,0.5738593890192848,0.42639768729731536,452.62644981055234,25.040963906381794,82.20032138979673,7.343379776316373
2024-01-29 05:00:00,0.4589453229516836,0.5745401760819574,0.425212842217475,447.3223428444028,28.213021901924925,82.16729526311926,7.339127754072481
2024-01-29 06:00:00,0.4468835510713984,0.5755732098533393,0.42442879135827655,435.04739437789686,25.519430194167818,82.21879071646738,7.344683690648073
2024-01-29 07:00:00,0.4285316050639751,0.5766324804943219,0.42374844929024397,420.9641714750287,22.772906835964367,82.27160820646056,7.35064293943879
2024-01-29 08:00:00,0.44223186516716456,0.5770761631678963,0.42264695731687263,418.20270971613087,26.18010796923857,82.23834233889862,7.345579656604551
2024-01-29 09:00:00,0.4233821391274174,0.5780644021218545,0.42210589618201777,405.15477380398426,23.19842944905542,82.29140940123428,7.3516438279362175
2024-01-29 10:00:00,0.43089224872965015,0.5785048713292906,0.42116494405276494,401.2413962493264,26.441556587449238,82.2594286934252,7.346978240794827
2024-01-29 11:00:00,0.4315122734318326,0.5790586337429664,0.4204450582977529,397.1996821277708,28.19305678673293,82.22935333509442,7.344373335550453
2024-01-29 12:00:00,0.6125717824242927,0.5755808119165721,0.4185173016017161,569.1092396853782,119.26338886234983,81.35184898971102,7.270278097235323
2024-01-29 13:00:00,0.5952601870349461,0.5737281202351983,0.4221462107246462,581.1599626184944,115.09471097577656,81.39682298500433,7.272683745917892
2024-01-29 14:00:00,0.6171357218218476,0.5697946780232884,0.42630718125058803,599.9465259378665,116.64651161786504,81.36195657868545,7.264184111246619
2024-01-29 15:00:00,0.6124978942778061,0.5658090786263293,0.4313483489088376,607.9601689278958,110.64720339304505,81.41234449922673,7.265575442009138
2024-01-29 16:00:00,0.620222106096381,0.5616331827991963,0.43594933485432075,619.3555251913114,108.68254245819877,81.38162245690141,7.260195847930776
2024-01-29 17:00:00,0.6334873865793019,0.5574982027961474,0.4403758400910127,627.4618704436724,104.33166932112242,81.42841571939223,7.259501381650988
2024-01-29 18:00:00,0.6248214109269192,0.554109898191981,0.4446255780477091,630.1464407856088,97.33884478270478,81.47835153162902,7.26222887383735
2024-01-29 19:00:00,0.6463094576004673,0.5505907680637373,0.4479031957398837,641.127384308613,97.31036417806455,81.44331414231448,7.25560581846813
2024-01-29 20:00:00,0.6359052725976913,0.5479898242832902,0.45131928986113723,642.3066588539491,90.50250739329704,81.49252006270423,7.259280995596058
2024-01-29 21:00:00,0.6364745013391856,0.5456259017563583,0.45393174826075866,647.6021844957181,88.33851333770448,81.46009732365543,7.256221095773317
2024-01-29 22:00:00,0.6424737145743915,0.5435088363454535,0.456170769561039,650.1274772090507,84.01707769673078,81.5055717035315,7.25777459104128
2024-01-29 23:00:00,0.6272056943686233,0.542096196647735,0.45827234518488086,647.5425095508557,77.42622292310504,81.55404471119634,7.262486287591714
2024-01-30 00:00:00,0.6431292430192234,0.5404797907817067,0.45945770149829507,653.6411466862126,77.90410687809742,81.51782261416344,7.257592212794751
2024-01-30 01:00:00,0.6278985484003079,0.5396611138654518,0.4609050146113182,650.1093598357362,71.7628156486679,81.56597961490247,7.2628219867276735
2024-01-30 02:00:00,0.6245331280573957,0.5389077607236735,0.46172520067531,650.9618072883713,70.41717309090843,81.53270068691607,7.26103718618765
2024-01-30 03:00:00,0.6272001548734014,0.5382924189208302,0.4622870793970649,649.2387666689185,66.84390822340656,81.57765775059077,7.263783625394697
2024-01-30 04:00:00,0.6092312824723449,0.5382156445257327,0.4628946101435018,642.5782537558642,61.177199550991425,81.62580230132038,7.269532931487064
2024-01-30 05:00:00,0.6229463193051039,0.5378045337922721,0.4627280235443787,644.9101501580623,62.50221331538805,81.58933270453981,7.265422811441805
2024-01-30 06:00:00,0.6058565772075871,0.538076703634967,0.46295546842209384,637.720895233001,57.25441119113393,81.63739686436836,7.271451719891256
2024-01-30 07:00:00,0.6009863407505172,0.538280547439688,0.4627080265133225,635.1964695775965,56.843239012258394,81.6041008112455,7.270240219605697
2024-01-30 08:00:00,0.6024349580189201,0.5385373607025374,0.4622957887825571,630.2730542137001,54.07350736274349,81.6492482337706,7.273560682712199
2024-01-30 09:00:00,0.5833794403912526,0.539227092784671,0.4620565245610516,620.5767411783049,49.295070080320066,81.6977483258678,7.279837726225598
2024-01-30 10:00:00,0.59626100379042,0.5394907193117748,0.46114291552461034,620.1970090029457,51.380497557485754,81.66155368169363,7.276021376634181
2024-01-30 11:00:00,0.5784840416016697,0.5403683017966205,0.4607043646525675,610.4088624227279,46.90319350202267,81.71007754841177,7.282437252548218
2024-01-30 12:00:00,0.5730513919093472,0.5410904221227597,0.4598908377441795,605.5632981315842,47.252266403589026,81.67722253720534,7.281422148787964
2024-01-30 13:00:00,0.5739815893216494,0.5418122821850281,0.45897265806605414,598.4692472270344,45.097210821695015,81.72293879400252,7.284991659907508
2024-01-30 14:00:00,0.5546254476681532,0.5428996448415606,0.45830127597228226,586.7808595117743,40.9977449186364,81.77213897887306,7.291490319257901
2024-01-30 15:00:00,0.5672045160283323,0.5435011822844075,0.45702339773521644,584.7017761101141,43.62465102596926,81.73650372973856,7.287696500183855
2024-01-30 16:00:00,0.5492406037706173,0.5446758071160994,0.45626502701773075,573.3143446982151,39.695746027936245,81.78576126394712,7.29425093075015
2024-01-30 17:00:00,0.5436240806084792,0.5456391560652627,0.45519665755596933,567.1209129474069,40.570795846953,81.75358541392897,7.293213400241382
2024-01-30 18:00:00,0.5444370657418881,0.546565721333274,0.4540595777615529,558.7967744930484,38.82468466938323,81.8000672332107,7.296819338061587
2024-01-30 19:00:00,0.5250311564051146,0.5478195243124758,0.453213226549971,546.0269319811665,35.179093217053804,81.85015695998764,7.303359673863981
2024-01-30 20:00:00,0.5375290942091451,0.5485457942635762,0.45180636993692275,543.1265806238539,38.15479371338901,81.81521913217395,7.299417138489827
2024-01-30 21:00:00,0.5195966622846458,0.5498208366699003,0.45094183403273735,530.9728169893998,34.57883451871081,81.8653880510589,7.3059587939630815
2024-01-30 22:00:00,0.5139984387101937,0.5508500374581413,0.4498083574382477,524.2430804338529,35.795897304262795,81.83401479783744,7.304763064395076
2024-01-30 23:00:00,0.5148706774264555,0.5518165824636658,0.44862880231455354,515.4548649958145,34.305844477571874,81.88138400096445,7.3082692487667815
2024-01-31 00:00:00,0.4955664900949331,0.5530896006470329,0.44776439121742617,502.33827395070665,30.95691601724785,81.93246071102396,7.314727912375176
2024-01-31 01:00:00,0.5081216916349863,0.5538056341512307,0.4463712375546341,499.29774607937145,34.14675670725645,81.89830915694439,7.310539524599082
2024-01-31 02:00:00,0.4903611606013425,0.5550580753644155,0.44552955718145887,487.04387286309293,30.803827100094573,81.94946875979629,7.316956521120392
2024-01-31 03:00:00,0.48490198286494396,0.556042027138538,0.44444632216614444,480.3865289232282,32.24572989824452,81.91896789517756,7.31551765743767
2024-01-31 04:00:00,0.48595788701524617,0.5569467208770599,0.4433297617814459,471.7191576857757,30.919226577772513,81.96728437519383,7.318835022378617
2024-01-31 05:00:00,0.4668300028877367,0.5581488679942163,0.44254144934699935,458.8019880784837,27.768241936018086,82.01939279933602,7.3251338786860964
2024-01-31 06:00:00,0.4795311746312439,0.5587729001730948,0.4412463959935533,456.1289968660346,31.09929619627546,81.98605865477933,7.320634471263633
2024-01-31 07:00:00,0.4620434534050804,0.5599276440153597,0.4405039863888607,444.2413804671327,27.909439386246937,82.03824686291141,7.3268671041806215
2024-01-31 08:00:00,0.4567995625652773,0.5608021261916791,0.4395371296943312,438.09340015018824,29.504741917900617,82.00864845254662,7.325140897715202
2024-01-31 09:00:00,0.45807362176609084,0.5615856203150819,0.4385454266764309,429.9395437100498,28.282701328033053,82.0579233268192,7.328223981631007
2024-01-31 10:00:00,0.43929397743943255,0.5626632020836915,0.43788409269738343,417.60172488516497,25.277335478519085,82.11104621707939,7.334304764732876
2024-01-31 11:00:00,0.4522429165363002,0.5631491703598606,0.436732379435163,415.6214775534586,28.704371024355353,82.07853155270077,7.329469330854891
2024-01-31 12:00:00,0.4351028829997101,0.5641658241280567,0.4361297408263316,404.40591412852564,25.623712098908705,82.13172930639598,7.335478716513683
2024-01-31 13:00:00,0.4301651645748771,0.5648972466686509,0.43531212629514243,399.03639718135906,27.329562604212526,82.10300275793452,7.33344711150363
2024-01-31 14:00:00,0.6160601822500352,0.5612710530197248,0.43362965490249405,577.2798033527545,119.16794905004863,81.22907825661513,7.259900282440423
2024-01-31 15:00:00,0.6021184935423236,0.5593189882969644,0.43711716539922435,589.2635651999423,115.14201010787997,81.27570405307398,7.261789548836757
2024-01-31 16:00:00,0.6266952853465494,0.5556173385232133,0.44088128976416385,608.124698226292,116.92162004073634,81.24083434614792,7.253400161169052
2024-01-31 17:00:00,0.6231324080334756,0.5520262891403974,0.44544396677989895,616.3700667252944,111.20842610469198,81.29072707788907,7.254925733578779
2024-01-31 18:00:00,0.6310240320167381,0.5483301404885411,0.4495223678194044,628.0159793284722,109.49633231378724,81.25949351876383,7.249926169364361
2024-01-31 19:00:00,0.6442677036085329,0.5447239871257219,0.4533884740938512,636.4834896273135,105.43506792272203,81.30561605190502,7.249527873988769
2024-01-31 20:00:00,0.6353231665733651,0.5418575483768435,0.45709497971907764,639.5298805193288,98.68278303326746,81.35476050147979,7.252533752859458
2024-01-31 21:00:00,0.6565120610479361,0.5388676581863205,0.45982331624489653,650.8467828250111,98.85237657111016,81.31911126570031,7.246339116568363
2024-01-31 22:00:00,0.6458293311950727,0.5367727734028677,0.4627143724179505,652.4010875867384,92.22388725286814,81.36754721267943,7.250273247524463
2024-01-31 23:00:00,0.6460334979467778,0.5348933038202495,0.4648268368363102,658.0088478383759,90.16640754065845,81.33450986332639,7.247591195245133
2024-02-01 00:00:00,0.6518577392719123,0.5332506382283799,0.46657161491020505,660.9000571900652,85.97203628236655,81.37922651199366,7.249397649712096
2024-02-01 01:00:00,0.6363509693869454,0.532278879468562,0.4682161360676367,658.651562889489,79.44593519639322,81.42694330212868,7.254338775927167
2024-02-01 02:00:00,0.6520721936738912,0.5310944149435989,0.4689537083348974,665.0346057249332,79.95993791029744,81.39013794804058,7.249789320472645
2024-02-01 03:00:00,0.6366845149578463,0.530681310980658,0.4699806960032453,661.8124119424191,73.83867592659799,81.4375473964696,7.255220649198738
2024-02-01 04:00:00,0.6209099679556728,0.5305361392426293,0.4705927639767115,656.5849289163476,67.92189995943542,81.48504187320297,7.260554105422233
2024-02-01 05:00:00,0.6077492709623027,0.5306754265149952,0.47072250800840304,650.1522699318497,62.52386787345561,81.53231808505176,7.265558124606354
2024-02-01 06:00:00,0.6253680512847986,0.5305636040402122,0.470132003053081,653.654895547921,64.05672182798077,81.49470699811715,7.261128632882993
2024-02-01 07:00:00,0.6084986821846425,0.5311851611035591,0.4699649781610047,646.6306611969367,58.82209765857884,81.54151047737166,7.266951462886838
2024-02-01 08:00:00,0.6175624715618497,0.5315033155578414,0.46914547355396335,647.2497113315011,60.0826592756074,81.50438933986548,7.26345555761944
2024-02-01 09:00:00,0.6066946108718657,0.5322854772528474,0.46864017892314513,640.5886574238758,55.705880055634054,81.55064143094847,7.26891832340099
2024-02-01 10:00:00,0.588938756345015,0.5332377561323295,0.4680806003988803,631.3039418444536,51.01828491962492,81.59778031701671,7.274965260678748
2024-02-01 11:00:00,0.6034173807996086,0.533741791197201,0.46692623146611245,632.0666480218292,53.124778258318514,81.56017875076373,7.2711856096229495
2024-02-01 12:00:00,0.5842662499056245,0.5348555915444759,0.4662841922798083,622.2955790440724,48.53037208510398,81.60739359180191,7.277647672377588
2024-02-01 13:00:00,0.5918524732748992,0.5355676754491867,0.46506144592564524,620.438653562975,50.39115485294595,81.57066362002769,7.274486697664843
2024-02-01 14:00:00,0.5799214930731061,0.5366953719252546,0.46418782218069615,611.377363956842,46.5762339289741,81.61752959262289,7.280336863236763
2024-02-01 15:00:00,0.5613911690568575,0.5379390542705581,0.4633159894450219,599.8855424574923,42.500162640577734,81.66541147523094,7.28670447228538
2024-02-01 16:00:00,0.575147201270502,0.5386958263974934,0.46189113653381025,598.7306420682896,45.05463350676642,81.62841139502521,7.283033847565304
2024-02-01 17:00:00,0.584429246354709,0.5395064413732169,0.46063867849252427,597.6099978209294,47.198858003647814,81.59164340996348,7.280064690672797
2024-02-01 18:00:00,0.5633273128922984,0.5407577651991408,0.45998332138900627,586.6881690524378,42.7723699162333,81.64003161476141,7.28720994303511
2024-02-01 19:00:00,0.5556647458594318,0.541735122951006,0.45900877376782784,580.7075545296904,43.19997378611844,81.60739864986316,7.286707658437075
2024-02-01 20:00:00,0.5552609501532605,0.5426537484751425,0.45794140521605364,572.537334266956,41.13009709798597,81.65337058650691,7.290656021204109
2024-02-01 21:00:00,0.5349219612995654,0.5439053738405623,0.4571365744453348,559.8302065230786,37.16453116196663,81.70300786487121,7.297484555315091
2024-02-01 22:00:00,0.546782523141185,0.544647919347871,0.45573493883873456,556.8847430071547,39.89313684960001,81.66784499847321,7.29387197638922
2024-02-01 23:00:00,0.5283785121460123,0.545953412913742,0.4548523793682208,544.6846559679249,36.104882244181255,81.71763712210242,7.300628202812241
2024-02-02 00:00:00,0.5223583623421064,0.5470326984846174,0.4536755600292831,537.8110791361981,37.120724950112184,81.68608970082576,7.29970909904101
2024-02-02 01:00:00,0.52295483995077,0.548066850231732,0.45243001077197514,528.9033737030543,35.50556994301127,81.73312787361365,7.30340229225879
2024-02-02 02:00:00,0.5325703293713044,0.5488731971751536,0.4511741914830012,526.9169764048519,37.931880107879515,81.69861894739883,7.3002769818215185
2024-02-02 03:00:00,0.5389797795862272,0.5496079892382785,0.4501334705452532,524.8404267026858,39.99313269052264,81.66474244603262,7.297603970823776
2024-02-02 04:00:00,0.5160973588051688,0.5507355886924422,0.44968129102565496,512.8814253468386,35.604371541247254,81.71638574391727,7.305114052016275
2024-02-02 05:00:00,0.5073058376020428,0.5515542020370195,0.4489172858640715,506.1517931831676,36.18361159373831,81.6869576467529,7.304632941428089
2024-02-02 06:00:00,0.5061259412674586,0.5522959679640735,0.4480554863809204,497.27752633095366,34.21486036224656,81.73625634609076,7.308645689040236
2024-02-02 07:00:00,0.514601400848105,0.5528159369914831,0.4471395095378743,495.3555257095473,36.365453278877546,81.70402255920489,7.305677924714894
2024-02-02 08:00:00,0.5202583977123709,0.5532901370397783,0.4463903703287182,493.3481682682206,38.2150920227557,81.6724484836317,7.303093893494029
2024-02-02 09:00:00,0.4969297492753875,0.5541920702439223,0.44618028191169185,481.4379838430238,33.70015001277281,81.72642628468293,7.31070791510294
2024-02-02 10:00:00,0.48779292100287447,0.5548143484931107,0.44562574483314216,474.8420101789747,34.21677769541906,81.69930769504177,7.310233571130108
2024-02-02 11:00:00,0.4864021094754767,0.5553756717156464,0.44494902143176773,466.0925902474956,32.19561990044926,81.7509192295886,7.3142661299322915
2024-02-02 12:00:00,0.7248347471189833,0.5512146602003188,0.44146180894548936,705.5707935680844,167.66177408201017,80.47153025494781,7.214425881435912
2024-02-02 13:00:00,0.7428805367089847,0.5480072953680646,0.44604777481934094,737.9920559183975,175.64650848922426,80.4290558220142,7.207822612535145
2024-02-02 14:00:00,0.7549894313045052,0.5422629900450349,0.453011445779502,767.6264920972567,181.09824586350706,80.39772214307219,7.200478111832303
2024-02-02 15:00:00,0.7649971461222481,0.5355164046690075,0.46083836847574133,793.4925123796411,183.71188281625004,80.36999936700526,7.194792990216381
2024-02-02 16:00:00,0.7753184311649405,0.5285995347527176,0.46868719061150566,813.9300580695425,182.38544955824875,80.4198986938615,7.193879745116575
2024-02-02 17:00:00,0.8015662601895293,0.5217358261393599,0.4757922998433771,842.6101188236938,187.8681375886651,80.31294122449644,7.1831531885288875
2024-02-02 18:00:00,0.8273085302892957,0.5153147135129474,0.48244631785949355,868.5499012867924,191.24891308311766,80.27999968194528,7.17614108405963
2024-02-02 19:00:00,0.8225897485925047,0.5099632401824276,0.48892587486228917,886.2974387356671,188.27118132488474,80.2574559912515,7.176630089038514
2024-02-02 20:00:00,0.8296073750872373,0.5051097826191348,0.49430015313434406,904.3168807770373,186.382479684422,80.30247845726025,7.176303042452204
2024-02-02 21:00:00,0.8369661953435833,0.5010002393330621,0.4987279554008708,923.183883753729,185.67700544696473,80.27329374227611,7.1737224102068105
2024-02-02 22:00:00,0.8145267007176192,0.49815049163051056,0.5026791461414467,931.5052971240444,177.4888498206026,80.3264188998363,7.179931254044539
2024-02-02 23:00:00,0.8123070866772206,0.49586445782613703,0.5050932440302373,944.2491845769478,174.26840361961837,80.29820148962895,7.178797386062057
2024-02-03 00:00:00,0.8074575867167266,0.4943790768384699,0.506832562062379,952.1991673465392,167.2388375954311,80.34909750593812,7.183363759005996
2024-02-03 01:00:00,0.7880355586863285,0.49379209575994804,0.5079733998421961,955.6895144972516,158.09853523057072,80.40098169262829,7.189709949566109
2024-02-03 02:00:00,0.7723014809322764,0.49383825647829843,0.508203821274676,957.3957165402911,148.92588507923548,80.45228896814567,7.195688030695416
2024-02-03 03:00:00,0.7881110322084127,0.49397419535168086,0.5073526463345464,967.9006431716151,146.95027300292,80.42031681396494,7.192978312031266
2024-02-03 04:00:00,0.7697490620299203,0.4950326714615964,0.5067132721268879,967.9619141249467,137.69734903000688,80.47041175666176,7.199669065708408
2024-02-03 05:00:00,0.7777230933103675,0.49602902999393117,0.5051604286003459,974.5955751210442,134.91423223033715,80.43777310839181,7.197794039065514
2024-02-03 06:00:00,0.7656985814771587,0.49763135460612357,0.5037996040831586,973.9303757005313,126.51021202456317,80.48688408241087,7.2041821034130376
2024-02-03 07:00:00,0.746967559986988,0.49951375344245935,0.5022521370590743,970.1494054960464,117.42066812237232,80.53615899996318,7.2111617186083015
2024-02-03 08:00:00,0.7604092258806205,0.5011095581798803,0.49997002245402256,975.2317360811306,115.64550036540231,80.50234017229465,7.209055908029897
2024-02-03 09:00:00,0.7402000198077965,0.50334025799861,0.49817119121585723,969.8190140074934,106.85142052650714,80.55110508428582,7.216490578646012
2024-02-03 10:00:00,0.7468468408045785,0.505263048393338,0.49569067289234797,971.1654901390316,104.72049033065626,80.51723376260716,7.214981445904161
2024-02-03 11:00:00,0.73365991397922,0.5076363901977549,0.49355552298478506,965.2429436819632,97.07451532644292,80.56544923768787,7.221921398086843
2024-02-03 12:00:00,0.7140168565208612,0.5101317697264168,0.49139242615032186,956.2973729049014,89.01291457274202,80.61415623593197,7.229383062204852
2024-02-03 13:00:00,0.7266330439063101,0.5122154564620383,0.4886195877945072,956.4913598646516,88.23946273932955,80.57964081912712,7.227427898510077
2024-02-03 14:00:00,0.7344759859771627,0.514356420796014,0.48603640610252286,956.168806976386,87.36847335679396,80.54519786187322,7.226144218155362
2024-02-03 15:00:00,0.7359468412306202,0.5164744212331875,0.4837347374906672,954.7559732830595,86.113275506386,80.51126607984934,7.225725721957358
2024-02-03 16:00:00,0.7576303463131909,0.5180786654277287,0.4814308255411338,961.6441676426198,90.4304553573936,80.39720009892284,7.2181850938418535
2024-02-03 17:00:00,0.7702885834496084,0.5194538920913006,0.47983858345469255,965.0752137911759,91.13457772473961,80.36216921402699,7.216695643094013
2024-02-03 18:00:00,0.7651553393774305,0.5206602706585945,0.4790015412621588,965.3203207315961,89.61121663412486,80.33092670608488,7.218056024446342
2024-02-03 19:00:00,0.7625695012591497,0.5214754742230417,0.4784034707271898,968.3323484968018,90.58086322459614,80.22459449754872,7.215454238725575
2024-02-03 20:00:00,0.7752497930561022,0.5217997840687245,0.4777722133160324,972.1668107372257,92.05517108903953,80.19055260671955,7.213008143820902
2024-02-03 21:00:00,0.7830864815352319,0.521982799918319,0.47750025692165454,978.369391704722,94.93494958692669,80.08334846788395,7.208301114699995
2024-02-03 22:00:00,0.7859586085225471,0.5220046217610051,0.4775899405538414,980.5365520410231,94.27741329564773,80.05568451283892,7.208996287861075
2024-02-03 23:00:00,0.7742453312059717,0.522097616821786,0.4780069892834664,979.320857443511,91.55169305554547,80.0317468210123,7.212033425846292
2024-02-04 00:00:00,0.7671582320902994,0.5220809085032955,0.47827573871592327,980.7896242802358,91.4920299034,79.93316819494137,7.2107756425426555
2024-02-04 01:00:00,0.7672095391819712,0.5220051136707629,0.47830603956296563,981.0090634763529,90.83620315305681,79.90817147334496,7.210858098787429
2024-02-04 02:00:00,0.7651223807649756,0.5220744333684675,0.47823629138814777,979.2854248685196,88.94915215918097,79.88725437484939,7.212575581814735
2024-02-04 03:00:00,0.759792361948007,0.5223176636787905,0.4780825128003433,976.3504965382228,86.47827522378911,79.86847473166287,7.215063080907624
2024-02-04 04:00:00,0.7522221549134699,0.5227134900629151,0.4778346789936397,972.5670120628487,83.74344364604245,79.8508577105357,7.217912151247736
2024-02-04 05:00:00,0.7478179431947598,0.5231561584191294,0.4774159095550163,971.8323196595404,83.76013051992832,79.75827757841996,7.216541418360093
2024-02-04 06:00:00,0.7494669049005558,0.5235855795555708,0.4768016127351181,969.9926386437841,83.20578392041129,79.73889788352855,7.216642517937923
2024-02-04 07:00:00,0.7482962515115401,0.5241485025870156,0.47615453364266225,966.309593712618,81.4519608618969,79.7234393727225,7.218457820745831
2024-02-04 08:00:00,0.7434830514734772,0.5248458037897131,0.4754971680067336,961.5063488999107,79.14501750511764,79.70995741949831,7.2210716849842065
2024-02-04 09:00:00,0.7268284243926592,0.5258271115024207,0.47485741096364475,953.5536014417946,75.66112467128316,79.6983428320714,7.225008996088005
2024-02-04 10:00:00,0.7059861963978341,0.5270679600098,0.4740493548571546,942.3672347673086,70.53792822211653,79.6917817785297,7.231271913565561
2024-02-04 11:00:00,0.6983630571224759,0.5282905147401633,0.47278586529661853,930.7991223619838,65.79952393852297,79.7570118664688,7.237892175024597
2024-02-04 12:00:00,0.6957266635135769,0.5296185774051053,0.4712228710228301,922.2817236045055,64.17318635863943,79.74661640927962,7.239772959346943
2024-02-04 13:00:00,0.6917675207683158,0.5311302072442835,0.4695123119944769,912.9519375221156,62.67149101614,79.73668920955818,7.241652412436697
2024-02-04 14:00:00,0.6827834261478086,0.5328589881703302,0.4677637127648388,902.3190887438116,60.80237241361137,79.72749940610063,7.244213145782006
2024-02-04 15:00:00,0.6670619054965256,0.5348135096942005,0.46604757785432943,888.9141001301621,57.198036168530095,79.72299684987955,7.249504719044795
2024-02-04 16:00:00,0.6628177593872727,0.5366336397937171,0.4640945961028729,875.4088744203528,53.81689730105756,79.79004479044727,7.255382028921352
2024-02-04 17:00:00,0.6625591646161358,0.5384159246315106,0.4620422575385913,865.3039160161901,53.42111655711327,79.78116991788899,7.2565189255359455
2024-02-04 18:00:00,0.6602953750000258,0.5402448291483413,0.4600131459212734,854.6139154595379,53.034772794918986,79.77265959089571,7.2577527146691105
2024-02-04 19:00:00,0.6620773583805235,0.5420015305357551,0.4580202315591454,845.2751813523087,52.964876268989606,79.76395798234192,7.258719992991213
2024-02-04 20:00:00,0.6641635156602546,0.5436209044307935,0.4562276855139143,839.9410236757507,55.36244599257923,79.6794352094919,7.255543089059083
2024-02-04 21:00:00,0.655189802361705,0.5452523950290088,0.4548368375584778,826.8699016542391,51.90090331037629,79.74824344756698,7.262032997898801
2024-02-04 22:00:00,0.6511729981134643,0.5466494251543984,0.4534281385979202,816.8624138396038,51.400997583586204,79.74165872135877,7.263526324738213
2024-02-04 23:00:00,0.6465907991932821,0.5480098509988367,0.45202572110178785,806.1914248955069,50.94158441602647,79.73562565514672,7.264920316335566
2024-02-05 00:00:00,0.6469671685215899,0.5492744031154326,0.4506202981961277,796.8682444061907,50.80792709096832,79.72945356895382,7.265922215735424
2024-02-05 01:00:00,0.6481952329939678,0.5504165190339279,0.4493621278130761,791.6284542482308,53.1590619273747,79.64747718654608,7.262652041298627
2024-02-05 02:00:00,0.6538615711394221,0.5513221549286299,0.44822462471646063,785.6945423845627,54.65945414119765,79.63833761780765,7.261207383320591
2024-02-05 03:00:00,0.6557363991008887,0.552136310389038,0.44733121272214327,778.4011660842324,54.783463467709765,79.63281849752119,7.2617188202605405
2024-02-05 04:00:00,0.6533758360315927,0.5528745560357314,0.4466660376767159,770.4372527549375,54.19350008112729,79.62916226354086,7.26316446708094
2024-02-05 05:00:00,0.6387814815809592,0.5537163604410029,0.4462198271155306,759.7516804135008,52.46243942790763,79.62723698701743,7.266035188910171
2024-02-05 06:00:00,0.6196125745340183,0.5546561269285607,0.44577811722405286,746.2199572429004,49.049706120994095,79.63025732636727,7.271416238169986
2024-02-05 07:00:00,0.6133085119849688,0.5554265969779643,0.44503669986192174,732.5564274917774,45.85807250831756,79.70493196028592,7.277225874851688
2024-02-05 08:00:00,0.6118772895844902,0.556184411016395,0.4441095167329356,722.6280478436231,45.6933786887786,79.70361685382863,7.277989167776234
2024-02-05 09:00:00,0.6088894942034582,0.5570415824385924,0.44311844843633097,712.2896506254626,45.56329227065111,79.70260441357215,7.278777878589413
2024-02-05 10:00:00,0.6008475527293401,0.558050735180078,0.4421458997018844,701.0492421089282,44.99109244717101,79.70231173941971,7.280282734356062
2024-02-05 11:00:00,0.5860156207679975,0.5592375744230434,0.44124573576475645,687.3836354884089,42.59098808864957,79.70654500246476,7.284662885543062
2024-02-05 12:00:00,0.5976226494506985,0.5599540910552578,0.43993463095431296,681.0676450464119,45.17534132206128,79.70150433215046,7.281554931894898
2024-02-05 13:00:00,0.604392235659177,0.5607149007249069,0.43884379260385553,674.0549216136982,46.26054568782678,79.6994289522051,7.2807076033256894
2024-02-05 14:00:00,0.7821843061640568,0.5575359094762534,0.4368705074155601,834.9170022737605,138.61824467617618,78.86381201266403,7.2092230337545375
2024-02-05 15:00:00,0.7769629344122321,0.5548966735666783,0.44113988645518787,854.1322751631396,141.56240620296927,78.85745810765877,7.206714606177924
2024-02-05 16:00:00,0.7811813593551766,0.5503646078081043,0.4466674753481035,874.8823316489342,145.61343679462328,78.7809466317665,7.199628951766864
2024-02-05 17:00:00,0.7944359541665968,0.5450510466366741,0.4524870460851633,893.3073304342938,148.11969528039424,78.77611712420854,7.194064114077806
2024-02-05 18:00:00,0.8051878999951195,0.5397483715332646,0.458253324635656,909.0122179034889,148.60971413201537,78.77475292088558,7.190593301176643
2024-02-05 19:00:00,0.8112991129695987,0.5347961850947084,0.463713687668298,922.8428941867127,147.8601124600633,78.7747331234325,7.188447966280024
2024-02-05 20:00:00,0.7845805684313949,0.5309504289371914,0.46893847498015473,925.3856258313888,139.2620193624213,78.85591710670177,7.195927825143233
2024-02-05 21:00:00,0.7605084954411064,0.5279444732284666,0.4728617423011799,924.728578372624,130.17135347380795,78.93679842275806,7.202973961881524
2024-02-05 22:00:00,0.7426876047976982,0.5258594896229367,0.47542354630229217,922.1582499522148,121.23981215919,79.0167485608411,7.209334326848507
2024-02-05 23:00:00,0.7283093554980655,0.5246484774797353,0.4768749457816061,918.0970299757829,112.5544397035154,79.0954902351749,7.215323321519014
2024-02-06 00:00:00,0.7159708105897113,0.5242346229197111,0.4773905049155137,912.6697555075715,104.20639923007225,79.17289701963912,7.2210919031680385
2024-02-06 01:00:00,0.7049308460976923,0.5245441773386594,0.4770951750067085,905.9153705383326,96.2720143481427,79.2488925377077,7.226716119281993
2024-02-06 02:00:00,0.6945176437028376,0.5254062705079522,0.4762059044573297,897.9932376592683,88.78687583531008,79.32358457704221,7.232268982800585
2024-02-06 03:00:00,0.7089067435245259,0.5263121412753994,0.4744596066456119,897.7531150939893,88.07980479999888,79.31533645425833,7.228800855677446
2024-02-06 04:00:00,0.7003872819707171,0.5278808945453841,0.47300731346069985,890.3000075177084,81.71616547522977,79.38737890667461,7.234635696910194
2024-02-06 05:00:00,0.684127404128904,0.5296643481881682,0.4715088567511765,880.0736342667545,75.04643281744866,79.4589920876644,7.241138818906247
2024-02-06 06:00:00,0.7187211910125361,0.5306897484231784,0.46914863603014906,887.1744440888202,81.17007691856531,79.36693151782855,7.2297336641086165
2024-02-06 07:00:00,0.739885075416713,0.5318152486767239,0.4674478374994315,893.4295773123409,85.01080624592649,79.27902145008252,7.222631190654731
2024-02-06 08:00:00,0.7602031597331309,0.5324837101946537,0.46640044402058395,899.6803373981963,87.94948890053934,79.26192351502101,7.21799349200327
2024-02-06 09:00:00,0.7834721341719947,0.5325036531401096,0.4660422190938158,910.944032556305,93.57345496106988,79.1703200409005,7.209733679249226
2024-02-06 10:00:00,0.8007745744182279,0.5319540068014729,0.46655196337689303,922.6402345694675,98.53691092918937,79.08026503677486,7.202761270308044
2024-02-06 11:00:00,0.8136195831949955,0.5308395052016105,0.46779755241299775,934.4466593605125,102.89199143024204,78.99196726650845,7.196774736397735
2024-02-06 12:00:00,0.8235021697387024,0.5292473455320887,0.46959751071113515,946.2264538841638,106.7059685143096,78.90558418796205,7.191556448323893
2024-02-06 13:00:00,0.8137340416023312,0.5276335379718532,0.471985700442855,953.8201765954166,107.25264630706535,78.82476578078925,7.190188844356467
2024-02-06 14:00:00,0.8040668657475564,0.5259716870766726,0.47416521099554343,956.899860196695,105.30976067188357,78.81971233321921,7.191978990981505
2024-02-06 15:00:00,0.7950780029017731,0.5245231784628013,0.4759474050977481,957.7794575594254,102.33504781698436,78.81817324523414,7.194715827237444
2024-02-06 16:00:00,0.7570481442923077,0.5239512212513407,0.4776554728061096,947.5958122793572,92.14606487393849,78.89844253366176,7.206789151680298
2024-02-06 17:00:00,0.7210356141650363,0.5239658186048289,0.4783854839371927,933.7925646209002,82.02851137931455,78.98010964641318,7.218228398898154
2024-02-06 18:00:00,0.6935860952945824,0.524606249227348,0.4780287578915488,918.2111153208526,72.88425372013899,79.06174694499664,7.228470344034475
2024-02-06 19:00:00,0.6715741753417427,0.525900506434591,0.4767639044906319,901.2545294631853,64.73856546140703,79.14289947746506,7.237876678889577
2024-02-06 20:00:00,0.6530638295977892,0.5277878208934007,0.47476810881700715,883.1382348891389,57.58697362276247,79.22335700792175,7.246670170908376
2024-02-06 21:00:00,0.6368004246882322,0.5301816534539131,0.4722009604131658,864.0141781685052,51.41878258438034,79.30296812538074,7.254993787845248
2024-02-06 22:00:00,0.6219720029005468,0.5329483069681474,0.4692352232806967,844.0842329262489,46.112977067953466,79.38173005730816,7.262963962870015
2024-02-06 23:00:00,0.6082378779321923,0.536019653928462,0.46595730828102616,823.4338901510478,41.63860072118513,79.45955944122825,7.2706082477291565
2024-02-07 00:00:00,0.5952635137422373,0.5392997758442183,0.4624750984991143,802.2307986284768,37.859956835070655,79.53648632334504,7.277982696676051
2024-02-07 01:00:00,0.5828742795872076,0.5427198563886011,0.4588635229173985,780.5989411788053,34.68841360241804,79.6124909011086,7.285108358494314
2024-02-07 02:00:00,0.570978663354143,0.5462330036543289,0.45517246228617114,758.6339079492692,32.05853972011894,79.68753595559575,7.291988491218983
2024-02-07 03:00:00,0.5594591599272778,0.5497826670830437,0.45145874950645454,736.4796185513551,29.844583303356274,79.76168391452471,7.2986534456672665
2024-02-07 04:00:00,0.5482827027260061,0.5533361857200865,0.4477565045431703,714.2217345693709,28.00716103939689,79.83485923676758,7.305088205413241
2024-02-07 05:00:00,0.5373618217963643,0.5568639930607917,0.44409257151635306,691.9689089305342,26.431400392376364,79.90721203065326,7.311335279234392
2024-02-07 06:00:00,0.5266678424006765,0.5603425265433891,0.44049083150984697,669.8071603894447,25.082223049381273,79.97870410504494,7.317385385405434
2024-02-07 07:00:00,0.545200419581782,0.5632833805139089,0.4365878398506351,659.2601399226467,29.546093828289326,79.96583904850341,7.3128775656352545
2024-02-07 08:00:00,0.5286777595837531,0.5666265110763872,0.4335262839836455,638.8344060301063,27.285941943270508,80.03579312972663,7.319772821782265
2024-02-07 09:00:00,0.5379160471618646,0.5692458362753968,0.43028737805214107,627.4449063568248,31.099964521577927,80.02252261468901,7.316039484945974
2024-02-07 10:00:00,0.5389088204814649,0.5718520958436534,0.42747748003607433,616.1063966934906,33.270823337622026,80.01063536424043,7.314487639692754
2024-02-07 11:00:00,0.536235914938293,0.5742369225539039,0.4251141902861234,601.3724327419162,31.771601995254347,80.0767933999986,7.319062127429806
2024-02-07 12:00:00,0.5436883210573549,0.5760630642947894,0.42300378918728737,593.7655004210429,34.33096387413022,80.06262464932912,7.316069959104779
2024-02-07 13:00:00,0.5486219245069496,0.5775761853600798,0.42130521509922536,586.2927647116043,36.50889215243465,80.04880563679608,7.313403356071694
2024-02-07 14:00:00,0.5489847985974924,0.5788467260783,0.42000941155883487,578.56543550127,38.11598117066245,80.03554041258828,7.311370124899888
2024-02-07 15:00:00,0.5415425218435698,0.5799811720667118,0.4191233673265548,569.591664328457,38.40948459815254,80.02472366315106,7.311181402580382
2024-02-07 16:00:00,0.7135847543496977,0.5763438026194628,0.418227702829768,735.8603120546292,126.08239339459962,79.22099097539058,7.2393102519226655
2024-02-07 17:00:00,0.7190648029588285,0.5731558666158304,0.42261034482643633,755.1482132529218,129.3505115826349,79.20360398244796,7.2331161349277755
2024-02-07 18:00:00,0.730390123938893,0.5684514312392233,0.42804193684799746,772.1537031077312,131.1997346110916,79.18890544931261,7.226703184011077
2024-02-07 19:00:00,0.740135261808505,0.5632720411121267,0.43383237378526657,786.890178206263,131.73653804963843,79.17541201160171,7.221078695423905
2024-02-07 20:00:00,0.7423843268816993,0.5582049601904776,0.43964788746782574,798.7555675342378,130.41634391953323,79.1637320126389,7.217541328408493
2024-02-07 21:00:00,0.743251064977896,0.5533893452116606,0.4451698459338937,805.7124136924327,125.63518319098849,79.22877916196568,7.21930516549203
2024-02-07 22:00:00,0.754698499145964,0.5487499875171369,0.4500435857248539,817.554577274738,125.11681649793508,79.21462813533972,7.2149472423024745
2024-02-07 23:00:00,0.7634279260234333,0.544599952414516,0.4544049986175569,828.1025042959212,124.17580712534578,79.20018061987625,7.211246443400221
2024-02-08 00:00:00,0.7670342178748422,0.5409924463727821,0.4582952787585204,837.0908582761859,122.60232950897071,79.1859938666357,7.208498247864706
2024-02-08 01:00:00,0.7621448614522135,0.5379777662083569,0.4618026868260199,843.6778346656457,119.65059524099247,79.17362434803756,7.207713000465443
2024-02-08 02:00:00,0.7561773378704453,0.5354039572499709,0.46484933075387636,845.6592963240432,113.54412032150101,79.23807553470866,7.212032231707351
2024-02-08 03:00:00,0.7616992726090782,0.5330245486209664,0.4672329696132711,852.7847992660134,112.01829994768613,79.2235083257558,7.209973697303031
2024-02-08 04:00:00,0.765264950144566,0.531055076572228,0.46919737588809557,858.7696441002124,110.29072230243219,79.20889787752489,7.208313547299255
2024-02-08 05:00:00,0.7645976484940104,0.5295011680831719,0.47082843016298115,863.3301565427824,108.13329660167184,79.19440227488681,7.207339384504444
2024-02-08 06:00:00,0.7560619736730623,0.5283986632505638,0.4722379018109704,865.5996138613797,104.77395330568285,79.18205870101266,7.208117681668685
2024-02-08 07:00:00,0.7469651470309887,0.5275948930070328,0.47335020296594016,863.3275853818913,98.36460632480815,79.2467895645971,7.213898957464627
2024-02-08 08:00:00,0.7499727449507704,0.5268370953845296,0.4739632425842367,866.355563911994,96.68272059337154,79.2326670430024,7.213066557320538
2024-02-08 09:00:00,0.7515234922611012,0.5263405605688116,0.4743225301844665,868.3592994338647,94.93613429982928,79.2187236233412,7.212471392169377
2024-02-08 10:00:00,0.7244476017888722,0.5265710559580515,0.47485060220853137,860.1591820606219,86.53728772328711,79.28607050786022,7.221225459573959
2024-02-08 11:00:00,0.700619004775131,0.5271102005448118,0.47475985261979686,849.6642996782008,78.55828148790397,79.35373347954562,7.229366087377218
2024-02-08 12:00:00,0.6816352151622744,0.5280356966623038,0.4740065039624444,837.7336234841017,71.28918802539611,79.42109979421292,7.2368379093192825
2024-02-08 13:00:00,0.6656465610204602,0.5293942896856975,0.4726671823542649,824.6081871211092,64.754979917819,79.48790327592206,7.243852391760584
2024-02-08 14:00:00,0.6514511332903322,0.5311328586565567,0.47086851123143464,810.472594230004,58.92439878289549,79.55406826687292,7.250553997997789
2024-02-08 15:00:00,0.6383998313106476,0.5331885057670571,0.4687120803108884,795.452595555928,53.766469668449794,79.61955849590585,7.257019769363842
2024-02-08 16:00:00,0.6261095326266857,0.5354964033264259,0.4662841622674111,779.6647501628058,49.22944336015348,79.68437034164047,7.263296264943977
2024-02-08 17:00:00,0.6143477550416406,0.5379977415229654,0.4636562851910649,763.2058495402731,45.2683594771998,79.74849323443067,7.269408481319467
2024-02-08 18:00:00,0.6030035802097694,0.5406538714742396,0.4608732541807736,746.1386366331383,41.85250974249139,79.81190308979541,7.27536215600127
2024-02-08 19:00:00,0.5919461888884229,0.5434033562517938,0.4580010600452724,728.6130525051299,38.87827142169267,79.8746590065225,7.2811819925293575
2024-02-08 20:00:00,0.5811346802386675,0.5462147632171964,0.45507318767987126,710.6970197532279,36.311481507282686,79.93673552939376,7.286863571167559
2024-02-08 21:00:00,0.5705253417362175,0.549059440361399,0.45211879095484575,692.4835249392252,34.085266746617854,79.99817524622688,7.292416512253016
2024-02-08 22:00:00,0.5600860658455973,0.5519077454001289,0.4491679810410944,674.0700839145612,32.14311203894735,80.05899116430378,7.297841936036597
2024-02-08 23:00:00,0.578951959522546,0.554245680304091,0.4458849458087293,666.8840315575704,36.26556789623968,80.03591215624581,7.293103970157086
2024-02-09 00:00:00,0.5625699167745238,0.5570099072605569,0.44341645019056003,649.6040393547948,33.617504556247795,80.09570491861287,7.299484816021117
2024-02-09 01:00:00,0.5720902055448165,0.5591141878326052,0.4406980589249261,641.0574714823997,37.125065731311025,80.07260599240628,7.295622180463713
2024-02-09 02:00:00,0.5731851946073027,0.5612287589157412,0.43839051290405534,632.3119640873562,39.06322077542065,80.05116637890042,7.29394927277351
2024-02-09 03:00:00,0.5706029551189276,0.5631472448482533,0.4365022360379124,619.9761475435002,37.37317405201054,80.10796157288871,7.298284725593134
2024-02-09 04:00:00,0.5490917591699426,0.5651003946544995,0.43510975952502934,603.1698686597421,33.87725157567636,80.168024189896,7.305373790155759
2024-02-09 05:00:00,0.5603516582597804,0.5663196801264135,0.43331279530209516,596.394668458374,36.98003143073768,80.14488509677642,7.301452981130266
2024-02-09 06:00:00,0.5411603672325158,0.5679802565725932,0.4321525681686169,580.4184646035358,33.47492756549182,80.20500408301808,7.3083927956363395
2024-02-09 07:00:00,0.5350214710709508,0.5692769112959939,0.4308020935631703,570.1144814847297,34.87037933387619,80.18487623420377,7.307115523778609
2024-02-09 08:00:00,0.5348993210348304,0.570447744064974,0.42948300673457185,557.7871714365043,33.36125344497805,80.24237145983092,7.310910889560759
2024-02-09 09:00:00,0.5148339795953134,0.5718673025679971,0.4285179528059963,541.2981456682239,30.089457419964422,80.30305197924262,7.317629682785
2024-02-09 10:00:00,0.5268640530126144,0.5726589659656076,0.42708353876654237,535.1184629447857,33.35232079040962,80.28016950545097,7.31326537477678
2024-02-09 11:00:00,0.5082357573740779,0.5739669305666778,0.426229092143997,519.7824939876435,30.038351939899094,80.34082284928118,7.319929892843632
2024-02-09 12:00:00,0.5024072635471125,0.5749540429860511,0.4251615091615566,510.3070417927693,31.621972701565575,80.32103926397953,7.318293173541952
2024-02-09 13:00:00,0.5025247802070323,0.5758363165045164,0.4241077358224831,498.82948244632485,30.246741901843087,80.37898412108753,7.321799756254066
2024-02-09 14:00:00,0.48273311273097946,0.5769932778058101,0.4233888824901254,483.2743951917984,27.15126771014861,80.44022782416633,7.328255444756402
2024-02-09 15:00:00,0.4949325084674787,0.5775275212028204,0.4222017672039055,478.19431561956674,30.533112959378148,80.41763975643272,7.323500071372542
2024-02-09 16:00:00,0.5010128327824797,0.5781164295722679,0.4212560172483928,473.5236029678254,33.12200251358707,80.39541069580642,7.319784006312751
2024-02-09 17:00:00,0.7693079572099937,0.5726576669889186,0.4189219075278711,726.6389449612649,167.6752730135226,79.03877084174044,7.207188400372541
2024-02-09 18:00:00,0.7667146507254274,0.5681533305527621,0.4257766028870027,754.1296492814979,171.66311650412933,79.087453103334,7.20486409770457
2024-02-09 19:00:00,0.7561834857707562,0.5614652444499034,0.4344457661607335,774.4949036024474,170.91120931362366,79.14453538261164,7.204152081861138
2024-02-09 20:00:00,0.7555864990222624,0.5540662852781629,0.4430721697277006,791.6780425965201,168.70615535658317,79.2021154041274,7.2028708234303735
2024-02-09 21:00:00,0.7587030202674702,0.5469824440921998,0.45099400791360394,806.3402722881877,165.41629516119045,79.25890622836734,7.201729526122083
2024-02-09 22:00:00,0.7622141800058696,0.5406374816269062,0.45798316313261506,819.0076405173742,161.34188375698614,79.31447553835416,7.201030553717903
2024-02-09 23:00:00,0.7648517485564638,0.5351979867051673,0.46394623353482517,829.890012548955,156.64931949425198,79.36865248420868,7.200878947985789
2024-02-10 00:00:00,0.7661429350103393,0.5306957155477551,0.4688850242985876,839.1220362385243,151.45979364211465,79.42146640455509,7.201292419851116
2024-02-10 01:00:00,0.7659490435490436,0.5270910819862903,0.47285995643241874,846.8219438581954,145.89530583350896,79.47285094733307,7.20223905383776
2024-02-10 02:00:00,0.7643978426003,0.524307041215455,0.47595563553449227,853.0570245246682,140.04388579721535,79.52268884202799,7.203663128339982
2024-02-10 03:00:00,0.7616409519951672,0.5222548679849659,0.4782671607237434,857.8676481082512,133.98725438989933,79.57119934426923,7.205516691414519
2024-02-10 04:00:00,0.7578353642972154,0.5208522565449434,0.47988171661848483,861.28769300197,127.79101796179268,79.61849174797808,7.20775494941286
2024-02-10 05:00:00,0.7820877877467015,0.5194022654499085,0.48069979281475134,873.9189514106664,128.54460009706438,79.58300038382983,7.201623937802082
2024-02-10 06:00:00,0.7697507100444027,0.5188154534622125,0.4818505505253609,875.9581046870442,121.89250203756266,79.6289340357723,7.205652265947727
2024-02-10 07:00:00,0.7583263393037248,0.5185188299966497,0.4825218838704652,876.1245816497917,115.18000595654567,79.67419665897188,7.209673672718587
2024-02-10 08:00:00,0.7483122527974639,0.5185677498262891,0.48269495197621687,874.8370567329139,108.560536692268,79.71884623968056,7.213678263023864
2024-02-10 09:00:00,0.7390783810546935,0.5189740302444839,0.4824122101749485,872.2161463643429,102.08343620376482,79.76284279366688,7.21772343019737
2024-02-10 10:00:00,0.7302343472725793,0.5197328491029704,0.4817115956288039,868.2887189833634,95.80049650155486,79.8061708046455,7.221842365061704
2024-02-10 11:00:00,0.7214885489980148,0.5207843507087755,0.4806824958488033,863.1938836632256,89.74942977619274,79.84890974584417,7.226046579587528
2024-02-10 12:00:00,0.7127355094922426,0.5221048182079984,0.4793590862248894,856.9095272827781,83.97969289179144,79.89107093494167,7.230338696500039
2024-02-10 13:00:00,0.7039205952822046,0.5236499197535964,0.47779416404365876,849.5270112022864,78.50241195560506,79.93271954648449,7.23471160981941
2024-02-10 14:00:00,0.6950063670326776,0.52538316512191,0.47603035681679035,841.0842412297826,73.34561681976757,79.97389970873384,7.2391574179453935
2024-02-10 15:00:00,0.6859827533590472,0.5272735277668535,0.4741022004672309,831.6246964526754,68.52517145262699,80.01465170720869,7.243666337428026
2024-02-10 16:00:00,0.6768544889529462,0.5292871604254489,0.47204625170063735,821.2162378461583,64.04694652348512,80.05502432552773,7.2482253821307765
2024-02-10 17:00:00,0.6676254590317199,0.5314089090403341,0.4698787390552316,809.8697907220042,59.92277718526677,80.09503182848714,7.252826505504457
2024-02-10 18:00:00,0.658307104041228,0.5336186841544734,0.46762088236833627,797.6308878824732,56.14954388931033,80.13469882071514,7.257458730127073
2024-02-10 19:00:00,0.6489314147954451,0.5358824595853299,0.46530785896968885,784.7026217305948,52.663909010276974,80.17411460068195,7.262110139774959
2024-02-10 20:00:00,0.6686198252677297,0.537670534398084,0.4626371983779485,782.1635086476713,55.72829741125292,80.1304085701067,7.25730859181034
2024-02-10 21:00:00,0.681511699024307,0.5393919702852823,0.4603905713060348,779.6546999400449,58.25019039708934,80.08681384466793,7.253587928753745
2024-02-10 22:00:00,0.6868158354867293,0.5409403816820887,0.45863818122709643,776.4997069364406,60.02447678591526,80.04412188633786,7.251016418887703
2024-02-10 23:00:00,0.6823104720088838,0.542346083295205,0.4573993422387243,771.6683414047056,60.31434018522299,80.00413923806528,7.250534101124712
2024-02-11 00:00:00,0.6760024071637676,0.5435013239341547,0.4564984023154115,762.6865245457134,57.23072159011666,80.04288329723235,7.255510331217628
2024-02-11 01:00:00,0.6810760953108743,0.544202436793504,0.455648577093803,759.7676448016334,58.53174648050023,80.00243615929668,7.253574394252382
2024-02-11 02:00:00,0.6842375013206854,0.5447444690045244,0.45499538183917054,756.305607958937,59.563321708965184,79.96292448706187,7.251946526318223
2024-02-11 03:00:00,0.6584437303384831,0.5456776674007969,0.45486702611918456,742.8064535232742,53.990870667727044,80.00675457403166,7.260151806895972
2024-02-11 04:00:00,0.6481095906479822,0.5463779854725658,0.45425639660426925,733.9971050397266,53.49654676768035,79.97141384930747,7.260436168368869
2024-02-11 05:00:00,0.6449274327157216,0.5470965556970283,0.4534705099909903,722.7423573631337,50.45524392782172,80.01407829393607,7.265363717737657
2024-02-11 06:00:00,0.6226724121098166,0.5482283717994422,0.4528079553602263,706.8230129826012,45.646330412867904,80.05993754563946,7.272935741754536
2024-02-11 07:00:00,0.6331053634234416,0.5489263291302269,0.45145948576263223,700.4933568693278,47.710398599669055,80.02335842841738,7.270073522418737
2024-02-11 08:00:00,0.6126920939949168,0.5502559171149378,0.45057852220648253,684.8201464501517,43.221334430497976,80.06983599245085,7.2776055993392115
2024-02-11 09:00:00,0.6055883629247992,0.5514056893261098,0.44931287363786815,674.3608104567583,43.748114167215824,80.03662530727817,7.2772566489504
2024-02-11 10:00:00,0.60437555797467,0.5525682606016852,0.44795896803707114,661.70481636621,41.53740271195218,80.08130122908355,7.281823631455623
2024-02-11 11:00:00,0.583310327907997,0.5540755209735004,0.44685793808350355,644.6537930050278,37.562631095192614,80.12918727449168,7.289168394439779
2024-02-11 12:00:00,0.5946197757688828,0.5550672136805137,0.44517253677260976,637.5162265361954,40.30641855788279,80.09430962247762,7.285860371746941
2024-02-11 13:00:00,0.5750309816639801,0.5566279765685445,0.4440251884533958,621.1094383908708,36.48968311505275,80.14273217347422,7.293154373410179
2024-02-11 14:00:00,0.5685312152846895,0.5579382362672318,0.44258495996587977,610.2725030356951,37.63011573715377,80.11124314765746,7.292415927281093
2024-02-11 15:00:00,0.5676389121761611,0.5592039091650886,0.441125683659951,597.3561707923834,35.87166403142052,80.15765301572277,7.296726368633537
2024-02-11 16:00:00,0.5761685815292756,0.560199002016496,0.4396901535546243,591.5994112440334,38.25317532551064,80.12400664055605,7.2938958519595225
2024-02-11 17:00:00,0.5814878731170211,0.5610876844634157,0.4385054769672575,585.8639742163137,40.267414657840334,80.0911036371085,7.291494083295838
2024-02-11 18:00:00,0.5818824471834838,0.5618854579892046,0.4375983635234187,579.7406190687108,41.721480306338165,80.05913574046345,7.2897676044544
2024-02-11 19:00:00,0.5741220410815122,0.5626677971941519,0.43700440801356955,572.2486140389739,41.85884935978691,80.03005206796362,7.289872717356726
2024-02-11 20:00:00,0.5654966201277823,0.5633216648177494,0.436591585131891,560.6716095775058,38.70429972971575,80.07996795767512,7.295528971645219
2024-02-11 21:00:00,0.569063235968973,0.5636105482273321,0.4361206457864225,555.8490457923264,40.01412656284463,80.05033909281366,7.293629578288953
2024-02-11 22:00:00,0.5712314729541099,0.5638144232218497,0.43576809660024624,550.8594305204324,41.18291204823566,80.02163296133273,7.291871395824765
2024-02-11 23:00:00,0.5449451434597795,0.5644753711823717,0.43587399499020074,535.8407498494422,36.06929657984607,80.0766902583934,7.300314941844931
2024-02-12 00:00:00,0.5340368903070285,0.5648991153687476,0.43553652675203014,526.3252642635177,36.23720210774994,80.05221004454087,7.300283536355588
2024-02-12 01:00:00,0.5303356823288212,0.5653173505862323,0.43504129027316973,514.4973288646919,33.71907277754997,80.10572586015051,7.3051135851947775
2024-02-12 02:00:00,0.5440491315803527,0.5654127509748003,0.4343243743003707,515.153572164006,39.03097167650717,80.00074072848815,7.296487487227578
2024-02-12 03:00:00,0.5581922202588138,0.5654018676346215,0.4338256488902495,514.2469811252163,42.0063629541131,79.971435962107,7.29198544532561
2024-02-12 04:00:00,0.5409060541950511,0.5657911593283381,0.4340371478498254,502.97120532400305,37.47444943886452,80.02806496281686,7.299388505089031
2024-02-12 05:00:00,0.5129019675736747,0.5662947328090027,0.4343012412151466,487.8250105960734,32.43991096820333,80.08749909649751,7.307821406910297
2024-02-12 06:00:00,0.5203277841456128,0.5662325671884819,0.433880659589929,482.98037021821347,34.341660768368456,80.06417124318956,7.304960267661832
2024-02-12 07:00:00,0.5238961214499348,0.5663031387153526,0.4335064522449947,478.3713701067545,35.90057866224921,80.04107113074166,7.302630830411299
2024-02-12 08:00:00,0.5198324366198382,0.5665085660751182,0.4332946892863408,472.98649584121165,36.56401719628562,80.01977270072011,7.301652655437765
2024-02-12 09:00:00,0.5088770788330989,0.5668079405889472,0.43326197062715893,464.8324658842183,34.72542066159465,80.00456650043407,7.304544606422526
2024-02-12 10:00:00,0.5110510268162793,0.5667994097972255,0.43310348818116906,458.5339891402321,34.1113663485026,80.05805102108474,7.306019827858068
2024-02-12 11:00:00,0.5142483672105009,0.5667117270486874,0.43298510102393833,455.33042867654245,35.38400778666792,80.03740394966353,7.303909265795468
2024-02-12 12:00:00,0.6215308391488515,0.5645312132571676,0.4314556718634817,603.9236173550318,114.95204184615173,79.19505414208191,7.237679011558199
2024-02-12 13:00:00,0.673390356811794,0.5619262455179693,0.4334931777174875,624.3886762852985,118.58709503799635,79.16200223142849,7.232282174862607
2024-02-12 14:00:00,0.6751863065357296,0.5583262990174322,0.43818063097093596,638.0413009568698,116.55257875950774,79.21811046873863,7.232220389006046
2024-02-12 15:00:00,0.6676611647456282,0.5541931446974112,0.4434195556248272,646.4082011624427,111.84033877527136,79.27708122100006,7.233627896664826
2024-02-12 16:00:00,0.6942315104757921,0.5493604554491938,0.4481200598916591,662.7183744369215,113.54691688817455,79.25373938608321,7.225617232991641
2024-02-12 17:00:00,0.6875232561203504,0.5453141403072531,0.45309809188357697,668.3241309679979,107.798634352663,79.31221214873455,7.227948431064735
2024-02-12 18:00:00,0.6983521903839242,0.5414286169270482,0.45712026209753953,679.0592103631299,107.26761384172761,79.28939706742854,7.222618854163533
2024-02-12 19:00:00,0.7028866809077491,0.5380682351707091,0.4608929880473406,684.5133379284416,102.57813428528918,79.344876018424,7.224260684151085
2024-02-12 20:00:00,0.6911147329194985,0.5354850858926483,0.46424182600215563,685.642647242773,96.17222633637823,79.4011451238514,7.227998389491705
2024-02-12 21:00:00,0.7108467551530563,0.5328463035155924,0.4665283133687646,695.5254167888895,96.76847787127328,79.37488951379368,7.222518653153407
2024-02-12 22:00:00,0.7328113585012708,0.5304192372495127,0.46866074692588594,710.755160105631,100.72242485028008,79.271667815539,7.213061628508598
2024-02-12 23:00:00,0.7515265103381104,0.5281120588005456,0.47084150490148735,723.2621021757468,102.49835161953808,79.2422205891517,7.207823014162829
2024-02-13 00:00:00,0.7376373230073979,0.5264069774234389,0.4734698790285602,724.9718680260718,96.4362444805969,79.29678723885954,7.213493441937718
2024-02-13 01:00:00,0.7125584431486989,0.5251709092993813,0.4756822236810948,721.9036796453518,88.9395518442983,79.35292498911814,7.220429992037254
2024-02-13 02:00:00,0.7228796675771378,0.5237598467639317,0.4767619285029661,727.508561582369,88.64745727682259,79.32757796674024,7.2176115891881345
2024-02-13 03:00:00,0.7015146927497707,0.5232605544139025,0.4779486139150237,722.792246289677,81.51560752291441,79.3836541014259,7.224518918014659
2024-02-13 04:00:00,0.6825116856286547,0.5231517655082499,0.4784866847703389,716.1147883161914,74.76542168723329,79.43975792127691,7.231000369821815
2024-02-13 05:00:00,0.6669257965672835,0.5234774409205541,0.47836313352455656,708.0851527664736,68.59989737680503,79.49556742794215,7.237036471501523
2024-02-13 06:00:00,0.6533208049854204,0.5242183292270881,0.4776970038981961,698.9795566332508,62.990293060875096,79.55094211371862,7.242797406866554
2024-02-13 07:00:00,0.6408965648691968,0.5253369726537481,0.4765801620141675,688.9153783916242,57.93755898684741,79.60581229036731,7.248371598861765
2024-02-13 08:00:00,0.6292675262019156,0.5267947188109228,0.4750777637908732,677.9529011208562,53.44128267311144,79.6601378313582,7.253796511591216
2024-02-13 09:00:00,0.6180738972222847,0.5285045795093936,0.4733011733356286,666.2549359800836,49.43117202081067,79.7139532735953,7.259117073951678
2024-02-13 10:00:00,0.6072005215619196,0.5304298009069794,0.47129570560235373,653.8640564672932,45.897450761162055,79.76723692118048,7.264337949397965
2024-02-13 11:00:00,0.5965409399340746,0.5325120118254515,0.4691270715177991,640.9003055074628,42.77384330152854,79.8200258761677,7.269472237694113
2024-02-13 12:00:00,0.5860412778955587,0.5347074781660462,0.46684315896160394,627.4515466739683,40.01595917484634,79.87233246527084,7.27452174028938
2024-02-13 13:00:00,0.575688499944973,0.5369973164993416,0.4644648600935266,613.539968063623,37.621514759500215,79.92411687130922,7.27947403260618
2024-02-13 14:00:00,0.5654485753781442,0.5393364750492411,0.4620390242014269,599.3060533521246,35.50335513793742,79.97544935407585,7.284339281903206
2024-02-13 15:00:00,0.5801206408753009,0.5412653175418177,0.4592171281514597,594.3055177639259,39.46754384570832,79.94365877948829,7.279531126392542
2024-02-13 16:00:00,0.571755408704019,0.5435683980924689,0.4569805999504536,582.3642848849778,37.20771908286105,79.9937873995133,7.284663062442562
2024-02-13 17:00:00,0.5557719567646444,0.5457957630077315,0.45501191554804704,568.3938775193777,34.60162807850165,80.04445849359381,7.290388857751756
2024-02-13 18:00:00,0.5420423606952917,0.5478853477592456,0.45304709540330873,553.906274940975,32.37595782715381,80.09513232342103,7.295698989169577
2024-02-13 19:00:00,0.5296721767941247,0.5499290754453601,0.4510536603042814,539.1949853938588,30.443387364183316,80.14563370480508,7.300731205542691
2024-02-13 20:00:00,0.5429715927155078,0.5515097888814126,0.44866711491746203,533.9328196237117,34.5539425550549,80.1128732220129,7.295747469759006
2024-02-13 21:00:00,0.5339038784950977,0.5534594333708177,0.4468304689719186,521.7466435102676,32.4300189679538,80.16237097122291,7.3008055639171445
2024-02-13 22:00:00,0.5175038692342006,0.5553475076185783,0.44523369267361773,507.6674449376849,30.012348811138647,80.21261401261836,7.3064067593184125
2024-02-13 23:00:00,0.53289969585677,0.5565756719006026,0.4432950054223198,504.7270100727449,33.73156985534452,80.17939655630899,7.301524045092612
2024-02-14 00:00:00,0.5434530566582192,0.5577128160863293,0.44169919070214686,502.1863151285516,36.79959824487323,80.14636110013363,7.297431503919018
2024-02-14 01:00:00,0.5476944005336355,0.5587133636572655,0.44050547428808146,499.3706878948027,39.08360825351808,80.11417702769438,7.294295994905029
2024-02-14 02:00:00,0.5429220853595187,0.5596226407441521,0.43974775936721067,495.2025555879001,39.87703020527972,80.08464061358862,7.293188082347713
2024-02-14 03:00:00,0.5367347779594607,0.5603206860575339,0.4392818105554923,486.8422566850786,37.23072217358592,80.13404121208616,7.297786197739961
2024-02-14 04:00:00,0.5423811995962946,0.5605760459367299,0.4388523159844903,485.2658160388768,38.93477707198755,80.10372795009918,7.294924821977957
2024-02-14 05:00:00,0.5464143565527114,0.5606784825430435,0.43861618170461,483.4457009095259,40.42298936538624,80.07421154525595,7.292289082809094
2024-02-14 06:00:00,0.5462996694789027,0.5607098343919859,0.4385831218936498,481.049532237874,41.45119221554521,80.04567223938857,7.290250295253334
2024-02-14 07:00:00,0.5385168655567545,0.5607694716215575,0.43878301328587344,477.1212381393116,41.259084484757906,80.01997656506568,7.289988223948023
2024-02-14 08:00:00,0.5301607895430348,0.5607536708127152,0.4390876435406381,468.85398028247226,37.8308215962269,80.07325380975917,7.295272465031707
2024-02-14 09:00:00,0.5414043612195862,0.5602928811655918,0.43915400150060196,472.6365905142869,42.48019223618406,79.96855064771654,7.287003442446579
2024-02-14 10:00:00,0.5543597111447197,0.5596892269230067,0.43939061851245975,474.4707839340497,44.915441432298934,79.9396147667352,7.2826819097932205
2024-02-14 11:00:00,0.5384414211445453,0.5594724553861328,0.44023492075870374,468.82131769611954,41.89914198955643,79.92180881795771,7.286434691496853
2024-02-14 12:00:00,0.5372264693450848,0.5588952455739152,0.44088465103605345,464.4051710978508,40.32163483351389,79.97303950903078,7.288590530705192
2024-02-14 13:00:00,0.5384752062949653,0.5582597120925935,0.4414589273056105,462.75356039169594,40.81969742623011,79.95054238826664,7.287055763336336
2024-02-14 14:00:00,0.5376484326582485,0.5576844676025946,0.4420105932423763,460.55933291146016,41.214096401214206,79.92874746825447,7.285721336549164
2024-02-14 15:00:00,0.5308491720230812,0.5572589525718709,0.4426011447374758,457.1965813113186,40.939062763690494,79.90888999306132,7.285453540695328
2024-02-14 16:00:00,0.7051643152456055,0.5522553113951567,0.44290850026725,629.3331083159713,122.77029545996659,79.04200046430307,7.2171402408578365
2024-02-14 17:00:00,0.6883833951050218,0.5486915615281392,0.4482052852251207,641.9225067660028,119.65989860494724,79.09879234463351,7.219340016762097
2024-02-14 18:00:00,0.7117132668820174,0.5435999465256219,0.4534663575830467,661.883066555314,122.4807010881288,79.0757792542527,7.211591961115044
2024-02-14 19:00:00,0.7047142861964647,0.5389301558132459,0.45921170155819624,670.7603389236212,117.50872121645668,79.13473563244608,7.21368740720477
2024-02-14 20:00:00,0.7167345152777128,0.5343254057460618,0.4640188951080317,684.4732202460887,117.50259933466151,79.11276158744802,7.208155433927158
2024-02-14 21:00:00,0.7228371478937342,0.5302555403228629,0.4685451393867659,692.6853274682207,113.16707780301407,79.16888715458433,7.209482227961035
2024-02-14 22:00:00,0.7126320224228595,0.5270538898501714,0.47254367047883417,696.428898947367,106.93166228949705,79.22560674210666,7.212898180289091
2024-02-14 23:00:00,0.7339025490826528,0.5239099636038337,0.4753624122001008,708.7510813836701,107.61618662651107,79.20002641320701,7.207339093650836
2024-02-15 00:00:00,0.7208824118819493,0.5218437095391569,0.47821200055149665,710.6943631006111,101.14379261709361,79.25566878076411,7.211841753329756
2024-02-15 01:00:00,0.7083152177088172,0.5203298942237338,0.4802876875603192,710.5085418734668,94.6802261252029,79.31052452994099,7.216278100380459
2024-02-15 02:00:00,0.6977541121539005,0.5193793511222013,0.48159107396150747,708.8441851134858,88.47242321729964,79.36469955004263,7.220575675936299
2024-02-15 03:00:00,0.6882016137874063,0.5189776997302421,0.48221590738955056,705.8759897551178,82.56543872930547,79.41809381303042,7.224836827394464
2024-02-15 04:00:00,0.6791608228100016,0.51911318151041,0.4822122001410436,701.6059793597784,77.01799247986912,79.47062998537702,7.229109271080065
2024-02-15 05:00:00,0.670256014603531,0.5196408535007779,0.48176687200552887,696.3061046786429,71.80012730515456,79.52246079974529,7.233417914853874
2024-02-15 06:00:00,0.6613585438013756,0.5205146780852767,0.4809393966416148,689.9975249659204,66.93914749245452,79.57359478169674,7.237768145383604
2024-02-15 07:00:00,0.6523972615575878,0.5216938886018702,0.4797792878640335,682.690629221062,62.45826212261646,79.62403397002406,7.242158291141672
2024-02-15 08:00:00,0.6433465300120365,0.5231194704465227,0.47835322941037345,674.4875266568898,58.335890925780184,79.67384512250896,7.246582483161926
2024-02-15 09:00:00,0.6341952439056738,0.5247377061378912,0.4767209453519582,665.4597047998085,54.56422185539493,79.72307017556149,7.251030939816324
2024-02-15 10:00:00,0.6249381167614946,0.5265331657791834,0.4748996148146754,655.5838399743732,51.16354757096619,79.77167922232478,7.25549487444603
2024-02-15 11:00:00,0.6156079269527853,0.5284421492234194,0.47295748082631855,645.0545536452291,48.06025171145896,79.81979641028641,7.259963724631369
2024-02-15 12:00:00,0.60621585201957,0.5304424829118779,0.4709182029735667,633.9154415300898,45.24463939995302,79.86743772482129,7.264428746040431
2024-02-15 13:00:00,0.5967716924988893,0.5325151961704565,0.4688020140042218,622.1967303747915,42.710558336500846,79.91459539677562,7.268877714716355
2024-02-15 14:00:00,0.5872971684760651,0.5346341081056234,0.46663654078755357,610.010834772422,40.413184381586355,79.9613345359507,7.273304411323072
2024-02-15 15:00:00,0.6073167458144287,0.5362645587260427,0.46410226774641283,608.7875295555381,44.31331196532407,79.92490561603385,7.268113098695848
2024-02-15 16:00:00,0.6207256292837472,0.5378423614859585,0.46196904516526577,607.7765764347943,47.51961477252803,79.88837460148088,7.263990575430458
2024-02-15 17:00:00,0.601868289555121,0.5397045660334975,0.46066881530729414,596.8440938100536,43.890644324868326,79.93495067239711,7.270327872052854
2024-02-15 18:00:00,0.5964752487713911,0.5411341148266055,0.45921475792371885,591.1632541470855,45.09359144859903,79.90173376443383,7.268911380589309
2024-02-15 19:00:00,0.5968091969408361,0.5424009229363936,0.4578381833248512,583.0298156690811,43.353989306943014,79.94629852521044,7.272507076333279
2024-02-15 20:00:00,0.6067155300876876,0.5433180173839469,0.4565439077905879,581.7517752678676,45.77714554458954,79.91105203559233,7.269259110446923
2024-02-15 21:00:00,0.6132455108639688,0.5440801008636315,0.4555391342685413,580.1951669293996,47.782029122528385,79.87637183139248,7.266525442173468
2024-02-15 22:00:00,0.6146513154558546,0.5447267550144,0.4548309409837643,577.9864215294538,49.175806043565856,79.8425823483013,7.264546854435986
2024-02-15 23:00:00,0.607658607142731,0.5453482700051987,0.454441503314923,574.1526168509452,49.21650707375701,79.81154751320769,7.264414448445157
2024-02-16 00:00:00,0.5996800186616167,0.5458476629897288,0.4542208444503901,565.9568897783789,45.89990050571233,79.85923127161277,7.269778863759313
2024-02-16 01:00:00,0.6039538587416738,0.5460046384780879,0.453907713021764,564.2581080693453,47.08235905248535,79.82764479042244,7.267876481423237
2024-02-16 02:00:00,0.6067418178282727,0.5461012196050167,0.4536817860617866,562.1495471201712,48.095259499047366,79.79688300925943,7.266172489750167
2024-02-16 03:00:00,0.6055661535599793,0.5462069074138416,0.45356298898828273,559.3296116990024,48.72230351851769,79.76695244368474,7.264973745135845
2024-02-16 04:00:00,0.5966151288062245,0.5464169027370154,0.4536012759476629,554.8156580091704,48.12751922080827,79.7399230082784,7.265532280154468
2024-02-16 05:00:00,0.5871165352890698,0.5466191982986408,0.453673944840827,545.918533224451,44.31925441757418,79.79157191042964,7.271488812744566
2024-02-16 06:00:00,0.590220921969905,0.5465760536744049,0.4535447294225081,543.5730718902508,45.12793668338108,79.76399652488716,7.270057341155672
2024-02-16 07:00:00,0.5920906404008092,0.5465521359958314,0.45341697972882394,540.8547305295609,45.86574271670008,79.73725581861162,7.268745589019885
2024-02-16 08:00:00,0.5650560493456847,0.5470704624999227,0.4536767189522824,527.9347038551431,40.280358894301195,79.79353777110778,7.2773891986922274
2024-02-16 09:00:00,0.5539269210991559,0.5474329799302682,0.4533831683161094,520.3460804439266,40.084157516744746,79.77062209517244,7.277680180260756
2024-02-16 10:00:00,0.5499532326218753,0.5478632396085683,0.4528605658169155,510.18542769198064,37.21409419129898,79.82558474256261,7.282808545685321
2024-02-16 11:00:00,0.5566284841958999,0.5481662566927185,0.4521529353965121,507.13750137805835,38.774070149291184,79.80073154658861,7.280686950786863
2024-02-16 12:00:00,0.5606796113501846,0.5485125951127112,0.4515140993759734,503.964585679455,40.14808237380776,79.77646953354267,7.2788655771325805
2024-02-16 13:00:00,0.5601781502988499,0.5489049565220144,0.4509978651984741,500.2806466844121,41.10822994602862,79.7528867711499,7.277618042297063
2024-02-16 14:00:00,0.5517040763405214,0.5494006471254798,0.45066845633047276,495.12589262619554,40.876067500719344,79.73197362823282,7.278101683793989
2024-02-16 15:00:00,0.5424751477008709,0.549871143693342,0.4504143968047934,485.64513140771123,37.38236796723824,79.78970955453507,7.284113915712551
2024-02-16 16:00:00,0.7803483162232853,0.5454627824134995,0.44723275015521025,719.3537105135237,156.82959448691943,78.46265490530432,7.185385629311786
2024-02-16 17:00:00,0.8080940427150203,0.5415538571175184,0.4523659998386266,753.9279688891461,166.91830936013955,78.42850918836193,7.17655405822213
2024-02-16 18:00:00,0.8006935257234485,0.5355645921895089,0.4603486648487985,777.0462201342573,167.92944002385218,78.48294925857577,7.175866118372488
2024-02-16 19:00:00,0.8119621742816175,0.5285306068783611,0.4682977448865208,802.5999177374028,171.76932843275873,78.4608656703184,7.168755035030841
2024-02-16 20:00:00,0.8305038396073857,0.5213679119870333,0.47609110733098176,824.2077926939538,172.27537735899693,78.5128733074244,7.166209312224201
2024-02-16 21:00:00,0.8270273813992073,0.5151990201032602,0.48334447008225806,839.8719750907045,169.13780004140452,78.5669261608466,7.167016346707664
2024-02-16 22:00:00,0.8538696257589805,0.5093533971973245,0.48910330056527573,863.025439641629,172.2566353707087,78.53931381847681,7.15972965051327
2024-02-16 23:00:00,0.8468595967194973,0.504850668395973,0.49457944520528896,876.0895942847917,167.74241228538938,78.5914725437818,7.162179994218521
2024-02-17 00:00:00,0.8383186538355384,0.5012939174273372,0.49887589646909053,886.5145389985472,162.40676426448704,78.64204459986463,7.164958618395585
2024-02-17 01:00:00,0.8311686693506349,0.49866350410534144,0.5019959374311829,895.0831402018312,156.64499935845765,78.69148357126792,7.167866821528678
2024-02-17 02:00:00,0.8245446460743894,0.4969401596703389,0.504041640542773,901.9270133192002,150.52698783285555,78.73967246322918,7.170980382253318
2024-02-17 03:00:00,0.817937537013214,0.4959734030633462,0.505228945193653,907.2567512414081,144.156290632922,78.78670374448856,7.174312761166603
2024-02-17 04:00:00,0.8111303469545367,0.4957118256578825,0.5056347545175535,911.0295807014038,137.5900047574638,78.83255344763408,7.177877644744041
2024-02-17 05:00:00,0.8040306962248241,0.4960208627027818,0.5054191640536229,913.3635851851732,130.90839903484067,78.87734923965714,7.181654153295653
2024-02-17 06:00:00,0.796603041618584,0.4968173346819693,0.5046788666722374,914.2689665377783,124.17864155827455,78.9211539011537,7.1856285295934095
2024-02-17 07:00:00,0.7888356283754888,0.49804648488908,0.5034763255342334,913.7202542800145,117.45669127020379,78.96400288455317,7.189790473748326
2024-02-17 08:00:00,0.7807680329016037,0.4996042832077525,0.5019254241642539,911.8468454903236,110.80758094115467,79.00604614912024,7.194108830417014
2024-02-17 09:00:00,0.772401877483484,0.50145529726254,0.5000653263656071,908.5952834798663,104.28978047648268,79.04730538603633,7.198574129851246
2024-02-17 10:00:00,0.7637750261568106,0.5035387522901431,0.49796124478197457,904.0622439677079,97.94413698614564,79.08788596432248,7.203164387317841
2024-02-17 11:00:00,0.7549110145722633,0.5058097248295234,0.4956613131436126,898.2742741664066,91.82408810404114,79.12785688079411,7.207862234454078
2024-02-17 12:00:00,0.7458180739247052,0.5082479253634758,0.4931872568265763,891.2143533346679,85.96670611878858,79.16724191337957,7.212658901510102
2024-02-17 13:00:00,0.7365391279004556,0.5108056137761019,0.4905893314536396,883.0138975712773,80.39449008221345,79.20614938769029,7.2175326942630775
2024-02-17 14:00:00,0.7270773486545952,0.5134683769454658,0.4878828516811273,873.6230066230219,75.15283086582794,79.24458675565909,7.222474621056611
2024-02-17 15:00:00,0.7174753987800478,0.5162023603408507,0.4851029675578171,863.2105982969267,70.2277272579885,79.2826518847629,7.227467428423918
2024-02-17 16:00:00,0.7077476006420256,0.5189906937900769,0.4822672493883961,851.795624101645,65.6411684904528,79.32037451686084,7.232499618977983
2024-02-17 17:00:00,0.6979036755757909,0.5218225425917744,0.4793869407578766,839.3871039053995,61.40661348491607,79.3577702268626,7.237562382154983
2024-02-17 18:00:00,0.6879759901295025,0.5246775396851121,0.476482938596041,826.1246938656328,57.497390083480674,79.39490396237844,7.242642743812202
2024-02-17 19:00:00,0.6779776762982571,0.5275444232973019,0.47356685590570147,812.0500476573649,53.91275553482907,79.43179744660706,7.247730554707059
2024-02-17 20:00:00,0.6679242061491354,0.5304127568273582,0.47064939533078337,797.2315529079875,50.63781188372883,79.46847744735375,7.252816388504415
2024-02-17 21:00:00,0.6578317441654523,0.5332717407851462,0.46774162999195046,781.7516519762659,47.6519841996664,79.50497292586405,7.257890068739263
2024-02-17 22:00:00,0.6477039949311639,0.5361142104669258,0.4648509800187515,765.5982053630235,44.96749160389164,79.54127898475038,7.262940544388846
2024-02-17 23:00:00,0.6375642455846958,0.53893247928509,0.4619851823629755,748.9561586671476,42.51510011894138,79.5774508459555,7.267963699772991
2024-02-18 00:00:00,0.6274177276264314,0.5417202217074494,0.4591508069593968,731.8788034172301,40.28266708083723,79.61350463772015,7.272951657433634
2024-02-18 01:00:00,0.617266401803871,0.5444687378507691,0.4563569632407262,714.408480043237,38.26330658750773,79.64944577404604,7.277891307043338
2024-02-18 02:00:00,0.6071195268692174,0.5471794821176977,0.4536019768488007,696.6708529305745,36.40588820630363,79.68531343544228,7.282787758961302
2024-02-18 03:00:00,0.5969734330223824,0.5498410415262965,0.45089784053142373,678.6817763578917,34.72212894091365,79.72110486845692,7.2876223630853145
2024-02-18 04:00:00,0.5868328053644153,0.5524515693750528,0.4482463314582659,660.5299094812434,33.181213895997054,79.75684347671869,7.29239303492991
2024-02-18 05:00:00,0.5766990701333701,0.5550109188438488,0.44564753663736956,642.2841283483065,31.760263060174424,79.79254951718003,7.297099900939503
2024-02-18 06:00:00,0.5665701723079466,0.5575096292195975,0.44311126414230245,623.9955747181294,30.45785474373682,79.82823041902301,7.301727368141139
2024-02-18 07:00:00,0.5564504153016736,0.559954167092941,0.4406306174678773,605.7241440207765,29.24473673311157,79.86390811419263,7.306285738565225
2024-02-18 08:00:00,0.5463364249119897,0.5623305395623284,0.4382200823533894,587.5281375105596,28.128257851793176,79.89959107278389,7.310751981958602
2024-02-18 09:00:00,0.5362333692005291,0.5646444984433914,0.4358734605301284,569.4513705542131,27.085821487550298,79.93529403509763,7.3151346292013955
2024-02-18 10:00:00,0.5261425156742628,0.5668954449016446,0.43359126914358814,551.5331543543326,26.10960207639418,79.97102930198797,7.319431969272128
2024-02-18 11:00:00,0.5160652452206598,0.5690775129755833,0.4313794257558142,533.8312554055027,25.1958068522319,80.00680974541004,7.323633668340323
2024-02-18 12:00:00,0.5060068263784719,0.5711890518787945,0.4292393983109618,516.3874050816369,24.33792468796966,80.04264665431155,7.327736094074826
2024-02-18 13:00:00,0.4959726677910988,0.5732218094869592,0.42717946759057007,499.2542139726683,23.537189379892567,80.07855049784156,7.331724874721616
2024-02-18 14:00:00,0.4859740114367816,0.5751812734499562,0.4251936302731931,482.4501654598875,22.78106082687453,80.11452893191841,7.33560759823736
2024-02-18 15:00:00,0.47601900993542606,0.5770674469924538,0.42328168143019823,466.00124387233603,22.065184630451633,80.15058969147428,7.339383035738258
2024-02-18 16:00:00,0.4661162014656586,0.5788778036460392,0.42144603721413154,449.94455983243205,21.38717833528343,80.1867416176914,7.343045712207182
2024-02-18 17:00:00,0.45626851952367214,0.5806207769416597,0.41967802337503324,434.25710273727134,20.740260479432234,80.22298192829014,7.34660787253614
2024-02-18 18:00:00,0.4464856300365669,0.582289908318357,0.41798409984187207,418.99283987742444,20.125233785587156,80.25932212364168,7.350057540549619
2024-02-18 19:00:00,0.4367806254879354,0.5838847150979797,0.41636453038561744,404.1761716849583,19.539517944689866,80.29576778759933,7.35339236188215
2024-02-18 20:00:00,0.42716601351947386,0.5854024367261098,0.4148219325050811,389.8366163026822,18.98253312119633,80.33232499706375,7.356606413372033
2024-02-18 21:00:00,0.4176572888536233,0.5868417677730057,0.4133573833075344,375.9938775938625,18.45271493489823,80.36899651293412,7.359696152442793
2024-02-18 22:00:00,0.4082532069399137,0.5882156920618736,0.4119577087957179,362.58114240177224,17.94410607061774,80.40576868149637,7.362681683327081
2024-02-18 23:00:00,0.39897003933001335,0.5895189270820685,0.4106281590994639,349.64489306461155,17.45756723529081,80.44265032942496,7.365552614769856
2024-02-19 00:00:00,0.3898217019828562,0.5907523750013035,0.4093677242549062,337.1920179779962,16.99168788935821,80.4796413002381,7.368308841444167
2024-02-19 01:00:00,0.38082250785520255,0.5919143576062451,0.408178000438901,325.2416709297106,16.54628259872534,80.51674408166447,7.370946200637884
2024-02-19 02:00:00,0.37198783577951994,0.5930047180351596,0.4070590237791624,313.80064973362045,16.120494164713417,80.55395730059335,7.373463195211002
2024-02-19 03:00:00,0.3633059197616277,0.5940358370092698,0.4059984437032355,302.79035813825163,15.710390130630854,80.59126343877183,7.37587981535201
2024-02-19 04:00:00,0.35479372129997455,0.5950048820483143,0.4049991043290363,292.238819333506,15.31641850988532,80.62866579143244,7.3781897488879515
2024-02-19 05:00:00,0.3464629245104232,0.5959131445309952,0.404059733629282,282.14438201096084,14.937871011640736,80.66616092875958,7.380393831125182
2024-02-19 06:00:00,0.33832677499133895,0.5967597648238628,0.4031811975029114,272.51792396422417,14.574724764275507,80.70374822994623,7.382489460055118
2024-02-19 07:00:00,0.33039295109514566,0.5975466437315641,0.4023616050397696,263.34761167493593,14.226156825561597,80.74142179175433,7.384479121923787
2024-02-19 08:00:00,0.32264171935288893,0.5982838883391046,0.401590992311369,254.56261438239085,13.889603700496123,80.77916593565908,7.386379823497372
2024-02-19 09:00:00,0.34432924874971693,0.5983981333275601,0.40055449017832695,257.949394972,18.79103246539504,80.73182435531065,7.377174594514818
2024-02-19 10:00:00,0.3605042817584847,0.5984696286742015,0.3998629545645555,261.8746282467416,22.69924946332223,80.68502638979027,7.369117687505036
2024-02-19 11:00:00,0.3700607005103548,0.5984342323223069,0.399583533007851,265.4802604376563,25.614306699853643,80.6396250253203,7.362335227127134
2024-02-19 12:00:00,0.3859775287266543,0.5979965616737444,0.3996127211275331,271.1020450766138,28.295633684876353,80.59400060799567,7.3553308361052165
2024-02-19 13:00:00,0.3961714958646673,0.5973183938922269,0.40018126558333883,276.61719960818505,29.942011984471545,80.55003758859978,7.349607217811649
2024-02-19 14:00:00,0.4097091113195829,0.596181404825449,0.4011613995691928,287.3991805591273,34.41722576100308,80.42843982187082,7.338354966047064
2024-02-19 15:00:00,0.4244433382813039,0.5946413587552762,0.4025539719443285,295.0257034963366,36.55530999634171,80.3842246007709,7.331424034635531
2024-02-19 16:00:00,0.6310080984165461,0.5874363242458056,0.4044681852092959,484.1309070326218,120.24553602113086,79.35034627706472,7.246487168806303
2024-02-19 17:00:00,0.6643738543809398,0.5808929157415139,0.41193454285399383,518.3929034500297,128.50949208513975,79.22771925861446,7.230605446710328
2024-02-19 18:00:00,0.6956237358784729,0.5726640348150224,0.4211119708904629,546.2592169337724,132.06183808349695,79.18500029706142,7.220858085087045
2024-02-19 19:00:00,0.7017204684665722,0.564320758855801,0.4309567459540939,567.0782830232993,131.49084400613523,79.14758656173767,7.215344100360616
2024-02-19 20:00:00,0.7023102918686337,0.5562001053974401,0.440507083312439,583.1987639306091,128.2539780676966,79.11531838092347,7.212902108357989
2024-02-19 21:00:00,0.7294137937497224,0.5480695292278939,0.44897736171007063,604.4829343458556,129.90911698603458,79.07422689469247,7.204490976326998
2024-02-19 22:00:00,0.7499985873208019,0.5405849606614911,0.4569445665285159,623.3461950767265,129.85091013881802,79.03663453761743,7.198934849647811
2024-02-19 23:00:00,0.7627718057871361,0.5338312700807388,0.4643301731486239,640.3036815978097,128.73059157577205,79.00066252445222,7.19520177278277
2024-02-20 00:00:00,0.7604710173544462,0.5280754738779397,0.47098343524301595,653.4701349149902,125.83682744787129,78.96650823841104,7.193555233649024
2024-02-20 01:00:00,0.7510462622868758,0.5232373137123919,0.4767709304108013,662.7307514182296,120.72783958673865,78.93728709941354,7.194836219887269
2024-02-20 02:00:00,0.753007189812917,0.5189848374858347,0.4814361466602696,670.6417785580545,115.58614878345438,78.97871876643568,7.197094544060064
2024-02-20 03:00:00,0.7585215250677865,0.5154187392101058,0.48515028995310555,681.2015705440351,113.26717625167224,78.94541178496956,7.1953797226512926
2024-02-20 04:00:00,0.7612967999298934,0.5125730345551021,0.48812036757229255,690.2756416879894,110.72404911641458,78.91233398064205,7.194132325297321
2024-02-20 05:00:00,0.7578162599274612,0.5104283562907895,0.49051442466676776,697.3880777048101,107.53273804727863,78.88054105055846,7.193922354883171
2024-02-20 06:00:00,0.7462435250972674,0.5089469433000375,0.4924680050708165,701.018318847915,102.30819302129689,78.85369272985159,7.1966476579633465
2024-02-20 07:00:00,0.745627487863129,0.5077397696920986,0.49372685128932986,703.5957197801055,97.15439770085817,78.8975943498508,7.200317361127286
2024-02-20 08:00:00,0.7187899520515506,0.507442938503522,0.4947624251478343,698.4516660279919,88.15786365692142,78.94738855753918,7.2086222081301115
2024-02-20 09:00:00,0.6972325645746381,0.5076390105973503,0.4949416403486779,691.4499888282672,79.85230886462902,78.99758529092372,7.216192127065296
2024-02-20 10:00:00,0.679641681216811,0.5083829098705257,0.4943310438055416,683.0017772186217,72.31895553287796,79.04777186542584,7.2232039392911025
2024-02-20 11:00:00,0.6641855746744508,0.5096069179029263,0.4931191155884114,673.417335221572,65.5195158426879,79.09776863318942,7.229876308392739
2024-02-20 12:00:00,0.6501824757392246,0.5112725698721232,0.491389649748743,662.7564098682317,59.48885113175253,79.14749072469952,7.236274624127592
2024-02-20 13:00:00,0.6370390719082782,0.5132819292037561,0.4892779463948657,651.1906303662122,54.15805766763988,79.19691460544901,7.2424735941162615
2024-02-20 14:00:00,0.6244741814266527,0.5155727824817816,0.48686490717781256,638.7916837405852,49.51459792738676,79.24600794877558,7.248496747870216
2024-02-20 15:00:00,0.6122931069464538,0.5180662814915953,0.48424122573994194,625.6979826787898,45.47759238839435,79.29477643412342,7.254369720017296
2024-02-20 16:00:00,0.600389328497535,0.5206985407858201,0.4814769223210743,612.0385823865493,41.96437615948124,79.34323345589755,7.260108477029859
2024-02-20 17:00:00,0.5887238606196699,0.5234332571085464,0.47861146878322186,597.8773737084064,38.94371340354221,79.39136259751281,7.265707546868855
2024-02-20 18:00:00,0.577252202476274,0.5262261326442852,0.47569115238619847,583.3362861262528,36.32832452644131,79.43918381595634,7.271177347458108
2024-02-20 19:00:00,0.5659538743730043,0.5290429839917544,0.4727513673479137,568.5133863581291,34.05810619123685,79.486701799489,7.2765176533119025
2024-02-20 20:00:00,0.5548314002921446,0.5318636182622087,0.46981345867210134,553.4555372713842,32.12027773554447,79.53388740103408,7.281710868732865
2024-02-20 21:00:00,0.5438538718354455,0.5346632047765889,0.46690175201333606,538.2871194738311,30.413759121059798,79.58079702563167,7.286780266059314
2024-02-20 22:00:00,0.5330167661106826,0.5374270223027511,0.46403120392226127,523.0706131400585,28.91014762475804,79.62743411417004,7.291721480995327
2024-02-20 23:00:00,0.522318833464748,0.5401384724106458,0.4612190204981399,507.8727161354013,27.58741408528568,79.67378425768939,7.29652160545166
2024-02-21 00:00:00,0.5117377247336792,0.5427966179462593,0.4584649255710539,492.7452678249396,26.39185304650978,79.71990811593506,7.301205829474654
2024-02-21 01:00:00,0.5012850832604575,0.5453826878488827,0.45578878169040404,477.7557823432258,25.326387586793,79.76576583977776,7.305745199532456
2024-02-21 02:00:00,0.4909440344821789,0.5478992049787923,0.4531869993753061,462.93602618290004,24.354103292707702,79.81140526092666,7.3101598662424845
2024-02-21 03:00:00,0.5058553652586575,0.5498998252053431,0.450281747514699,458.1199877812345,29.19978780843977,79.77409283606116,7.304433430086083
2024-02-21 04:00:00,0.5260932594740223,0.5517339826802603,0.4476010633617623,456.92151751173304,33.474409511407195,79.7359095597702,7.298921165810609
2024-02-21 05:00:00,0.5371371300970164,0.5533861735217211,0.4455945766068836,456.40984332423886,36.35170398736593,79.69861730025261,7.295009391396573
2024-02-21 06:00:00,0.5498505821186294,0.5545110441164915,0.4441625185906584,461.59666213164724,41.842293675531735,79.58408964328414,7.286010183887925
2024-02-21 07:00:00,0.5626792266220071,0.555118663442351,0.44331150601080355,464.2112490014781,44.755630585935904,79.54562038847163,7.28121714898475
2024-02-21 08:00:00,0.569895570365422,0.5553523021767908,0.4430626972467568,465.5882894187913,46.08644701740511,79.5106901438496,7.278502361815775
2024-02-21 09:00:00,0.572225362405214,0.5552594217731831,0.4433179507322867,466.3049419486954,46.519946239642756,79.47805583144974,7.276872767949184
2024-02-21 10:00:00,0.5713975887275635,0.5548799908066141,0.443961227561472,466.6160794136963,46.40860012132093,79.44692536962657,7.275854965080536
2024-02-21 11:00:00,0.5664979210779303,0.5543537360308437,0.4447748164845869,465.3687955731407,46.04552627393414,79.41722369978027,7.275089152674188
2024-02-21 12:00:00,0.557162813584809,0.5538361957602265,0.4456577830651135,462.65235508092195,45.14016201402103,79.38977784333936,7.275142173135482
2024-02-21 13:00:00,0.5403505644992429,0.5534671306938092,0.44661699814505085,453.4158316381247,39.905065807515065,79.44327023119351,7.282431931982626
2024-02-21 14:00:00,0.7027119420908136,0.549233785892396,0.4460153963231793,615.1163757003221,116.06238409699901,78.54640049012808,7.215459630354105
2024-02-21 15:00:00,0.7222447517367004,0.5455020692520689,0.45039960340728863,638.4098715569035,120.9940146866826,78.5134360940211,7.207565522636377
2024-02-21 16:00:00,0.7407917075657079,0.5405256421032271,0.4559131138645827,659.5318598703707,124.26570863423247,78.48440004581354,7.200166752512662
2024-02-21 17:00:00,0.7529057603293621,0.5352196800984442,0.4618726479771376,677.8719977941515,125.66831622534569,78.45675157163032,7.194480865662418
2024-02-21 18:00:00,0.7798093374082085,0.5296239759396495,0.4676036769423904,697.9293195235555,128.2943230165852,78.42709434607474,7.187548392774214
2024-02-21 19:00:00,0.7977329647201944,0.524321032658173,0.47333538369651684,716.4129785463687,129.6172066094433,78.39826951409621,7.182612464413671
2024-02-21 20:00:00,0.8086850626727776,0.5193919248736262,0.4788552797674834,733.4949308222454,130.01498824059433,78.37026086396749,7.179103115179372
2024-02-21 21:00:00,0.8126919750501398,0.5150381604208747,0.48380313042592965,748.0188205562162,129.39260953955096,78.34205305388583,7.1765566306559565
2024-02-21 22:00:00,0.8101817686012406,0.5113640514135077,0.48811342170868566,760.1030423368744,127.60887329938961,78.31527085724055,7.175321855127641
2024-02-21 23:00:00,0.7987334993934267,0.5084407128813928,0.4918572241936878,765.2502658544594,121.00605584809807,78.36692309218891,7.18077076364817
2024-02-22 00:00:00,0.7757664530725725,0.5064462547158072,0.49474143177739477,765.7502972771019,112.81416164200105,78.419146237315,7.187462599909851
2024-02-22 01:00:00,0.7579238743150882,0.5052043413664826,0.49646978942350817,764.3263144979502,104.8741655086699,78.47122932750332,7.193606152134703
2024-02-22 02:00:00,0.7433276097559967,0.504746882614632,0.49716755922147676,761.300949848054,97.27512397166537,78.52281182271591,7.199414657045599
2024-02-22 03:00:00,0.7304563743113104,0.5049515716682961,0.4970696756009321,756.923602831071,90.05460176318216,78.57381643025913,7.205048703100047
2024-02-22 04:00:00,0.7186727009289924,0.5057653274019354,0.49627647886879883,751.2075208601228,83.28216449086068,78.62417017376738,7.21056898480428
2024-02-22 05:00:00,0.7074541318006471,0.5070582804643528,0.4949573793426738,744.3009079347557,76.96715371014193,78.67390798382571,7.21602752790384
2024-02-22 06:00:00,0.6965405618548097,0.5087406030263081,0.4932221782036801,736.2626624808655,71.13602694323671,78.72304660054395,7.221444692719144
2024-02-22 07:00:00,0.6858075006571657,0.5107555045926652,0.49113747587884915,727.1160041485437,65.80986112661,78.77158923587011,7.2268252610737616
2024-02-22 08:00:00,0.675143612666455,0.513001246725145,0.48881472103054296,717.0187454778534,60.950025709084194,78.81961491504828,7.232177526810576
2024-02-22 09:00:00,0.6645124030734689,0.5154330248488381,0.4863023312007178,705.9977406764561,56.56559248634467,78.86712736087775,7.2374952352796456
2024-02-22 10:00:00,0.6538966682953578,0.518001364600668,0.4836521067840544,694.1638986036188,52.61365662238095,78.914176723097,7.2427774608851205
2024-02-22 11:00:00,0.643289386811079,0.5206595078942005,0.48091261912617267,681.6071420351939,49.065202747250055,78.96079388604785,7.248017429129911
2024-02-22 12:00:00,0.6326913272245888,0.5233878536624251,0.4781043774030906,668.326861695905,45.93104396815907,79.0069539050605,7.253201267727708
2024-02-22 13:00:00,0.622112608740182,0.5261455061490631,0.4752685634443512,654.5159201724975,43.11441233231328,79.05274850064843,7.258333240037517
2024-02-22 14:00:00,0.6115594828989401,0.5289143485593024,0.47242376146137083,640.2134101210194,40.60647990423584,79.0981731748671,7.263401756627885
2024-02-22 15:00:00,0.6010375545837884,0.5316755571709703,0.46958904806550644,625.509270034608,38.367045508109236,79.1432525051185,7.268401061264411
2024-02-22 16:00:00,0.5905507839764171,0.5344181235234063,0.4667751314129504,610.5170577743723,36.33804563176309,79.18805038045953,7.27333806839987
2024-02-22 17:00:00,0.5801030305974716,0.5371267028791323,0.4639981629973351,595.2502378577273,34.5336245834622,79.23252287621492,7.278189395775342
2024-02-22 18:00:00,0.5696959516375809,0.5397955902027165,0.4612634336697472,579.8154093032284,32.89726669169361,79.27673280163673,7.282963651512385
2024-02-22 19:00:00,0.5846366842612025,0.5419763202770496,0.4581956652671141,573.9222587860511,37.27745133806968,79.23882848776226,7.277913407349707
2024-02-22 20:00:00,0.5756427940492532,0.5444869022324665,0.4557896453303315,560.9606344946349,35.21458148884517,79.28232618219467,7.28306587840842
2024-02-22 21:00:00,0.5594366722965565,0.5468491012219694,0.45370339538347854,546.1086349946876,32.85424192400617,79.32631475623965,7.288697816791525
2024-02-22 22:00:00,0.574999231015535,0.5485111695287731,0.4513283268327265,542.4045192366518,36.61823662451805,79.28837768470271,7.284044773718242
2024-02-22 23:00:00,0.555994345789133,0.5505528869472556,0.4497443331286479,528.2313889838925,33.63363735503213,79.33267422146311,7.2902454504018355
2024-02-23 00:00:00,0.5646450390951597,0.5519266282562316,0.44782861231722126,523.0189599369728,36.977665231648196,79.29551434916938,7.286074114924338
2024-02-23 01:00:00,0.5516564070908202,0.5535845441914174,0.4464779146598659,510.4465726192583,34.104738694530816,79.34026218498094,7.291865631924678
2024-02-23 02:00:00,0.5327842210008378,0.5551661476981119,0.44529695297266075,495.9565175889564,31.152819438240126,79.38578918021504,7.297928821503902
2024-02-23 03:00:00,0.5466211923567433,0.5560920912229669,0.44372269935199077,492.634033786394,34.46312963870911,79.34936732907128,7.293422018020511
2024-02-23 04:00:00,0.526434388972057,0.5575021282622017,0.4428063358122794,478.7999275414132,31.177305488409562,79.39546754563642,7.2997965671984675
2024-02-23 05:00:00,0.5341855678306754,0.5583228341412025,0.44146479920523857,474.04542648048704,34.30816684202146,79.3600335267189,7.295603920855702
2024-02-23 06:00:00,0.5206531291340287,0.5594932855192702,0.44060327489541773,461.8898374900289,31.29410648649663,79.40666149463762,7.301431002236266
2024-02-23 07:00:00,0.5013917086394264,0.5606599935901702,0.43983726755299146,447.88584143034836,28.30185448398699,79.45413586715291,7.307486153516125
2024-02-23 08:00:00,0.5149165563542598,0.5612102476942643,0.4386332563420489,445.1716851130319,31.54838735774763,79.41948036675896,7.302820450804473
2024-02-23 09:00:00,0.49466524913645155,0.5622953657174156,0.43803097660529516,431.9414096161202,28.2936552113057,79.4675422986097,7.309114405659524
2024-02-23 10:00:00,0.5023378276223422,0.5628227111773662,0.4369761052280832,427.92737529735774,31.455825778025385,79.43391709339372,7.304705365783835
2024-02-23 11:00:00,0.5176479739278882,0.5631817091929129,0.43600373088256,427.1381283114611,34.478296231707965,79.39995972813391,7.300108216287062
2024-02-23 12:00:00,0.525325515754295,0.5634604922051774,0.4355075158852333,426.82172617754975,36.380957261156304,79.36698859532089,7.29687090137093
2024-02-23 13:00:00,0.5357887861774696,0.5633596871757929,0.43537298859557816,432.1800891050419,41.15569021441552,79.25711096761823,7.288257269285079
2024-02-23 14:00:00,0.5470884620834278,0.562904521266669,0.435616269485708,434.83501046533587,43.47746151505506,79.22311146187907,7.283801049868987
2024-02-23 15:00:00,0.5277485950552853,0.56273428387367,0.43660395088621134,426.5019065781142,38.304192972979145,79.274422774772,7.291126170497332
2024-02-23 16:00:00,0.7849547654113521,0.5551761285856525,0.43744689875783394,683.5660111594106,158.6046711847823,77.92234305812438,7.1865255059415984
2024-02-23 17:00:00,0.8063011958742893,0.5483356923288262,0.4457355561818685,718.1345174610327,167.50261819531076,77.88915961626066,7.176066349301527
2024-02-23 18:00:00,0.8040398697463795,0.5403242923358077,0.45559867866063314,740.8455194748341,167.54513408813003,77.93790116943461,7.174553019220231
2024-02-23 19:00:00,0.8240284274389378,0.531841847393455,0.46478153720579246,767.5397491543592,171.64794105868785,77.90905528970475,7.165896163620815
2024-02-23 20:00:00,0.8381795427435936,0.5238218029851988,0.47366559555338444,788.0948896114342,170.7344142288431,77.95559407541526,7.164132962635662
2024-02-23 21:00:00,0.8353871194979352,0.5169763234936174,0.4816216357395738,803.7184666793775,167.14020103037677,78.00279333745209,7.164729929171622
2024-02-23 22:00:00,0.8632443265670446,0.510591292408782,0.4879542392620972,827.2549394442743,169.9842383883372,77.96946127538841,7.1573096800839195
2024-02-23 23:00:00,0.8552706812223803,0.5057059615599621,0.49386452589383806,840.1385937659988,165.01288215054706,78.01506153601663,7.159759574867374
2024-02-24 00:00:00,0.8470226620904974,0.5018480048140846,0.49846192038033527,850.519886404395,159.37563843690575,78.05906761624354,7.16243896413895
2024-02-24 01:00:00,0.8400298872783504,0.498990183490647,0.5018087472590658,859.0300879218556,153.3486520421615,78.10206016114164,7.165277424681074
2024-02-24 02:00:00,0.8334127855454724,0.4970564549687848,0.5040722839408465,865.8478044482581,147.01736907506262,78.14396657545018,7.168338465412429
2024-02-24 03:00:00,0.8267702623101733,0.4959551882570777,0.5053924482858956,871.0418008355467,140.45470201405976,78.18480136259222,7.171641766152407
2024-02-24 04:00:00,0.8198866006698612,0.4955665473844615,0.505924134027105,874.6956212234132,133.73709012006645,78.22463381159594,7.1751829656803485
2024-02-24 05:00:00,0.8126542241705021,0.49578117068800764,0.5058003396935947,876.8424579843373,126.94123996654925,78.26353241013402,7.178950098150588
2024-02-24 06:00:00,0.8050422776842318,0.4965228026555424,0.5051096570887389,877.4765964977652,120.13018858987739,78.30154936006582,7.182930606822775
2024-02-24 07:00:00,0.7970744898565724,0.497681868253985,0.503973863907988,876.7055663457159,113.36790148771615,78.33880800297557,7.1870952073209295
2024-02-24 08:00:00,0.7887663996960355,0.49918814258257344,0.5024704503954389,874.5431471884449,106.72007500269874,78.37538100733364,7.191424565917312
2024-02-24 09:00:00,0.780127543967143,0.5010019355963871,0.5006429242413062,870.9682713918936,100.23751857574733,78.41130716385578,7.195906934677672
2024-02-24 10:00:00,0.7712108186182128,0.5030446574457035,0.49857546925112906,866.1139553276087,93.96585459244359,78.4467093340883,7.200513209791581
2024-02-24 11:00:00,0.7620263668322456,0.505286322188159,0.49630036594613236,859.9508539551834,87.95869647208916,78.48162266937722,7.2052313272127355
2024-02-24 12:00:00,0.7526099330730643,0.5076867983374543,0.49386001324865986,852.5767623834437,82.23271661295773,78.51612097911188,7.210043829945849
2024-02-24 13:00:00,0.7429888986152035,0.5102098051697216,0.49129272044281225,844.0377201724446,76.8249332424376,78.55026643588,7.214933063513971
2024-02-24 14:00:00,0.733173927280063,0.5128392839378014,0.48861540147912386,834.3319104850066,71.76118844635393,78.58408294199683,7.219889527291062
2024-02-24 15:00:00,0.7232079078139674,0.5155403671807021,0.485864305977587,823.6033017998446,67.03456431065057,78.61764777726273,7.224894615047017
2024-02-24 16:00:00,0.7385647843786296,0.5178653702809195,0.48266889253002154,821.1468761746522,68.90230230538404,78.5704280431844,7.220857905936356
2024-02-24 17:00:00,0.7289897126054004,0.5205507465001491,0.4801468270936565,811.1813645993095,64.60245019097452,78.60384456808157,7.226489530184226
2024-02-24 18:00:00,0.7122831964085762,0.5231435783364645,0.4778559811615614,798.6359663275638,60.000278696116,78.63738310355598,7.232648572679545
2024-02-24 19:00:00,0.727388161764323,0.5251111197178869,0.47520291262571623,796.127136993019,62.16392596270577,78.5907643215576,7.229277165823617
2024-02-24 20:00:00,0.7074022863354785,0.5274808080765747,0.47331451230219623,782.8941394909925,57.418361686474924,78.62485288469288,7.236149592369171
2024-02-24 21:00:00,0.715549263542597,0.5292697094370721,0.47097525956624536,777.6367878013544,59.290752171585524,78.57883609541211,7.2333261279371825
2024-02-24 22:00:00,0.701290019184753,0.5313824584558154,0.469192638897789,764.7799645666412,55.04431177212151,78.61391232164691,7.239974240313853
2024-02-24 23:00:00,0.6815999858182138,0.5334639158219069,0.4674874175542136,749.4016553581286,50.670191622477766,78.64949333043516,7.246878651180828
2024-02-25 00:00:00,0.7019213712949272,0.5348513193092341,0.4651980866326963,749.5922502628705,56.65809619167476,78.52808962113083,7.238031367854403
2024-02-25 01:00:00,0.7200256707806798,0.5361094205473271,0.46331318756173623,748.2702648348661,60.05245552202641,78.4809146669695,7.233737733844301
2024-02-25 02:00:00,0.7058296076568125,0.537595254051698,0.46235760508603163,739.485709038519,57.59655877268694,78.44435323234451,7.237582428517538
2024-02-25 03:00:00,0.7055848889478861,0.5385430308783058,0.46142451335554,732.0198807691601,56.33448392459052,78.47564999158865,7.240205495669225
2024-02-25 04:00:00,0.7070457363205124,0.5392731185722166,0.46060122537020565,727.0157141043555,57.02375420706707,78.4349674918932,7.2393668026319995
2024-02-25 05:00:00,0.7058802799113093,0.5399307084548296,0.4599021099140423,721.3071061170444,57.432638740320336,78.39511335433039,7.238825805310281
2024-02-25 06:00:00,0.698146512548876,0.5406347063457411,0.4593599215101222,714.2777031305602,57.03650970699777,78.35725407470295,7.239364031747827
2024-02-25 07:00:00,0.6835087880025214,0.5414312960029174,0.4589638155426796,703.9344969889448,54.076934804698325,78.32622200266094,7.243646037324671
2024-02-25 08:00:00,0.6829993994960446,0.5419510671574443,0.4583517528085514,695.168473234554,52.429702514337826,78.36279947069572,7.246667627975101
2024-02-25 09:00:00,0.6840169386244591,0.5424330562947829,0.4576980279459371,689.0491436523637,52.847733704171624,78.32738917264778,7.24615219792316
2024-02-25 10:00:00,0.6918821489202847,0.5427424614914395,0.45706997955419415,688.9489743765525,56.73909287829709,78.21627359764315,7.240099780204164
2024-02-25 11:00:00,0.7000419071710954,0.5429068741917954,0.45663754002034657,686.3781302891101,58.28714108809309,78.17995340063186,7.238034818063555
2024-02-25 12:00:00,0.6790773612762154,0.5434469802172232,0.4568000861528436,676.1010343937082,54.35375193677541,78.15441719175726,7.243622168266685
2024-02-25 13:00:00,0.6741654670968513,0.5436524654066995,0.45667366964047496,667.023963538886,51.907183622927846,78.1968292240333,7.247647808943384
2024-02-25 14:00:00,0.6723809242980953,0.5438427864782408,0.456392646014099,660.5380588148117,51.71048063496868,78.16747165253042,7.247858106170666
2024-02-25 15:00:00,0.6687435082031733,0.5441385966341651,0.45603073251766285,653.4130698773429,51.46151016408422,78.13891288307809,7.248168636564333
2024-02-25 16:00:00,0.6591110935633587,0.5446233855967757,0.4556688312068706,645.0653415231387,50.61041766462352,78.11206972021589,7.249397562249802
2024-02-25 17:00:00,0.6429336752139639,0.545311121837922,0.45533799910979283,633.483313079218,47.34707373725756,78.09199097132664,7.254323325710756
2024-02-25 18:00:00,0.6412355358676279,0.5457988985487949,0.4547112015451124,623.5518472697934,45.48618737868077,78.1393021090365,7.257877000459564
2024-02-25 19:00:00,0.641334301314239,0.5463032653451155,0.45398982349869055,616.5103277203704,45.81062500947256,78.1145696017175,7.257702302874364
2024-02-25 20:00:00,0.6389881382869413,0.5468877559123615,0.4532608656034852,609.0279979984222,46.049305233713966,78.09041649176824,7.257688706187012
2024-02-25 21:00:00,0.6301997946230311,0.5476176835916209,0.45260813054705146,600.468188835611,45.638940490827004,78.06789662757807,7.258653670773095
2024-02-25 22:00:00,0.6146380378224505,0.5484998797285212,0.45205537183089894,588.7884707297044,42.77044300655141,78.05198868490685,7.26338910457989
2024-02-25 23:00:00,0.6134271864419074,0.5491288190387975,0.45127103249712586,578.8506477939804,41.238173461787206,78.10336189520345,7.266743112354748
2024-02-26 00:00:00,0.6139170506858527,0.5497266061675948,0.45044828748488813,571.9643460952054,41.85466358134659,78.0825656611265,7.266316994851781
2024-02-26 01:00:00,0.6119210373748994,0.5503628973861399,0.4496644898883775,564.7407728303648,42.362019186146306,78.06225244673321,7.266048316480864
2024-02-26 02:00:00,0.6034810057563398,0.5511090002269481,0.44899482354757464,556.5244393032319,42.19540523332102,78.04352862754365,7.26677224812624
2024-02-26 03:00:00,0.5882452654968163,0.55197764436356,0.44845673914164086,545.2588969477266,39.55057671972863,78.03131337005051,7.271304610391428
2024-02-26 04:00:00,0.5874206234252363,0.5525637862079007,0.44771505394926425,535.7852191558338,38.206339691058034,78.08629833527536,7.274432915457793
2024-02-26 05:00:00,0.5881633670576214,0.5530985309337606,0.44696107474871666,529.4668139237798,38.98524577519582,78.06900312420662,7.273744741341429
2024-02-26 06:00:00,0.5864871481583867,0.5536524082022324,0.4462637756524771,522.877539795563,39.64873135248843,78.05212043194554,7.273207481022019
2024-02-26 07:00:00,0.5783814035978906,0.5543015289305435,0.445695122837716,515.3479732247866,39.62992607854308,78.03677704687958,7.273671495654151
2024-02-26 08:00:00,0.5634871988389647,0.5550610472090657,0.44526984405686526,504.80590257656996,37.1238144517893,78.02785480975247,7.277978651444471
2024-02-26 09:00:00,0.5629374796337029,0.5555269624163579,0.4446544570180479,496.0595192755702,35.88884881821136,78.0860651842788,7.280876166965113
2024-02-26 10:00:00,0.5640978961656963,0.5559308019355844,0.44403291273505263,490.5629858842241,36.77797221303268,78.07189046974902,7.279907082524653
2024-02-26 11:00:00,0.6093532491721874,0.5554357153140383,0.442985527952384,504.2139104293052,48.577245878691826,77.89911386498116,7.261031213376461
2024-02-26 12:00:00,0.6561547320530429,0.5545035762088784,0.4427609200848471,522.1509745401866,59.43099158343924,77.72764797095206,7.243936273280605
2024-02-26 13:00:00,0.6591869993687705,0.5535740117058155,0.44426160875244597,527.4143770819683,59.12734916023266,77.64620281833834,7.243434080432558
2024-02-26 14:00:00,0.6466856866522512,0.5523004622559955,0.4463953429548464,530.543691274653,59.31801311890118,77.62812370098445,7.241827395692546
2024-02-26 15:00:00,0.8271900016396495,0.5465341384557707,0.4471387851248033,699.8960310032186,140.62902901671654,76.74505712260469,7.171686130604147
2024-02-26 16:00:00,0.8130425087279854,0.5415390207095306,0.45440302548917266,721.5502680028521,141.64198647167157,76.74442948336068,7.171290749438819
2024-02-26 17:00:00,0.8184574997308263,0.5349052095826065,0.462213068236584,741.5138716381928,141.86164182918282,76.81488522532432,7.170109836207968
2024-02-26 18:00:00,0.8313785497091083,0.5280569598059591,0.46969455289200207,762.8794020110624,143.5879973925319,76.81311343118561,7.165205181180959
2024-02-26 19:00:00,0.8145495919811607,0.5222941498635524,0.4768059787361245,772.6457137239622,137.44396263703842,76.88928130043283,7.169529378690303
2024-02-26 20:00:00,0.8218740614358628,0.5171308470392116,0.48218199083212226,787.5981338895542,136.76558195912565,76.88615324653662,7.1657176070927715
2024-02-26 21:00:00,0.823668118598736,0.5129664009622729,0.48676501149215345,799.6647856180683,133.70326794070402,76.88744915313701,7.165362361798628
2024-02-26 22:00:00,0.8345301435272223,0.5094157169026815,0.49040686156557706,811.4247552220546,130.83467537381185,76.95453396751225,7.165789139718187
2024-02-26 23:00:00,0.8455451599002353,0.5065325724500396,0.4933005377164001,825.4015365739774,130.18527025372248,76.9481823378839,7.163042295184502
2024-02-27 00:00:00,0.8237308666380656,0.5048213347341676,0.49596497483393454,828.2520844923777,122.16784123115721,77.0190295879549,7.169655262119399
2024-02-27 01:00:00,0.8254649626207116,0.5034547530715162,0.4972464350097254,836.6251692383471,120.09180682486539,77.01103777601155,7.167972803885023
2024-02-27 02:00:00,0.8179463546222536,0.5028588485884775,0.4981461453676851,838.8322446931502,113.25170741047114,77.08035524923392,7.173552529153998
2024-02-27 03:00:00,0.7983129835687427,0.5029766777226258,0.4985497884538036,836.9894476084526,105.23089881308145,77.14867857291799,7.180291230016568
2024-02-27 04:00:00,0.8122725351737876,0.5030657595225396,0.4978442056746544,843.9015587263067,104.44931216844738,77.13823418743083,7.177824686567509
2024-02-27 05:00:00,0.7917526128092154,0.5040578266765546,0.497390865675509,840.2113061896256,96.61290186286523,77.20509522516467,7.185094983339249
2024-02-27 06:00:00,0.7935261919528315,0.5050235307809152,0.49607087089509133,842.430430667588,94.97024904454706,77.19309519457184,7.183872220564667
2024-02-27 07:00:00,0.7853874631303328,0.5064535586972383,0.4947585504613973,838.6648699044235,88.64184731202018,77.2587965316364,7.190150217798297
2024-02-27 08:00:00,0.7648544454155064,0.5082455387553986,0.49336469228987123,831.0320544692235,81.42751258031835,77.32389441362889,7.197554797959363
2024-02-27 09:00:00,0.7778641311162182,0.5097208903835017,0.49118037060840924,832.4866627950495,81.45414129918194,77.3101926406681,7.195422973219895
2024-02-27 10:00:00,0.7564007237260817,0.5118606625684801,0.48951440073559177,823.4454764595631,74.61608543275503,77.37431063642094,7.203243975944343
2024-02-27 11:00:00,0.7573228758959136,0.5137380633530002,0.48723619429626586,820.6305335428798,74.06578754188898,77.35964648914096,7.2022386902849584
2024-02-27 12:00:00,0.7483676704135511,0.5159203442246137,0.48513540579986825,811.9945170312077,68.79262983593824,77.42305530149602,7.208921975999694
2024-02-27 13:00:00,0.7271350529985805,0.5183026665486326,0.4831283621033659,799.6995266923097,62.802542779107625,77.48623501878293,7.216689014535703
2024-02-27 14:00:00,0.7095393456363704,0.5207585494857299,0.48082405993719074,785.9635241458831,57.502323895988845,77.54919439616657,7.223908137652152
2024-02-27 15:00:00,0.6940631974213527,0.5233553611858065,0.4782632448666294,771.2341333962128,52.78851937976019,77.61172142967143,7.230786569871508
2024-02-27 16:00:00,0.679978064422527,0.5261049070595274,0.4754820738222179,755.6345921822835,48.644769622644056,77.67370333095944,7.237399911175916
2024-02-27 17:00:00,0.6966059382497609,0.5284775512576655,0.47219272348903873,750.6386988227198,51.135099025704605,77.65583877711971,7.234331772736247
2024-02-27 18:00:00,0.6771811671715197,0.5313690116616564,0.4696317610151617,735.0021709660639,46.893276812171536,77.71665825127155,7.241780354861289
2024-02-27 19:00:00,0.685818898075305,0.5337041662319865,0.46663467352172683,727.7896333835648,49.27768570915147,77.69774034189199,7.239202871307878
2024-02-27 20:00:00,0.6712467000868154,0.5363850548622635,0.4642204524055764,712.9595728082459,45.45130405229751,77.75842127598496,7.246444031958135
2024-02-27 21:00:00,0.6512283633643923,0.5389927864750967,0.461951729754185,695.9043984200072,41.6249511627716,77.81887074719467,7.253852778712217
2024-02-27 22:00:00,0.6641369452779444,0.5409912301550118,0.45925724690416403,689.5118785894895,44.32462692642825,77.79962663642365,7.251028342848885
2024-02-27 23:00:00,0.6424437044316812,0.5434505187518976,0.4572604229495106,672.504958929725,40.365214902860195,77.85976677610934,7.258756336775956
2024-02-28 00:00:00,0.6496398493451842,0.5453236415476319,0.4548038408638352,664.1778480039809,43.01007578622662,77.84011806388291,7.256083000427322
2024-02-28 01:00:00,0.6633069592955328,0.5470362742562715,0.45249435598136944,658.812721481625,45.63031569957608,77.82058168877022,7.253386182598471
2024-02-28 02:00:00,0.6688470486654436,0.5485978769251304,0.4507581127995296,653.8831108175951,47.24069736434585,77.80130223319955,7.251966455929665
2024-02-28 03:00:00,0.6677407295594134,0.5498978217296532,0.4494721669726915,647.8334351759062,48.29888620930418,77.78218771228883,7.251098183158648
2024-02-28 04:00:00,0.6602191894048924,0.551046927635184,0.44852872863589593,640.530083378907,48.49643006874274,77.76462115399418,7.2512986107725865
2024-02-28 05:00:00,0.6457764775636139,0.5521436741889311,0.4478725807548873,629.9899895634508,46.0554049356324,77.75348161096427,7.255369041132549
2024-02-28 06:00:00,0.6457836846547812,0.552836432972412,0.4471142971495995,621.1080078784707,44.81305567895396,77.80916398038389,7.25815314084071
2024-02-28 07:00:00,0.6472980162274289,0.5533971430678619,0.4464080602398377,615.1533615889433,45.63955533198593,77.79281451386775,7.257203782758723
2024-02-28 08:00:00,0.6462853093343949,0.5539254222219199,0.4457974753666052,608.7557615922836,46.278602828209195,77.77671967839075,7.256479142308341
2024-02-28 09:00:00,0.6386337088951953,0.5545194342360169,0.4453382332009797,601.2671454790682,46.18917035224034,77.76202569263711,7.25679746047511
2024-02-28 10:00:00,0.6238654984382902,0.5552111964353241,0.44503528798617104,590.5866108960323,43.53744159589156,77.75374484859907,7.261026051284729
2024-02-28 11:00:00,0.6234690098643839,0.5556020862500617,0.4445388695492662,581.5853295875534,42.13806072979474,77.81229845597744,7.26394677864696
2024-02-28 12:00:00,0.6247402909028263,0.5559332219745634,0.4440246601409095,575.629545838686,42.87800077063991,77.7987631012441,7.2630545197155225
2024-02-28 13:00:00,0.6234386771139135,0.5562872772131702,0.4435595924493278,569.2828786505503,43.47282625316553,77.78548618405004,7.262367041384067
2024-02-28 14:00:00,0.6155908302838402,0.5567447287540391,0.4432109622261937,561.9049293543029,43.38069006918142,77.77356410431211,7.262697265972146
2024-02-28 15:00:00,0.6006558108915254,0.5573272550710313,0.4429951241150219,551.3801984213184,40.75477703083125,77.76802458376874,7.266944911625284
2024-02-28 16:00:00,0.793793401442906,0.5527886340660672,0.4422297692797416,723.1564521203727,123.52131527562456,76.94828577868508,7.192584833376261
2024-02-28 17:00:00,0.8088440180693981,0.5488654458823498,0.4470781871073133,747.0930523552331,128.8430164197586,76.93824554347576,7.1847576949082885
2024-02-28 18:00:00,0.7974396572453804,0.5441697893615245,0.45328190703577476,759.3134692420122,125.79373907106573,77.00855066428758,7.186275473874347
2024-02-28 19:00:00,0.809754331567899,0.5389501825401766,0.45887340974226765,776.307110928117,127.58325119350758,77.00018155043554,7.17968774991054
2024-02-28 20:00:00,0.8176202148565822,0.534039657729439,0.464330163776003,790.1044987921749,126.42445629061763,76.9969111690279,7.177194993683909
2024-02-28 21:00:00,0.8352194145171505,0.5292996171452666,0.46925570075924167,804.6335007439354,126.06979004927665,77.05713796529385,7.174532958520663
2024-02-28 22:00:00,0.8506932888275999,0.5250229714689962,0.4736970138519549,820.6870041979181,127.14624985045572,77.04525515166821,7.169619518964163
2024-02-28 23:00:00,0.8329593735809736,0.5218321947416804,0.4779857420012545,825.6787300099891,120.70659340801366,77.11101689405923,7.174430143711185
2024-02-29 00:00:00,0.8367024152290763,0.5189942802111277,0.48091634026344643,835.932598602875,119.85014765741417,77.09763870667832,7.171202887705496
2024-02-29 01:00:00,0.8333050768949715,0.5168907729724794,0.483406695762611,840.4326639407205,114.35181184920096,77.16140318795911,7.175149596221541
2024-02-29 02:00:00,0.8158689174441766,0.5156038235068149,0.4853330695994073,840.6746817451872,107.34787450032414,77.22415908178756,7.180592441171158
2024-02-29 03:00:00,0.8017398039542816,0.5149194090198073,0.4863704086298887,839.1036466609277,100.53331069342423,77.28619839267824,7.185758665453342
2024-02-29 04:00:00,0.7895433258172702,0.5148454887615853,0.48662844270418354,835.9995294953873,93.96720101282185,77.34730976764172,7.190797828165009
2024-02-29 05:00:00,0.7784090845590983,0.515324947222857,0.4862326954739937,831.4823105703674,87.70008422068241,77.40744335302156,7.195792748145277
2024-02-29 06:00:00,0.7678710081530999,0.5163000848228013,0.485277961884094,825.5954019680067,81.77849613898157,77.46657624803508,7.200784334501503
2024-02-29 07:00:00,0.7575906475791453,0.5176689960300355,0.48389497137955323,818.4737927678412,76.21515625748837,77.52478617797328,7.205797335002844
2024-02-29 08:00:00,0.7473986518182055,0.5193552318228235,0.4821751995858257,810.176140427093,71.03374040139641,77.58211493233983,7.210838975246122
2024-02-29 09:00:00,0.7668092950665962,0.520772779113703,0.4798860118164461,811.8733234765435,72.70881959462561,77.56001877148431,7.206823816453184
2024-02-29 10:00:00,0.7495190039579663,0.5227829100254772,0.47825660581453877,802.7314710697506,67.42066390538726,77.61587839271694,7.213136942974316
2024-02-29 11:00:00,0.7600380988070546,0.5243315888857251,0.4760871260325722,801.3932906732138,68.84817804478024,77.59225761072403,7.209952153722508
2024-02-29 12:00:00,0.7466194955771065,0.5262793741690712,0.47446296291916934,792.1161327337302,64.04958407315989,77.64798589500964,7.216400173250489
2024-02-29 13:00:00,0.7277438191506019,0.5282432898743468,0.4728696809419483,780.2175725415655,59.129359454923005,77.70310689668074,7.2231038544691435
2024-02-29 14:00:00,0.741557328721501,0.5296827922453773,0.47077139889933306,778.3397136867146,61.006781224456454,77.67926820995623,7.22011727890712
2024-02-29 15:00:00,0.7204614386098585,0.5316467860538432,0.4692984838694349,765.5913091311859,56.060494058806384,77.73402731697867,7.227370144346915
2024-02-29 16:00:00,0.7284004331435515,0.5331212267478265,0.46725165689471126,760.9239100458376,57.85275379440854,77.70946899459693,7.2246985672870165
2024-02-29 17:00:00,0.726869438548479,0.5347658624581376,0.4654826899803496,755.3159150879095,58.29520199522119,77.68675461405253,7.2241687879620855
2024-02-29 18:00:00,0.721022195442647,0.5363612228652629,0.4639992597267215,745.218818948405,54.94214759295694,77.74046272121235,7.22984629882344
2024-02-29 19:00:00,0.7269071499934017,0.5375587721429563,0.46253463745822804,741.6838896612114,56.23999377661537,77.71665033214603,7.228291056520851
2024-02-29 20:00:00,0.7303937528499396,0.5386160566200411,0.4612849637042426,737.6252725645362,57.28792207709492,77.69317538945064,7.227054644848681
2024-02-29 21:00:00,0.7294217052506821,0.5395957029058159,0.46025175911325217,732.7324497603549,57.89161404682282,77.66986397197155,7.226367803597196
2024-02-29 22:00:00,0.719797240227451,0.5406122733460247,0.45947455407401167,726.039100412334,57.24640496377861,77.64895063472406,7.227410673923968
2024-02-29 23:00:00,0.7086614706297705,0.5415756933645225,0.45881368569206293,714.5808838500384,52.99809595074104,77.70503237418238,7.234315265996304
2024-03-01 00:00:00,0.7109142011428913,0.5422289267496336,0.4579863016248518,709.6760663338787,53.588206304793495,77.68391965472259,7.233649288748508
2024-03-01 01:00:00,0.7119781275088174,0.5428572768579243,0.4571973243748543,704.2738769909871,54.095613146175566,77.66334909417671,7.233090566246581
2024-03-01 02:00:00,0.7092200520994005,0.5435231656608212,0.45648075542574856,698.0783952132116,54.29267489170624,77.64301014897762,7.232942692535185
2024-03-01 03:00:00,0.6982042455376583,0.5443251258032933,0.45590675214931925,690.1430970170439,53.36001725038636,77.62509983070174,7.23442652893762
2024-03-01 04:00:00,0.6859631372847849,0.5451520682123135,0.45536340913207496,677.4535463213498,48.900838641753836,77.68426223480368,7.241776422982652
2024-03-01 05:00:00,0.6874042552440124,0.5457250206665559,0.4545916543768739,671.4788664543556,49.355713565953955,77.66624839196766,7.241379972252438
2024-03-01 06:00:00,0.6878273697088899,0.5463168181258822,0.4538139064757747,665.09698249204,49.79871596125242,77.64883150911854,7.24102594929677
2024-03-01 07:00:00,0.6845276715870918,0.5469759819065216,0.45308150858400725,658.026245706373,49.99179426262182,77.63159079432782,7.241025090896089
2024-03-01 08:00:00,0.6731313109382582,0.5477887241892727,0.4524742968454657,649.3083044243142,49.09656623088896,77.61679075038204,7.24263614457389
2024-03-01 09:00:00,0.6605447552161551,0.548636010520137,0.45189301289616374,635.8961713820706,44.69756080154936,77.67909952819365,7.2501573218022815
2024-03-01 10:00:00,0.6616578254701466,0.5492290257316114,0.45108740800768515,629.3628586835221,45.21933619666179,77.6641372734063,7.249794302072828
2024-03-01 11:00:00,0.6618672784076699,0.5498364735831618,0.45028072620853,622.5319506899381,45.757125448837364,77.64977234396012,7.249434254563246
2024-03-01 12:00:00,0.6584176481107266,0.5505050868855252,0.44952759183064034,615.1165351526247,46.06524685224114,77.63556249753765,7.249399275862215
2024-03-01 13:00:00,0.6469192632853329,0.5513197172919329,0.448909011288413,606.1518684970621,45.30207126490455,77.62375095432145,7.250964538520369
2024-03-01 14:00:00,0.6342290995015852,0.5521594366601537,0.4483282944381979,592.5249934312461,41.03236010508036,77.68906980104983,7.258498541665888
2024-03-01 15:00:00,0.6432324399255547,0.5525817795791927,0.44741738192389746,591.5172621586194,45.47891505501503,77.60095113393784,7.251673516461349
2024-03-01 16:00:00,0.6535188608951817,0.552909608495839,0.4466605189664953,588.3900726119464,47.442613599871734,77.58653602884614,7.249138049969645
2024-03-01 17:00:00,0.6311474731691245,0.5536930445754044,0.4465749779937102,574.4443132382455,41.826784807056384,77.65451162759906,7.258422173025634
2024-03-01 18:00:00,0.8866881721342939,0.5472746548328455,0.446223584007487,824.2770817586539,163.52750140189477,76.42609142266234,7.155841617675484
2024-03-01 19:00:00,0.909434590633038,0.54106336949781,0.45375690409670383,860.8363195783155,174.13657182467048,76.42078800573601,7.144900313667055
2024-03-01 20:00:00,0.9068117006708709,0.5335137285027918,0.46307068260145906,885.867825792674,175.70488867798002,76.49380670448132,7.143085638212001
2024-03-01 21:00:00,0.9269665281590238,0.5254485831386658,0.47171540089175135,915.1886022486651,181.38679747523133,76.49014194182826,7.134161010977306
2024-03-01 22:00:00,0.9394281233601963,0.5179130097678334,0.48006795050838025,938.3112511713862,181.61308995793465,76.55969513310829,7.13251492112815
2024-03-01 23:00:00,0.9355663272964568,0.5115462582390814,0.48746049069376324,956.7016050630505,179.17829534978287,76.62826620588486,7.133045799650002
2024-03-02 00:00:00,0.9329169779780245,0.5063072219209949,0.49339910998051223,972.8576272451087,175.90665565279627,76.69502544413336,7.133932295873077
2024-03-02 01:00:00,0.9303291487688327,0.5022367333192809,0.4979622126994546,987.0731147499909,171.9149264420407,76.75946805671731,7.1352473572647135
2024-03-02 02:00:00,0.9271860601940523,0.4992647614518097,0.5012901350702019,999.4814874573436,167.3028182086113,76.82175566202162,7.137014008037294
2024-03-02 03:00:00,0.9232426856451692,0.49727405034450917,0.503542112749955,1010.1543991187476,162.16211886010316,76.8820316813184,7.1392186379923785
2024-03-02 04:00:00,0.9184662702768663,0.49612553544131444,0.5048833543210992,1019.1358080810005,156.5821721102584,76.94041799768706,7.141827851825912
2024-03-02 05:00:00,0.912910156037362,0.4957003194004148,0.5054480751365598,1026.4533207439179,150.63899957503125,76.99703683602077,7.144806266869684
2024-03-02 06:00:00,0.9066288080165248,0.49591287121308736,0.5053316037212708,1032.0745467012491,144.39526189576748,77.05195457272761,7.1481292612600384
2024-03-02 07:00:00,0.8997626035641547,0.49661838112356377,0.5046909754395204,1036.1323915989412,137.9497766784659,77.10541475702993,7.151738014366256
2024-03-02 08:00:00,0.8923489010884332,0.4977721715791619,0.5035751849030293,1038.5444109154735,131.35736455608745,77.1574348286361,7.155619868672666
2024-03-02 09:00:00,0.8844837182137326,0.4992848839191122,0.5020802152592699,1039.410420367292,124.69254055757506,77.20819486968709,7.159734683844542
2024-03-02 10:00:00,0.8762212868066439,0.5011002601020359,0.5002667325415618,1038.7270982469677,118.02651124085791,77.25778690877704,7.1640583231553
2024-03-02 11:00:00,0.8675889441897284,0.5031870951140992,0.49816846900290923,1036.4557419312694,111.41354452980632,77.30625196794725,7.168577774056356
2024-03-02 12:00:00,0.8586594565146142,0.5054792130907526,0.4958558145688215,1032.731218023109,104.91837344746115,77.35377254059506,7.17325775962191
2024-03-02 13:00:00,0.8754549356023988,0.50751279851642,0.4929682202967356,1036.6231659351267,105.13343966683601,77.32196437230832,7.169287995735046
2024-03-02 14:00:00,0.8655750887623413,0.5099814941227803,0.4907430517424847,1032.5686334890027,98.97466090418517,77.3687862439998,7.174948134768501
2024-03-02 15:00:00,0.8491858343161109,0.5124300172291395,0.4886226498242378,1025.5523200978819,92.43592186474801,77.414326010082,7.181062884049314
2024-03-02 16:00:00,0.8644310327716862,0.5143427696095849,0.4860656185363729,1027.7848804851055,92.92409400516837,77.38202912536457,7.178159410138811
2024-03-02 17:00:00,0.8443739262673435,0.5167059987580427,0.4842002423887499,1018.9786494093327,86.32858487104619,77.42708294165283,7.185140066202922
2024-03-02 18:00:00,0.8531407375956532,0.5185833815651546,0.4817605241932975,1017.5282499441851,86.54576631467226,77.39363249476968,7.182769974582008
2024-03-02 19:00:00,0.8516573151779304,0.5206096338639884,0.47965183403404016,1014.6753030727367,85.51751643917308,77.36220637466356,7.182568332368663
2024-03-02 20:00:00,0.8454091439873516,0.5225620871263619,0.47786413782229054,1007.0793216375811,80.7217386079414,77.4068789703153,7.188482225740829
2024-03-02 21:00:00,0.821357151116718,0.5246739583005601,0.47632981576368844,994.3089185588456,74.20157614340545,77.45236793696472,7.1964745210015435
2024-03-02 22:00:00,0.8317218499083352,0.5262821073286766,0.47410179275418984,990.2387764763024,74.84088002301156,77.4201862200129,7.194571732188199
2024-03-02 23:00:00,0.8354150881845874,0.5280002045849033,0.4720769982858563,985.5202243842745,75.0258242476324,77.3877210012668,7.193582943668102
2024-03-03 00:00:00,0.8283256220923046,0.5297978246534545,0.47039235554837106,978.8396740027764,73.90476963121924,77.35741201168386,7.194577063762257
2024-03-03 01:00:00,0.8182921839382951,0.5315198547735541,0.46892401403526673,967.3143229661536,69.07575734436114,77.40369391661787,7.201547203213397
2024-03-03 02:00:00,0.7917691118881435,0.5334572971864472,0.4675950916965847,950.6936305275875,62.7615056765648,77.45120603809299,7.210408285897609
2024-03-03 03:00:00,0.8003816147913193,0.5349370402365214,0.46549546748174647,943.032668813704,63.634957166053304,77.4211101519504,7.209004981087693
2024-03-03 04:00:00,0.8027363397520619,0.5365848296614214,0.4635267553526321,934.8813494040114,64.07722419084695,77.39078546482718,7.20842552647994
2024-03-03 05:00:00,0.7947149774253799,0.5383590301616876,0.4618418259327936,924.9536806680981,63.26214222581494,77.36266315751051,7.209755667330982
2024-03-03 06:00:00,0.7839573597974709,0.5400907743483624,0.4603393559870549,910.2744950038823,58.74459370262928,77.4113271209884,7.2171462566881655
2024-03-03 07:00:00,0.7863283129303646,0.5414748000559128,0.4587349713569232,901.9655392735207,59.14633150051238,77.38329986173393,7.217014912419586
2024-03-03 08:00:00,0.7872100270107298,0.5427860418356567,0.4572359010391465,893.0583162098234,59.45858665258006,77.35594468837078,7.217025866118583
2024-03-03 09:00:00,0.7841187706393952,0.5440858405892809,0.4558675090657185,883.2637465998814,59.46107652432144,77.32880141140866,7.217448903112051
2024-03-03 10:00:00,0.7725182460635601,0.5454815275099496,0.4546932870143393,871.6392839859546,58.33277810836605,77.30410508246578,7.219493180099903
2024-03-03 11:00:00,0.7593576828836041,0.5468716154302905,0.45359517311174913,855.2187089505787,53.57713917953678,77.35644102919846,7.227524990967766
2024-03-03 12:00:00,0.7307411214457608,0.5485650951002666,0.4525139636666468,833.9418271529462,47.71253731560199,77.41043031524762,7.2372612051312375
2024-03-03 13:00:00,0.7374879720891112,0.5498366174231718,0.4506237477785082,822.2276281241949,48.992484894012804,77.38668238461223,7.2362212757773205
2024-03-03 14:00:00,0.7385950295026813,0.5513179489819711,0.44879950767164395,810.3919590212644,49.883663448592145,77.36265559638744,7.235861212660087
2024-03-03 15:00:00,0.7295217521290446,0.5529674742344372,0.44721516131127365,797.1222674756584,49.549386107050495,77.34079348864806,7.237355103122635
2024-03-03 16:00:00,0.7180027390147232,0.5545952384593792,0.44578845689380536,779.25587552327,45.48737800020287,77.39593216921229,7.245102063451258
2024-03-03 17:00:00,0.7197740666728542,0.5558747855688753,0.4442629849120519,768.3250711774168,46.31776247194821,77.37417807823468,7.244901713291416
2024-03-03 18:00:00,0.7202282961047682,0.5570761264209723,0.44285170367454196,757.1521874207884,47.08291605343553,77.35311215094796,7.244763256262465
2024-03-03 19:00:00,0.7168094802790772,0.5582537609057324,0.4415885595974968,745.4429867095512,47.56374985367937,77.33225891096288,7.24497073379664
2024-03-03 20:00:00,0.7050396662137177,0.5595093763174003,0.44053773773001376,732.2200876700787,46.93481849147486,77.31382283938902,7.246787265251394
2024-03-03 21:00:00,0.691697914184021,0.5607361701661326,0.4395928531616912,714.3637964898654,42.65343185863619,77.37254940609168,7.254786410714578
2024-03-03 22:00:00,0.6923149877646627,0.5616347979490669,0.4384894965822985,703.5816548467203,43.32489051478692,77.35440590603221,7.254632369105911
2024-03-03 23:00:00,0.6919958039654335,0.562491485830762,0.4374426833744321,692.6397428592156,43.99535098377871,77.33696187030118,7.254463875761403
2024-03-04 00:00:00,0.68800120197538,0.5633619917964933,0.4364960981827401,681.2404668348854,44.427469897417765,77.31978103477951,7.254602854663634
2024-03-04 01:00:00,0.6758119322034652,0.5643427591308037,0.435723831923485,668.4310922927149,43.79525215330808,77.30495812319069,7.256322835262827
2024-03-04 02:00:00,0.6621949709623957,0.5653179408203484,0.4350270322668561,650.9845560625188,39.53894610319075,77.3673244992021,7.2642705346974354
2024-03-04 03:00:00,0.662701778282257,0.5659815578699513,0.43415052828599643,640.7939332142516,40.2512320434878,77.35272087961617,7.263925664194669
2024-03-04 04:00:00,0.6622086472442104,0.5666213715155702,0.4333169865686015,630.5238226780397,40.97417417071501,77.33878873662523,7.263557520175512
2024-03-04 05:00:00,0.6581705042389963,0.567285114461826,0.43257104673567176,619.896621332864,41.488149201967325,77.32504139501111,7.263462702988745
2024-03-04 06:00:00,0.6460281742986524,0.5680667877729159,0.4319905086555408,607.9267361430803,40.94305654085794,77.31367069585889,7.264965052402248
2024-03-04 07:00:00,0.6325012238725256,0.568847376998809,0.4314806902230631,591.3338847243101,36.782429796604276,77.3794620821569,7.272740828965658
2024-03-04 08:00:00,0.6330216404082766,0.5693192370435333,0.430792908908544,582.1312007243264,37.572022996553585,77.36814142613066,7.272131015382143
2024-03-04 09:00:00,0.6327352330062324,0.5697664007759682,0.4301442348564585,572.9324591965474,38.39033287112379,77.35744116964001,7.2714710487040195
2024-03-04 10:00:00,0.6025506446505917,0.5707526698717247,0.4299235898105637,553.494085741046,32.984831201305674,77.42614367361554,7.281321714264224
2024-03-04 11:00:00,0.590322756791729,0.5714957768245738,0.42916881042549826,540.2967019918883,33.49234721294457,77.41779131385502,7.281688924118502
2024-03-04 12:00:00,0.763308900705021,0.5686665963147405,0.4262759822100381,690.7780358444267,111.19234083557856,76.62233675966618,7.210733629927265
2024-03-04 13:00:00,0.7616857209073522,0.5669278939862666,0.4293167272822415,702.9816324251572,109.97347644418647,76.68665252020892,7.211054063615711
2024-03-04 14:00:00,0.7883102279540096,0.562794925676554,0.43359860506768255,722.5870745391934,114.22591590311264,76.67864888385083,7.201118988738831
2024-03-04 15:00:00,0.7844782613375146,0.5584300829741158,0.4390543528517069,731.2160283023204,110.43134095635234,76.74831846921693,7.201610232623019
2024-03-04 16:00:00,0.7952806670177334,0.5537933962478577,0.4440376106484418,743.9595088385049,111.04117349825702,76.74065339534341,7.194944993972878
2024-03-04 17:00:00,0.8079799343091144,0.5493039844895542,0.44888209108652355,752.5939384896392,108.0310222792132,76.80682498158589,7.194402425112678
2024-03-04 18:00:00,0.8287666993746073,0.5448981736448145,0.4533539647591506,766.9771240416825,109.44060191678656,76.79558656539194,7.187881698078378
2024-03-04 19:00:00,0.844353700128303,0.5408656318587344,0.4575509427825721,780.089030002325,110.26205359940325,76.78317693323655,7.182473681760485
2024-03-04 20:00:00,0.8531501779961623,0.5372640408168627,0.46144773542962036,791.6199101073141,110.34748964736059,76.77025166712417,7.1782755740635675
2024-03-04 21:00:00,0.8513383030063285,0.5341854202889491,0.4650908014522586,800.5933012759573,108.89257416694338,76.7582499841891,7.1762820663077855
2024-03-04 22:00:00,0.8464130485441425,0.5315135221606501,0.4683616868586388,804.1148686430898,103.56167708460083,76.82131857145251,7.180305483359318
2024-03-04 23:00:00,0.824456873399828,0.5296442925107198,0.471102456467076,802.2773114617967,96.24906403971474,76.88428481119092,7.186398346229482
2024-03-05 00:00:00,0.8371950590834656,0.5277849562128201,0.47255230221689015,808.9233699011188,96.09524867554235,76.86932865463646,7.182922727717508
2024-03-05 01:00:00,0.8169086589899086,0.5269600905973493,0.47405857996136375,805.2167559295898,88.92698036750882,76.93187257673559,7.189470652411041
2024-03-05 02:00:00,0.8123441452824768,0.526365886458038,0.47460820183261815,806.1473007919891,87.14010805704083,76.91667098740847,7.1883250742744496
2024-03-05 03:00:00,0.8108036043970818,0.5261468645955059,0.4747991726654395,803.2982138087252,82.15782216485457,76.97757188038172,7.19291991070022
2024-03-05 04:00:00,0.8196534445668553,0.525956379917567,0.474654322597687,806.644854243525,82.08175760867427,76.96114377735596,7.190806121421542
2024-03-05 05:00:00,0.8252055820552348,0.525930969757959,0.474453569491599,809.0428941199249,81.82606870576365,76.94436399713501,7.189210094616926
2024-03-05 06:00:00,0.8255897977706042,0.526060933830523,0.47425455580190157,810.1594511897309,81.1874950872794,76.92723546889813,7.188294149659277
2024-03-05 07:00:00,0.8166728657037478,0.5264149534894523,0.4741377253411998,809.0187043540348,79.33518034171973,76.91204069422139,7.18917165138063
2024-03-05 08:00:00,0.8056107404115298,0.5268783095536314,0.47398910236336345,802.6204192416209,73.80064295231973,76.97282379351147,7.195938197588557
2024-03-05 09:00:00,0.8081575281625929,0.5271712776264899,0.47351770372202706,802.296516800813,73.31354678659038,76.9570361993321,7.195447726231866
2024-03-05 10:00:00,0.8093998631657817,0.5275614677022799,0.47295643316679903,801.0406486767525,72.77905503018438,76.9413883750584,7.19513136799129
2024-03-05 11:00:00,0.8067025658373367,0.5280949476587145,0.4723568302821065,798.5804865347367,71.9794386565653,76.92550632841257,7.1952516339160475
2024-03-05 12:00:00,0.7954613747189004,0.5288585212242036,0.4718091327347465,793.9698862398751,70.07746101845242,76.91174877206163,7.197000554007867
2024-03-05 13:00:00,0.7825630989371579,0.5297380474452841,0.47121349999625795,784.1733987320653,64.56016564579316,76.97423283252205,7.204619219960004
2024-03-05 14:00:00,0.7836901840038663,0.5304408097460417,0.4702968122583599,780.6682345644786,64.15333934282555,76.96025414070206,7.20473660658488
2024-03-05 15:00:00,0.783786730312539,0.5312271341624736,0.4693056730260854,776.3865019311802,63.7699722207583,76.94658581530138,7.2049296456389795
2024-03-05 16:00:00,0.780158065080929,0.5321357048070229,0.4683006948036407,771.0642828116431,63.18525618496432,76.932712611881,7.205470545742413
2024-03-05 17:00:00,0.7681335391525537,0.5332489713173554,0.46737764611061555,763.7513155932647,61.549598482609355,76.92097884558257,7.207586135550313
2024-03-05 18:00:00,0.7545378142755151,0.5344488544057682,0.46644121572476405,751.3539671670028,56.31395905613387,76.98564697710536,7.21563419014634
2024-03-05 19:00:00,0.7551388821363728,0.5354335027381592,0.46522372214304336,745.505868228669,56.19231084151944,76.9738366851518,7.2159694663733065
2024-03-05 20:00:00,0.7547833155756235,0.5364650243846412,0.4639730427898602,739.0560281033867,56.1162834479046,76.9624103120226,7.216326636611257
2024-03-05 21:00:00,0.7507817698861023,0.5375825693076375,0.4627482551816191,731.7428283832988,55.85800104628894,76.95080439151185,7.21698371069983
2024-03-05 22:00:00,0.738451434965347,0.5388708098233255,0.4616422450999217,722.610037750283,54.56276084553671,76.94132582892783,7.219193439772539
2024-03-05 23:00:00,0.724587564080518,0.5402117511200717,0.46055913174517,708.4959316004116,49.656581168115935,77.0083757621712,7.227418508112706
2024-03-06 00:00:00,0.7249911841039919,0.5412999862959723,0.4592335042229027,701.1871283101536,49.837576166544686,76.99882321791017,7.2277394915505235
2024-03-06 01:00:00,0.7244707021947121,0.5424030513208548,0.45790925622562617,693.4440206499074,50.060995501418496,76.98973342229014,7.228054485984921
2024-03-06 02:00:00,0.7203724657566605,0.5435621234404947,0.4566415441350908,685.0077061857799,50.10462858143455,76.98047234778791,7.22863701555136
2024-03-06 03:00:00,0.7079625389228036,0.5448664313487811,0.45551993023910053,674.9138426760957,49.112606209684216,76.97330467162553,7.230762101170823
2024-03-06 04:00:00,0.6940405553577228,0.5461978682767586,0.4544473809149437,659.9204994857317,44.486856397462695,77.04275749504143,7.238995458245946
2024-03-06 05:00:00,0.6944007387999768,0.5472490474340729,0.45316088217536815,651.962856036645,44.91329612525983,77.03551721594884,7.239159648127317
2024-03-06 06:00:00,0.6939176028644585,0.5482920174768798,0.4518977824787083,643.729363916884,45.38349189536943,77.0287081522925,7.239284054496079
2024-03-06 07:00:00,0.6898549742282356,0.5493723244638218,0.45071172178112373,634.9366190080591,45.661804826806765,77.02175469570759,7.239671394418228
2024-03-06 08:00:00,0.6774531427046799,0.5505821010422405,0.4496894906228476,624.6210671050409,44.90453780299361,77.01685940255189,7.241597743535834
2024-03-06 09:00:00,0.6636762540095615,0.5518005545962308,0.44873035715004267,609.4620657220937,40.4910127299039,77.08870404387656,7.249726846429866
2024-03-06 10:00:00,0.66412574261952,0.5527218242623579,0.44757692666534094,601.5368167815491,41.101527610145766,77.08369617910813,7.249638580195093
2024-03-06 11:00:00,0.6637386099423077,0.5536220397483239,0.4464607250353192,593.4499378732513,41.74857324265094,77.07909450618794,7.249500479559656
2024-03-06 12:00:00,0.6598139021910993,0.5545483805160746,0.44543234595330816,584.9165882003817,42.202599891966436,77.07436201307792,7.249614699313689
2024-03-06 13:00:00,0.6475897600496857,0.5555950443943759,0.4445761621722558,574.957791187064,41.61754704225331,77.07167864270845,7.2512783665041765
2024-03-06 14:00:00,0.6339444856831642,0.5566420086670607,0.44379300885767176,560.1817464064117,37.361223635941286,77.14579077004711,7.259223846389711
2024-03-06 15:00:00,0.6347202460779364,0.5573784752358634,0.44282258467497704,552.8103680804951,38.113806005266795,77.14292007878166,7.2588205307358145
2024-03-06 16:00:00,0.6344936099509008,0.558091145560101,0.44189915253538986,545.3431805294856,38.88806507275117,77.14039966661714,7.258377249616524
2024-03-06 17:00:00,0.7847791595368685,0.5557405405254447,0.4393668713265766,694.1284173102696,114.20140817300887,76.3655820329771,7.193022668490834
2024-03-06 18:00:00,0.7962380849936672,0.553757517095542,0.4422230941783648,714.004392632069,117.91250713642651,76.36114818967528,7.186683942615528
2024-03-06 19:00:00,0.8067033705797059,0.5499120352916209,0.4468936818552098,728.651743349112,116.9025376903739,76.43667145132105,7.185342391839749
2024-03-06 20:00:00,0.8009345523182183,0.5457496483586504,0.4521271376996005,737.5113732724184,112.8345367425335,76.5132741593595,7.186409237618258
2024-03-06 21:00:00,0.8287536572141178,0.5410537758094605,0.4566513039272206,754.3963998580825,115.18199833241218,76.51092482751304,7.178349170260796
2024-03-06 22:00:00,0.8216604772042638,0.5372499121079757,0.4614108166538428,760.6466032541489,109.92496676513258,76.58532585009817,7.180825791236199
2024-03-06 23:00:00,0.8282715956046235,0.5337642261077238,0.46514179277637563,771.26598176819,109.47306962534995,76.581049679487,7.1762055166525975
2024-03-07 00:00:00,0.8360628127991135,0.530759980732838,0.46842680014941107,777.8320667945834,105.51925062904446,76.65157434515665,7.177682653462249
2024-03-07 01:00:00,0.8525286291394671,0.5279662254283393,0.4711936084704003,790.260286798496,106.1963614998137,76.64442185019468,7.173036085470962
2024-03-07 02:00:00,0.86441563656534,0.5255566572689058,0.47366118633050147,801.4624371759991,106.42804423532966,76.636023280577,7.1692770643812604
2024-03-07 03:00:00,0.8436025956890565,0.524022796337348,0.47621431035794487,801.7644986198385,99.44798933703593,76.70453847798049,7.175341788001175
2024-03-07 04:00:00,0.8394775550200411,0.5227071776576022,0.4777076777454221,806.4669030767658,97.71056529900116,76.69530976300584,7.173783072029793
2024-03-07 05:00:00,0.8385549206747823,0.5218012734141623,0.4787534381988709,807.1565351509864,92.65940296951186,76.76198308723932,7.177957520035776
2024-03-07 06:00:00,0.848185718223356,0.5209937925828296,0.4793505719369545,813.871746456241,92.48299479053765,76.75136324077069,7.17555922850518
2024-03-07 07:00:00,0.854584802532693,0.52043328018349,0.4797763015109114,819.4925481761195,92.07411971730984,76.74002062444194,7.1737084427378415
2024-03-07 08:00:00,0.8557047785843299,0.5201134085866727,0.480097413217158,823.6694524041731,91.21953302785552,76.72810687028968,7.172593328685056
2024-03-07 09:00:00,0.8473490000355615,0.520097638723635,0.48040646507538076,825.4414000538901,89.1061422456817,76.71783799222922,7.173287814723444
2024-03-07 10:00:00,0.8366840200445815,0.5202665370447185,0.48059887871890444,821.7919069275273,83.24030553604914,76.78312542960627,7.179865287312732
2024-03-07 11:00:00,0.8396574098354823,0.5203350029193328,0.48038467272758417,824.052689895081,82.44126973281901,76.77192849635034,7.179326155755727
2024-03-07 12:00:00,0.8412671363888673,0.5205615911696411,0.48001025205674336,825.2257168671648,81.5678738399672,76.76065520139696,7.178997371404454
2024-03-07 13:00:00,0.838895646685384,0.5209849471921585,0.4795354434244477,825.0409577565027,80.41559333142929,76.74887382421844,7.179120114295918
2024-03-07 14:00:00,0.8277918381345828,0.5216850001624027,0.4790657292537528,822.5587974966475,78.14220692017618,76.73901197092867,7.180878321458412
2024-03-07 15:00:00,0.8149264174121957,0.5225448654235766,0.4784998210900234,814.6978902256261,72.21401619422514,76.80506349026687,7.188482971019047
2024-03-07 16:00:00,0.7866091591873228,0.5238580507928321,0.47778614618571086,801.6974192746721,65.03761928321265,76.87152854898149,7.197697976415281
2024-03-07 17:00:00,0.7939320723723816,0.5248959016919346,0.4761057848928316,797.7635161723517,65.18218193636616,76.86118824013215,7.196734949861204
2024-03-07 18:00:00,0.7954294489279651,0.5262370433049773,0.47440277218498733,793.2294214764092,65.0429366475077,76.85002080459645,7.196475046154393
2024-03-07 19:00:00,0.7865577235827722,0.5278223673941677,0.472867253999255,786.8073052922066,63.75974938134027,76.84054356216814,7.198040202639035
2024-03-07 20:00:00,0.7749034000209538,0.5294628688012853,0.4714226464005907,775.2874786229378,58.75686084130391,76.90708499761996,7.2057138189452
2024-03-07 21:00:00,0.7768773269925361,0.5308274214371214,0.4697927157729902,770.2896418517847,58.82740627045927,76.89713025264004,7.205807628247918
2024-03-07 22:00:00,0.7774888444413584,0.5321732925968209,0.46821543204996036,764.6366153343743,58.88311362108553,76.88735716465776,7.205997353723922
2024-03-07 23:00:00,0.7741865835449666,0.5335462722755717,0.4667335883945338,758.0558673044334,58.70543557048846,76.877238958021,7.20653695165679
2024-03-08 00:00:00,0.762259742061929,0.5350430348311069,0.46542684134238876,749.5924225465486,57.45373507753297,76.86912078866396,7.208648494367417
2024-03-08 01:00:00,0.7486341617276777,0.5365562061566465,0.46418389584988906,736.041497741984,52.50267158829448,76.93740263734888,7.216838666129764
2024-03-08 02:00:00,0.7492790280312889,0.5377885579110934,0.4627240368536382,729.2275403610067,52.65526766291877,76.92922171472947,7.217175552990353
2024-03-08 03:00:00,0.7490047768920085,0.5390135671271102,0.4612841857005088,721.909417976977,52.838026567492236,76.92133945309169,7.217514000778952
2024-03-08 04:00:00,0.7450172093556082,0.5402819226678639,0.4599144201742285,713.7993596590857,52.819711318124696,76.91320929939505,7.218144291354255
2024-03-08 05:00:00,0.7326270259158435,0.5416853716266897,0.4587022480892915,703.9643891869805,51.75115705652812,76.90708667295364,7.22032305887909
2024-03-08 06:00:00,0.7185642990384187,0.543112505051638,0.45754644218776447,689.1362257540092,47.000385807608765,76.97748448468965,7.228638820783851
2024-03-08 07:00:00,0.718923786252265,0.5442551948597544,0.45617388078424914,681.2749904880328,47.338377242670525,76.97134723216116,7.228921431704239
2024-03-08 08:00:00,0.7183995759122231,0.545388824601533,0.45482450953497194,673.0599464463115,47.71525938800851,76.96557773181871,7.229177010441256
2024-03-08 09:00:00,0.71428900281833,0.5465593511991322,0.4535505118435684,664.21996142515,47.904670327605615,76.95954818712286,7.229691027417392
2024-03-08 10:00:00,0.7018071849573202,0.5478602077105086,0.4524388992374332,653.7889839420053,47.056944551391375,76.95552504970308,7.231742778792998
2024-03-08 11:00:00,0.68770338098816,0.5491760616234469,0.4513919145650823,638.4351989688757,42.516809093372814,77.02815422615058,7.2400202250416195
2024-03-08 12:00:00,0.6880408955115878,0.5501950816837252,0.4501417749646793,630.2652676616052,43.040660908708624,77.02408744789209,7.240103636276958
2024-03-08 13:00:00,0.6875069808419371,0.5511957425259704,0.4489258830052509,621.8712899273398,43.59974377137281,77.02042446029267,7.240147610939123
2024-03-08 14:00:00,0.6834411314072106,0.5522239587557765,0.4477946855361154,612.9868595735468,43.97710103110169,77.01651044556233,7.240429078100681
2024-03-08 15:00:00,0.6710317730423588,0.5533744503301001,0.44683425864037024,602.6258767826172,43.316152601249954,77.01460053754481,7.242255864262048
2024-03-08 16:00:00,0.6570342718082423,0.5545305860698516,0.445947213807124,587.3912655736582,38.9524888959971,77.08942079445136,7.250387836076296
2024-03-08 17:00:00,0.9436277647164761,0.5480129312210349,0.44485795220435853,846.7113857815308,167.25021889028886,75.83433673792896,7.139126325078544
2024-03-08 18:00:00,0.9599650107286498,0.5418520546965865,0.4527554777697452,883.6143647073878,176.94769892387967,75.8376960476298,7.129329286717786
2024-03-08 19:00:00,0.9792016470319628,0.5335942756582623,0.4622086541234135,917.5183277734603,184.22623549636074,75.84277972413727,7.120267726101164
2024-03-08 20:00:00,0.9910422388928407,0.525048679637721,0.4719163436733259,947.7856568294476,188.68795628759523,75.84774673738599,7.113548689654023
2024-03-08 21:00:00,0.9996856609241137,0.5169715104523325,0.4810579563150149,971.9916462328375,188.33562907595402,75.92517837499543,7.112856878324217
2024-03-08 22:00:00,0.9896610510938797,0.5102779003899669,0.48898415684697866,990.2670475651995,184.6959028697622,76.00179810649257,7.114710862444561
2024-03-08 23:00:00,0.9828310993007339,0.5048977354052026,0.49513249300881607,1006.0364359715135,180.23944133790852,76.07588127092217,7.11664984878027
2024-03-09 00:00:00,0.9772751008577963,0.5008750054013641,0.4996467892537529,1019.7070723951454,175.10012943746244,76.14791456360413,7.118859464045598
2024-03-09 01:00:00,0.9718473087127352,0.4980923935934733,0.5027579283637977,1031.453063546678,169.39801683645405,76.21780646620999,7.121412357543558
2024-03-09 02:00:00,0.9661232517017111,0.496395535300612,0.504674020709022,1041.3480219607325,163.22884773195676,76.28559741792837,7.124318486529399
2024-03-09 03:00:00,0.959882933451213,0.49566036174793054,0.505551363515898,1049.3819550563449,156.66688153193658,76.35130612641805,7.127579383453947
2024-03-09 04:00:00,0.9530892642409242,0.4956589403572745,0.5056474444135794,1055.7060327488102,149.83124392212488,76.41518675883077,7.13114944101338
2024-03-09 05:00:00,0.9457317535465511,0.49630417376266606,0.5050595286982453,1060.239054700411,142.78695920013988,76.47725527522067,7.135017968019879
2024-03-09 06:00:00,0.9378765307034366,0.4974648742400435,0.5039289905818183,1063.085467213096,135.6136043603019,76.537711744362,7.139147392476156
2024-03-09 07:00:00,0.9295687050243914,0.4990470166749181,0.5023568939473141,1064.2385059327405,128.3928059525294,76.59666303038286,7.143512275154324
2024-03-09 08:00:00,0.9208363953347278,0.5009958240233915,0.5004018399654009,1063.655188423503,121.18897872654729,76.65416097905107,7.148097597684979
2024-03-09 09:00:00,0.9117558028151602,0.5032180942652352,0.49816227275827113,1061.4716079344105,114.07707057350588,76.71042134057696,7.152866178119345
2024-03-09 10:00:00,0.9023415077728513,0.5056803820504657,0.4956738082901183,1057.6149375597515,107.12535340072081,76.76546833977457,7.157806984656455
2024-03-09 11:00:00,0.8926431038874775,0.5083306585371723,0.4929909842985349,1052.1962993623858,100.3786273377353,76.81945305432197,7.162895465575826
2024-03-09 12:00:00,0.8826917839263639,0.511128424812735,0.49015631122476594,1045.235118874999,93.90173326945543,76.87246835670935,7.168111896606657
2024-03-09 13:00:00,0.8724967511483865,0.5140583969216443,0.4871858282308341,1036.702100511633,87.73245277411876,76.92453391242675,7.173448475070834
2024-03-09 14:00:00,0.8621069229973263,0.5170798655587971,0.48412171276753474,1026.754246098183,81.89366533437473,76.9758078356283,7.1788809171476045
2024-03-09 15:00:00,0.85153520158406,0.5201744569649355,0.4809830701367271,1015.3663647671258,76.43073364582598,77.02631707230995,7.184396775848415
2024-03-09 16:00:00,0.8408112069354802,0.5233232517568926,0.47778927189072684,1002.6554292816328,71.33669379661148,77.07615092108016,7.1899823590650165
2024-03-09 17:00:00,0.8299595689087303,0.5265068297256863,0.4745602578873135,988.6870883002676,66.6237351184303,77.12537342739463,7.19562230464131
2024-03-09 18:00:00,0.8484825805874251,0.52917631950643,0.47104398937053593,984.770114137937,68.63329770225434,77.09717985822597,7.192141644406291
2024-03-09 19:00:00,0.8600870539718656,0.5316780477049777,0.4680611961272426,980.5432688839497,70.20324820844577,77.06823516267664,7.189663969347873
2024-03-09 20:00:00,0.837665342771722,0.5343783766724505,0.4660204478473412,965.8543288015587,64.79644141279522,77.11675907179514,7.197477353501077
2024-03-09 21:00:00,0.831721629064613,0.5365971047482259,0.46372720426599884,956.1333389233616,64.87256276298666,77.08828388123973,7.19707306356144
2024-03-09 22:00:00,0.8280829439609935,0.5387209591142117,0.461591218307282,942.8730380880588,61.32721940186531,77.13699805784334,7.202837031157631
2024-03-09 23:00:00,0.8354406926283695,0.5404400147069276,0.4595453680853317,936.3092550384549,62.56478723199578,77.10884596177262,7.201377602343947
2024-03-10 00:00:00,0.8397199378363872,0.541965515628695,0.4578033234430952,929.1548266222686,63.5256269519576,77.0808646800255,7.200342069682706
2024-03-10 01:00:00,0.8123294316523862,0.54384354587936,0.4567147165375058,911.4670483284849,57.690181528183544,77.13058323275563,7.209397500759105
2024-03-10 02:00:00,0.8030784143406505,0.5454004801396162,0.45512560723560486,898.8686056685831,57.55566631469202,77.10386576848566,7.2098024774042155
2024-03-10 03:00:00,0.7970730914822971,0.5470184905308227,0.45349159274564355,882.7694743232277,53.84921147528295,77.15455623016668,7.216332932083736
2024-03-10 04:00:00,0.8026691909199903,0.5483704691813599,0.45178660465110754,873.6127421049388,54.98574215888298,77.12843963795433,7.215342234357579
2024-03-10 05:00:00,0.8056606332187513,0.549645725168873,0.4502591986969527,864.0397650343971,55.92154693920433,77.10265500560729,7.214664747976473
2024-03-10 06:00:00,0.7772684609685694,0.5513686994551603,0.4492925334760689,844.0027430675175,50.209359391914084,77.1547896256923,7.224180704369579
2024-03-10 07:00:00,0.7671490207830481,0.5528189911246912,0.447786107417475,829.3669168588377,50.30211110861335,77.13053935494486,7.224786489144531
2024-03-10 08:00:00,0.7603667414045492,0.5543630175968327,0.4462010973772038,811.3319728490562,46.79143965312296,77.18373837104679,7.231603441856395
2024-03-10 09:00:00,0.7654322597516696,0.5556586008647515,0.44452391876152486,800.567331143673,48.107941266234334,77.16004936826846,7.230656049288815
2024-03-10 10:00:00,0.76796942858781,0.5568912705628416,0.44301514103963047,789.5904649317542,49.23732466231741,77.13679500210338,7.229972834275187
2024-03-10 11:00:00,0.7392097722291445,0.5585817752327448,0.44206383486810935,768.2361306867928,43.80881384928128,77.19166439268703,7.23964365285585
2024-03-10 12:00:00,0.7286982111967737,0.5599816479177344,0.44060158556090945,752.6281968361235,44.235145883881756,77.17009935500332,7.240169732997946
2024-03-10 13:00:00,0.7215753915576539,0.561459258300681,0.439072735233016,733.7339327907586,40.99836692287049,77.22601345079042,7.247004154333877
2024-03-10 14:00:00,0.7263990127046068,0.5626731610869355,0.4374651745378696,722.4315433954848,42.53533381619452,77.20490261834804,7.245868256970413
2024-03-10 15:00:00,0.7287654672138697,0.5638125045225924,0.4360386329212158,711.1137556613992,43.87726413838871,77.18424822551906,7.244963444197548
2024-03-10 16:00:00,0.7266089503252278,0.5648926146800312,0.4348336423452813,699.4314672628313,44.84915053943903,77.16362695886387,7.244489002826889
2024-03-10 17:00:00,0.7153760287441168,0.56601127582854,0.4339138494330484,686.3668978097198,44.63561353923577,77.14529406373055,7.245699665004161
2024-03-10 18:00:00,0.7020085624716896,0.5670609011025347,0.43316157680022094,668.4793681780396,40.517813214941164,77.20422443059043,7.253483322733119
2024-03-10 19:00:00,0.7028806140983691,0.5677329781338044,0.4322910815824126,657.9951497406431,41.39902657566456,77.18656694948582,7.252880668509804
2024-03-10 20:00:00,0.7027367133630288,0.5683335243236023,0.43150781926123194,647.4297272358117,42.24656290223778,77.16960373377667,7.252287042775919
2024-03-10 21:00:00,0.6989306470165821,0.568925126534185,0.4308443734093723,636.4986838585027,42.85724890631464,77.15277022471933,7.251981499144841
2024-03-10 22:00:00,0.6866422302394887,0.5696172043529854,0.43037238401699957,624.2068941553714,42.390745253019425,77.13829041508863,7.253279501756571
2024-03-10 23:00:00,0.6724631103798633,0.5703015528671054,0.42999257128054474,607.0653624901577,38.10556358255379,77.20107067852636,7.261136214436772
2024-03-11 00:00:00,0.6728220050950573,0.5706585491953492,0.42943268588392774,597.4507994222207,38.87186821610222,77.18723862393868,7.2604801959391825
2024-03-11 01:00:00,0.672306157816693,0.5709886307758614,0.42891187580780077,587.8114426399703,39.657066869992704,77.17406834848549,7.259793199136651
2024-03-11 02:00:00,0.6682607987714944,0.5713447643003319,0.42847370919018296,577.8674787622322,40.25077258218075,77.16100065684023,7.259360684053974
2024-03-11 03:00:00,0.6558458903635551,0.5718279898502624,0.4281990071358791,566.6150137633175,39.801752918842844,77.15024145839767,7.260517666522306
2024-03-11 04:00:00,0.641638006644828,0.5723225522918642,0.4279962205393672,550.5030083201768,35.55587544181206,77.2167517540655,7.268267767187042
2024-03-11 05:00:00,0.6420067591438918,0.5725033499404788,0.427601345300477,542.0349409970017,36.36046279062437,77.20650228685551,7.267412733127328
2024-03-11 06:00:00,0.641590308873344,0.5726677164915511,0.4272353984903295,533.5935111861414,37.19976195694118,77.19686552403931,7.266510415556024
2024-03-11 07:00:00,0.637725319726036,0.5728663523608271,0.42694358776771163,524.8884285442481,37.86537611170879,77.18729472856855,7.2658464030756384
2024-03-11 08:00:00,0.6255324889188624,0.5731985367347067,0.42681022403767016,514.9160311390874,37.50136759765627,77.17995654123727,7.266767578729618
2024-03-11 09:00:00,0.6115707504232503,0.573545385328076,0.42674644788366856,500.0524571377032,33.3407229795876,77.2498882716187,7.274325357425766
2024-03-11 10:00:00,0.6122424230282075,0.5735801472727589,0.42649052011539423,492.9335430787086,34.21093396629587,77.24287028842562,7.273212795215851
2024-03-11 11:00:00,0.6121376092765491,0.5736002806652226,0.42626381415036596,485.85888191863677,35.11891287683548,77.23642078607942,7.272050515249524
2024-03-11 12:00:00,0.8737366708265482,0.5681328119955436,0.4235031987654542,739.2825120293201,104.07300843571551,76.49574771101933,7.1652844409093115
2024-03-11 13:00:00,0.8469084969757785,0.5641055465474216,0.4306971889770267,749.5104065846247,103.806788596479,76.55684201325741,7.1709371048333175
2024-03-11 14:00:00,0.8267717307945447,0.5575895319195747,0.43928675784651555,757.3334276814409,101.94597720053828,76.62475950767903,7.173668493261546
2024-03-11 15:00:00,0.8503677364610056,0.5497979782839696,0.44743186564100795,774.1434260678263,105.97845268348043,76.6165018020112,7.166531457023482
2024-03-11 16:00:00,0.8421284351218038,0.5430796661051688,0.4553173370313882,779.3787810179283,102.09473630420106,76.68499363964904,7.169109150185919
2024-03-11 17:00:00,0.8640443887757872,0.5368168275466515,0.4615027909212527,791.8991025312345,104.46398686062095,76.67443736499696,7.162687120911442
2024-03-11 18:00:00,0.8598827320603353,0.5319276639368264,0.4672163482613014,795.6973965392334,99.94555513792977,76.74118069694968,7.166044610880582
2024-03-11 19:00:00,0.8498248869549686,0.5281785633161447,0.4717137185590098,796.4661693244125,94.8224390970978,76.8055131999424,7.169872792377654
2024-03-11 20:00:00,0.8711750045840486,0.5247892706087518,0.4747968093725073,806.607782788811,96.45171495707737,76.79238655544584,7.165031650950781
2024-03-11 21:00:00,0.855941242908683,0.5227648798571524,0.4776074522271068,805.3629222603972,90.74439476121141,76.85476786009241,7.170182147991098
2024-03-11 22:00:00,0.8696756712108029,0.5209897385797461,0.47902790662265277,811.6517678056975,91.75114160222329,76.83861432315427,7.166231981062203
2024-03-11 23:00:00,0.8573955230701071,0.5201959894130552,0.48040958847266024,809.3061123920343,86.15984386687252,76.90045545960159,7.171955278552353
2024-03-12 00:00:00,0.8402658014307377,0.5199691687210901,0.48116608069615935,804.048511369423,80.35322861264734,76.96040528780793,7.177887482601794
2024-03-12 01:00:00,0.8258428289392472,0.5202668906966429,0.481151036017634,797.1003596992213,74.92093621813765,77.01984343106689,7.18356188094328
2024-03-12 02:00:00,0.8128265426638284,0.521046724959837,0.480519176591679,788.8161684625182,69.85776433496807,77.07864671481462,7.189116101951668
2024-03-12 03:00:00,0.8275470038166562,0.5217996968277784,0.4789683723053894,788.9342687329781,71.59580182197406,77.05879273411935,7.185386107363748
2024-03-12 04:00:00,0.8149905779516228,0.5232389193324394,0.4778197789161894,780.7081285054503,66.75502419745325,77.11726053397871,7.191720063718538
2024-03-12 05:00:00,0.7970315444292124,0.524857105465228,0.47653456260573734,769.8899855983768,61.89806151747338,77.17418830773961,7.198225567124588
2024-03-12 06:00:00,0.811349988645714,0.5260626707142417,0.4746622587607089,769.1392542226504,63.7726628391804,77.1539680326526,7.195332888012955
2024-03-12 07:00:00,0.790143196186095,0.5278597406773236,0.4733540043760169,757.2337736652983,58.78937042572087,77.21023942929355,7.2025579729382265
2024-03-12 08:00:00,0.7719590066269201,0.5297041160818732,0.4717597177295212,743.75976977623,54.35482816763721,77.26662056978556,7.209310936665827
2024-03-12 09:00:00,0.756051814354599,0.5316958935974684,0.4698684805328542,729.2413371337668,50.42022535908338,77.32286719630922,7.215737481099941
2024-03-12 10:00:00,0.7415036454678627,0.5338644934567157,0.4677159569119689,713.872786462671,46.948808971212934,77.37883634046835,7.2219357873359735
2024-03-12 11:00:00,0.7577898649920192,0.5356428952296696,0.46506815630274834,709.3610382298328,49.87412353404953,77.35694262608422,7.21854198055963
2024-03-12 12:00:00,0.7375994214258232,0.5379617929740115,0.4631217758975674,693.9741519667745,45.996470511550406,77.41208813927683,7.2256850149703045
2024-03-12 13:00:00,0.7467485748033288,0.5397278328278949,0.46068240722062764,687.3528831652085,48.80086924206776,77.38891065056475,7.222642811874971
2024-03-12 14:00:00,0.7305151194412486,0.5418853201055821,0.45885215596802176,672.6309781023481,45.015480402701925,77.44493256510889,7.229852593407766
2024-03-12 15:00:00,0.709831981803497,0.5439952598595894,0.4570900194397686,655.8124221182,41.38173997070558,77.50029984761845,7.237020841869544
2024-03-12 16:00:00,0.7305185411987019,0.5453572988293779,0.4547617849123092,655.6480696159881,48.12261047286005,77.4022339809257,7.227542015295317
2024-03-12 17:00:00,0.7483443639245221,0.546566889686269,0.4528954533816974,653.5312301096105,51.63031979680883,77.37744431871047,7.2233347355276605
2024-03-12 18:00:00,0.7322612180818242,0.5480087791201392,0.452009277702554,643.8626174018327,49.307865188106426,77.3615268422568,7.2273896872003895
2024-03-12 19:00:00,0.7313018193247457,0.5488681620681994,0.4511549234336124,635.4121080325748,47.945706011179844,77.41262368724286,7.230428689214025
2024-03-12 20:00:00,0.7325215684633827,0.5494882558434316,0.4504176740868605,629.9647784800825,48.79269327590361,77.39231998826739,7.229525040404584
2024-03-12 21:00:00,0.7313354566855909,0.5500221970085398,0.4498113896798688,623.9694647880726,49.4421402305783,77.37211496956621,7.228810307302307
2024-03-12 22:00:00,0.7232751491779754,0.5506001897112842,0.44937542717981327,616.7819026734592,49.36953740045931,77.3532046278807,7.229092216390049
2024-03-12 23:00:00,0.7068741588453269,0.5512906302313438,0.449117988062577,606.08508000173,46.55517183309585,77.34107101084756,7.233488383023286
2024-03-13 00:00:00,0.7055717616208493,0.5516725744240041,0.44864600503719526,596.8352101862092,44.82375218226746,77.39586747798239,7.236856899141497
2024-03-13 01:00:00,0.7062783663846657,0.551998442459381,0.44813378841244433,590.7654920458965,45.424027835062454,77.3792004489487,7.2362068853969665
2024-03-13 02:00:00,0.7045299184751612,0.5523569363636064,0.4476504133651612,584.2436043336924,45.921564502304186,77.36267250285093,7.235710738192868
2024-03-13 03:00:00,0.6958937432020785,0.5528372772398642,0.4472716436966621,576.6329622128767,45.78591014796123,77.34727452084134,7.236152324002744
2024-03-13 04:00:00,0.6790339488403394,0.5534781767115617,0.4470283304562008,565.569720046553,42.94913652254271,77.33871391594455,7.240737039015878
2024-03-13 05:00:00,0.6773233170850237,0.5538393470904949,0.44654751083906863,556.0240384874869,41.22239626776856,77.39708703578629,7.244237223506649
2024-03-13 06:00:00,0.6777585923700284,0.5541596361706164,0.44601406898063595,549.8106234435174,41.86566379585889,77.38394388421035,7.243622764752584
2024-03-13 07:00:00,0.6757832432739437,0.5545207904886148,0.4455065874479292,543.2347678479358,42.430959247247316,77.37090423807327,7.243131568284719
2024-03-13 08:00:00,0.6669780370476176,0.5550059616438197,0.44510541556142513,535.6663605599598,42.39192758833826,77.35893809865173,7.2435449542595105
2024-03-13 09:00:00,0.6500397507648281,0.5556487308222614,0.44484409206066317,524.7125279402093,39.66185940895555,77.353799002128,7.248125592820925
2024-03-13 10:00:00,0.6483198140766484,0.5560040097016206,0.44435457334825784,515.3340864304712,38.03276989730707,77.4155817177721,7.25158303385618
2024-03-13 11:00:00,0.6487733940643955,0.5563106603029774,0.4438237545066841,509.41504231226486,38.77653165141959,77.40572486999976,7.250857984602299
2024-03-13 12:00:00,0.6468668679688092,0.5566492673140949,0.4433299720869082,503.21237121887066,39.452186428223015,77.3959417584319,7.250234064968584
2024-03-13 13:00:00,0.6381899482113715,0.5571029526061042,0.4429527221141847,496.08594468081975,39.52954001613438,77.38719801473921,7.250506488538652
2024-03-13 14:00:00,0.9157152639211503,0.5499699554548496,0.44298344979554233,766.7347501173145,112.18436286329194,76.63699182862841,7.14682017407692
2024-03-13 15:00:00,0.8786990546010227,0.5444714222749629,0.4516516628810896,777.5252584542113,110.82260014311254,76.70113539009166,7.151902262973788
2024-03-13 16:00:00,0.8937164192441429,0.5368541131223864,0.4601016234257607,796.3890051686391,115.17513403324698,76.69111282508855,7.146297756072686
2024-03-13 17:00:00,0.881286875217122,0.5299576256269464,0.4684288732622909,803.9410870693306,111.39696778017657,76.75872562168874,7.149824681934429
2024-03-13 18:00:00,0.8935811513785219,0.5236721969859738,0.4749647323910428,817.020619518147,113.00743061439218,76.74764820260275,7.145077844894801
2024-03-13 19:00:00,0.8963840782577653,0.518597804590543,0.48064021498317117,823.707832848553,109.17791381424449,76.81368022938933,7.148075201741485
2024-03-13 20:00:00,0.885133894961222,0.514913247725514,0.48512027539542785,826.1646536038022,103.82588090146238,76.87732929892057,7.152438756330318
2024-03-13 21:00:00,0.9064269681745734,0.5117561250129019,0.48791666398468375,837.413256176685,105.29424678508641,76.86336608437443,7.148080159535874
2024-03-13 22:00:00,0.8911511933919218,0.5100376038211542,0.4904299827237417,837.7608487177114,99.32473374024701,76.92545843843023,7.153673697088984
2024-03-13 23:00:00,0.897146085760204,0.5087755448223348,0.4915514378024187,843.9637139740294,99.32200800316897,76.90880473869545,7.15106815914727
2024-03-14 00:00:00,0.8925430238010736,0.5083178190448961,0.49232726030286084,843.9341338269999,94.17173386891044,76.96985206913214,7.156289524693632
2024-03-14 01:00:00,0.8744488251418242,0.5085691049018097,0.4926364582805397,839.8217450815802,87.94401648390924,77.02889153844,7.16266654286826
2024-03-14 02:00:00,0.8592224281737103,0.5093248753706563,0.4921785479946213,833.8836156326424,82.04216869389695,77.08747715855367,7.1687632631668805
2024-03-14 03:00:00,0.8456976476420276,0.5105922295162795,0.4910530223424843,826.4069487292098,76.50128793765863,77.14540764702272,7.17470636354199
2024-03-14 04:00:00,0.833116557769803,0.5123444026743903,0.4893476280342958,817.4241941938276,71.37524584260082,77.20255358628128,7.18056229986734
2024-03-14 05:00:00,0.8209429936514722,0.5144364889226031,0.48725579215944215,807.2504021240796,66.61665708736554,77.25902946081843,7.186384947893248
2024-03-14 06:00:00,0.8089884112953476,0.5168108463492557,0.48485196548102644,795.9332871408026,62.23668022648343,77.31483718275594,7.1921852034345175
2024-03-14 07:00:00,0.7971259879090486,0.5194027517665608,0.4822131738221617,783.5423654024486,58.2345041948281,77.3699976934825,7.197966389636168
2024-03-14 08:00:00,0.8151786349632271,0.5216330488661364,0.4791039858676337,781.6017813177243,60.7854596908135,77.34749677260797,7.1946307895768165
2024-03-14 09:00:00,0.796171081515909,0.5243548003784134,0.47676091359961587,768.6358757714294,56.40880625589742,77.40138788497599,7.201603758578641
2024-03-14 10:00:00,0.8062893790869987,0.5265113756164199,0.47394005522527893,764.0234371721212,58.76750345236574,77.37705190554223,7.198789308989276
2024-03-14 11:00:00,0.7904661626842595,0.5290268917121198,0.47177870092788177,751.1242813657606,54.52403285009657,77.4316993964114,7.206008987657913
2024-03-14 12:00:00,0.7702066995618537,0.5314709657868674,0.469693028548824,735.8458048816491,50.36012004190625,77.48534733009191,7.213229051213969
2024-03-14 13:00:00,0.7828530962037444,0.5333340055118688,0.4671642857282006,731.0586198423454,52.74876119538469,77.46181762396742,7.210684625085981
2024-03-14 14:00:00,0.7907151889725362,0.5351189342249443,0.4649565467110102,726.1831354408686,54.681390264674945,77.43784109306263,7.20880076733005
2024-03-14 15:00:00,0.7923958814140294,0.5367703687167424,0.4631251929790209,720.6605960552928,56.02963700361983,77.41357387423726,7.207650004850286
2024-03-14 16:00:00,0.7838962714018675,0.5383671159798399,0.461716079984605,713.4069763565442,56.00620581649968,77.39130476918866,7.208337908309541
2024-03-14 17:00:00,0.77233099937661,0.5398232951703003,0.4605767628841168,700.9697823257965,51.89918972184169,77.44611709059238,7.215470368713987
2024-03-14 18:00:00,0.7832622867723512,0.5406992948170123,0.4592348904947049,701.2283911217398,56.808057356283996,77.34861918844759,7.208397857050101
2024-03-14 19:00:00,0.7944659600843634,0.5413650798927873,0.4581972694445232,698.8974658493684,58.83658773563133,77.32487201507696,7.206014884672289
2024-03-14 20:00:00,0.771097194807581,0.5424008213155374,0.4579564147733164,685.3240565618903,52.9292316552172,77.3821635465153,7.215325681584441
2024-03-14 21:00:00,0.7398098418228407,0.5435386902891072,0.4575938922490786,667.8034356593008,46.91498694210803,77.43994211767514,7.2249013054340265
2024-03-14 22:00:00,0.7455330294418654,0.544233214544312,0.4563713552994992,660.307270753357,48.04323301756837,77.42125649545974,7.223758772755139
2024-03-14 23:00:00,0.747087069141945,0.5451227960749441,0.4551472702042721,652.7222103914416,48.93009512530448,77.4021275766624,7.223050545541223
2024-03-15 00:00:00,0.740337951579311,0.5461783653083049,0.45407447455364286,644.1215633130066,49.06394906301319,77.38395821995337,7.223472133009071
2024-03-15 01:00:00,0.7243460882455777,0.5473829123474868,0.4532079008597261,632.0769077633803,46.40293093295562,77.37243357304793,7.228097033314188
2024-03-15 02:00:00,0.7231269951922813,0.5482707613109749,0.4521669198791291,621.5473179639264,44.77072269091553,77.4278407425942,7.231762292123356
2024-03-15 03:00:00,0.7237507906904541,0.5490717190690404,0.45113540451314466,614.2532389933939,45.466163226867565,77.41171356828367,7.231399079468423
2024-03-15 04:00:00,0.7217454384613565,0.5498690111335616,0.45018382865322276,606.5376622555128,46.031902605627415,77.39569555835355,7.231194150815187
2024-03-15 05:00:00,0.7128101919512495,0.5507498951436746,0.4493824970282568,597.789030444251,45.964852685723216,77.3806468369734,7.231884119720693
2024-03-15 06:00:00,0.6954763383965008,0.551759294724596,0.4487597237838338,585.5894851533658,43.15635400301939,77.37249959851488,7.236739024812414
2024-03-15 07:00:00,0.6933916201122099,0.5524556426665846,0.4479327831551757,574.9484234997917,41.432198001596525,77.43135673730302,7.240521923757953
2024-03-15 08:00:00,0.6933713172394279,0.5530818394744431,0.4470876697389419,567.6713693161558,42.08262902762975,77.4186745422669,7.240163303921154
2024-03-15 09:00:00,0.6910394970945434,0.5537188890565022,0.4462964235299415,560.0768237095723,42.66217005067205,77.40607017378221,7.2398941541046575
2024-03-15 10:00:00,0.6818776076474805,0.5544550442736093,0.4456377743600611,551.5153444244683,42.6299947497592,77.39447271136237,7.240517334839832
2024-03-15 11:00:00,0.6644025226797163,0.5553306127336857,0.4451448917861918,539.5930202865655,39.90004274341279,77.3896718199967,7.245297486550124
2024-03-15 12:00:00,0.6622683181317663,0.5558968759314543,0.4444425715799938,529.2694317056831,38.244173708224835,77.4519160573853,7.248981794984227
2024-03-15 13:00:00,0.6622979207456847,0.556395496338028,0.4437187641813378,522.4488622148375,38.979173959936254,77.44251129835875,7.248443011411098
2024-03-15 14:00:00,1.1040043452019959,0.544607456258541,0.44468395428547663,943.530393290336,162.21633539313342,76.15252471402344,7.084551640669328
2024-03-15 15:00:00,1.0918217800322048,0.5334569207692943,0.4599322088401499,982.9184510421894,175.12801293073957,76.13891127085463,7.079486086163891
2024-03-15 16:00:00,1.0716388201464166,0.5203154488089538,0.476215234803879,1010.1716236527662,177.8250827407789,76.2084783074679,7.0822064087762735
2024-03-15 17:00:00,1.0542439380366615,0.5082134055688232,0.49035419730878443,1031.850698781457,177.50406173881782,76.27699986835808,7.0849434747643265
2024-03-15 18:00:00,1.076855080522098,0.4974866072273319,0.5013848173004377,1061.0126707678096,183.09710802909095,76.26924505873224,7.079360477007104
2024-03-15 19:00:00,1.0657172481159387,0.48947364280828687,0.5105625698378035,1079.029895796498,180.30359198164652,76.33698519660378,7.082851843937514
2024-03-15 20:00:00,1.0568248259505906,0.4836654515218951,0.5170830287102088,1094.2625611934557,176.54549528087216,76.40167661728651,7.086329618960527
2024-03-15 21:00:00,1.049591471936064,0.4798500896577817,0.5213179030681153,1107.2928963444685,172.04537464168558,76.4646272281212,7.089955720877562
2024-03-15 22:00:00,1.0426669519631073,0.4777076423222537,0.5237150365065047,1118.299590840204,166.92021038977336,76.52568992964639,7.093825507405627
2024-03-15 23:00:00,1.035518774139877,0.4769447608980969,0.5246285724309319,1127.356305100567,161.26724564202905,76.58488322695531,7.097964869072227
2024-03-16 00:00:00,1.027885646291751,0.4773325496419707,0.5243221612588272,1134.4472198696453,155.16173928401128,76.64221912951346,7.102382464745954
2024-03-16 01:00:00,1.019716163921421,0.4785375402564482,0.5231583970476762,1139.7241144308668,148.72985368364024,76.69792734654456,7.107047305950934
2024-03-16 02:00:00,1.0110033844331863,0.4804302005659401,0.5212760178014001,1143.0951945204404,142.0321536668759,76.75202246718433,7.111951285314919
2024-03-16 03:00:00,1.001823990321195,0.4828286938558999,0.5188665748292853,1144.6714853925384,135.16077856358854,76.80470042563088,7.117062728987268
2024-03-16 04:00:00,0.9922303755102917,0.4856169742280056,0.5160518770461495,1144.4439582375178,128.1968126886402,76.85606115876473,7.122361259324612
2024-03-16 05:00:00,0.9822597972001692,0.4887197741337734,0.5129107727907252,1142.3683658811638,121.21040521376963,76.90616511942022,7.127831916390853
2024-03-16 06:00:00,0.9719863577489916,0.49204158549357907,0.5095428955878283,1138.579049665457,114.28144418210127,76.95520162315317,7.1334470759359725
2024-03-16 07:00:00,0.9614317666238942,0.4955389872291965,0.5059937380653127,1133.0124349448395,107.48133281257152,77.00321207091528,7.1391945271963815
2024-03-16 08:00:00,0.9506381455679315,0.4991674445860842,0.502309642578979,1125.7791388148178,100.85325331497069,77.05032214289699,7.145057350439606
2024-03-16 09:00:00,0.9396372023575595,0.5028839001578286,0.49853552278801466,1116.901182282992,94.46978294252466,77.09662714843208,7.151017942551284
2024-03-16 10:00:00,0.9284377477283243,0.5066721579720588,0.4946882850869327,1106.3494973711197,88.36963180943998,77.14215080108528,7.157068264562595
2024-03-16 11:00:00,0.9170817697489144,0.5104982996488775,0.4908029486826042,1094.286004295337,82.58359634580931,77.18703499374847,7.163189707864393
2024-03-16 12:00:00,0.9325835882751106,0.513891730148488,0.4864969182259569,1090.1939683587416,83.66205109313113,77.15389373110821,7.160276532038525
2024-03-16 13:00:00,0.9195392076094887,0.5176027163942294,0.48304931646472465,1077.7821718669643,78.1242598582535,77.199041361629,7.167390285878587
2024-03-16 14:00:00,0.9012739300564802,0.5211266380384313,0.4798263593069053,1062.5114154890416,72.54659993599249,77.24257749335025,7.174676858481593
2024-03-16 15:00:00,0.9148461130684096,0.5240005351397421,0.4762982198669872,1056.953358779907,73.81228459431586,77.21001307240874,7.172733285636565
2024-03-16 16:00:00,0.9228657027369205,0.5266800272408069,0.47323784903204225,1050.8518922792252,74.70979617302278,77.17703788138792,7.171548431419269
2024-03-16 17:00:00,0.9244673648173802,0.529115238617599,0.47066210375227063,1043.7001419460746,75.10696792654035,77.14361329056986,7.171117425641495
2024-03-16 18:00:00,0.9154495415542572,0.5314184551570085,0.4685901950871605,1034.4480850521027,74.17136871590209,77.11216881847075,7.172529392350975
2024-03-16 19:00:00,0.9030942119428598,0.5335302567615426,0.4668374409462926,1019.8733493619804,69.1333995624448,77.15757024267482,7.180322856155867
2024-03-16 20:00:00,0.9047950264480163,0.5351899864889713,0.46502920503588674,1011.6102318895113,69.20379042693787,77.12691542201675,7.180560936726159
2024-03-16 21:00:00,0.9051607768956316,0.5367247531227514,0.46334792003401837,1002.4911813089976,69.15788204570315,77.09683299043611,7.180955365398557
2024-03-16 22:00:00,0.8745263591813253,0.5387185542014464,0.4621626924712368,982.614268499489,62.39128822775885,77.14372899543675,7.191117504315668
2024-03-16 23:00:00,0.8632867525983486,0.5405029680555362,0.4603102844288198,967.752681595199,61.58078852726297,77.11467531063236,7.19249938025618
2024-03-17 00:00:00,0.8548140469282836,0.5424594230989708,0.45832844971805997,949.0555965744758,57.099481679354504,77.16355447846765,7.200158521975721
2024-03-17 01:00:00,0.8587438578173455,0.5442048514129753,0.45620027308312133,937.3084068409285,57.69116130532699,77.13592118522999,7.200168177355063
2024-03-17 02:00:00,0.8601916517832283,0.5459139273453081,0.45420977416200986,925.0521234975294,58.167162879771055,77.10871644346966,7.200418406644489
2024-03-17 03:00:00,0.8301106621053792,0.5480940262134973,0.4527611978108658,902.1991313613032,52.03566041795878,77.15868769969843,7.210728309079026
2024-03-17 04:00:00,0.8190773727558887,0.550015586012271,0.4507326649413166,884.7964410685041,51.91352498584853,77.13261696865844,7.211992487871689
2024-03-17 05:00:00,0.8106422398405229,0.5520624621768975,0.4486337590842408,863.7514520314497,48.01921256152218,77.18446849129042,7.219705955767222
2024-03-17 06:00:00,0.8144947185419268,0.5538491943375566,0.4464471860215186,850.0676958952904,49.10155074772786,77.15963093713329,7.219518683153843
2024-03-17 07:00:00,0.8159534126565484,0.5555548243082368,0.44444644932849414,836.1681060915164,50.039938189052364,77.13526995332344,7.219539151102361
2024-03-17 08:00:00,0.813003501231709,0.5571910950957322,0.4426703275129363,821.7325622782594,50.673895633478686,77.11077599591113,7.21992074797519
2024-03-17 09:00:00,0.8007431987740988,0.5588621238103785,0.4411924894026625,805.7769687664353,50.15075445632636,77.08845017804701,7.221932585634472
2024-03-17 10:00:00,0.7858493084250091,0.5604686397706146,0.4398959595847589,784.7907329901706,45.60477919138384,77.14350612843532,7.230594530206765
2024-03-17 11:00:00,0.7856450157359368,0.5616879776374961,0.43847435513251676,771.1014859626557,46.1986118536271,77.12233937387012,7.230899372962449
2024-03-17 12:00:00,0.7844970112150559,0.5628281375173786,0.43714242056611896,757.223080073,46.782480044558326,77.10196104791282,7.231189906750544
2024-03-17 13:00:00,0.7797753594196916,0.563950039854725,0.4359341403968626,742.8971263607702,47.16142508105703,77.08158272547135,7.231717340907478
2024-03-17 14:00:00,0.766279874545839,0.5651693921925512,0.43492934286978946,727.1559230354585,46.503429190093556,77.06337635020509,7.2337578846750885
2024-03-17 15:00:00,0.7505158889229856,0.5663823250998892,0.43403013123465095,706.4049713773276,41.88055278516271,77.12264491442427,7.242495387268944
2024-03-17 16:00:00,0.7496410112346878,0.567254940799008,0.43295128794010235,693.1765711191089,42.43675591552663,77.10566666649972,7.242689356182024
2024-03-17 17:00:00,0.7480360515514827,0.5680882709349852,0.43191557147094056,679.8901367467579,43.0408377227612,77.08944835068645,7.242810059372802
2024-03-17 18:00:00,0.742889450752898,0.5689334614537824,0.4309769128825356,666.3068786541544,43.475728367059865,77.07320697147756,7.2431324989753785
2024-03-17 19:00:00,0.7291114110216643,0.5698960250556204,0.43021953631300525,651.4263261843606,42.901199170144594,77.0591365079151,7.244962169220396
2024-03-17 20:00:00,0.7131857990628613,0.5708645427975433,0.4295533770673666,631.5641179692734,38.368319714672374,77.1225874517029,7.253569364874924
2024-03-17 21:00:00,0.7122258441917193,0.5714979022660318,0.4287024662180978,619.445210398328,39.018289667758346,77.10962350598783,7.253469947110746
2024-03-17 22:00:00,0.7105035371428247,0.5720974389313792,0.4278951832098941,607.3880601227221,39.71950880253033,77.09736621207807,7.253286197047525
2024-03-17 23:00:00,0.705387113362155,0.5727113204569432,0.4271788490335456,595.1293271158842,40.271372599970654,77.08508558871745,7.25328067898486
2024-03-18 00:00:00,0.6916620918179236,0.5734461869682077,0.4266424584825237,581.6668944655811,39.820909555228916,77.07493883739187,7.254788030277419
2024-03-18 01:00:00,0.6758515531038084,0.5741859211995828,0.42619787526887726,563.2310530400405,35.41320161729779,77.14229739161769,7.2631362862379385
2024-03-18 02:00:00,0.6750592684118311,0.5745878240306577,0.425571916413026,552.6991717945624,36.16713571154106,77.13307669157507,7.262665768415983
2024-03-18 03:00:00,0.6736330913907772,0.5749538800895901,0.42498993251931855,542.3095040056404,36.98173753129368,77.12449433473711,7.262092558976281
2024-03-18 04:00:00,0.668720499221033,0.5753373659229575,0.4245020413085476,531.7678899362674,37.639893914906025,77.11586530353486,7.261709551606898
2024-03-18 05:00:00,0.6553396557098252,0.5758402594017914,0.42419262348208664,520.0763918507762,37.30511220256128,77.10933334949624,7.262840449124618
2024-03-18 06:00:00,0.6399052195673343,0.576347647306833,0.42397546924466617,503.3777919359481,33.00681742899762,77.1802706861929,7.270874762811783
2024-03-18 07:00:00,0.6395386550760178,0.5765164620447405,0.4235778904376799,494.6862399974442,33.849789268090696,77.17444364723453,7.2700067178772745
2024-03-18 08:00:00,0.6385132926800058,0.5766526176675485,0.4232244006794124,486.15489207400844,34.749113279169734,77.1691916078406,7.2690444595662225
2024-03-18 09:00:00,0.6341225098311988,0.5768074747286374,0.42296147040369436,477.49511751731177,35.5005893786401,77.16382758803375,7.268266238255492
2024-03-18 10:00:00,0.6212996746889531,0.5770859234649979,0.42287274669080693,467.6804580848781,35.25991032345561,77.16051340636973,7.2690210618114115
2024-03-18 11:00:00,0.6064135064502428,0.5773721693525996,0.4228747984778047,452.8039601149382,31.051123918908203,77.2346487561117,7.276728222567178
2024-03-18 12:00:00,0.6152306918444251,0.5771521121656406,0.4225717265002038,452.14779442708493,36.003528104490385,77.15597834135798,7.268346473879177
2024-03-18 13:00:00,0.6251139128269169,0.576803462900475,0.4224690687308579,449.00140663763153,37.97610292330804,77.15125651269086,7.26504771288513
2024-03-18 14:00:00,0.6008974930750232,0.5769445589594107,0.4230575009323433,434.6164479211906,32.33854593461278,77.22756658110563,7.274367363604967
2024-03-18 15:00:00,0.8631539137972924,0.5710659952831747,0.42060776356156404,689.5861878609612,101.24913123711784,76.49561972882321,7.166412289725849
2024-03-18 16:00:00,0.8704997110151746,0.5659707649822812,0.4278878375298166,709.7269307419666,107.04421584005505,76.48430970497297,7.163048301211091
2024-03-18 17:00:00,0.8752613585139942,0.5582084368126158,0.43725361636899274,727.9108010607861,110.68895156342255,76.47945524272552,7.157980389712449
2024-03-18 18:00:00,0.8821418213166844,0.5498458771590886,0.4467770501616771,743.4712349205886,112.38101509051829,76.47640264026491,7.153465854269012
2024-03-18 19:00:00,0.8803682544204486,0.5420862431650779,0.45578711868644617,751.03407930044,108.06222433489654,76.54975144481207,7.15653032885382
2024-03-18 20:00:00,0.86874811666323,0.5356762561351478,0.463357961770993,754.0703013554887,102.28961075220857,76.62100550580833,7.1605008091576
2024-03-18 21:00:00,0.8609507350427597,0.5306263730025879,0.4691393453211383,755.0177015320078,96.52559035808133,76.69132807476318,7.164250471631399
2024-03-18 22:00:00,0.8544302239249414,0.5269485901048432,0.47330769181938925,754.244431680084,90.86972274813135,76.76038113455473,7.168037755779267
2024-03-18 23:00:00,0.8479669140837149,0.524501709736457,0.47610082176265367,751.9100355856978,85.40137196784498,76.82805097203341,7.171971057442179
2024-03-19 00:00:00,0.8682279506862863,0.5226214874358351,0.477371895792178,757.779919208762,86.70788217276346,76.81702694507236,7.167061700616606
2024-03-19 01:00:00,0.8742871677295146,0.5216249175243347,0.47836811047606487,762.1760040625755,86.56066102396086,76.80674281543565,7.164818909397984
2024-03-19 02:00:00,0.8728137844836673,0.5211002863462996,0.4792075464161405,761.0383896637134,82.12462875895484,76.87141961584388,7.169418983164631
2024-03-19 03:00:00,0.8827246721688694,0.5205739744412452,0.479632182090054,766.1697960768133,82.64002218523397,76.85883986054877,7.167206533846557
2024-03-19 04:00:00,0.8971501320380701,0.5200520660802495,0.4799116583319078,776.4137840238645,86.87929489275155,76.77112926625948,7.159816264260805
2024-03-19 05:00:00,0.9107563055108776,0.5195215816859312,0.4802657628152401,783.2757021804524,88.24543201595762,76.75592861532735,7.157112377371521
2024-03-19 06:00:00,0.889073160562955,0.5195545050232802,0.48117546255601745,778.4167765524522,81.40591394230587,76.82004779449065,7.16556880423392
2024-03-19 07:00:00,0.8595815021017049,0.5199399735421506,0.4816336989312414,769.0674171982454,74.04590513476269,76.88331327779221,7.174359060231932
2024-03-19 08:00:00,0.8669968507310587,0.5201404908064782,0.4809517036778845,768.8315434921418,73.95949001576967,76.87107870683728,7.173294946141898
2024-03-19 09:00:00,0.8699055928315274,0.5207119516601374,0.48008250288153476,767.8293130745631,73.65820298284832,76.85778453502348,7.172769780159182
2024-03-19 10:00:00,0.8641152000756397,0.5215947979393183,0.4792113607033398,765.1692945152155,72.62365654112013,76.84489298580026,7.173419962665763
2024-03-19 11:00:00,0.8485077523285874,0.5227562940387107,0.4784192568301909,758.4292473116762,68.76880506832264,76.83830153859275,7.178179065285609
2024-03-19 12:00:00,0.8477823900048352,0.5237288578072334,0.4773070727022588,752.6368114670502,66.04510685258802,76.89771588578265,7.182174898041783
2024-03-19 13:00:00,0.8485862746026214,0.5247256780991859,0.4760878240626239,749.355086643824,65.7172065025374,76.88589512216326,7.182456641429119
2024-03-19 14:00:00,0.8468138800782086,0.5258080676555702,0.4748425449807889,745.0940315661229,65.29528543583427,76.87371713563317,7.182935744518221
2024-03-19 15:00:00,0.8378489927416535,0.5270549664005791,0.47366426025372005,739.2361875327646,64.24826788247807,76.86201696848784,7.1843338480793095
2024-03-19 16:00:00,0.81996718823257,0.5285063490617476,0.4725993468849463,729.4089160403062,60.461820341450874,76.85694099347991,7.189748772980938
2024-03-19 17:00:00,0.8175010365627619,0.529721679548755,0.47124238345608477,720.6641637014487,57.828858257112934,76.9182636144475,7.194281234451313
2024-03-19 18:00:00,0.8171803304538938,0.5309270115883203,0.4697962688923118,714.6866749321117,57.67223165903724,76.90841573887131,7.194883455650144
2024-03-19 19:00:00,0.8143969340058002,0.532190409906776,0.4683570011466562,707.92917250198,57.45955166357457,76.89833306863487,7.195616653499453
2024-03-19 20:00:00,0.8046833319377407,0.5335901540773945,0.4670100864266219,699.7683198475336,56.675494861361564,76.88875945206891,7.197195660165838
2024-03-19 21:00:00,0.7861137693419129,0.5351697629425061,0.4658069576840495,687.831763387677,53.179135884590394,76.88587644567765,7.202815835476446
2024-03-19 22:00:00,0.7831036612712206,0.5364784741535281,0.4643467867922802,677.1451643465338,50.812719782366116,76.94955428308553,7.20749460576655
2024-03-19 23:00:00,0.7823307543765404,0.5377455563234871,0.46283239227193285,669.4936562761668,50.93340838932338,76.94204895097744,7.2081050876860955
2024-03-20 00:00:00,0.7886761887503513,0.5388225399328179,0.4613713398153733,668.3585884322371,54.8318458328586,76.85975029598971,7.202650405944286
2024-03-20 01:00:00,0.79535559590581,0.5397233590797113,0.460146836090116,664.1161008371317,55.92068300503165,76.85095554984157,7.201789719910803
2024-03-20 02:00:00,0.7707077630129541,0.5410005345870454,0.45958843059817867,651.9324226479632,51.677047617989736,76.85056832635894,7.208445547997244
2024-03-20 03:00:00,0.7636829485658534,0.5418991089787598,0.45873450070737065,640.7051842974389,48.73022971421609,76.91736462721506,7.213854798525034
2024-03-20 04:00:00,0.7602652450768789,0.5427573144111404,0.4577365148889071,632.5109432926939,48.42165036857407,76.9132175112193,7.21493075633535
2024-03-20 05:00:00,0.7554196401089153,0.5436911966181536,0.4566743216353139,623.7652781047345,48.21146997543972,76.90906079518696,7.215927629631283
2024-03-20 06:00:00,0.7442294398592856,0.5447931634446238,0.4556479611158291,613.8760750405111,47.537347561966776,76.90546715607015,7.217659136720752
2024-03-20 07:00:00,0.7494718450958787,0.5456454009686551,0.45438738669328615,606.970658612112,48.06085517546045,76.9031863906244,7.217740367418728
2024-03-20 08:00:00,0.7479917839281677,0.5465359746206939,0.45340371332642404,599.8871653283992,47.78560124068079,76.9018252013606,7.218884404600081
2024-03-20 09:00:00,0.7425516458442857,0.5473380402077694,0.45268297041757005,592.7132409272878,47.085498469295494,76.90052407593441,7.220497714487194
2024-03-20 10:00:00,0.7438274371491417,0.547841081950277,0.4520469019615071,591.4998210448452,50.26427641579619,76.8246477178957,7.215655315557543
2024-03-20 11:00:00,0.7473493482161557,0.5481489401755947,0.45154684793240846,587.0042556063507,50.7981416713466,76.8226357792902,7.215213244471453
2024-03-20 12:00:00,0.7455678599850857,0.5484267570143484,0.4512664778744501,581.0901965303224,50.06091799479511,76.8239605565088,7.216551371718344
2024-03-20 13:00:00,0.739585635325161,0.5486785039478153,0.4511514809988631,574.5640864997977,48.80618471205672,76.8265389619023,7.218558856377567
2024-03-20 14:00:00,0.7312510947623357,0.5488943819910259,0.4511413913863039,567.7408800064231,47.336956201741536,76.82944751630008,7.220808245177696
2024-03-20 15:00:00,0.7306553300010388,0.5489064311073588,0.4510580052919021,566.8109560468722,49.93744003591809,76.75805525168795,7.216419479828374
2024-03-20 16:00:00,0.7329019705100592,0.5488270100677121,0.45097192155049287,562.5105733622314,50.02373853053551,76.76050062509718,7.216336386775057
2024-03-20 17:00:00,0.7027398657630413,0.5493336028200699,0.45134996379176484,546.6303110540605,42.7223469403348,76.84309903737379,7.227813389521084
2024-03-20 18:00:00,0.6664332625213906,0.5501351498657301,0.45135304358642436,527.0666461908534,36.08509107294766,76.92623722383914,7.2390833194418756
2024-03-20 19:00:00,0.668349586495238,0.5506182006245584,0.45032719795074494,518.1104660145899,36.79428606857397,76.93366046879531,7.239005156591352
2024-03-20 20:00:00,0.6375800956315016,0.5519511260888115,0.4495493048696267,498.70952171828526,31.441505039228677,77.01759343132882,7.249343100469783
2024-03-20 21:00:00,0.6108651144268268,0.553471309373226,0.4483177759374308,478.48559051941186,27.36678765557981,77.10224656179984,7.2586412890368335
2024-03-20 22:00:00,0.5879930421175256,0.5552206763437172,0.4466604205515595,458.18111251364917,24.318058340514202,77.18710989715282,7.267078536015658
2024-03-20 23:00:00,0.5675655328085966,0.5571925021260778,0.4446713353882466,438.14879159244333,22.040234482375936,77.27185051249816,7.274842680326606
2024-03-21 00:00:00,0.5487955943466325,0.5593411873955179,0.44244504615166785,418.6051382891853,20.332649156535403,77.35627803446438,7.282048672974364
2024-03-21 01:00:00,0.5312352339150406,0.5616099686142899,0.440065858448939,399.6971521555214,19.03639891614713,77.44027777276176,7.288769142207521
2024-03-21 02:00:00,0.5146156398376039,0.5639436482337492,0.43760495537508615,381.527542115266,18.028913475298847,77.52377846997155,7.295053081871461
2024-03-21 03:00:00,0.4988042930414421,0.5662970628833761,0.43511520923646535,364.163268456217,17.230121098045448,77.60673735444304,7.300928911902614
2024-03-21 04:00:00,0.48374551654930925,0.5686283186229817,0.4326439696531279,347.71201485954555,16.585740248366662,77.689074050886,7.3063931741587105
2024-03-21 05:00:00,0.469243398976161,0.57091636544074,0.4302164890475871,332.03909278054584,16.032317396094246,77.77088131718018,7.311541978051817
2024-03-21 06:00:00,0.4552918378793198,0.5731380409011348,0.4278579218798855,317.2101023246027,15.550731426190938,77.85210450084455,7.316367420417747
2024-03-21 07:00:00,0.44186407150773577,0.5752782235577499,0.42558448498501195,303.2255167030911,15.123261667497609,77.93272945858185,7.320882561230319
2024-03-21 08:00:00,0.4289377814565788,0.5773267049981377,0.4234069151537859,290.06800495378036,14.736732390397881,78.01275206291498,7.3251031380714
2024-03-21 09:00:00,0.4164975207192113,0.5792764791753243,0.4213324280483095,277.71410239768096,14.381776548197077,78.09216975560038,7.329044089271535
2024-03-21 10:00:00,0.4045312004801485,0.5811226609285189,0.41936594221931406,266.13462634540315,14.05117443535711,78.17098066676438,7.332720735563344
2024-03-21 11:00:00,0.3930294211449034,0.5828622021534521,0.41751042539203403,255.2963042053556,13.739142990551697,78.24918429569685,7.336148695103232
2024-03-21 12:00:00,0.381983531865706,0.5844930690516926,0.4157678004491371,245.16480902297855,13.44090999136553,78.32678037171478,7.339343401136637
2024-03-21 13:00:00,0.3713882655617492,0.5860163875553288,0.4141366760137006,235.69953660966414,13.154496145859525,78.40377014071336,7.342319984068876
2024-03-21 14:00:00,0.3612791680995305,0.5874278876098723,0.4126215821530391,226.9145440610115,12.881378298653908,78.4800919736555,7.345071762641106
2024-03-21 15:00:00,0.3515872124053441,0.5887444714422303,0.41120491527506,218.68434230073464,12.618169730498222,78.5558355485677,7.347641561555992
2024-03-21 16:00:00,0.3422948113271307,0.5899717282951322,0.40988100841724145,210.96764793141605,12.363998906207142,78.63101343025065,7.350043487895429
2024-03-21 17:00:00,0.33341440236824477,0.5911087125323354,0.4086510673251907,203.75953527108297,12.118737929421652,78.70559010106099,7.352279047207783
2024-03-21 18:00:00,0.3249344678711218,0.5921596130959053,0.40751091373122283,197.02907826080605,11.881895208497692,78.77956893187456,7.3543581001616944
2024-03-21 19:00:00,0.31684264027443426,0.5931290554300294,0.40645595383416594,190.74283565389754,11.652988264761477,78.85295208968962,7.356291400627388
2024-03-21 20:00:00,0.30912653406207413,0.5940213424461488,0.40548192711184283,184.8713063073809,11.431635671362399,78.92574243300388,7.3580883801454835
2024-03-21 21:00:00,0.30177182612061704,0.5948411421252336,0.404584227454815,179.3835589505156,11.217465351508835,78.99794347372561,7.359758977702352
2024-03-21 22:00:00,0.2947644452857885,0.5955929006055147,0.4037584629385825,174.25083867607268,11.010140930094614,79.06955913342354,7.361312492091425
2024-03-21 23:00:00,0.2880894547532412,0.5962813257642872,0.4029999827297337,169.44274871820025,10.80930772936997,79.1405936059634,7.362758842192313
2024-03-22 00:00:00,0.28172958877391524,0.5969109417694575,0.4023043339859429,164.93344295495712,10.614707650060533,79.21105280751743,7.364106655987691
2024-03-22 01:00:00,0.27566884846330164,0.5974863096096372,0.40166701860943027,160.69517690457278,10.42603734164027,79.28094176007313,7.365365164462241
2024-03-22 02:00:00,0.26988915698419846,0.5980111750493602,0.4010843450039794,156.7096802538514,10.243122268013064,79.35026745983117,7.3665406697715685
2024-03-22 03:00:00,0.264375752506211,0.5984893156378173,0.40055262565840166,152.9555724967527,10.065761391414503,79.41903094006243,7.367640376682587
2024-03-22 04:00:00,0.2591329221555643,0.5989202428910682,0.4000725512660556,149.43589823725017,9.894180751542095,79.48719772041893,7.368663300858172
2024-03-22 05:00:00,0.2541035695559915,0.5993149458033517,0.39963236119063617,146.09328299651264,9.727206782462192,79.55487356114585,7.369628584756269
2024-03-22 06:00:00,0.2492944905586696,0.5996728315199433,0.3992329786714101,142.93027031629512,9.565124989451983,79.62201532197221,7.370535762395231
2024-03-22 07:00:00,0.2446937340454084,0.5999963705710709,0.3988718679199642,139.93435537966647,9.407777695822913,79.68862904345194,7.3713891772686395
2024-03-22 08:00:00,0.24028921125044292,0.6002880078827564,0.3985464919770728,137.0932562292218,9.254998064184116,79.75472229764587,7.372193095811383
2024-03-22 09:00:00,0.23606958986826865,0.6005500037354555,0.39825448689970216,134.3957439069328,9.1066284808983,79.82030254957982,7.37295143188045
2024-03-22 10:00:00,0.23202392281156803,0.6007844907183928,0.3979935991068066,131.8313628998736,8.962513862150665,79.88537763583176,7.373667835284483
2024-03-22 11:00:00,0.2281418788141207,0.6009934750401111,0.39776170057988464,129.39031951827462,8.82250668835487,79.94995519213961,7.374345729693601
2024-03-22 12:00:00,0.22441231954659596,0.6011791035868586,0.3975564987766375,127.06221135230587,8.686445738068992,80.01404390489711,7.374988756160497
2024-03-22 13:00:00,0.22082530027527664,0.601343263330186,0.3973759534355078,124.83819114714663,8.55418638292974,80.07765228001674,7.375600030643391
2024-03-22 14:00:00,0.21738408413835142,0.6014858493589104,0.397220295666869,122.71923533473064,8.425953787168652,80.14073933199401,7.376179737436814
2024-03-22 15:00:00,0.2140567491147099,0.6016118522905245,0.39708379949611505,120.68166251335413,8.300944508621424,80.20340337211071,7.3767352486481
2024-03-22 16:00:00,0.21084305405965556,0.6017215852759051,0.39696615634111937,118.7247802366625,8.179246358093335,80.26562693910662,7.377267086596356
2024-03-22 17:00:00,0.20773822423836752,0.6018160890023482,0.39686620065528666,116.84446304061682,8.060827262522194,80.32740526773121,7.377776830731778
2024-03-22 18:00:00,0.2047346137951598,0.6018967555866639,0.39678233545218794,115.03475349166497,7.945545848019538,80.38875017329521,7.37826650588338
2024-03-22 19:00:00,0.20183055108667794,0.6019638925405184,0.39671420360211107,113.29433419701755,7.83337045798892,80.44966376180142,7.37873656411883
2024-03-22 20:00:00,0.1990196556647273,0.602018661969875,0.3966604621609356,111.6181999032389,7.724181612743705,80.51015478381917,7.379188701738386
2024-03-22 21:00:00,0.1962968674876641,0.602061997568273,0.3966200169136263,110.0024699346782,7.61787843714821,80.57023162943497,7.3796242146019395
2024-03-22 22:00:00,0.19365759491173254,0.6020947425291656,0.3965918846281295,108.44359382624079,7.514371394880927,80.62990143795083,7.38004429605727
2024-03-22 23:00:00,0.19109541189024953,0.6021180556187878,0.3965746935151995,106.93667806763041,7.413521289845534,80.68917556537092,7.380450544498189
2024-03-23 00:00:00,0.18861026936523848,0.6021319491578886,0.39656842634092515,105.48170607079575,7.315325682360481,80.74805436289984,7.380842968719472
2024-03-23 01:00:00,0.1861948218509169,0.6021377595132577,0.39657149375847867,104.073162548618,7.21962290972091,80.80655168927721,7.381223352232254
2024-03-23 02:00:00,0.18384926393184295,0.6021354484294585,0.39658393564099176,102.71122231308469,7.126412336397487,80.8646677753007,7.381591630804645
2024-03-23 03:00:00,0.18156946015113154,0.6021258009341585,0.39660480651090596,101.39276619334491,7.035603075791576,80.92240916985999,7.381948817896375
2024-03-23 04:00:00,0.17935750313414928,0.6021087726293806,0.39663413482928905,100.11890688601292,6.947314053165601,80.9797519243683,7.382294805095108
2024-03-23 05:00:00,0.17719801865417847,0.6020863646608293,0.39666956912283674,98.87921323867809,6.86102310533517,81.03677228675606,7.382632354016975
2024-03-23 06:00:00,0.17509384796633626,0.6020584774703123,0.39671119123979304,97.6754505409093,6.776869347211278,81.09344379043269,7.382961134895965
2024-03-23 07:00:00,0.17304201631348237,0.6020256225475302,0.39675838272714375,96.50555382462437,6.694766247765828,81.14977590550139,7.383281736782764
2024-03-23 08:00:00,0.17104060966620765,0.6019881665623815,0.39681069624333487,95.36817320747377,6.614661854586981,81.2057733335239,7.383594557034748
2024-03-23 09:00:00,0.16908760380393406,0.6019464653983185,0.39686769863008653,94.26188964119105,6.536493237252307,81.26144246224992,7.383899989021658
2024-03-23 10:00:00,0.16718250515001884,0.6019006068720507,0.39692928305853,93.18635695521326,6.4602452965957164,81.3167848105055,7.384198134304305
2024-03-23 11:00:00,0.16532163729798952,0.6018512415002751,0.39699465744371587,92.1389861439428,6.38580126483479,81.37181223338577,7.3844896955722055
2024-03-23 12:00:00,0.16350544021513466,0.6017982906065608,0.3970639178434862,91.12008725918088,6.3131745203740515,81.42652340006718,7.384774593289547
2024-03-23 13:00:00,0.16173025853879966,0.6017423899465645,0.3971362920108604,90.12709121038743,6.242243444356427,81.48093093613825,7.3850535035006075
2024-03-23 14:00:00,0.1600019681783457,0.6016829686103023,0.3972124207099411,89.16382422483208,6.1732390226714156,81.53499665065506,7.385325531029534
2024-03-23 15:00:00,0.15830919236511964,0.6016211894304854,0.3972909796436863,88.22281824227645,6.1057135846129915,81.58879184671234,7.385592443102258
2024-03-23 16:00:00,0.15665310442625222,0.601557112933595,0.39737187117161993,87.30472448901791,6.039725082344758,81.64230273083044,7.385854120036533
2024-03-23 17:00:00,0.15503321208424042,0.6014908761948226,0.3974549263914822,86.40917582460173,5.975258746513606,81.69552905697303,7.386110657083815
2024-03-23 18:00:00,0.15344775333180422,0.6014227658931439,0.3975398066657361,85.53496455864071,5.912248738382751,81.74847806882669,7.386362338699542
2024-03-23 19:00:00,0.1518964594435755,0.6013528289061572,0.39762645638185257,84.68190470068046,5.850685146818139,81.80115075380643,7.3866092126402565
2024-03-23 20:00:00,0.15037765625186061,0.6012813168702851,0.397714581152233,83.84885304055493,5.790501727383469,81.85355456571196,7.386851538764485
2024-03-23 21:00:00,0.1488914967742308,0.6012082065468665,0.3978042082283393,83.035914106606,5.731704517690486,81.90568882711094,7.387089298067604
2024-03-23 22:00:00,0.1474359825848876,0.6011337930954571,0.39789499433616204,82.24172024758721,5.674213054016779,81.95756262352184,7.3873227956532155
2024-03-23 23:00:00,0.14601107257945575,0.6010580824801984,0.3979869325726749,81.46624333764255,5.618025684259692,82.0091761413897,7.3875520418205465
2024-03-24 00:00:00,0.14461518527569242,0.600981294990431,0.398079770528552,80.70840724120761,5.563077035113895,82.06053692444151,7.387777270817904
2024-03-24 01:00:00,0.1432480563068218,0.600903467743531,0.3981734655807293,79.96803189140466,5.509356231527072,82.11164622286631,7.387998525220129
2024-03-24 02:00:00,0.14190894226593936,0.6008246919513146,0.3982679165167238,79.24461839210196,5.456831273558563,82.16250782224951,7.388215910750956
2024-03-24 03:00:00,0.14059710569630718,0.6007450905558851,0.3983629810031143,78.53764857852453,5.405471352242161,82.21312437039863,7.3884295385568395
2024-03-24 04:00:00,0.13931726300390607,0.6006646100451579,0.39845864910185347,77.84992080393316,5.35547970486346,82.26344940378831,7.388638783286676
2024-03-24 05:00:00,0.13806115163341753,0.6005835797747814,0.39855463952208325,77.17638025439706,5.306502084410614,82.31355404213654,7.388844759915499
2024-03-24 06:00:00,0.1368261696739034,0.6005021098694798,0.3986508592602316,76.51542712216327,5.258427237630986,82.36346080109962,7.38904782922059
2024-03-24 07:00:00,0.13561433704115228,0.6004201979460753,0.3987472843721023,75.86824371369029,5.211341212041965,82.41314870064737,7.38924771892415
2024-03-24 08:00:00,0.13442577945569617,0.60033791590586,0.39884382876850516,75.2348534699081,5.165248464376191,82.4626129068133,7.389444406571178
2024-03-24 09:00:00,0.13326007463870354,0.6002553180682554,0.3989404345647214,74.61497044062051,5.120130480968258,82.5118552559069,7.389637948926162
2024-03-24 10:00:00,0.13211637557312972,0.6001724693920003,0.39903703785314903,74.00805810711073,5.0759502362802085,82.56088118086222,7.389828456252033
2024-03-24 11:00:00,0.13099466458152326,0.6000893714809447,0.3991336370359947,73.41410491434844,5.032706943549139,82.60969077446825,7.390015933653744
2024-03-24 12:00:00,0.12989370560582497,0.6000061394984163,0.39923011564273037,72.83230864116783,4.990345868831415,82.65829085639331,7.3902005383470195
2024-03-24 13:00:00,0.12881369622020217,0.5999227538409698,0.39932649388410835,72.26279802693925,4.9488757155656895,82.70668034236473,7.390382248177512
2024-03-24 14:00:00,0.12775758153415076,0.5998392478441794,0.399422693709615,71.70727262055578,4.908420898959489,82.75482615880468,7.3905606573456195
2024-03-24 15:00:00,0.1267225099266684,0.59975571673331,0.3995186425963748,71.16401152446362,4.868859033658104,82.80275257899432,7.39073614077078
2024-03-24 16:00:00,0.12570314905066207,0.5996721986135738,0.3996143694476584,70.62987131192503,4.829962491164586,82.85051379060111,7.390909426884222
2024-03-24 17:00:00,0.12470078823603817,0.5995887161718371,0.3997098331754783,70.10557892425543,4.7917845150275,82.89809488677646,7.391080341536277
2024-03-24 18:00:00,0.12371629375095243,0.5995052967645005,0.39980499258721736,69.59161607245485,4.75436039699399,82.9454847689808,7.391248759014611
2024-03-24 19:00:00,0.12274935744795064,0.5994219901533785,0.399899797890018,69.08776365509911,4.717675504894718,82.992683124953,7.391414709995554
2024-03-24 20:00:00,0.12179984768292099,0.5993388066036847,0.39999423974397075,68.59393685487005,4.681723980787012,83.03969060493563,7.391578212147931
2024-03-24 21:00:00,0.12086704299970356,0.5992557781151214,0.40008829357745906,68.10969515362478,4.646474250832244,83.08651214901474,7.39173935472865
2024-03-24 22:00:00,0.11995097002569459,0.5991729033494799,0.40018196047982396,67.63505486857674,4.611927482268543,83.133147579155,7.391898136753401
2024-03-24 23:00:00,0.11905087938162935,0.5990902229673883,0.40027520718722714,67.16955032199454,4.5780504277561045,83.17960132397111,7.392054648345509
2024-03-25 00:00:00,0.11816670625419567,0.5990077403563554,0.4003680309683917,66.71314130208046,4.544840215715747,83.22587377228737,7.392208899243097
2024-03-25 01:00:00,0.11729783939252239,0.5989254840458152,0.4004604101246959,66.26545118508443,4.5122697503958475,83.27196863769666,7.39236096322331
2024-03-25 02:00:00,0.11644412415557877,0.598843461402679,0.4005523389891173,65.82638455831267,4.480332177513296,83.31788685738019,7.392510860452408
2024-03-25 03:00:00,0.11560547698517856,0.5987616820855697,0.400643808813815,65.39588540741721,4.449023470673282,83.36362823123356,7.392658599676321
2024-03-25 04:00:00,0.11478438209353985,0.5986802214939702,0.400734706321767,64.97535720652097,4.418447018859875,83.40915992172447,7.392803817819809
2024-03-25 05:00:00,0.11397641654246764,0.5985990279652775,0.40082514572097255,64.56226847753332,4.388417640929251,83.45453190756108,7.3929471267745015
2024-03-25 06:00:00,0.11318018956965144,0.5985180859797562,0.40091516300250296,64.15580901059427,4.358875631480676,83.49976007964139,7.393088727111823
2024-03-25 07:00:00,0.11239686969172066,0.598437431079787,0.4010047058629425,63.756626652285085,4.329868240838979,83.54482877850783,7.393228448623371
2024-03-25 08:00:00,0.11162660364943706,0.5983570863643914,0.4010937491562315,63.36478463595492,4.301400227367788,83.58973367489602,7.393366259082584
2024-03-25 09:00:00,0.11086919967896952,0.5982770599429453,0.40118228766573955,62.98016343210888,4.273463092714552,83.63447560197672,7.393502180923484
2024-03-25 10:00:00,0.11012423129085652,0.5981973559071913,0.401270323791581,62.60251424143272,4.246038664800528,83.67905792768892,7.393636267589621
2024-03-25 11:00:00,0.1093916899236246,0.5981179743961927,0.4013578575365773,62.231831946637236,4.219126570580631,83.7234807020813,7.393768521715899
2024-03-25 12:00:00,0.10781255658763315,0.5980555485583585,0.4014550285645352,61.869161052459724,4.192815515977187,83.76771694524383,7.393900573722942
2024-03-25 13:00:00,0.10707576464493802,0.5979762584010065,0.4015399893236661,61.513576497701,4.1670229338458995,83.81178506621379,7.394030251510199
2024-03-25 14:00:00,0.10637885537727515,0.5978967890420542,0.4016241980513907,61.16379991223487,4.141654356013783,83.85571396086331,7.394157857478468
2024-03-25 15:00:00,0.10569838010448745,0.5978177568600871,0.4017079319482204,60.82077893875268,4.116780161804812,83.89947862198572,7.394283259387501
2024-03-25 16:00:00,0.10502806262613706,0.5977391053431096,0.4017913227473094,60.48280111279548,4.0922756174308565,83.94311909471219,7.394407110569099
2024-03-25 17:00:00,0.10436839430086392,0.5976608777583398,0.4018743359145416,60.150281003741405,4.068171056934404,83.98662384875131,7.394529335623087
2024-03-25 18:00:00,0.10371964327153678,0.5975831060456016,0.40195694283957556,59.823503761431006,4.0444875750016696,84.02998410674387,7.394649891472383
2024-03-25 19:00:00,0.10308133039646566,0.5975057942146822,0.4020391303707187,59.50238570139254,4.021219777805936,84.0731988317579,7.394768843423203
2024-03-25 20:00:00,0.10245332378041563,0.5974289410198388,0.40212089722464833,59.18688782353983,3.9983649745867575,84.11626834578712,7.3948862110041516
2024-03-25 21:00:00,0.10183514014105535,0.5973525314783458,0.4022022451681432,58.87679313870717,3.975907382397405,84.1591958021477,7.395002057840123
2024-03-25 22:00:00,0.10122679783496515,0.5972765660551105,0.4022831742332187,58.57210964050663,3.953847581199959,84.2019810887017,7.395116382907211
2024-03-25 23:00:00,0.10062780571235978,0.5972010295746797,0.40236368306446696,58.27261401697564,3.9321692989667585,84.24462679637614,7.395229248056658
2024-03-26 00:00:00,0.1000381210403867,0.5971259206724701,0.4024437716259206,57.978286937543004,3.9108711278437847,84.28713315488689,7.395340659872647
2024-03-26 01:00:00,0.09945739898288596,0.59705122554038,0.4025234406100134,57.68894535461148,3.889939538881413,84.32950238591967,7.395450659995739
2024-03-26 02:00:00,0.09888554939803489,0.5969769407184568,0.40260269015494643,57.40454299577815,3.8693711219217026,84.3717350487858,7.39555926035394
2024-03-26 03:00:00,0.09832246786649343,0.5969030613357521,0.40268152152114867,57.12501738571854,3.8491612078054036,84.41383192632628,7.395666473892252
2024-03-26 04:00:00,0.09776793484598512,0.5968295786549269,0.4027599346889052,56.85025415884909,3.829301294551655,84.45579439010871,7.395772326833932
2024-03-26 05:00:00,0.09722162927336385,0.5967564782515777,0.40283793328603396,56.58006549165519,3.809777440112218,84.49762480795775,7.39587685760459
2024-03-26 06:00:00,0.09668337611087942,0.596683752449863,0.402915520099399,56.31434762776623,3.7905818910621996,84.53932449656999,7.395980087726274
2024-03-26 07:00:00,0.09615292718601368,0.596611390800235,0.4029927004312649,56.052954781532065,3.771703759499424,84.58089533530453,7.396082047430692
2024-03-26 08:00:00,0.09563005519030252,0.5965393837073122,0.40306947905154605,55.79575334995261,3.7531330664931017,84.62233904455005,7.396182764450583
2024-03-26 09:00:00,0.09511487221470526,0.5964677358488959,0.4031458536660396,55.54280921569552,3.7348747328801934,84.66365477594388,7.39628222673867
2024-03-26 10:00:00,0.09460737825922867,0.5963964471891727,0.40322182431322456,55.29412237876081,3.7169287586607,84.70484252948606,7.396380435381108
2024-03-26 11:00:00,0.9564808266834375,0.5780726141414931,0.3955670582236327,795.079435700699,77.7437568723683,81.95177841488318,7.07079784786953
2024-03-26 12:00:00,0.9780081297319105,0.5624432523439927,0.4193894310553497,841.5487103583686,106.93091198427962,81.96369670729129,7.062112946531067
2024-03-26 13:00:00,0.9961323489950795,0.53830416004552,0.44948331894532434,889.563014314736,131.70112653100225,81.98746763640966,7.050313894699478
2024-03-26 14:00:00,1.0413587964212232,0.511977075779078,0.47946794799905434,937.5514059332397,153.5619584052275,82.01051189282398,7.038417247017483
2024-03-26 15:00:00,1.0917269529987736,0.48711428317655386,0.5069504757259888,984.5375016453515,172.8244040812765,82.03051074212027,7.028013384400083
2024-03-26 16:00:00,1.1368340304302573,0.4656848244057246,0.5304658789508564,1029.9856213389094,189.70584942079148,82.04675924228316,7.019652141904714
2024-03-26 17:00:00,1.1643534170832621,0.44860038382405887,0.5494820504110416,1073.5756973560613,204.38025275218686,82.05921799922275,7.01338589124384
2024-03-26 18:00:00,1.191835717969924,0.43538885560406315,0.564037687428261,1115.119491945331,216.99011189944588,82.06822990051066,7.0090006897898744
2024-03-26 19:00:00,1.2110553465209712,0.425738181082932,0.5747940192914893,1154.4927859761503,227.6649871793036,82.07423099761888,7.006248568644873
2024-03-26 20:00:00,1.223240541390125,0.41907612555738194,0.5823398068463237,1191.62046084055,236.5211411691949,82.07766342856212,7.004885094348359
2024-03-26 21:00:00,1.2297078431395294,0.4148160364949906,0.5872809001668847,1226.4631213223547,243.6643620165469,82.07895974410448,7.0046852167870925
2024-03-26 22:00:00,1.231529720000367,0.41243849780736647,0.5901653293180467,1259.0045096279189,249.19179972362878,82.07853023420272,7.0054563970644965
2024-03-26 23:00:00,1.229718548975814,0.4115254492680273,0.5914371246912519,1289.2447279938776,253.1932457892246,82.07680598739024,7.0070435360020555
2024-03-27 00:00:00,1.2250346932375202,0.41175499887236144,0.5914457246881127,1317.194548797063,255.75257885785607,82.07424944000338,7.009324746050182
2024-03-27 01:00:00,1.2182194253906526,0.4128795731788076,0.5904590140525589,1342.871576706343,256.9495087064935,82.07019168594603,7.012170690882987
2024-03-27 02:00:00,1.2098112468882825,0.4147069580331056,0.588689847660407,1366.298544777677,256.86109576622675,82.06487879959121,7.015496190708441
2024-03-27 03:00:00,1.2001304234852246,0.41709627071999106,0.5862988693634951,1387.4819722070085,255.55245556203664,82.05891384028867,7.019250893550357
2024-03-27 04:00:00,1.1895173745043959,0.41993337507338957,0.5834144153040356,1406.4496891440156,253.0997719523136,82.05233204912489,7.023375898615511
2024-03-27 05:00:00,1.1782385971906064,0.42312324229053444,0.5801444058985956,1423.286703896167,249.6078909529525,82.0453189429492,7.027819132595084
2024-03-27 06:00:00,1.166477827792052,0.42660632344532945,0.576557105725974,1437.9850651647716,245.13625304666758,82.03795934811441,7.0325469924492054
2024-03-27 07:00:00,1.1543560148994028,0.43034078626669536,0.5727003341818593,1450.5672611177793,239.74835351636682,82.03032645244127,7.0375350412594
2024-03-27 08:00:00,1.1419910338602182,0.4342839369190244,0.5686228564036339,1461.05943186121,233.52144217000375,82.02249927291345,7.0427567062203105
2024-03-27 09:00:00,1.1294672085133153,0.4384026919426861,0.5643623465342689,1469.4848348066257,226.5304164349211,82.01454467530941,7.048190863618202
2024-03-27 10:00:00,1.1168433316012307,0.4426703762295319,0.5599489606463273,1475.864825970994,218.85323846860211,82.0065232614368,7.053820138939522
2024-03-27 11:00:00,1.0963606729480984,0.44715416993449175,0.5555513916098338,1480.1646980158291,210.5494651309863,81.99848489414707,7.059637738883559
2024-03-27 12:00:00,1.0826863547867889,0.4515807359682991,0.5509296324429204,1482.506068150805,201.74455336339332,81.99048946480208,7.065618514294129
2024-03-27 13:00:00,1.0700176513299293,0.4560828563512786,0.5462238149003048,1482.8740685900157,192.52638016692876,81.98261754720203,7.071738433267034
2024-03-27 14:00:00,1.0573925216823683,0.46066739002464085,0.5414592957586731,1481.2077289211384,182.95830623530756,81.9749151443941,7.077993510087966
2024-03-27 15:00:00,1.0448111943875689,0.4653116311204182,0.5366526147849644,1477.6504806599987,173.16976989895517,81.96742498213318,7.084370981681858
2024-03-27 16:00:00,1.0322615740598182,0.47000102501695923,0.531816094727164,1472.1616336665206,163.25920829571206,81.9602041899408,7.0908635680873005
2024-03-27 17:00:00,1.0197326784497491,0.4747240017335891,0.5269596997108366,1464.7517375518005,153.3075795853639,81.95329386009621,7.097464203196164
2024-03-27 18:00:00,1.0072106165866588,0.47946692535553026,0.5220953735347499,1455.436953433833,143.4182204684961,81.94674550282272,7.10416414735233
2024-03-27 19:00:00,0.9946837354163005,0.48421852662804904,0.5172331401502829,1444.2345021927463,133.68082543588494,81.94060435328295,7.110955359825038
2024-03-27 20:00:00,0.9821413938703168,0.4889682887149877,0.5123824486918162,1431.1648744179327,124.18221304298041,81.93491461442434,7.117829658572895
2024-03-27 21:00:00,0.9695755100607246,0.4937067927689279,0.5075518233152613,1416.2547336520208,115.00046237468024,81.92971815754302,7.1247787871062025
2024-03-27 22:00:00,0.9569788040459869,0.49842498414842396,0.5027494584755492,1399.5327257504766,106.20983157088081,81.92505520038802,7.1317943430843
2024-03-27 23:00:00,0.9443444852251278,0.503112893989808,0.49798438063811007,1381.038136518479,97.8905745521086,81.92097032355714,7.138866616434821
2024-03-28 00:00:00,0.9316721949652642,0.5077620586834456,0.4932641614406286,1360.8180853881668,90.10039301669056,81.91749888768999,7.145986092283879
2024-03-28 01:00:00,0.9189667257586794,0.5123645040562772,0.4885958725262751,1338.9333330341628,82.88417864370187,81.91467236325296,7.153142579196003
2024-03-28 02:00:00,0.9062394383742934,0.5169144122053421,0.4839846470733766,1315.460471068081,76.2559075269103,81.91251362302424,7.160326520377876
2024-03-28 03:00:00,0.8935027046064367,0.5214056401332617,0.47943599976359413,1290.467304379088,70.23156311719752,81.9110506873573,7.167527750355055
2024-03-28 04:00:00,0.8807642573279735,0.5258268090475086,0.4749610748380437,1263.9298778921243,64.85492947711829,81.91034922828658,7.174730575591398
2024-03-28 05:00:00,0.868050857794954,0.5301859744880784,0.4705503737225292,1236.2075145989438,59.98252301096811,81.91029618994277,7.181934788572853
2024-03-28 06:00:00,0.8553672385492749,0.5344750199892309,0.46621218295782213,1207.3110442427374,55.624827978314606,81.91094551679517,7.189127385441367
2024-03-28 07:00:00,0.8427179477166677,0.5386900044392279,0.46195040213324196,1177.33609398865,51.74943046008899,81.91230787265333,7.196298071778194
2024-03-28 08:00:00,0.8301051616983537,0.5428284132182142,0.4577675067164739,1146.3945326677983,48.31382993472249,81.91438335423987,7.203437933276971
2024-03-28 09:00:00,0.8175270010130898,0.546887841079603,0.45366595547793714,1114.6003474105112,45.274477447607744,81.91717193278275,7.210538128633631
2024-03-28 10:00:00,0.804976898375704,0.5508658595646558,0.4496483230029936,1082.076280021114,42.585110054521074,81.92067369619063,7.217589616050888
2024-03-28 11:00:00,0.792444387621442,0.5547599837540056,0.445717291305357,1048.9474579243988,40.2005140490881,81.92488944406554,7.224583331532113
2024-03-28 12:00:00,0.7799175771512362,0.5585676771409178,0.44187560924319585,1015.3411559813763,38.07578765240485,81.92982043028644,7.231510184685353
2024-03-28 13:00:00,0.7673736444865454,0.5622861507285476,0.4381264002210652,981.3884385475368,36.17253556033555,81.93547104407709,7.238361110159236
2024-03-28 14:00:00,0.7547818052426402,0.5659024475050674,0.4344832140919278,947.209375028072,34.46981333485297,81.94191691546159,7.24511382532803
2024-03-28 15:00:00,0.7421346015615488,0.5694266717407244,0.4309353086728934,912.9424481042238,32.917890722914336,81.94906558886183,7.251776983659434
2024-03-28 16:00:00,0.7294104086133391,0.5728577482987057,0.4274838895235756,878.6952234954932,31.495480747139904,81.95692040139147,7.258345146256088
2024-03-28 17:00:00,0.7165766245751409,0.5761861057076225,0.42413888463046706,844.5878564111792,30.191036711160567,81.96553392179909,7.264800810961266
2024-03-28 18:00:00,0.7036187277454039,0.5794089613459107,0.4209029254738959,810.711919048253,28.990711513063978,81.97491416631892,7.27113622028519
2024-03-28 19:00:00,0.6905217115026351,0.5825226586091098,0.4177794479997067,777.1726555054646,27.880561753367704,81.98507359690039,7.277342244064605
2024-03-28 20:00:00,0.6772757319987991,0.5855239483874762,0.41477142036905484,744.0623050679537,26.849993925879726,81.99602322883206,7.28341041339508
2024-03-28 21:00:00,0.6638735224543075,0.5884093883816249,0.4118819209656411,711.477670864333,25.889141799201898,82.00777469910794,7.289331813598279
2024-03-28 22:00:00,0.650311185764257,0.5911757924884797,0.4091137485746523,679.5089566790896,24.989494203444345,82.02033915687042,7.295097941892332
2024-03-28 23:00:00,0.6365848191940646,0.5938197945274906,0.40646985593600876,648.2515313777844,24.142109504488054,82.03372841075365,7.300700043093277
2024-03-29 00:00:00,0.6227051137116305,0.5963385648593107,0.4039524403387145,617.7855594879637,23.34240397567773,82.0479514550056,7.306129905042558
2024-03-29 01:00:00,0.6086758659187483,0.5987290647095518,0.40156401961132593,588.1974455427621,22.583700835891126,82.06301842275295,7.311379303715164
2024-03-29 02:00:00,0.5945258847261242,0.6009898739344604,0.3993052588100626,559.539122353207,21.864930983507037,82.07893257826483,7.316441885029963
2024-03-29 03:00:00,0.5802704204261013,0.6031176474920572,0.39717888412660773,531.8895205503777,21.18207318062241,82.0957082369107,7.321308769334492
2024-03-29 04:00:00,0.5659469394979777,0.605101686362629,0.39519493176134235,505.35873745088134,20.537075888421853,82.11340646170302,7.325958046839313
2024-03-29 05:00:00,0.5515919630410634,0.606965301080901,0.3933296750304544,479.8066771375952,19.919811297379134,82.13187848292108,7.330423297070419
2024-03-29 06:00:00,0.537226904351481,0.608699837996416,0.39159140834185213,455.3415461047513,19.330653654403307,82.15117996357765,7.33468606288903
2024-03-29 07:00:00,0.5228846627523421,0.6103045202503049,0.38998043479679073,431.9980333689974,18.76819610442535,82.17131385305166,7.3387409748550025
2024-03-29 08:00:00,0.5086002156144072,0.6117809248940614,0.3884947243616301,409.78505437196503,18.23083683511301,82.19226887633107,7.342586808438355
2024-03-29 09:00:00,0.4944102567767729,0.613131042695893,0.38713185750759804,388.70442260348807,17.717117246802815,82.21403170777718,7.346223157390378
2024-03-29 10:00:00,0.480354631275865,0.6143574887214908,0.38588880910487144,368.75005620917824,17.22561368154687,82.2365854133638,7.349650635654323
2024-03-29 11:00:00,0.4628314528135605,0.6155185076752677,0.3848176311073948,349.98019788157876,16.75605295451423,82.259953634293,7.3528629073059
2024-03-29 12:00:00,0.4490378668510904,0.6164854652823242,0.3838066033536956,332.2494728644998,16.304938609478405,82.28403283614728,7.355880890060136
2024-03-29 13:00:00,0.435741616368837,0.6173405496453792,0.3828985488970111,315.56711291389684,15.871953988055614,82.30882798845298,7.35869872126729
2024-03-29 14:00:00,0.4227592795119382,0.6180807968630506,0.3821045957738422,300.02359068238957,15.458228604307,82.33439567942135,7.361298358058025
2024-03-29 15:00:00,0.4100926316666265,0.6187262129259494,0.3814039398819566,285.42471260636574,15.060128162369175,82.36060276799118,7.363716534944443
2024-03-29 16:00:00,0.3977563104989128,0.6192828164490347,0.38079038317774055,271.72330707834516,14.676799950924723,82.38741652761712,7.365962056862107
2024-03-29 17:00:00,0.38578953073701633,0.6197503046233657,0.38026404710228245,258.9300867398322,14.30835112044867,82.4148436791124,7.3680317640159485
2024-03-29 18:00:00,0.3742057525405135,0.6201331251559303,0.3798204568693195,247.0040834935059,13.954116065087149,82.44285769569261,7.369932543202859
2024-03-29 19:00:00,0.36301988072203356,0.6204362066870609,0.3794547053855789,235.89946317730798,13.61339947026666,82.47142957429818,7.371672188275926
2024-03-29 20:00:00,0.35224176904969606,0.6206641464163083,0.3791623107170718,225.5727744396139,13.28559711903107,82.50053232066698,7.373258245811392
2024-03-29 21:00:00,0.3418794115349476,0.6208218970632837,0.3789385080349856,215.97680090192742,12.970083832424248,82.53013682849307,7.374699075939059
2024-03-29 22:00:00,0.3319378163252736,0.6209144121465286,0.37877859092623917,207.06440789920975,12.666264451937387,82.56021438831465,7.376003255756489
2024-03-29 23:00:00,0.3224224728465827,0.6209467051756271,0.3786777877346175,198.7879757982953,12.373532305819666,82.5907358927033,7.377179474275833
2024-03-30 00:00:00,0.3133260865192173,0.6209239254802098,0.3786314770938275,191.1003810160904,12.091388077898687,82.62167266199717,7.378237193562118
2024-03-30 01:00:00,0.30464792345852487,0.62085102225885,0.3786350700100458,183.9555058345036,11.819283281995107,82.6529964385007,7.379185283247004
2024-03-30 02:00:00,0.2963704620846263,0.6207324973158301,0.3786846999970382,177.3138785237349,11.55683670089873,82.68468256322255,7.3800324390091765
2024-03-30 03:00:00,0.2884864021151636,0.6205725646406872,0.37877663193571837,171.1380625441108,11.303672797034997,82.71670822234421,7.380786457335471
2024-03-30 04:00:00,0.2810036832859798,0.6203720206484574,0.37891059667646726,165.4263478704773,11.060084903999554,82.74907518905108,7.381448651569529
2024-03-30 05:00:00,0.27384892669299443,0.6201411715334703,0.379076303388702,160.0693113005856,10.824117877571267,82.7817067200869,7.382041000189191
2024-03-30 06:00:00,0.2670387378764136,0.619880572710186,0.37927373422438904,155.0714133510522,10.596204592109332,82.81460907631487,7.382563567723616
2024-03-30 07:00:00,0.2605589784174152,0.6195931384377499,0.37950026640486495,150.40665224082144,10.37604806253155,82.84776519444505,7.383022272179318
2024-03-30 08:00:00,0.2543943836593462,0.6192817165340949,0.3797533101307211,146.049234498939,10.163337905455982,82.88115792999548,7.383423008857077
2024-03-30 09:00:00,0.24852988900949624,0.6189489364494813,0.3800304602854267,141.97535587965953,9.957782385392143,82.91477128051022,7.383771277510556
2024-03-30 10:00:00,0.24295004502196135,0.6185972629323575,0.380329441616623,138.16261663415295,9.759096525253025,82.9485899099299,7.384072307214399
2024-03-30 11:00:00,0.237640028843929,0.6182290090380419,0.38064810936510785,134.5899925118404,9.567009963501894,82.98259934152608,7.384331018218719
2024-03-30 12:00:00,0.23258337817107694,0.6178466405396564,0.38098415965180177,131.23506021849659,9.381228585763413,83.0167839723874,7.384552676702946
2024-03-30 13:00:00,0.22776443423041212,0.6174523108064927,0.38133555144196885,128.07864969850098,9.201492080749723,83.05113010054956,7.384741851534099
2024-03-30 14:00:00,0.22318882674683288,0.6170472150119094,0.38170153068234797,125.11968396841431,9.02812012703311,83.08563841604678,7.384900433950521
2024-03-30 15:00:00,0.21880232380904943,0.6166346179550537,0.3820781613020626,122.31200015329858,8.859825116377662,83.12027170447298,7.385036618572736
2024-03-30 16:00:00,0.21460391505555004,0.6162154833816862,0.3824646523099762,119.6525766355678,8.696728331546739,83.15502809056073,7.385151939018638
2024-03-30 17:00:00,0.21058705414971962,0.6157910337913787,0.382859845338205,117.1336997549027,8.538791666571822,83.18990158005323,7.385248678936262
2024-03-30 18:00:00,0.20674155085305393,0.6153622847761884,0.38326264691256695,114.74572423340919,8.38582778126694,83.22488434644607,7.3853289947906
2024-03-30 19:00:00,0.20305667060660937,0.6149303631679099,0.3836718458462303,112.4784533420221,8.237648437738745,83.2599680147889,7.385395222244483
2024-03-30 20:00:00,0.1995231336181142,0.614496199819965,0.3840864170078078,110.3233310466275,8.094086344710608,83.29514538874214,7.385449284099424
2024-03-30 21:00:00,0.19613168508386702,0.6140606800534897,0.3845053575354069,108.27209006658673,7.954969241551096,83.33040929751097,7.385492994325456
2024-03-30 22:00:00,0.19287415184274356,0.6136245827968706,0.38492778250085447,106.31743937615998,7.820144523884307,83.36575339798613,7.385527947135606
2024-03-30 23:00:00,0.18974137889225892,0.6131887488117106,0.38535271079205496,104.45140211764297,7.689436424391887,83.40117054930758,7.385555841230004
2024-03-31 00:00:00,0.1867249406167072,0.6127539592274336,0.3857792374547937,102.66663465477995,7.562685367135875,83.43665421489926,7.385578247723505
2024-03-31 01:00:00,0.18381775282113808,0.6123207764866512,0.38620663088925855,100.95774869354311,7.439747878845099,83.47219892617017,7.385596186111996
2024-03-31 02:00:00,0.18101177593677348,0.6118899209184336,0.3866340355784527,99.31790189763208,7.3204676676472396,83.50779841694938,7.385611076958178
2024-03-31 03:00:00,0.17830350974886977,0.6114616456504357,0.38706103883731413,97.74503112224356,7.204765380767457,83.54344955565803,7.385623179568402
2024-03-31 04:00:00,0.17569424363116654,0.6110365847745028,0.3874869847610018,96.23923689177433,7.092757344009682,83.57915083512454,7.385633113451794
2024-03-31 05:00:00,0.1731627050870293,0.6106145986791208,0.3879115407243005,94.78552604056203,6.983729230118567,83.61489023838834,7.385641932457713
2024-03-31 06:00:00,0.17071199361696904,0.6101963224317841,0.3883341004098997,93.38563793321927,6.877869711811539,83.65066749850352,7.385650056104952
2024-03-31 07:00:00,0.16833617553048794,0.6097821332298071,0.3887540891784774,92.0351502002997,6.775025387476523,83.68647733904159,7.385658076357616
2024-03-31 08:00:00,0.16603425752270476,0.6093720813136307,0.38917142210988415,90.73332483852283,6.675168183093979,83.7223188649713,7.385666080215642
2024-03-31 09:00:00,0.16380150792782458,0.6089664366299474,0.38958566276310425,89.47663080903675,6.57816549648685,83.75818773490745,7.385674492723039
2024-03-31 10:00:00,0.16163579233635977,0.6085652936337754,0.3899966380136255,88.26350419917328,6.483953232487213,83.79408193480998,7.3856834625022545
2024-03-31 11:00:00,0.159533497405144,0.6081688335937637,0.39040403612334135,87.09127633976591,6.3924260113152345,83.82999809579486,7.385693272295795
2024-03-31 12:00:00,0.15749052564839344,0.607777223913421,0.39080753393913964,85.95695382178482,6.3034544826062175,83.86593220966313,7.385704174212488
2024-03-31 13:00:00,0.15550637106484308,0.6073904745242982,0.39120710137182424,84.86017671275013,6.217021270555086,83.90188374531344,7.3857161844777135
2024-03-31 14:00:00,0.15357963296818516,0.607008643115844,0.39160262667461393,83.79991317223188,6.133080757441881,83.93785134987787,7.385729395338285
2024-03-31 15:00:00,0.15170501407031467,0.6066319026650879,0.3919937299735226,82.772307984869,6.05145660338101,83.97382960031985,7.385744063559331
2024-03-31 16:00:00,0.14988062572373065,0.6062602914600821,0.39238029912645395,81.77604354514813,5.972084034370276,84.00981648364935,7.385760235397069
2024-03-31 17:00:00,0.1481032536345333,0.6058938526075802,0.39276216786052554,80.80890991560382,5.894848529075982,84.04580849573092,7.385777951209616
2024-03-31 18:00:00,0.14637249856649412,0.6055325888630222,0.39313931816100817,79.87063287260011,5.819735810773626,84.08180519995233,7.385797214382957
2024-03-31 19:00:00,0.1446857629192151,0.6051765044912607,0.39351164641814157,78.9594124588139,5.746644627428151,84.1178036374054,7.385818025430329
2024-03-31 20:00:00,0.14304330142746985,0.6048255955335632,0.39387916647289684,78.0754254290797,5.675584777193005,84.15380409449469,7.385840381931196
2024-03-31 21:00:00,0.14144089456861067,0.6044798431761778,0.3942417394757957,77.21576073411677,5.60638866757985,84.18980164683957,7.385864252763724
2024-03-31 22:00:00,0.1398793995590757,0.6041392429998542,0.3945994025848438,76.38101088517001,5.539089315750795,84.22579727277325,7.385889637112814
2024-03-31 23:00:00,0.1383557118966501,0.603803749304469,0.39495208910311047,75.56903969372117,5.4735574790857475,84.26178722698462,7.385916480293552
2024-04-01 00:00:00,0.1368699675457381,0.6034733524349465,0.3952998155305064,74.7799462399151,5.409797651277667,84.29777164212993,7.38594477433861
2024-04-01 01:00:00,0.13541975590255823,0.6031479916005169,0.3956425602379186,74.01208615419831,5.347706446202097,84.3337475285149,7.38597445262423
2024-04-01 02:00:00,0.13400515779536615,0.6028276538929095,0.3959803417070696,73.26552028152122,5.287285518041344,84.36971494628567,7.3860055060064065
2024-04-01 03:00:00,0.13262443879254704,0.6025122753675868,0.3963131684780823,72.53907286912163,5.2284575657097285,84.40567167623087,7.386037870224841
2024-04-01 04:00:00,0.13127692080516312,0.6022018529660794,0.3966410164253479,71.83227295073694,5.171194490246814,84.44161692368093,7.386071537096865
2024-04-01 05:00:00,0.12996056093559138,0.6018962668374821,0.39696395122996,71.14376167654858,5.115401391755015,84.47754795194781,7.386106397066471
2024-04-01 06:00:00,0.12867430856413647,0.6015954504299263,0.3972820151596171,70.4728593506873,5.061030576325354,84.51346336216935,7.386142390045774
2024-04-01 07:00:00,0.1274174993126511,0.6012993552903132,0.3975952425577931,69.81913528420382,5.008050561825258,84.54936225943027,7.386179475344224
2024-04-01 08:00:00,0.12618947162919275,0.6010079340771657,0.3979036665522211,69.18216081754551,4.956430189280326,84.58524375426796,7.386217612840053
2024-04-01 09:00:00,0.12498910417447227,0.6007210982690999,0.39820735381798994,68.56120989225523,4.906115591257994,84.6211063159921,7.3862567310774985
2024-04-01 10:00:00,0.12381609304446861,0.6004388237170095,0.3985063224812129,67.95608570077766,4.8570922329598085,84.65694953116405,7.3862968105464875
2024-04-01 11:00:00,0.12266887074014259,0.600160974833995,0.3988006813571009,67.36577864339274,4.8092838428736595,84.69277123893418,7.386337747557445
2024-04-01 12:00:00,0.12154769206127984,0.5998875710942025,0.39909041585480587,66.79045357250234,4.7627027074662225,84.72857178850803,7.386379558037141
2024-04-01 13:00:00,0.12045120846686486,0.5996184809399986,0.39937563932852255,66.22925018957835,4.7172821947625,84.76434930452155,7.386422149813736
2024-04-01 14:00:00,0.11937933449077269,0.5993537108838851,0.39965633891645136,65.6821041782639,4.673018782972194,84.80010367504757,7.38646551940364
2024-04-01 15:00:00,0.11833069740991337,0.5990931139710429,0.39993264717482274,65.14814660344868,4.629843946839759,84.83583298674648,7.386509570997418
2024-04-01 16:00:00,0.11730431601045946,0.5988365791003706,0.40020466853668896,64.62676969729377,4.587709958504688,84.87153587509108,7.386554235304409
2024-04-01 17:00:00,0.11630012102394507,0.5985840977807737,0.40047241109328957,64.11793072899142,4.546613446877437,84.90721224437837,7.386599507220351
2024-04-01 18:00:00,0.11531703058884747,0.5983355408685502,0.40073599847948,63.6209620686781,4.506500721605137,84.94286059545767,7.386645310973792
2024-04-01 19:00:00,0.1143552455380664,0.5980909316169549,0.40099540851119797,63.13598765331843,4.467381745978593,84.97848120661533,7.386691660382256
2024-04-01 20:00:00,0.11341347295487246,0.5978501094883191,0.4012507970340689,62.66221235873474,4.429192153030237,85.01407228613283,7.386738465323595
2024-04-01 21:00:00,0.11249183229740721,0.5976130887114196,0.4015021502974803,62.19970966411814,4.391937888738944,85.04963399955395,7.386785733960865
2024-04-01 22:00:00,0.1115892373297433,0.5973797272053514,0.40174960883732136,61.74781680130032,4.355564820248088,85.08516484810036,7.38683339173613
2024-04-01 23:00:00,0.11070566485557823,0.597150021504728,0.4019931761073494,61.30651960312022,4.320071791735932,85.12066479974919,7.3868814369590545
2024-04-02 00:00:00,0.10984054050512632,0.5969238904345636,0.40223293445753344,60.87547294811168,4.285430184996051,85.15613307299046,7.386929831982043
2024-04-02 01:00:00,0.1089932653261493,0.596701251044267,0.4024689675065438,60.45431547456837,4.2516101566194715,85.19156884991031,7.386978537103197
2024-04-02 02:00:00,0.10816352049462781,0.5964820590108758,0.40270131994355435,60.042854828603936,4.218595820872867,85.22697169513096,7.38702753118522
2024-04-02 03:00:00,0.10735085068039062,0.5962662534412864,0.4029300522618902,59.64081321606082,4.1863643920133295,85.26234097969237,7.3870767834028435
2024-04-02 04:00:00,0.10655462218052507,0.5960537491284784,0.40315524944152126,59.24780599042154,4.154884463163973,85.29767583390891,7.387126251912732
2024-04-02 05:00:00,0.10577428604942021,0.5958444547516141,0.4033770095268245,58.86352258874321,4.12412971834401,85.33297555991689,7.3871759055803015
2024-04-02 06:00:00,0.10500939952507797,0.5956383015605669,0.40359540444911707,58.48770395100756,4.094078468628807,85.36823958024297,7.387225717695334
2024-04-02 07:00:00,0.10425967574333257,0.5954352440070637,0.4038104819866296,58.120182770951644,4.06471659175678,85.40346752308739,7.387275671456706
2024-04-02 08:00:00,0.10352483005159174,0.5952352370299249,0.404022289391376,57.76079296112504,4.036030083960994,85.43865901922075,7.387325750141916
2024-04-02 09:00:00,0.1028043686928085,0.595038201093034,0.4042309103626301,57.409247616120524,4.0079947374815585,85.47381343624716,7.387375925543435
2024-04-02 10:00:00,0.1020981585386477,0.5948441146676126,0.4044363675405094,57.065469308622866,3.9806040203853077,85.5089306031765,7.3874261900716185
2024-04-02 11:00:00,0.10108080108772273,0.5946595725254182,0.40464293892946274,56.72928631968526,3.9538449614362756,85.54400892546771,7.387476784594948
2024-04-02 12:00:00,0.10031200348073048,0.5944734202111848,0.404841652561176,56.40168199476452,3.9278015207766126,85.57904243754959,7.387528135576891
2024-04-02 13:00:00,0.0996401393335551,0.5942879350558294,0.40503662709164007,56.080216833809416,3.902264651435423,85.61404225420188,7.387579233332694
2024-04-02 14:00:00,0.09899008487000523,0.5941048715716131,0.40522877469068846,55.76533085951261,3.8772703601697884,85.64900506934474,7.387630097584779
2024-04-02 15:00:00,0.09835092212571511,0.593924523044543,0.40541818659387985,55.457129476764834,3.8528276032358995,85.68392844040167,7.38768080939099
2024-04-02 16:00:00,0.09772406686619167,0.593746765012256,0.4056049138453268,55.15534919666407,3.8289148047897217,85.7188117479579,7.38773141649232
2024-04-02 17:00:00,0.09710948610189585,0.5935715911857256,0.4057889622317944,54.85997146315619,3.805530438615784,85.75365495010239,7.387781921801088
2024-04-02 18:00:00,0.09650640891690764,0.5933989083153965,0.4059704257086602,54.57070442371447,3.782650122638488,85.78845741856684,7.387832342558376
2024-04-02 19:00:00,0.09591497667560836,0.5932287335027175,0.40614928711464415,54.28760225006903,3.760278381141406,85.82321927008618,7.387882675682943
2024-04-02 20:00:00,0.09533437549974759,0.5930609501582679,0.4063256604707809,54.01031425652993,3.738385708022585,85.85793977855676,7.387932923409617
2024-04-02 21:00:00,0.09476468108370915,0.5928955688349021,0.40649953545516015,53.73887283445169,3.7169748275179817,85.8926190111976,7.3879830856238256
2024-04-02 22:00:00,0.09420529685717012,0.592732487046215,0.40667101023357644,53.47298176740999,3.6960206234878568,85.92725638230976,7.388033150059448
2024-04-02 23:00:00,0.09365620984310119,0.5925717024619519,0.4068400870575573,53.21263473413562,3.6755225604759665,85.96185187931978,7.388083116666533
2024-04-03 00:00:00,0.09311713721951935,0.5924131585262715,0.4070068201872833,52.95767414597889,3.6554671879405247,85.99640520969974,7.388132974523842
2024-04-03 01:00:00,0.09258777409116442,0.5922567969565347,0.40717126555263805,52.7079359455849,3.635840529363785,86.03091606353254,7.388182713661291
2024-04-03 02:00:00,0.0920679581614158,0.5921025866709465,0.40733345298603657,52.46333280474686,3.6166351450047376,86.06538427584846,7.388232328860745
2024-04-03 03:00:00,0.09155744487977198,0.5919504842121021,0.40749342410909456,52.22374012086419,3.5978404609672996,86.09980960290675,7.388281814762334
2024-04-03 04:00:00,0.0910558945151451,0.5918004290959012,0.407651237043591,51.988984889260685,3.57944182886515,86.13419171110316,7.388331163966356
2024-04-03 05:00:00,0.09056308654557808,0.5916523627542114,0.40780694974702236,51.758915756687756,3.5614262247384754,86.16853037655035,7.388380359099662
2024-04-03 06:00:00,0.09007879758886364,0.5915062401859715,0.4079606072113097,51.533410280765466,3.5437831811847174,86.2028253983487,7.388429393748674
2024-04-03 07:00:00,0.08960288243922371,0.5913620319804361,0.40811223900986576,51.31238900434846,3.526505915246111,86.2370766478525,7.388478263846075
2024-04-03 08:00:00,0.08913519706997045,0.5912197089878005,0.40826187443169326,51.09577309951228,3.509587696164721,86.27128399721306,7.388526965356488
2024-04-03 09:00:00,0.08867549122101673,0.5910792202467051,0.4084095649757436,50.883425576860006,3.4930168618415967,86.305447233739,7.3885754914262
2024-04-03 10:00:00,0.08822369744272787,0.5909405519829992,0.408555324546574,50.67530951634375,3.476790267148169,86.33956629954261,7.388623840339066
2024-04-03 11:00:00,0.08777945805901002,0.5908036309567609,0.4086992276004651,50.47122937173413,3.4608912830971894,86.37364090451644,7.388672002764833
2024-04-03 12:00:00,0.08734283024916745,0.5906684687403873,0.40884126243002117,50.27121646680724,3.445322575254264,86.40767109681552,7.3887199805115165
2024-04-03 13:00:00,0.08691349683162274,0.5905350000158746,0.40898149597831296,50.07509821839677,3.4300694806226595,86.44165663748105,7.388767766185375
2024-04-03 14:00:00,0.08649144704162864,0.5904032229637155,0.4091199295568579,49.88286802587423,3.4151314126472276,86.47559749235023,7.388815358680668
2024-04-03 15:00:00,0.08607634937484139,0.590273069138966,0.4092566337676856,49.69434664941057,3.4004932049183787,86.50949343754938,7.388862751291313
2024-04-03 16:00:00,0.08566796611376462,0.5901444885246384,0.40939166051252085,49.50940438077229,3.3861438083143316,86.54334432290362,7.3889099396109845
2024-04-03 17:00:00,0.08526628049012507,0.5900174775310454,0.4095250135199692,49.328032064701276,3.3720824414531165,86.57715013789274,7.3889569235276005
2024-04-03 18:00:00,0.08487102579543206,0.5898919800669828,0.40965675119282313,49.15008505044303,3.3582968138795977,86.61091071986262,7.389003698445188
2024-04-03 19:00:00,0.08448225152394302,0.5897680064746531,0.40978686276416026,48.97559018468094,3.3447892068390894,86.64462609901426,7.389050265464131
2024-04-03 20:00:00,0.08409963459424351,0.5896454886364547,0.40991541935696657,48.80437280977409,3.331544828475209,86.67829609388055,7.389096619540873
2024-04-03 21:00:00,0.08372320483427004,0.5895244327840335,0.4100424144663032,48.636449053678525,3.318565044925942,86.71192072129492,7.389142761370539
2024-04-03 22:00:00,0.08335268639620395,0.5894047804932048,0.4101679093265057,48.471670392890715,3.3058373052206487,86.74549984436042,7.3891886873454835
2024-04-03 23:00:00,0.08298807340136241,0.589286530473849,0.41029190528945764,48.31003366057679,3.2933613416697987,86.77903346011179,7.38923439758918
2024-04-04 00:00:00,0.0826292164048803,0.5891696508546465,0.41041443594314286,48.15145903377827,3.2811304259967513,86.8125215105943,7.389279890834029
2024-04-04 01:00:00,0.08227596057050056,0.5890541086740797,0.410535535974562,47.99586363771999,3.2691375678337913,86.84596393136809,7.38932516559775
2024-04-04 02:00:00,0.0819282234784531,0.5889398863685835,0.4106552238667513,47.84320335791832,3.257379046187869,86.87936068813167,7.38937022118663
2024-04-04 03:00:00,0.08158588855474352,0.5888269592270312,0.4107735255439723,47.6934156124578,3.2458495800798652,86.91271172577589,7.389415056290672
2024-04-04 04:00:00,0.08124879333024482,0.5887152928089683,0.41089047716161803,47.54641338295758,3.2345418323026154,86.94601697289417,7.389459669218807
2024-04-04 05:00:00,0.08091678846676868,0.5886048543473491,0.411006113731344,47.40211761632515,3.2234491528132234,86.97927642187638,7.389504060361985
2024-04-04 06:00:00,0.08058975666326171,0.588495618089371,0.4111204625699736,47.26046511913853,3.2125661895857425,87.01249005236797,7.3895482294826405
2024-04-04 07:00:00,0.08026753340643186,0.5883875475220672,0.41123356250798343,47.12136704146483,3.2018854627736366,87.04565785183433,7.389592176593781
2024-04-04 08:00:00,0.07994996791661858,0.588280609205826,0.4113454491011079,46.984741963597465,3.191400115079823,87.0787798077597,7.389635901694852
2024-04-04 09:00:00,0.07963713454698464,0.5881748195853129,0.41145610486362494,46.85063003560003,3.181113528006464,87.11185592631588,7.389679405081117
2024-04-04 10:00:00,0.07932903329753,0.5880701786307615,0.41156552982690675,46.719031257472516,3.1710257015535612,87.14488620750294,7.3897226869493124
2024-04-04 11:00:00,0.07902515798659034,0.5879665748383601,0.41167384274048996,46.58967661430148,3.161114211672889,87.17787064148662,7.389765747770324
2024-04-04 12:00:00,0.07872575502304016,0.5878640624480713,0.4117809858393512,46.46269706236141,3.1513899743756695,87.21080923305425,7.389808587603275
2024-04-04 13:00:00,0.07843084931095476,0.5877626469177112,0.41188695331068925,46.338105837147424,3.14185409292186,87.24370198268963,7.389851206627995
2024-04-04 14:00:00,0.07814049570125726,0.5876623400334844,0.4119917325961238,46.21593117855662,3.1325088389450477,87.27654887985445,7.3898936047276225
2024-04-04 15:00:00,0.07785427339918616,0.587563050614705,0.41209542081209316,46.09595403388045,3.1233362417923356,87.30934990538869,7.3899357821400065
2024-04-04 16:00:00,0.07757205255135356,0.587464749593348,0.41219804903959606,45.97810591933707,3.1143305308094114,87.34210512610228,7.389977741054749
2024-04-04 17:00:00,0.07729382402251524,0.5873674348944068,0.41229961949622296,45.862381976502746,3.105491287227588,87.3748145452213,7.390019481756842
2024-04-04 18:00:00,0.07701930028497556,0.5872710405181937,0.41240020273700306,45.74862681379043,3.096805377619281,87.40747827687927,7.39006100744095
2024-04-04 19:00:00,0.0767485342174637,0.5871755785766787,0.41249978581360236,45.63686900427855,3.088275217310487,87.44009630009643,7.390102317736035
2024-04-04 20:00:00,0.07648154596834922,0.587081053672775,0.4125983638050584,45.5271194351708,3.079901726613177,87.47266860687881,7.390143412613785
2024-04-04 21:00:00,0.07621833553765245,0.5869874657871703,0.4126959367316855,45.419378106467185,3.071684905527351,87.50519519722646,7.3901842922563485
2024-04-04 22:00:00,0.07595850479072452,0.5868947243934975,0.4127926014926591,45.31343406446364,3.063607302199924,87.53767625984761,7.390224961655245
2024-04-04 23:00:00,0.07570217636321182,0.586802857353662,0.41288832826425115,45.20935228828844,3.0556742922473377,87.57011173661532,7.390265419505471
2024-04-05 00:00:00,0.07544942508874294,0.5867118816622506,0.4129830988551062,45.107172428930895,3.0478891559307435,87.60250159205984,7.390305665080608
2024-04-05 01:00:00,0.07520025096730437,0.5866217973021249,0.413076913283238,45.00689448639098,3.040251893250141,87.6348458261812,7.390345698558063
2024-04-05 02:00:00,0.0749542008405,0.5865325010199907,0.41316988217257256,44.90827968799637,3.032742848590818,87.66714471851773,7.390385526994485
2024-04-05 03:00:00,0.07471144933469123,0.5864440329380624,0.4132619625115295,44.811419350538955,3.025369449800478,87.69939779243026,7.390425146737157
2024-04-05 04:00:00,0.07447339155800743,0.5863567371884114,0.4133527848976363,44.717056534246474,3.0181901264400515,87.73158872244218,7.3904644763551195
2024-04-05 05:00:00,0.07423871469883601,0.5862702990532297,0.4134426871648759,44.62450895421981,3.0111515549931123,87.76372956855639,7.3905035757220245
2024-04-05 06:00:00,0.07400701589494373,0.5861846201469924,0.4135317751530632,44.533565894768856,3.004236866971294,87.79582548976882,7.3905424748082
2024-04-05 07:00:00,0.073777678702431,0.5860995439928,0.41362021668417553,44.443893190383385,2.9974197281640333,87.82788527742903,7.390581213972632
2024-04-05 08:00:00,0.07355084903110799,0.5860151079859123,0.41370797165788165,44.35556625009014,2.990705462096104,87.85990639052335,7.390619788363015
2024-04-05 09:00:00,0.0733266536606744,0.585931341913931,0.4137950077503305,44.268644822414124,2.9840983785635196,87.89188630623998,7.390658183986699
2024-04-05 10:00:00,0.07310516831479841,0.5858482645530394,0.4138813047446221,44.18316780656775,2.977601397038235,87.92382373753615,7.390696395132354
2024-04-05 11:00:00,0.07262220391739709,0.5857711753981167,0.4139702966280984,44.0992639994351,2.9712272802677604,87.95571344733085,7.390734716602732
2024-04-05 12:00:00,0.07237200086807417,0.585690334264735,0.414054474473599,44.01751269831239,2.965020020206121,87.98753651285256,7.390772994083182
2024-04-05 13:00:00,0.07215417313739525,0.5856096017972694,0.4141375281984557,43.937183151587014,2.958919590739748,88.01931442167256,7.390810884018064
2024-04-05 14:00:00,0.07194260265442626,0.5855292445527993,0.4142200657036717,43.8577801314408,2.9528887188769954,88.05106285045147,7.390848547006635
2024-04-05 15:00:00,0.07173601222012627,0.5854497873257619,0.41430168064300177,43.780220503606685,2.9469967190944013,88.08275096211655,7.390885830827738
2024-04-05 16:00:00,0.07153224516173137,0.5853709970841421,0.4143826354378602,43.70399486397732,2.9412055049981634,88.11439450467496,7.39092287651479
2024-04-05 17:00:00,0.07133112709541395,0.5852928635892783,0.41446294115687604,43.629078780766925,2.9355132111665894,88.14599357923828,7.390959706067
2024-04-05 18:00:00,0.0711319000807269,0.5852152153661282,0.41454276646148996,43.55512646989372,2.92989338674425,88.17755931709435,7.390996387785159
2024-04-05 19:00:00,0.07093470534005793,0.585138090468967,0.41462207358100134,43.482213159969454,2.9243516494036648,88.20908904715373,7.391032913224351
2024-04-05 20:00:00,0.07073980011508316,0.585061562849769,0.41470078704039065,43.41048468039248,2.918898888250345,88.24057666987329,7.391069261171305
2024-04-05 21:00:00,0.07054715446117259,0.5849856241081828,0.41477891535432293,43.33992447271413,2.9135338650008595,88.27202285036114,7.3911054341458176
2024-04-05 22:00:00,0.07035678258375447,0.5849102884822699,0.4148564403859588,43.27056213179365,2.9082590244499604,88.30342505449474,7.391141429168513
2024-04-05 23:00:00,0.0701686854505855,0.5848355564196744,0.4149333616124255,43.20239859934792,2.9030744413534233,88.33478321928605,7.391177246267446
2024-04-06 00:00:00,0.0699826995147203,0.5847613924539566,0.41500970692427824,43.1353681196667,2.8979751081958667,88.36609721379031,7.391212895290748
2024-04-06 01:00:00,0.06979880333811282,0.5846877922115722,0.4150854795661838,43.06946269795211,2.8929604195838405,88.3973669487766,7.391248377582275
2024-04-06 02:00:00,0.06961702838719565,0.5846147620801442,0.415160674808308,43.0046940688406,2.8880312641041694,88.42859255521661,7.391283691503597
2024-04-06 03:00:00,0.06943741842473365,0.5845423126375238,0.4152352832478457,42.941082538767795,2.883189189726706,88.45977368785253,7.391318834667481
2024-04-06 04:00:00,0.06926065157966652,0.5844706258473569,0.41530911822544353,42.87899573848875,2.8784621686499423,88.49089521094525,7.391353746878305
2024-04-06 05:00:00,0.06908602706090147,0.5843995195549402,0.41538235710971916,42.818077701723425,2.873823467720869,88.52196859633196,7.391388477377138
2024-04-06 06:00:00,0.06891329192693013,0.5843289270716238,0.4154550669495016,42.758195212872124,2.869262678808807,88.55299881816103,7.391423050322988
2024-04-06 07:00:00,0.06874205742108934,0.5842587425333899,0.4155273556566293,42.69913430547258,2.864763353053216,88.58399433651867,7.391457497690535
2024-04-06 08:00:00,0.06857241761290479,0.5841889913361223,0.4155991962561737,42.640944971139426,2.860328916076811,88.6149527151063,7.391491816303429
2024-04-06 09:00:00,0.0684044583935453,0.5841196937001802,0.4156705665900597,42.58366738175084,2.8559621885225566,88.64587156704503,7.391525994810034
2024-04-06 10:00:00,0.06823822902532019,0.5840508623476891,0.4157414532404703,42.52732703979122,2.851665033332675,88.67674966389609,7.391560028684273
2024-04-06 11:00:00,0.06807378131031992,0.5839825080853994,0.4158118409348021,42.47194562120098,2.847438989533445,88.70758343538994,7.391593905572807
2024-04-06 12:00:00,0.06791109684208936,0.5839146266382936,0.4158817349176671,42.41751457378878,2.8432834408238032,88.73837377332495,7.391627628774882
2024-04-06 13:00:00,0.06775017173075534,0.5838472170973278,0.41595113630319724,42.36403209021728,2.839198256960649,88.76912086616511,7.391661199083431
2024-04-06 14:00:00,0.06759098696014891,0.5837802747335898,0.4160200516031283,42.31148876572081,2.835182761614306,88.79982625025781,7.391694620806256
2024-04-06 15:00:00,0.06743347036774747,0.5837137807922056,0.4160884964976204,42.25984700186639,2.831234194554378,88.8304888752346,7.391727894186228
2024-04-06 16:00:00,0.06727757611411578,0.5836477240840618,0.41615648183896947,42.209084000609046,2.827350745066039,88.86110890459692,7.391761022306798
2024-04-06 17:00:00,0.06712330104676897,0.5835821038120144,0.4162240083991706,42.15919814416489,2.8235322826108207,88.89168634910764,7.391794005461294
2024-04-06 18:00:00,0.06697054740450253,0.5835168946593975,0.4162911009927515,42.11013685787709,2.8197745998692123,88.92222156282749,7.391826849163883
2024-04-06 19:00:00,0.06681933316955199,0.5834521012753491,0.41635775506361783,42.061909807658125,2.8160784704056305,88.95271448066259,7.391859552532601
2024-04-06 20:00:00,0.06666966519367011,0.5833877254281715,0.41642396887902794,42.01452067651184,2.8124441889714222,88.98316507781026,7.3918921153007116
2024-04-06 21:00:00,0.06652154347685692,0.5833237671128348,0.4164897424441841,41.96796946443826,2.8088717555665883,89.01357335427046,7.391924537579794
2024-04-06 22:00:00,0.06637483167621995,0.5832601916451741,0.41655511025702474,41.92218401947277,2.8053555313985092,89.04393981770063,7.391956826909221
2024-04-06 23:00:00,0.06622957178885103,0.5831970097030682,0.4166200616972339,41.87718656626314,2.8018972533593183,89.07426431172934,7.391988981107624
2024-04-07 00:00:00,0.06608578944185288,0.5831342278004125,0.41668459028610316,41.832990666537455,2.7984979813199784,89.10454674093691,7.392020998886779
2024-04-07 01:00:00,0.06594348463522554,0.5830718459327742,0.41674869602821646,41.789596320295715,2.795157715280491,89.13478710532344,7.392052880354656
2024-04-07 02:00:00,0.06580250080139839,0.5830098246283484,0.4168124186596228,41.74692083797893,2.791870013403275,89.16498602839852,7.392084634724564
2024-04-07 03:00:00,0.06566290040900577,0.5829481797520901,0.4168757420071326,41.70499709716198,2.788637395111165,89.19514295551448,7.392116258301514
2024-04-07 04:00:00,0.06552525487034638,0.5828870632625508,0.41693850569077473,41.66413298689743,2.785482831599799,89.2252427749332,7.392147696243779
2024-04-07 05:00:00,0.06538904488089461,0.582826339541545,0.41700085184153085,41.62405564254083,2.782386211975901,89.25529689582154,7.392178990797349
2024-04-07 06:00:00,0.0652546540308814,0.5827661172492138,0.4170626647969136,41.584983165798576,2.779363331317205,89.28529145753424,7.392210107533668
2024-04-07 07:00:00,0.06512142067596931,0.5827062140805965,0.41712413826928896,41.546550592838265,2.7763873767156095,89.31524774407714,7.392241104243187
2024-04-07 08:00:00,0.0649895193725409,0.5826466806064369,0.4171852184558606,41.50885646516533,2.7734651270700024,89.34515910342246,7.392271972947466
2024-04-07 09:00:00,0.06485833776663943,0.5825873468517818,0.41724608615696607,41.47156112478747,2.7705718706222955,89.37504613939994,7.392302766508141
2024-04-07 10:00:00,0.06472914011946838,0.582528561972333,0.4173063692954215,41.4353600877383,2.767757923644086,89.40486481099484,7.392333369276776
2024-04-07 11:00:00,0.06460068838460319,0.5824699840273242,0.41736643199284307,41.399569738935526,2.7649736109936263,89.43465729675846,7.392363894490392
2024-04-07 12:00:00,0.06447338070907865,0.582411723430754,0.41742615662687577,41.36440929223454,2.762234750643053,89.46440961942932,7.3923943074959615
2024-04-07 13:00:00,0.06434684214413705,0.582353676787473,0.41748565332110527,41.32966895857587,2.7595259253269644,89.49413439535004,7.392424646509921
2024-04-07 14:00:00,0.06422105320434011,0.5822958435217428,0.4175449233644957,41.295350275522644,2.75684728984344,89.52383272945983,7.392454923322454
2024-04-07 15:00:00,0.06409679824948625,0.5822384284032505,0.41760374681745865,41.26185456356307,2.7542276641824204,89.55347627424953,7.392485042030674
2024-04-07 16:00:00,0.06397364976715517,0.5821813178643308,0.4176622452629669,41.2289568904858,2.7516510826895004,89.58307948507043,7.39251504885472
2024-04-07 17:00:00,0.06385258687801143,0.5821247866563445,0.4177201258004102,41.19719742571985,2.7491568679752665,89.61260400707812,7.392544845023795
2024-04-07 18:00:00,0.0637316793134214,0.5820682986620869,0.41777796024954794,41.16552274978337,2.7466687898811206,89.64212266361274,7.392574614340633
2024-04-07 19:00:00,0.06361242633481379,0.5820122766506841,0.4178352982324326,41.13475876880216,2.744246269332943,89.6715771607647,7.392604226105642
2024-04-07 20:00:00,0.06349349473721856,0.5819563452197721,0.41789253969976964,41.10417157081995,2.7418364695837605,89.70101909657103,7.3926337973115155
2024-04-07 21:00:00,0.06337640590632021,0.5819009331587304,0.41794922760360453,41.074596625249605,2.739499441134224,89.73038770759136,7.392663187953529
2024-04-07 22:00:00,0.06325970708987502,0.5818456317002143,0.4180057976615978,41.045236010002064,2.7371777642453443,89.7597404576811,7.392692532351651
2024-04-07 23:00:00,0.06314439199347757,0.581790722496048,0.4180619497703479,41.016635810567465,2.7349105526758106,89.7890369352741,7.392721742871857
2024-04-08 00:00:00,0.06302938353539139,0.5817359007771357,0.41811800870631016,40.9882030483574,2.7326552281316,89.81832064727577,7.392750917132756
2024-04-08 01:00:00,0.06291534898766007,0.5816813567970615,0.41817377184209675,40.96030208156897,2.7304376578302785,89.84756381463133,7.392780001784896
2024-04-08 02:00:00,0.06280202404085718,0.581627015193649,0.4182293194412635,40.932788586289305,2.7282475956511782,89.87677744074874,7.392809018040622
2024-04-08 03:00:00,0.06268942265412847,0.5815728798669264,0.4182846473517378,40.90567078021367,2.7260856615864943,89.90596107131829,7.392837964663539
2024-04-08 04:00:00,0.06257801981236535,0.5815190817643453,0.4183396155491091,40.87919985509619,2.7239698906878815,89.93509471438749,7.392866787749007
2024-04-08 05:00:00,0.062467947330410174,0.5814656590383712,0.4183941833270733,40.85344570717851,2.721905592387772,89.9641708193258,7.392895469608225
2024-04-08 06:00:00,0.06235884205845762,0.5814125121552319,0.4184484571603418,40.82821822300533,2.7198792316815137,89.99320426431952,7.392924045950046
2024-04-08 07:00:00,0.06225064115976051,0.5813596278304275,0.41850245165310035,40.80348975447333,2.7178886465495045,90.02219662050949,7.392952529456746
2024-04-08 08:00:00,0.06214309081787939,0.581306932387891,0.4185562451911652,40.77912025057177,2.7159237964140157,90.05115941965548,7.392980943063937
2024-04-08 09:00:00,0.06203669303004327,0.5812545730416663,0.4186096812055915,40.75538684066187,2.714004381702674,90.08006870234532,7.393009242135884
2024-04-08 10:00:00,0.06193065680637469,0.5812023191615716,0.4186630050313683,40.7318529778346,2.7120992203979917,90.10896119655287,7.393037497618506
2024-04-08 11:00:00,0.06159996745209136,0.5811546610148342,0.41871917994592506,40.70867401304773,2.710222155273906,90.1378238682995,7.393065965732398
2024-04-08 12:00:00,0.06146475791318222,0.5811032224270684,0.4187719147726855,40.686033839316025,2.7083858225967052,90.16664153133787,7.393094545944862
2024-04-08 13:00:00,0.06135568855721052,0.581051535930298,0.41882405543927753,40.66383441696513,2.7065788666173596,90.19542060128404,7.393122874415629
2024-04-08 14:00:00,0.061251018316634244,0.5809999452931637,0.41887599465658326,40.64192258185696,2.704791218506934,90.22417441660112,7.393151060178114
2024-04-08 15:00:00,0.061148736175896314,0.5809486767814972,0.4189276219507172,40.62058513953135,2.703042981838877,90.2528766941677,7.393179027007273
2024-04-08 16:00:00,0.061048376334455735,0.5808978925138819,0.41897881858915836,40.60006619834679,2.7013524027444675,90.28150357815205,7.393206773984815
2024-04-08 17:00:00,0.060948109772773255,0.5808471319227633,0.41902999416704556,40.57958713133552,2.6996646331910825,90.31012678835158,7.393234499961415
2024-04-08 18:00:00,0.06084936718661524,0.5807968141740203,0.41908077372696734,40.559854071870745,2.698029557281252,90.3386799517638,7.3932620709185315
2024-04-08 19:00:00,0.060750784575794435,0.5807465429804846,0.4191315116463051,40.540199322590404,2.6964000127483683,90.36722576219834,7.393289615972593
2024-04-08 20:00:00,0.06065351508344048,0.580696678348097,0.41918188074547746,40.521231025882436,2.6948189707477255,90.39570557735367,7.393317032572705
2024-04-08 21:00:00,0.06055646469953697,0.5806468816127154,0.41923218824454755,40.502377271435655,2.6932460219350767,90.42417438046127,7.393344418854424
2024-04-08 22:00:00,0.060460037982613145,0.5805972855454113,0.41928230989890886,40.48386190954526,2.691696829875162,90.4526096049974,7.393371745977747
2024-04-08 23:00:00,0.060364246636368274,0.5805478939063337,0.41933224222661153,40.465691290471355,2.690171840386179,90.48101062082804,7.393399013085024
2024-04-09 00:00:00,0.06026899495478455,0.580498675908486,0.41938201373980405,40.44781348553068,2.688667407829757,90.50938258081771,7.393426227665494
2024-04-09 01:00:00,0.060174282937861936,0.5804496315482526,0.41943162444211496,40.43022849472326,2.6871835322058977,90.53772548496644,7.393453389764779
2024-04-09 02:00:00,0.06008024041218491,0.5804008025741051,0.41948103082289256,40.41300747075357,2.6857252628010713,90.56603066753186,7.3934804840023185
2024-04-09 03:00:00,0.059986858199684724,0.5803521849750443,0.41953023851254423,40.396143311592645,2.6842920947800764,90.59429942446137,7.393507511963403
2024-04-09 04:00:00,0.059894120437728494,0.580303772815015,0.41957925632235227,40.379625702198894,2.682883309020328,90.62253379759326,7.3935344748402345
2024-04-09 05:00:00,0.059802017501585945,0.5802555674613984,0.4196280755431034,40.363458998619016,2.6814993251688137,90.65073118336946,7.393561373021452
2024-04-09 06:00:00,0.05971053742673264,0.5802075656102467,0.41967669797322377,40.347638155509394,2.6801398137059893,90.6788916902619,7.393588207861742
2024-04-09 07:00:00,0.05961966592806832,0.5801597627104954,0.419725126291665,40.332155813913715,2.678804240691981,90.7070154631446,7.393614980560936
2024-04-09 08:00:00,0.05952938975568069,0.5801121545859591,0.419773362943538,40.31700524695036,2.677492121057261,90.73510263508939,7.393641692258516
2024-04-09 09:00:00,0.0594397154434353,0.5800647432920112,0.41982140672714674,40.302189771817815,2.676203694002099,90.76315314047515,7.393668342473807
2024-04-09 10:00:00,0.059350642991338985,0.5800175288259782,0.41986925764519106,40.28770938851605,2.6749389595264947,90.79116697930188,7.393694931261071
2024-04-09 11:00:00,0.05926208962283905,0.5799704851706268,0.41991693316764667,40.273517816644926,2.673694472440395,90.81914509199639,7.393721465809347
2024-04-09 12:00:00,0.05917409563395045,0.5799236249884284,0.41996442479292295,40.25963758572274,2.672471909878658,90.84708702075442,7.393747942695767
2024-04-09 13:00:00,0.0590866650970025,0.579876949557208,0.4200117316637152,40.246070972582885,2.671271441332552,90.87499271931033,7.393774361621173
2024-04-09 14:00:00,0.059000003710977474,0.5798305236876429,0.42005879921429945,40.23293111676265,2.6701012357085983,90.90285459934887,7.393800702785249
2024-04-09 15:00:00,0.05891408939680548,0.5797843400102342,0.4201056212363164,40.220205974075206,2.6689605267870213,90.93066748919708,7.393826960542338
2024-04-09 16:00:00,0.05882922299621389,0.5797385020422052,0.42015209103062356,40.20807331922308,2.667861844319807,90.95840912263901,7.393853108753777
2024-04-09 17:00:00,0.05874440763809763,0.5796926809448727,0.4201985436353475,40.19596952858817,2.666765209153178,90.98614728398195,7.393879242211157
2024-04-09 18:00:00,0.05866054023966438,0.5796471769414031,0.4202446719238363,40.18440638821723,2.6657065527622024,91.0138192431198,7.393905285577284
2024-04-09 19:00:00,0.058576772350823425,0.5796017062494988,0.4202907661422607,40.17290000118893,2.6646518830935326,91.0414842528549,7.393931310688972
2024-04-09 20:00:00,0.058493883669869046,0.5795565291812029,0.42033655868132186,40.16189141690182,2.6636319799059316,91.06908689182535,7.3939572520928944
2024-04-09 21:00:00,0.05841114169455574,0.5795114011295777,0.4203823008592165,40.150965896549344,2.662617877893118,91.09667912353872,7.3939831713999595
2024-04-09 22:00:00,0.058328836250818465,0.5794664200984136,0.4204278913797466,40.14028620357414,2.661620795164948,91.12423960436787,7.394009049382113
2024-04-09 23:00:00,0.0582469755305902,0.5794215888452313,0.4204733273983981,40.12985695116214,2.6606410511045833,91.15176773847706,7.39403488548699
2024-04-10 00:00:00,0.05816549254506888,0.5793768848119933,0.42051863218473073,40.11964041539844,2.6596760339848298,91.17926839825958,7.394060684595305
2024-04-10 01:00:00,0.05808438729425446,0.5793323079978882,0.4205638057395689,40.10963659628303,2.658725743805688,91.20674158371541,7.394086446742052
2024-04-10 02:00:00,0.058003765717696124,0.5792878915554679,0.42060881290944907,40.09989737461513,2.6577937783711465,91.23417910811409,7.394112158823108
2024-04-10 03:00:00,0.0579236143389631,0.5792436315312794,0.42065365813236305,40.09041749067959,2.656879784175328,91.26158219601737,7.394137823011144
2024-04-10 04:00:00,0.05784391352984347,0.5791995217400868,0.42069834832815367,40.0811892592517,2.6559832462780517,91.28895278186586,7.394163441090473
2024-04-10 05:00:00,0.057764681061509775,0.5791555672360744,0.42074287701916924,40.072216168829144,2.65510443317496,91.31628840005773,7.394189010094299
2024-04-10 06:00:00,0.05768590679323363,0.5791117664890613,0.4207872457849084,40.06349456438057,2.6542431194869476,91.343589148674,7.394214531554581
2024-04-10 07:00:00,0.057607579599874115,0.579068117245082,0.42083145686312007,40.055019165122445,2.653398943261367,91.37085515947926,7.394240006787262
2024-04-10 08:00:00,0.057529689090589156,0.5790246174451298,0.4208755123032601,40.04678514081236,2.6525715755071384,91.39808655346368,7.394265437046742
2024-04-10 09:00:00,0.05745224038936884,0.5789812681035035,0.4209194110957577,40.03879487336824,2.651761178458304,91.42528327096387,7.3942908217787116
2024-04-10 10:00:00,0.05737523349620639,0.5789380692195031,0.42096315324132494,40.03104836279009,2.6509677521148634,91.45244531197982,7.394316161026121
2024-04-10 11:00:00,0.05687922008122142,0.5789031907604781,0.42101246489611854,40.02355521989799,2.6501978018228987,91.47957122069394,7.394341955673493
2024-04-10 12:00:00,0.05674587101723526,0.5788609889969408,0.4210556995570151,40.016448162258826,2.6494604857816553,91.50664577854205,7.39436805664702
2024-04-10 13:00:00,0.05666098729467343,0.5788181106751098,0.42109808018705996,40.009675325049706,2.648741964041378,91.53366998734856,7.394393733007122
2024-04-10 14:00:00,0.056582200667615844,0.5787751520613333,0.4211403535863094,40.0029497225625,2.6480256467957632,91.56068740519048,7.394419309167478
